season_id,faceoffWinPct,gamesPlayed,goalsAgainst,goalsAgainstPerGame,goalsFor,goalsForPerGame,losses,otLosses,penaltyKillNetPct,penaltyKillPct,pointPct,points,powerPlayNetPct,powerPlayPct,regulationAndOtWins,seasonId,shotsAgainstPerGame,shotsForPerGame,teamId,ties,wins,winsInRegulation,winsInShootout
20242025,0.44756,82,292,3.56097,224,2.7317,46,11,0.819383,0.792952,0.37195,61,0.21164,0.248677,23,20242025,31.10975,24.45121,16,,25,20,2
20242025,0.488603,82,251,3.06097,233,2.84146,30,14,0.84375,0.825893,0.54878,90,0.193693,0.225225,35,20242025,26.80487,25.53658,23,,38,28,3
20242025,0.508149,87,279,3.20689,255,2.93103,35,11,0.84074,0.807408,0.53448,93,0.184738,0.208835,39,20242025,28.97701,25.7931,8,,41,31,2
20242025,0.516148,89,252,2.83146,277,3.11235,34,8,0.76415,0.745284,0.57303,102,0.199095,0.221719,43,20242025,27.30337,26.42696,19,,47,35,4
20242025,0.516932,82,271,3.30487,222,2.70731,39,10,0.788135,0.762712,0.46341,76,0.095652,0.152173,33,20242025,28.60975,26.51219,6,,33,26,0
20242025,0.480641,82,310,3.78048,208,2.53658,50,12,0.761718,0.742188,0.31707,52,0.150442,0.18584,18,20242025,31.78048,26.86585,28,,20,14,2
20242025,0.499223,82,283,3.45121,232,2.82926,39,10,0.796019,0.77612,0.46341,76,0.102803,0.149532,27,20242025,26.95121,26.96341,4,,33,21,6
20242025,0.500193,92,256,2.7826,311,3.38043,27,9,0.838951,0.808989,0.6576,121,0.200803,0.228915,54,20242025,27.45652,27.17391,15,,56,47,2
20242025,0.485609,82,262,3.19512,245,2.9878,41,6,0.787564,0.772021,0.46341,76,0.171806,0.189427,33,20242025,28.56097,27.35365,55,,35,28,2
20242025,0.489738,82,259,3.15853,235,2.86585,35,8,0.711956,0.701087,0.52439,86,0.240506,0.270042,36,20242025,28.4878,27.41463,17,,39,30,3
20242025,0.467524,88,254,2.88636,244,2.77272,34,7,0.746606,0.723982,0.57386,101,0.182648,0.210045,44,20242025,29.78409,27.45454,30,,47,35,3
20242025,0.541548,95,271,2.85263,303,3.18947,32,4,0.80586,0.783883,0.6421,122,0.207843,0.243137,58,20242025,29.12631,27.58947,10,,59,45,1
20242025,0.446417,82,261,3.18292,217,2.64634,37,10,0.754032,0.741936,0.4878,80,0.090497,0.117647,31,20242025,32.29268,27.68292,24,,35,24,4
20242025,0.478296,82,287,3.5,265,3.2317,39,7,0.804979,0.763486,0.4817,79,0.152838,0.187772,32,20242025,28.87804,27.78048,7,,36,29,4
20242025,0.520723,96,263,2.73958,315,3.28125,31,6,0.854014,0.824818,0.64583,124,0.21843,0.238907,57,20242025,29.39583,27.875,25,,59,47,2
20242025,0.499179,87,239,2.74712,251,2.88505,37,7,0.844262,0.815574,0.53448,93,0.242424,0.264069,41,20242025,26.94252,28.13793,1,,43,36,2
20242025,0.501191,87,235,2.70114,304,3.49425,31,8,0.86036,0.810811,0.5977,104,0.196,0.248,46,20242025,28.03448,28.1954,14,,48,42,2
20242025,0.507266,88,230,2.61363,273,3.10227,29,9,0.82,0.804,0.61931,109,0.171806,0.198237,49,20242025,26.15909,28.20454,26,,50,45,1
20242025,0.490414,95,230,2.42105,310,3.26315,29,4,0.800829,0.784233,0.67368,128,0.256704,0.27203,60,20242025,26.65263,28.21052,52,,62,48,2
20242025,0.527669,82,287,3.5,242,2.95121,36,12,0.800925,0.777778,0.4878,80,0.235294,0.257918,33,20242025,30.13414,28.34146,5,,34,24,1
20242025,0.515686,82,247,3.01219,240,2.92682,31,13,0.808764,0.792829,0.54268,89,0.207627,0.241525,37,20242025,27.70731,28.54878,59,,38,30,1
20242025,0.535706,82,255,3.10975,255,3.10975,36,7,0.878661,0.803348,0.51829,85,0.142857,0.17619,38,20242025,29.89024,28.58536,3,,39,35,1
20242025,0.524225,88,251,2.85227,258,2.93181,34,7,0.813008,0.768293,0.57386,101,0.225352,0.235915,46,20242025,28.375,28.94318,9,,47,36,1
20242025,0.477787,82,267,3.25609,267,3.25609,33,9,0.811059,0.769586,0.54268,89,0.156756,0.194594,34,20242025,29.91463,29.04878,29,,40,30,6
20242025,0.512694,82,274,3.34146,212,2.58536,44,8,0.81893,0.814815,0.41463,68,0.197368,0.219298,28,20242025,28.56097,29.30487,18,,30,24,2
20242025,0.462442,82,236,2.87804,220,2.68292,27,14,0.792035,0.761062,0.58536,96,0.184549,0.2103,36,20242025,28.91463,29.43902,20,,41,31,5
20242025,0.549049,82,257,3.13414,222,2.70731,35,12,0.772222,0.722223,0.5,82,0.086956,0.125603,33,20242025,28.7317,29.4878,2,,35,28,2
20242025,0.503505,93,249,2.67741,302,3.24731,28,10,0.80829,0.76684,0.64516,120,0.261467,0.279816,54,20242025,26.27956,30.05376,54,,55,49,1
20242025,0.474152,89,252,2.83146,297,3.33707,33,4,0.818181,0.787879,0.60674,108,0.210937,0.238281,48,20242025,25.97752,30.24719,21,,52,43,4
20242025,0.488133,96,254,2.64583,301,3.13541,35,4,0.861591,0.82007,0.61458,118,0.205673,0.241134,51,20242025,25.86458,31.0,13,,57,46,6
20242025,0.524946,94,258,2.74468,302,3.21276,34,5,0.874551,0.835126,0.6117,115,0.178947,0.196491,55,20242025,24.73404,31.70212,12,,55,48,0
20242025,0.506746,94,275,2.92553,305,3.24468,33,5,0.777777,0.757202,0.62234,117,0.22314,0.239669,56,20242025,27.0,32.02127,22,,56,41,0
20232024,0.490405,82,326,3.9756,180,2.19512,54,9,0.765873,0.753969,0.28658,47,0.163461,0.201923,18,20232024,35.13414,25.2317,28,,19,14,1
20232024,0.462608,82,289,3.52439,178,2.17073,53,6,0.770562,0.757576,0.31707,52,0.131914,0.165957,22,20232024,32.69512,26.25609,16,,23,17,1
20232024,0.465549,86,267,3.10465,223,2.59302,35,11,0.791164,0.779117,0.52906,91,0.171428,0.2,36,20232024,30.31395,26.43023,15,,40,32,4
20232024,0.466475,82,293,3.57317,203,2.4756,50,5,0.760606,0.724243,0.35975,59,0.157446,0.178723,26,20232024,32.51219,26.75609,24,,27,21,1
20232024,0.522783,95,257,2.70526,312,3.28421,29,9,0.817567,0.793919,0.64736,123,0.19178,0.215753,57,20232024,28.37894,27.34736,23,,57,50,0
20232024,0.514563,82,281,3.42682,232,2.82926,36,16,0.789855,0.764493,0.46341,76,0.126984,0.174603,26,20232024,33.39024,27.67073,8,,30,20,4
20232024,0.450821,82,274,3.34146,254,3.09756,41,5,0.789473,0.763158,0.46951,77,0.190871,0.219917,34,20232024,31.68292,27.71951,53,,36,28,2
20232024,0.475171,82,232,2.82926,214,2.60975,35,13,0.815315,0.788289,0.4939,81,0.169421,0.206611,31,20232024,29.15853,28.62195,55,,34,28,3
20232024,0.490785,95,252,2.65263,294,3.09473,27,15,0.851735,0.829653,0.63684,121,0.195652,0.221014,49,20232024,30.75789,28.65263,6,,53,41,4
20232024,0.499003,82,248,3.02439,234,2.85365,33,6,0.84186,0.790698,0.56097,92,0.152,0.18,38,20232024,32.14634,28.90243,19,,43,31,5
20232024,0.505829,82,273,3.32926,275,3.35365,32,9,0.825,0.795834,0.55487,91,0.194139,0.230769,38,20232024,32.40243,28.96341,17,,41,27,3
20232024,0.515833,87,287,3.29885,302,3.47126,33,8,0.854251,0.82996,0.57471,100,0.253731,0.27985,43,20232024,29.77011,29.14942,14,,46,38,3
20232024,0.511749,87,277,3.1839,257,2.95402,31,16,0.754237,0.711865,0.55172,96,0.194214,0.206611,39,20232024,32.81609,29.95402,2,,40,29,1
20232024,0.472216,82,298,3.63414,234,2.85365,43,12,0.783898,0.762712,0.40243,66,0.122641,0.150943,24,20232024,34.41463,29.9756,29,,27,21,3
20232024,0.473127,82,260,3.17073,248,3.02439,34,9,0.756653,0.745248,0.53048,87,0.186813,0.227106,36,20232024,29.71951,30.13414,30,,39,32,3
20232024,0.480879,87,226,2.5977,274,3.14942,28,6,0.774058,0.761507,0.64367,112,0.166007,0.189723,53,20232024,30.04597,30.20689,52,,53,47,0
20232024,0.52,98,268,2.73469,325,3.31632,29,4,0.892733,0.844291,0.68367,134,0.239864,0.260135,61,20232024,30.05102,30.55102,3,,65,49,4
20232024,0.535349,82,281,3.42682,264,3.21951,39,5,0.81893,0.806585,0.4939,81,0.187755,0.224489,38,20232024,29.9756,30.68292,1,,38,33,0
20232024,0.500496,89,259,2.91011,279,3.13483,33,8,0.832599,0.788547,0.58426,104,0.174242,0.204545,44,20232024,30.19101,30.7528,54,,48,37,4
20232024,0.536508,101,280,2.77227,346,3.42574,30,9,0.851449,0.800725,0.65841,133,0.214035,0.235087,58,20232024,28.40594,30.88118,25,,62,48,4
20232024,0.450241,82,243,2.96341,244,2.9756,37,6,0.82716,0.798354,0.51219,84,0.121076,0.165919,37,20232024,29.29268,30.90243,7,,39,33,2
20232024,0.496267,82,267,3.25609,253,3.08536,39,5,0.853061,0.808164,0.4939,81,0.13492,0.178571,38,20232024,29.7317,31.36585,20,,38,32,0
20232024,0.503188,88,261,2.9659,278,3.15909,34,5,0.8,0.773077,0.58522,103,0.189003,0.206185,46,20232024,29.86363,31.72727,18,,49,40,3
20232024,0.509871,82,281,3.42682,250,3.04878,41,4,0.779591,0.751021,0.4756,78,0.15901,0.180212,32,20232024,29.65853,31.7317,9,,37,25,5
20232024,0.505203,87,232,2.66666,267,3.06896,31,11,0.864468,0.824176,0.58045,101,0.188461,0.215384,43,20232024,28.17241,31.73563,26,,45,37,2
20232024,0.536706,89,279,3.13483,310,3.48314,30,10,0.784313,0.760785,0.60674,108,0.189189,0.223938,44,20232024,29.65168,32.42696,10,,49,35,5
20232024,0.518101,107,301,2.81308,378,3.53271,37,6,0.856707,0.82622,0.62616,134,0.254716,0.27044,62,20232024,27.42056,32.50467,22,,64,52,2
20232024,0.546383,82,248,3.02439,253,3.08536,32,12,0.82716,0.806585,0.53658,88,0.10687,0.152671,36,20232024,30.2317,32.7439,5,,38,32,2
20232024,0.476892,93,289,3.10752,345,3.70967,30,7,0.819727,0.792518,0.63978,119,0.230519,0.256493,54,20232024,29.66666,32.88172,21,,56,47,2
20232024,0.496789,82,258,3.14634,231,2.81707,33,11,0.900414,0.834025,0.53048,87,0.106299,0.122047,34,20232024,27.13414,33.02439,4,,38,30,4
20232024,0.512375,106,260,2.45283,338,3.18867,32,6,0.863387,0.836066,0.66981,142,0.183381,0.223495,65,20232024,27.21698,33.07547,13,,68,56,3
20232024,0.523224,93,243,2.6129,315,3.38709,28,7,0.888888,0.850695,0.66129,123,0.224561,0.259649,56,20232024,25.74193,33.6129,12,,58,50,2
20222023,0.458899,82,295,3.59756,225,2.7439,40,14,0.761755,0.746082,0.42682,70,0.163865,0.189075,25,20222023,35.04878,25.84146,53,,28,20,3
20222023,0.526963,82,299,3.64634,202,2.46341,49,7,0.792207,0.761905,0.35975,59,0.120689,0.163793,24,20222023,33.63414,26.95121,16,,26,18,2
20222023,0.484794,82,305,3.71951,227,2.76829,45,6,0.756363,0.727273,0.41463,68,0.148305,0.161016,26,20222023,33.57317,27.28048,8,,31,21,5
20222023,0.491293,82,275,3.35365,237,2.89024,37,10,0.803212,0.783133,0.4878,80,0.166666,0.211111,32,20222023,30.43902,28.19512,17,,35,28,3
20222023,0.467368,82,335,4.08536,206,2.51219,47,12,0.725,0.721429,0.35365,58,0.126637,0.157205,20,20222023,39.10975,28.36585,24,,23,13,3
20222023,0.484889,82,298,3.63414,260,3.17073,38,7,0.75576,0.723503,0.4939,81,0.134453,0.193277,34,20222023,32.34146,28.54878,19,,37,27,3
20222023,0.486339,82,329,4.01219,213,2.59756,48,9,0.772151,0.751055,0.35975,59,0.142857,0.183035,24,20222023,35.41463,29.25609,29,,25,15,1
20222023,0.509872,82,315,3.84146,233,2.84146,44,16,0.840163,0.823771,0.36585,60,0.12556,0.183856,21,20222023,32.19512,29.45121,28,,22,16,1
20222023,0.457323,82,276,3.36585,220,2.68292,38,13,0.793991,0.746782,0.45731,75,0.115555,0.155555,29,20222023,31.52439,29.46341,4,,31,26,2
20222023,0.522261,82,236,2.87804,223,2.71951,32,8,0.847272,0.825455,0.56097,92,0.152,0.176,36,20222023,33.28048,29.5,18,,42,29,6
20222023,0.494883,82,296,3.60975,270,3.29268,37,7,0.777777,0.71605,0.50609,83,0.175824,0.227106,32,20222023,30.81707,29.7317,23,,38,24,6
20222023,0.450495,96,297,3.09375,333,3.46875,35,8,0.804428,0.774908,0.59375,114,0.154676,0.190647,53,20222023,27.53125,30.26041,55,,53,42,0
20222023,0.489522,87,243,2.7931,260,2.9885,37,3,0.85098,0.82353,0.55747,97,0.180851,0.202127,46,20222023,30.41379,30.34482,52,,47,37,1
20222023,0.516914,88,233,2.64772,257,2.92045,35,9,0.84836,0.819673,0.55113,97,0.116666,0.15,43,20222023,31.29545,30.65909,2,,44,38,1
20222023,0.473705,88,240,2.72727,253,2.875,29,11,0.853571,0.803572,0.60795,107,0.19708,0.211678,41,20222023,31.15909,30.89772,30,,48,35,7
20222023,0.495408,82,261,3.18292,253,3.08536,37,10,0.836283,0.818585,0.4878,80,0.179591,0.212244,33,20222023,31.07317,31.08536,15,,35,27,2
20222023,0.490265,89,233,2.61797,290,3.25842,26,13,0.846153,0.813766,0.63483,113,0.208791,0.234432,46,20222023,29.33707,31.20224,3,,50,40,4
20222023,0.518456,104,282,2.71153,355,3.41346,28,9,0.803921,0.760785,0.6875,143,0.185714,0.207142,62,20222023,31.13461,31.24038,54,,67,51,5
20222023,0.549119,101,276,2.73267,340,3.36633,30,14,0.869863,0.832192,0.63366,128,0.240259,0.25974,53,20222023,29.78217,31.67326,25,,57,48,4
20222023,0.514251,88,275,3.125,301,3.42045,34,6,0.815602,0.790781,0.57954,102,0.215946,0.252491,45,20222023,31.43181,32.01136,14,,48,40,3
20222023,0.533886,93,255,2.74193,311,3.34408,27,11,0.838129,0.809353,0.65053,121,0.230215,0.258992,54,20222023,29.78494,32.10752,10,,55,44,1
20222023,0.527508,88,279,3.17045,294,3.3409,29,10,0.768421,0.740351,0.61363,108,0.227586,0.25862,43,20222023,28.42045,32.48863,26,,49,37,6
20222023,0.451186,82,297,3.62195,293,3.57317,33,7,0.769911,0.730089,0.55487,91,0.208178,0.2342,39,20222023,33.04878,32.5,7,,42,30,3
20222023,0.544237,89,200,2.24719,328,3.68539,16,5,0.897689,0.864687,0.79213,141,0.20915,0.238562,64,20222023,30.0337,33.16853,6,,68,57,4
20222023,0.473432,89,241,2.70786,293,3.29213,28,7,0.821561,0.79554,0.64606,115,0.215053,0.236559,48,20222023,30.88764,33.25842,21,,54,39,6
20222023,0.514472,82,270,3.29268,259,3.15853,35,8,0.831081,0.800676,0.52439,86,0.199346,0.235294,37,20222023,31.36585,33.4878,9,,39,31,2
20222023,0.515173,94,263,2.79787,319,3.39361,29,8,0.87037,0.825926,0.64893,122,0.16923,0.211538,55,20222023,28.3617,33.60638,1,,57,43,2
20222023,0.509336,94,298,3.17021,369,3.92553,29,9,0.826625,0.767802,0.64361,121,0.315286,0.340764,56,20222023,31.38297,33.67021,22,,56,50,0
20222023,0.52064,82,263,3.20731,261,3.18292,31,11,0.809885,0.790875,0.55487,91,0.2,0.217241,39,20222023,32.76829,34.36585,5,,40,31,1
20222023,0.522423,97,248,2.5567,308,3.17525,28,9,0.893333,0.843334,0.66494,129,0.167763,0.194078,56,20222023,26.44329,34.96907,12,,60,44,4
20222023,0.480832,103,341,3.31067,350,3.39805,40,8,0.770718,0.748619,0.57281,118,0.189189,0.225225,53,20222023,32.54368,35.73786,13,,55,42,2
20222023,0.503481,82,247,3.01219,258,3.14634,27,17,0.855555,0.825926,0.56707,93,0.174603,0.198412,36,20222023,27.31707,35.95121,20,,38,31,2
20212022,0.472608,82,309,3.76829,206,2.51219,50,7,0.761718,0.75,0.34756,57,0.118811,0.138613,24,20212022,35.4878,25.86585,53,,25,18,1
20212022,0.496394,82,289,3.52439,213,2.59756,42,12,0.7713,0.762332,0.41463,68,0.167346,0.191836,22,20212022,32.96341,28.80487,16,,28,16,6
20212022,0.513127,82,231,2.81707,229,2.79268,35,10,0.865116,0.841861,0.51219,84,0.1875,0.221153,35,20212022,32.54878,28.86585,2,,37,34,2
20212022,0.476654,82,284,3.46341,213,2.59756,49,6,0.784753,0.748879,0.36585,60,0.113636,0.145454,24,20212022,28.86585,29.02439,55,,27,23,3
20212022,0.482039,82,266,3.2439,228,2.78048,37,14,0.834821,0.808036,0.46341,76,0.200913,0.219178,27,20212022,33.2317,29.18292,24,,31,22,4
20212022,0.496061,82,261,3.18292,211,2.57317,37,13,0.869955,0.852018,0.46951,77,0.138888,0.189814,29,20212022,31.9756,29.26829,28,,32,22,3
20212022,0.493629,82,310,3.78048,227,2.76829,40,10,0.755555,0.737778,0.45121,74,0.118942,0.162995,29,20212022,33.67073,29.43902,17,,32,21,3
20212022,0.47185,102,262,2.56862,312,3.05882,34,6,0.854092,0.818506,0.63725,130,0.248175,0.266423,58,20212022,32.19607,29.58823,3,,62,53,4
20212022,0.511591,86,271,3.15116,271,3.15116,34,7,0.786666,0.78,0.56395,97,0.221402,0.243542,41,20212022,32.81395,29.66279,18,,45,35,4
20212022,0.491841,82,317,3.86585,218,2.65853,49,11,0.777372,0.755475,0.33536,55,0.088709,0.137096,19,20212022,34.42682,29.78048,8,,22,16,3
20212022,0.459936,82,287,3.5,229,2.79268,39,11,0.792452,0.764151,0.45731,75,0.184684,0.211711,29,20212022,32.95121,29.89024,7,,32,25,3
20212022,0.479238,82,264,3.21951,224,2.7317,42,7,0.839357,0.803213,0.44512,73,0.176954,0.193415,30,20212022,33.41463,30.03658,9,,33,26,3
20212022,0.484744,82,297,3.62195,258,3.14634,38,7,0.815126,0.785715,0.4939,81,0.15909,0.186363,33,20212022,35.20731,30.03658,29,,37,26,4
20212022,0.546252,89,259,2.91011,247,2.77528,34,6,0.831275,0.80247,0.58426,104,0.192452,0.21132,44,20212022,31.82022,30.12359,25,,49,34,5
20212022,0.504044,94,277,2.9468,349,3.71276,28,11,0.871595,0.836576,0.64361,121,0.257142,0.275,53,20212022,31.90425,30.19148,19,,55,48,2
20212022,0.498585,105,289,2.75238,352,3.35238,32,8,0.824615,0.8,0.65714,138,0.205882,0.229411,63,20212022,30.42857,30.95238,14,,65,52,2
20212022,0.521405,82,294,3.58536,210,2.56097,46,11,0.782978,0.757447,0.37195,61,0.079497,0.125523,24,20212022,33.96341,30.96341,4,,25,20,1
20212022,0.468472,82,302,3.68292,245,2.9878,46,9,0.830188,0.801887,0.38414,63,0.093333,0.155555,24,20212022,30.9756,31.2439,1,,27,19,3
20212022,0.470714,88,262,2.97727,289,3.28409,30,12,0.851851,0.818931,0.5909,104,0.164285,0.196428,41,20212022,29.28409,31.35227,15,,46,37,5
20212022,0.519567,82,231,2.81707,246,3.0,30,12,0.770562,0.748918,0.56097,92,0.210526,0.234817,37,20212022,31.85365,31.9756,23,,40,32,3
20212022,0.507402,82,253,3.08536,250,3.04878,32,11,0.788793,0.75,0.54268,89,0.178137,0.210526,37,20212022,33.18292,32.25609,52,,39,32,2
20212022,0.476809,88,271,3.07954,321,3.64772,26,7,0.762068,0.755173,0.66477,117,0.184397,0.202127,50,20212022,31.42045,32.40909,30,,55,39,5
20212022,0.541578,96,240,2.5,314,3.27083,27,8,0.8773,0.858896,0.67708,130,0.188811,0.202797,60,20212022,28.33333,33.73958,12,,61,53,1
20212022,0.507964,98,310,3.16326,350,3.57142,35,6,0.84466,0.799353,0.61224,120,0.235087,0.259649,52,20212022,33.35714,34.0204,22,,57,45,5
20212022,0.551777,89,275,3.08988,336,3.77528,25,7,0.872659,0.81648,0.67977,121,0.239382,0.258687,54,20212022,30.62921,34.28089,10,,57,48,3
20212022,0.493277,82,244,2.9756,262,3.19512,31,8,0.822115,0.774039,0.57317,94,0.150943,0.183962,39,20212022,29.9756,34.51219,54,,43,34,4
20212022,0.519281,89,259,2.91011,252,2.83146,31,11,0.800813,0.756098,0.58988,105,0.117647,0.158088,43,20212022,29.10112,35.12359,26,,47,37,4
20212022,0.51632,89,250,2.80898,298,3.34831,29,11,0.848484,0.831169,0.61235,109,0.169741,0.206642,46,20212022,31.97752,35.49438,5,,49,39,3
20212022,0.53742,89,242,2.7191,273,3.06741,30,5,0.838926,0.818792,0.63483,113,0.188679,0.21132,52,20212022,28.76404,35.83146,6,,54,43,2
20212022,0.473881,102,287,2.81372,393,3.85294,23,7,0.825342,0.797946,0.74019,151,0.241176,0.255882,68,20212022,31.20588,35.83333,21,,72,57,4
20212022,0.511876,94,245,2.60638,326,3.46808,28,11,0.863945,0.836735,0.64361,121,0.198555,0.212996,53,20212022,29.13829,36.0,20,,55,48,2
20212022,0.486899,92,274,2.97826,360,3.91304,24,6,0.825503,0.785235,0.70652,130,0.194539,0.221843,59,20212022,30.68478,37.11956,13,,62,44,3
20202021,0.510262,56,177,3.16071,124,2.21428,30,9,0.810975,0.798781,0.38392,43,0.04878,0.08943,15,20202021,30.57142,26.78571,24,,17,11,2
20202021,0.500822,56,168,3.0,125,2.23214,27,10,0.787096,0.787097,0.42857,48,0.087248,0.114093,17,20202021,31.89285,27.28571,17,,19,16,2
20202021,0.490669,56,174,3.10714,150,2.67857,26,6,0.820359,0.808384,0.48214,54,0.185393,0.207865,21,20202021,30.46428,27.46428,53,,24,19,3
20202021,0.460533,63,179,2.84126,193,3.06349,20,5,0.823863,0.8125,0.64285,81,0.153409,0.176136,37,20202021,30.63492,27.92063,30,,38,29,1
20202021,0.506205,56,169,3.01785,142,2.53571,28,7,0.855345,0.836478,0.4375,49,0.171597,0.189349,20,20202021,31.17857,28.33928,26,,21,19,1
20202021,0.495905,56,196,3.5,134,2.39285,34,7,0.812949,0.776979,0.33035,37,0.174825,0.20979,11,20202021,33.73214,28.42857,7,,15,11,4
20202021,0.444811,56,155,2.76785,176,3.14285,23,6,0.869822,0.822486,0.53571,60,0.184357,0.206703,26,20202021,29.71428,28.69642,3,,27,24,1
20202021,0.465723,56,189,3.375,145,2.58928,30,7,0.729729,0.70946,0.40178,45,0.109677,0.141935,19,20202021,31.01785,28.78571,1,,19,15,0
20202021,0.514896,75,178,2.37333,206,2.74666,25,7,0.814606,0.792135,0.62,93,0.181347,0.191709,39,20202021,30.10666,28.85333,2,,43,31,4
20202021,0.529289,60,187,3.11666,174,2.9,24,9,0.797814,0.759563,0.525,63,0.219512,0.231707,25,20202021,30.25,28.86666,19,,27,19,2
20202021,0.453119,56,184,3.28571,134,2.39285,26,12,0.834586,0.789474,0.42857,48,0.136752,0.153846,15,20202021,32.41071,29.01785,29,,18,12,3
20202021,0.523402,56,187,3.33928,148,2.64285,29,4,0.830601,0.797815,0.44642,50,0.148387,0.174193,20,20202021,33.39285,29.08928,23,,23,17,3
20202021,0.463446,56,184,3.28571,159,2.83928,25,7,0.788079,0.768212,0.49107,55,0.177142,0.217142,22,20202021,33.71428,29.19642,16,,24,15,2
20202021,0.47387,56,189,3.375,155,2.76785,28,5,0.830409,0.789474,0.45535,51,0.126436,0.155172,21,20202021,32.125,29.69642,9,,23,18,2
20202021,0.508543,64,174,2.71875,190,2.96875,27,3,0.826589,0.803469,0.55468,71,0.189944,0.223463,34,20202021,31.3125,29.71875,52,,34,25,0
20202021,0.488754,61,177,2.90163,198,3.2459,19,5,0.839779,0.82873,0.64754,79,0.189655,0.235632,34,20202021,29.26229,29.77049,15,,37,29,3
20202021,0.495433,79,190,2.40506,255,3.22784,24,3,0.861788,0.841464,0.67721,107,0.237903,0.25,51,20202021,28.89873,30.02531,14,,52,45,1
20202021,0.484157,56,196,3.5,146,2.60714,28,7,0.831521,0.804348,0.4375,49,0.115384,0.141025,16,20202021,31.98214,30.03571,28,,21,15,5
20202021,0.499513,56,160,2.85714,155,2.76785,27,3,0.813953,0.802326,0.49107,55,0.142857,0.182857,25,20202021,28.16071,30.16071,20,,26,22,1
20202021,0.540254,56,197,3.51785,160,2.85714,23,8,0.736526,0.730539,0.51785,58,0.155688,0.191616,22,20202021,29.21428,30.21428,4,,25,17,3
20202021,0.518334,56,148,2.64285,156,2.78571,19,14,0.810457,0.79085,0.53571,60,0.210191,0.235668,21,20202021,27.10714,30.33928,25,,23,17,2
20202021,0.512784,62,176,2.8387,167,2.69354,27,2,0.790575,0.759163,0.54838,68,0.156756,0.167567,28,20202021,32.37096,30.38709,18,,33,21,5
20202021,0.486946,78,219,2.80769,209,2.67948,30,11,0.875536,0.819743,0.54487,85,0.17647,0.191176,36,20202021,28.91025,30.52564,8,,37,27,1
20202021,0.500154,60,168,2.8,191,3.18333,23,2,0.829268,0.817074,0.6,72,0.248648,0.27027,35,20202021,30.91666,30.55,22,,35,31,0
20202021,0.491233,62,176,2.8387,209,3.37096,20,3,0.818713,0.777778,0.65322,81,0.213414,0.237804,36,20202021,30.09677,30.88709,5,,39,31,3
20202021,0.510275,63,162,2.57142,204,3.23809,18,7,0.809815,0.791412,0.65873,83,0.146067,0.191011,37,20202021,27.87301,31.53968,10,,38,32,1
20202021,0.505599,75,168,2.24,243,3.24,23,2,0.863387,0.836066,0.68,102,0.152073,0.16129,49,20202021,27.05333,32.52,54,,50,38,1
20202021,0.535455,67,164,2.44776,206,3.07462,18,8,0.866972,0.834863,0.67164,90,0.213197,0.243654,37,20202021,28.64179,32.82089,12,,41,29,4
20202021,0.547445,67,166,2.47761,197,2.94029,21,7,0.88372,0.841861,0.63432,85,0.212435,0.243523,35,20202021,27.71641,33.73134,6,,39,28,4
20202021,0.513962,66,159,2.40909,235,3.5606,17,4,0.839195,0.829146,0.71212,94,0.23305,0.25,45,20202021,26.13636,34.01515,21,,45,40,0
20202021,0.502701,62,175,2.82258,205,3.30645,18,5,0.797872,0.776596,0.66935,83,0.188679,0.212264,38,20202021,30.14516,35.17741,13,,39,27,1
20192020,0.494696,71,265,3.73239,142,2.0,49,5,0.761061,0.743363,0.27464,39,0.088372,0.148837,14,20192020,32.80281,27.09859,17,,17,13,3
20192020,0.458553,69,215,3.11594,193,2.7971,31,8,0.772972,0.745946,0.49275,68,0.132653,0.188775,28,20192020,31.13043,29.28985,7,,30,22,2
20192020,0.505329,71,225,3.16901,182,2.56338,33,9,0.816901,0.769954,0.47183,67,0.119565,0.146739,24,20192020,32.14084,29.66197,24,,29,20,5
20192020,0.49827,90,241,2.67777,255,2.83333,32,10,0.838842,0.809918,0.58888,106,0.146341,0.166666,45,20192020,30.74444,29.72222,2,,48,35,3
20192020,0.492109,75,231,3.08,238,3.17333,28,9,0.852534,0.83871,0.56666,85,0.248847,0.29493,36,20192020,31.94666,29.82666,22,,38,32,2
20192020,0.489389,70,225,3.21428,180,2.57142,36,5,0.888392,0.857143,0.45,63,0.142857,0.174603,27,20192020,30.57142,30.01428,28,,29,22,2
20192020,0.482226,73,229,3.13698,228,3.12328,30,7,0.791111,0.773334,0.54109,79,0.180672,0.205882,34,20192020,30.56164,30.12328,30,,36,31,2
20192020,0.543973,86,259,3.01162,272,3.16279,34,6,0.828571,0.803572,0.56976,98,0.216393,0.232786,42,20192020,33.96511,30.27906,23,,46,35,4
20192020,0.513849,96,256,2.66666,255,2.65625,36,8,0.81875,0.796875,0.58333,112,0.19014,0.214788,49,20192020,32.04166,30.375,25,,52,35,3
20192020,0.545917,85,231,2.71764,265,3.11764,27,7,0.846743,0.816092,0.64117,109,0.158273,0.183453,46,20192020,29.02352,30.57647,4,,51,38,5
20192020,0.502593,71,238,3.35211,190,2.67605,34,12,0.826086,0.76087,0.43661,62,0.113744,0.14218,24,20192020,33.57746,30.61971,9,,25,18,1
20192020,0.468421,69,224,3.24637,185,2.68115,29,12,0.864253,0.82353,0.49275,68,0.136752,0.179487,24,20192020,32.69565,30.68115,1,,28,22,4
20192020,0.515874,80,221,2.7625,245,3.0625,25,10,0.805785,0.785124,0.61875,99,0.200854,0.235042,42,20192020,29.75,30.9875,19,,44,34,2
20192020,0.466105,73,231,3.16438,237,3.24657,31,5,0.815573,0.778689,0.54109,79,0.190871,0.219917,36,20192020,34.01369,31.0,3,,37,31,1
20192020,0.487185,79,216,2.73417,212,2.68354,34,8,0.831168,0.805195,0.51898,82,0.161825,0.182572,32,20192020,33.13924,31.05063,53,,37,29,5
20192020,0.503198,75,217,2.89333,219,2.92,31,6,0.801047,0.769634,0.54666,82,0.18018,0.198198,35,20192020,32.58666,31.09333,52,,38,31,3
20192020,0.476939,77,235,3.05194,249,3.23376,25,8,0.859778,0.837639,0.61688,95,0.151639,0.192622,39,20192020,29.87012,31.23376,15,,43,33,4
20192020,0.498096,79,244,3.0886,235,2.97468,35,8,0.846153,0.81624,0.50632,80,0.117408,0.153846,32,20192020,35.21518,31.29113,16,,36,27,4
20192020,0.490191,80,241,3.0125,237,2.9625,32,7,0.863247,0.820513,0.55625,89,0.179824,0.223684,35,20192020,32.45,31.575,20,,41,30,6
20192020,0.489689,73,206,2.82191,229,3.13698,26,6,0.861386,0.831684,0.60273,88,0.175438,0.197368,38,20192020,29.67123,32.02739,5,,41,30,3
20192020,0.499289,95,251,2.6421,320,3.36842,28,6,0.845425,0.826499,0.67368,128,0.20209,0.229965,58,20192020,30.6,32.15789,14,,61,46,3
20192020,0.513333,83,206,2.48192,256,3.08433,22,12,0.863813,0.840467,0.66265,110,0.217712,0.247232,49,20192020,29.9759,32.18072,6,,49,42,0
20192020,0.505191,73,237,3.24657,235,3.21917,29,8,0.80198,0.782179,0.54794,80,0.195555,0.217777,33,20192020,32.17808,32.27397,13,,36,31,3
20192020,0.489512,80,207,2.5875,204,2.55,28,15,0.84375,0.828125,0.55625,89,0.12556,0.152466,37,20192020,31.0875,32.5375,29,,37,28,0
20192020,0.503732,76,212,2.78947,239,3.14473,29,5,0.880434,0.836957,0.58552,89,0.187234,0.212765,37,20192020,29.68421,32.76315,12,,42,31,5
20192020,0.497011,85,231,2.71764,296,3.48235,25,8,0.833333,0.802326,0.65294,111,0.177993,0.197411,50,20192020,30.65882,32.98823,21,,51,46,1
20192020,0.523098,75,234,3.12,247,3.29333,28,9,0.821256,0.792271,0.56666,85,0.192307,0.225961,37,20192020,31.89333,33.21333,10,,38,29,1
20192020,0.508004,70,209,2.98571,177,2.52857,35,6,0.8,0.773685,0.45714,64,0.165803,0.170984,28,20192020,29.7,33.21428,26,,29,21,1
20192020,0.499071,81,239,2.95061,231,2.85185,36,9,0.824218,0.796875,0.5,81,0.150684,0.173515,32,20192020,30.75308,33.51851,8,,36,23,4
20192020,0.525392,73,228,3.12328,223,3.05479,29,8,0.791111,0.764445,0.54794,80,0.141666,0.179166,33,20192020,31.26027,33.56164,18,,36,29,3
20192020,0.489552,91,253,2.78021,281,3.08791,32,8,0.822463,0.786232,0.60439,110,0.194552,0.210116,48,20192020,28.25274,34.86813,54,,51,40,3
20182019,0.513403,82,248,3.02439,196,2.39024,37,10,0.815498,0.797048,0.4878,80,0.122641,0.169811,32,20182019,33.2317,27.69512,24,,35,27,3
20182019,0.504606,82,259,3.15853,199,2.42682,42,9,0.782608,0.765218,0.43292,71,0.099547,0.158371,28,20182019,31.43902,28.75609,26,,31,22,3
20182019,0.478578,90,210,2.33333,242,2.68888,31,7,0.83539,0.8107,0.61666,111,0.146825,0.150793,47,20182019,30.87777,28.94444,2,,52,40,5
20182019,0.483783,82,271,3.30487,229,2.79268,38,9,0.788617,0.747968,0.4817,79,0.18018,0.211711,32,20182019,31.69512,29.17073,22,,35,24,3
20182019,0.469225,82,267,3.25609,221,2.69512,36,14,0.80827,0.781955,0.4756,78,0.176211,0.193832,26,20182019,33.82926,29.18292,3,,32,23,6
20182019,0.50771,82,272,3.31707,224,2.7317,40,10,0.8,0.771429,0.45121,74,0.148148,0.180555,29,20182019,33.67073,29.19512,17,,32,20,3
20182019,0.495742,82,301,3.67073,242,2.95121,47,6,0.810185,0.791667,0.39024,64,0.168141,0.203539,29,20182019,35.7439,29.62195,9,,29,23,0
20182019,0.494955,82,248,3.02439,219,2.67073,36,11,0.838582,0.811024,0.4939,81,0.139442,0.171314,29,20182019,31.67073,29.67073,23,,35,22,6
20182019,0.460081,89,269,3.02247,294,3.30337,30,8,0.814685,0.797203,0.61797,110,0.188461,0.211538,47,20182019,31.66292,30.13483,15,,51,41,4
20182019,0.493469,82,271,3.30487,219,2.67073,41,10,0.882352,0.843138,0.43902,72,0.137795,0.177165,28,20182019,31.60975,30.34146,1,,31,24,3
20182019,0.478829,82,220,2.68292,209,2.54878,35,8,0.920353,0.849558,0.52439,86,0.127906,0.16279,35,20182019,30.81707,30.7439,53,,39,30,4
20182019,0.516515,95,230,2.42105,244,2.56842,38,7,0.861818,0.843637,0.56315,107,0.204,0.212,49,20182019,32.0421,30.78947,25,,50,42,1
20182019,0.504975,88,259,2.94318,286,3.25,34,5,0.828996,0.788105,0.58522,103,0.219696,0.246212,47,20182019,33.23863,31.02272,52,,49,39,2
20182019,0.493735,82,233,2.84146,210,2.56097,36,9,0.8375,0.816667,0.50609,83,0.186721,0.203319,36,20182019,29.5,31.30487,30,,37,33,1
20182019,0.510335,108,290,2.68518,319,2.9537,38,9,0.818181,0.801347,0.60648,131,0.164037,0.198738,58,20182019,28.66666,31.35185,19,,61,50,3
20182019,0.547322,82,280,3.41463,241,2.93902,37,8,0.801687,0.784811,0.5,82,0.123931,0.17094,34,20182019,32.5,31.5,4,,37,28,3
20182019,0.499176,92,256,2.7826,286,3.10869,35,4,0.888888,0.848889,0.59782,110,0.13492,0.166666,51,20182019,29.90217,31.65217,29,,53,42,2
20182019,0.511659,86,240,2.79069,327,3.80232,20,4,0.884476,0.837546,0.74418,128,0.264925,0.27985,56,20182019,31.87209,31.82558,14,,62,49,6
20182019,0.528338,87,240,2.75862,300,3.44827,29,7,0.863468,0.797048,0.62643,109,0.164983,0.195286,51,20182019,28.81609,32.41379,20,,51,46,0
20182019,0.503669,102,324,3.17647,347,3.40196,37,9,0.84039,0.804561,0.59313,121,0.188311,0.224025,56,20182019,28.71568,32.47058,28,,56,45,0
20182019,0.494957,82,291,3.54878,267,3.25609,34,12,0.753246,0.727273,0.51219,84,0.172268,0.20168,33,20182019,34.78048,32.54878,16,,36,24,3
20182019,0.509928,106,263,2.48113,336,3.16981,33,9,0.846645,0.817892,0.64622,137,0.224615,0.273846,62,20182019,29.81132,32.66981,6,,64,52,2
20182019,0.475987,94,275,2.92553,293,3.11702,35,14,0.828025,0.792994,0.55319,104,0.19461,0.20958,43,20182019,31.8617,32.69148,21,,45,37,2
20182019,0.479064,82,268,3.26829,221,2.69512,39,10,0.823255,0.809303,0.46341,76,0.156779,0.194915,28,20182019,32.9756,32.89024,7,,33,21,5
20182019,0.516904,88,230,2.61363,248,2.81818,33,6,0.849816,0.820513,0.5909,104,0.092592,0.122222,45,20182019,30.2159,32.90909,18,,49,39,4
20182019,0.498225,82,273,3.32926,264,3.21951,32,14,0.826086,0.813044,0.52439,86,0.21933,0.267657,33,20182019,30.68292,32.9878,13,,36,26,3
20182019,0.526168,89,272,3.05617,303,3.40449,32,8,0.80909,0.781819,0.5955,106,0.176211,0.215859,49,20182019,33.3146,33.25842,10,,49,43,0
20182019,0.504669,86,252,2.93023,277,3.22093,30,12,0.851063,0.8,0.58139,100,0.175732,0.238493,42,20182019,33.23255,33.3372,5,,44,37,2
20182019,0.490212,97,263,2.71134,282,2.90721,36,7,0.824137,0.793104,0.59278,115,0.137123,0.163879,52,20182019,28.41237,33.80412,12,,54,45,2
20182019,0.49412,82,236,2.87804,246,3.0,30,8,0.829875,0.809129,0.58536,96,0.115384,0.132478,41,20182019,31.07317,34.09756,8,,44,37,3
20182019,0.504162,89,251,2.82022,271,3.04494,36,7,0.852272,0.803031,0.55617,99,0.168582,0.180076,43,20182019,29.56179,34.37078,54,,46,39,3
20172018,0.43983,88,258,2.93181,270,3.06818,34,9,0.857638,0.833334,0.5625,99,0.170886,0.212025,43,20172018,33.44318,29.5909,21,,45,37,2
20172018,0.501095,106,299,2.82075,342,3.22641,34,7,0.808139,0.793605,0.64622,137,0.213166,0.241379,62,20172018,31.16981,29.63207,15,,65,51,3
20172018,0.477397,82,251,3.06097,206,2.51219,41,12,0.808888,0.8,0.42682,70,0.127572,0.168724,27,20172018,32.21951,29.87804,53,,29,20,2
20172018,0.497466,87,245,2.81609,259,2.97701,30,11,0.835087,0.810527,0.59195,103,0.181818,0.205533,43,20172018,31.47126,29.90804,30,,46,39,3
20172018,0.495205,82,259,3.15853,218,2.65853,40,11,0.807971,0.782609,0.44512,73,0.174089,0.214574,31,20172018,32.20731,30.04878,23,,31,25,0
20172018,0.511837,86,225,2.61627,235,2.73255,29,13,0.857142,0.82313,0.5872,101,0.159292,0.176991,40,20172018,33.08139,30.31395,24,,44,35,4
20172018,0.48852,82,254,3.09756,212,2.58536,39,13,0.810077,0.775194,0.44512,73,0.153846,0.175213,25,20172018,31.86585,30.36585,17,,30,22,5
20172018,0.502918,82,284,3.46341,219,2.67073,43,11,0.778723,0.761703,0.40853,67,0.1417,0.165991,26,20172018,33.07317,30.67073,9,,28,18,2
20172018,0.492765,82,263,3.20731,228,2.78048,39,9,0.834008,0.813766,0.46951,77,0.190871,0.211618,31,20172018,35.34146,30.95121,3,,34,24,3
20172018,0.498738,86,209,2.43023,240,2.79069,33,8,0.871323,0.852942,0.56976,98,0.181818,0.197628,43,20172018,31.02325,31.09302,26,,45,34,2
20172018,0.515323,82,278,3.39024,198,2.41463,45,12,0.817021,0.778724,0.37804,62,0.15175,0.190661,24,20172018,32.69512,31.18292,7,,25,19,1
20172018,0.525077,82,222,2.70731,231,2.81707,32,8,0.83274,0.80783,0.56097,92,0.151639,0.192622,38,20172018,29.84146,31.21951,25,,42,33,4
20172018,0.488717,82,293,3.57317,261,3.18292,37,10,0.753191,0.731915,0.4878,80,0.188,0.232,32,20172018,35.58536,31.36585,2,,35,25,3
20172018,0.52964,88,264,3.0,264,3.0,30,14,0.778225,0.762097,0.57954,102,0.16312,0.198581,42,20172018,29.90909,31.57954,4,,44,33,2
20172018,0.470248,87,258,2.96551,255,2.93103,33,9,0.859205,0.812275,0.56896,99,0.188191,0.210332,40,20172018,32.0,31.83908,1,,45,34,5
20172018,0.516899,89,258,2.89887,290,3.25842,30,7,0.821428,0.801588,0.62359,111,0.230125,0.251046,45,20172018,33.94382,31.8764,10,,52,40,7
20172018,0.486504,99,282,2.84848,340,3.43434,29,5,0.787974,0.759494,0.68181,135,0.231927,0.246987,59,20172018,32.51515,32.0808,14,,65,52,6
20172018,0.519082,99,258,2.60606,326,3.29292,28,10,0.838607,0.810127,0.66666,132,0.210526,0.235294,57,20172018,31.64646,32.42424,52,,61,52,4
20172018,0.487944,102,272,2.66666,325,3.18627,31,7,0.835483,0.809678,0.66176,135,0.188498,0.204472,60,20172018,31.0,32.5,54,,64,50,4
20172018,0.506002,82,222,2.70731,223,2.71951,32,6,0.818181,0.796537,0.57317,94,0.117886,0.154471,41,20172018,29.7317,32.64634,19,,44,33,3
20172018,0.535488,95,246,2.58947,302,3.17894,24,11,0.852071,0.819527,0.68947,131,0.196774,0.212903,54,20172018,32.29473,32.70526,18,,60,48,6
20172018,0.475481,82,258,3.14634,207,2.52439,40,13,0.76806,0.741445,0.43292,71,0.187755,0.212244,27,20172018,32.31707,32.76829,8,,29,24,2
20172018,0.505743,94,248,2.63829,308,3.27659,27,12,0.860215,0.824373,0.64893,122,0.212328,0.25,52,20172018,29.25531,32.77659,6,,55,46,3
20172018,0.514058,92,252,2.73913,277,3.01086,31,10,0.871212,0.84091,0.60869,112,0.200657,0.210526,46,20172018,30.67391,33.09782,28,,51,40,5
20172018,0.486882,82,262,3.19512,229,2.79268,40,6,0.812244,0.767347,0.4756,78,0.123809,0.147619,31,20172018,32.12195,33.41463,22,,36,24,5
20172018,0.485469,88,250,2.8409,254,2.88636,34,7,0.771784,0.751038,0.57386,101,0.139442,0.171314,41,20172018,31.70454,33.60227,29,,47,30,6
20172018,0.49367,82,243,2.96341,216,2.63414,35,10,0.843866,0.817844,0.51219,84,0.133828,0.159851,35,20172018,31.14634,33.64634,20,,37,28,2
20172018,0.50542,94,282,3.0,312,3.31914,35,6,0.82392,0.803987,0.59574,112,0.243421,0.256578,51,20172018,30.55319,33.74468,5,,53,39,2
20172018,0.540641,82,253,3.08536,225,2.7439,35,11,0.790575,0.77487,0.50609,83,0.158995,0.1841,33,20172018,28.86585,33.90243,12,,36,30,3
20172018,0.492528,82,254,3.09756,228,2.78048,39,10,0.812765,0.79149,0.46341,76,0.133828,0.159851,32,20172018,32.89024,34.06097,16,,33,26,1
20172018,0.507448,82,243,2.96341,245,2.9878,30,8,0.845814,0.801763,0.58536,96,0.168674,0.188755,41,20172018,34.60975,34.41463,13,,44,38,3
20162017,0.511491,82,241,2.93902,178,2.17073,43,9,0.775784,0.766817,0.42073,69,0.114537,0.140969,26,20162017,31.76829,27.71951,23,,30,19,4
20162017,0.492276,82,241,2.93902,180,2.19512,40,14,0.81923,0.796154,0.42682,70,0.12749,0.175298,25,20162017,31.36585,27.79268,1,,28,18,3
20162017,0.48,82,258,3.14634,191,2.32926,42,10,0.803846,0.773077,0.42682,70,0.131914,0.161702,24,20162017,34.10975,27.81707,53,,30,20,6
20162017,0.536172,82,276,3.36585,165,2.01219,56,4,0.784671,0.766424,0.29268,48,0.117154,0.125523,21,20162017,31.7439,28.08536,21,,22,14,1
20162017,0.496046,93,239,2.56989,255,2.74193,34,7,0.852348,0.842282,0.59677,111,0.177358,0.196226,50,20162017,28.64516,28.23655,19,,52,42,2
20162017,0.518731,82,244,2.9756,198,2.41463,36,13,0.821276,0.808511,0.4817,79,0.115079,0.150793,24,20162017,30.57317,28.4756,17,,33,17,9
20162017,0.488088,86,233,2.7093,231,2.68604,37,4,0.844827,0.813794,0.54651,94,0.194139,0.212454,41,20162017,28.79069,29.37209,20,,45,32,4
20162017,0.484295,88,212,2.40909,233,2.64772,33,7,0.842105,0.811404,0.58522,103,0.139705,0.169117,46,20162017,27.70454,29.8409,28,,48,39,2
20162017,0.485122,82,255,3.10975,246,3.0,35,7,0.810909,0.774546,0.53048,87,0.147727,0.181818,37,20162017,31.04878,29.85365,52,,40,33,3
20162017,0.476629,82,224,2.7317,230,2.80487,30,10,0.829457,0.813954,0.57317,94,0.198529,0.227941,38,20162017,30.39024,29.90243,14,,42,32,4
20162017,0.510733,101,260,2.57425,253,2.50495,36,10,0.82295,0.8,0.59405,120,0.140127,0.159235,49,20162017,30.58415,30.0693,9,,55,39,6
20162017,0.482073,94,246,2.61702,287,3.05319,34,6,0.858237,0.812261,0.60638,114,0.165441,0.183823,51,20162017,30.43617,30.14893,3,,54,45,3
20162017,0.476903,82,238,2.90243,239,2.91463,29,12,0.841409,0.819384,0.57317,94,0.119658,0.149572,39,20162017,31.90243,30.2439,2,,41,33,2
20162017,0.503717,88,212,2.40909,234,2.65909,30,9,0.837121,0.818182,0.60795,107,0.164658,0.192771,46,20162017,29.65909,30.28409,8,,49,34,3
20162017,0.547886,99,249,2.51515,270,2.72727,30,13,0.857971,0.831885,0.63131,125,0.150819,0.177049,53,20162017,30.0808,30.36363,24,,56,46,3
20162017,0.496043,82,231,2.81707,199,2.42682,37,12,0.789029,0.776372,0.4756,78,0.227467,0.244635,31,20162017,34.30487,30.37804,7,,33,25,2
20162017,0.53067,82,230,2.80487,212,2.58536,31,15,0.891089,0.841585,0.53048,87,0.151515,0.177489,33,20162017,28.29268,30.40243,12,,36,28,3
20162017,0.499119,82,260,3.17073,222,2.70731,37,11,0.759036,0.738956,0.4817,79,0.136186,0.178988,33,20162017,29.7439,30.54878,25,,34,28,1
20162017,0.474617,86,225,2.61627,243,2.82558,27,9,0.785388,0.780822,0.63372,109,0.152892,0.181818,46,20162017,31.37209,30.6279,16,,50,37,4
20162017,0.466795,95,242,2.54736,279,2.93684,32,9,0.838235,0.816177,0.61578,117,0.209059,0.22648,50,20162017,30.11578,30.81052,22,,54,43,4
20162017,0.512403,104,268,2.57692,298,2.86538,37,12,0.865573,0.82623,0.58653,122,0.166666,0.185185,53,20162017,29.72115,30.86538,18,,55,47,2
20162017,0.494859,95,213,2.2421,297,3.12631,25,8,0.855769,0.839744,0.69473,132,0.219512,0.233449,60,20162017,27.95789,30.89473,15,,62,48,2
20162017,0.507679,82,201,2.45121,199,2.42682,35,8,0.865853,0.845529,0.52439,86,0.178423,0.190871,37,20162017,25.85365,31.13414,26,,39,25,2
20162017,0.523094,87,217,2.49425,271,3.11494,29,8,0.857758,0.836207,0.62068,108,0.194214,0.206611,47,20162017,29.87356,31.13793,30,,50,43,3
20162017,0.485632,87,214,2.45977,260,2.9885,28,8,0.857142,0.815127,0.63218,110,0.183856,0.197309,49,20162017,30.57471,31.42528,29,,51,40,2
20162017,0.52275,82,231,2.81707,212,2.58536,33,10,0.813765,0.797571,0.53658,88,0.162454,0.194945,32,20162017,28.46341,31.52439,4,,39,25,7
20162017,0.501825,88,252,2.86363,266,3.02272,31,15,0.839552,0.817165,0.5625,99,0.206106,0.232824,41,20162017,32.77272,32.15909,10,,42,33,1
20162017,0.479292,82,231,2.81707,205,2.5,36,11,0.885714,0.853062,0.4939,81,0.139622,0.169811,30,20162017,31.64634,32.2439,13,,35,23,5
20162017,0.482473,107,286,2.67289,355,3.31775,30,11,0.827272,0.806061,0.66822,143,0.204142,0.224852,62,20162017,32.38317,32.36448,5,,66,54,4
20162017,0.530224,88,224,2.54545,245,2.78409,35,7,0.888888,0.850695,0.5625,99,0.192307,0.215384,44,20162017,27.05681,32.79545,6,,46,39,2
20152016,0.464369,82,202,2.46341,182,2.21951,36,8,0.848484,0.829546,0.51219,84,0.167968,0.199218,36,20152016,28.64634,24.42682,1,,38,27,2
20152016,0.54693,82,244,2.9756,208,2.53658,39,8,0.786184,0.773027,0.4756,78,0.13,0.176666,34,20152016,30.96341,27.62195,53,,35,29,1
20152016,0.454415,82,239,2.91463,186,2.26829,38,13,0.827309,0.811245,0.45731,75,0.125506,0.157894,26,20152016,32.53658,28.18292,23,,31,22,5
20152016,0.505518,82,241,2.93902,230,2.80487,35,9,0.825396,0.757937,0.51829,85,0.145833,0.158333,32,20152016,32.78048,28.35365,9,,38,26,6
20152016,0.494243,87,236,2.71264,243,2.7931,31,9,0.78409,0.76894,0.59195,103,0.155102,0.179591,44,20152016,30.42528,28.62068,3,,47,40,3
20152016,0.498536,82,240,2.92682,212,2.58536,39,4,0.829457,0.802326,0.5,82,0.146616,0.180451,35,20152016,32.30487,28.63414,21,,39,33,4
20152016,0.52229,88,225,2.55681,230,2.61363,37,11,0.811659,0.78027,0.51704,91,0.167272,0.18909,37,20152016,28.53409,28.75,30,,40,35,3
20152016,0.492049,99,238,2.40404,272,2.74747,37,5,0.867283,0.84568,0.60101,119,0.137313,0.158208,54,20152016,29.61616,29.0404,14,,57,44,3
20152016,0.487946,82,242,2.95121,199,2.42682,43,8,0.830708,0.811024,0.42682,70,0.156118,0.181434,27,20152016,31.07317,29.09756,22,,31,20,4
20152016,0.489986,82,248,3.02439,213,2.59756,40,8,0.820788,0.810036,0.46341,76,0.141129,0.173387,28,20152016,31.09756,29.10975,29,,34,26,6
20152016,0.48599,82,257,3.13414,229,2.79268,40,7,0.798283,0.755365,0.46951,77,0.144444,0.17037,33,20152016,28.9878,29.2439,20,,35,24,2
20152016,0.499638,88,215,2.44318,246,2.79545,30,9,0.809688,0.792388,0.60795,107,0.15017,0.167235,42,20152016,30.06818,29.4659,13,,49,41,7
20152016,0.493794,82,215,2.62195,199,2.42682,36,11,0.853211,0.825689,0.4939,81,0.165354,0.188976,33,20152016,30.62195,29.4878,7,,35,29,2
20152016,0.49844,106,263,2.48113,312,2.94339,40,6,0.823333,0.803334,0.59433,126,0.202857,0.228571,56,20152016,27.71698,29.56603,28,,60,50,4
20152016,0.467384,82,236,2.87804,212,2.58536,39,8,0.819148,0.783688,0.4756,78,0.132295,0.147859,32,20152016,29.54878,29.59756,52,,35,29,3
20152016,0.512191,102,253,2.48039,276,2.70588,34,9,0.857142,0.842262,0.62254,127,0.204081,0.224489,54,20152016,29.99019,29.64705,19,,59,44,5
20152016,0.504894,87,231,2.65517,217,2.49425,34,11,0.823129,0.816327,0.54597,95,0.161512,0.175257,40,20152016,29.62068,29.7931,17,,42,31,2
20152016,0.503438,93,243,2.6129,253,2.72043,33,10,0.872659,0.846442,0.59139,110,0.16791,0.190298,45,20152016,31.04301,29.84946,2,,50,36,5
20152016,0.536694,82,221,2.69512,196,2.39024,31,16,0.857843,0.843138,0.52439,86,0.147058,0.168067,33,20152016,27.57317,29.89024,12,,35,25,2
20152016,0.521331,89,202,2.26966,233,2.61797,29,11,0.901898,0.879747,0.61235,109,0.213483,0.224719,46,20152016,27.53932,30.14606,24,,49,42,3
20152016,0.488504,96,256,2.66666,255,2.65625,34,14,0.824742,0.800688,0.57291,110,0.17377,0.180327,44,20152016,27.63541,30.38541,18,,48,40,4
20152016,0.50336,82,233,2.84146,216,2.63414,38,6,0.850393,0.818898,0.5,82,0.119691,0.162162,33,20152016,29.36585,30.53658,8,,38,30,5
20152016,0.510514,88,224,2.54545,217,2.4659,31,14,0.806228,0.795848,0.56818,100,0.151315,0.177631,40,20152016,30.73863,30.625,4,,43,30,3
20152016,0.505895,82,240,2.92682,192,2.34146,42,11,0.827205,0.816177,0.42073,69,0.123552,0.15444,23,20152016,30.52439,30.67073,10,,29,20,6
20152016,0.495792,94,213,2.26595,277,2.9468,24,8,0.86622,0.859532,0.70212,132,0.209302,0.225913,58,20152016,28.68085,30.82978,15,,62,50,4
20152016,0.492587,89,226,2.53932,254,2.85393,30,9,0.840637,0.796813,0.61235,109,0.221402,0.232472,49,20152016,30.68539,30.94382,16,,50,38,1
20152016,0.501904,95,270,2.8421,300,3.15789,29,9,0.846153,0.811189,0.64736,123,0.16279,0.212624,55,20152016,28.70526,31.49473,25,,57,48,2
20152016,0.50749,87,208,2.3908,234,2.68965,32,6,0.830065,0.810458,0.5977,104,0.188755,0.200803,47,20152016,27.43678,31.60919,26,,49,34,2
20152016,0.50428,82,228,2.78048,236,2.87804,31,9,0.855555,0.822223,0.56707,93,0.188034,0.205128,38,20152016,30.36585,31.95121,6,,42,33,4
20152016,0.502425,106,254,2.39622,314,2.96226,34,8,0.882716,0.84568,0.6415,136,0.177514,0.195266,60,20152016,29.33018,33.57547,5,,64,50,4
20142015,0.449426,82,269,3.28048,153,1.86585,51,8,0.77821,0.750973,0.32926,54,0.098214,0.133928,15,20142015,35.60975,24.19512,7,,23,14,8
20142015,0.472848,82,209,2.54878,176,2.14634,36,14,0.832089,0.805971,0.4756,78,0.15566,0.193396,27,20142015,30.70731,24.4878,1,,32,26,5
20142015,0.473811,93,246,2.64516,264,2.8387,36,7,0.827272,0.795455,0.57526,107,0.178694,0.189003,46,20142015,29.44086,27.2043,20,,50,36,4
20142015,0.508235,82,223,2.71951,209,2.54878,31,12,0.86307,0.846474,0.54878,90,0.1417,0.149797,29,20142015,33.15853,27.87804,21,,39,27,10
20142015,0.482146,82,276,3.36585,193,2.35365,44,14,0.785388,0.767124,0.37804,62,0.146551,0.176724,19,20142015,30.04878,28.42682,22,,24,17,5
20142015,0.492896,82,248,3.02439,227,2.76829,35,5,0.818481,0.801981,0.54268,89,0.196721,0.217213,33,20142015,33.43902,28.85365,29,,42,28,9
20142015,0.510512,89,228,2.56179,246,2.76404,29,14,0.833333,0.820755,0.5955,106,0.201238,0.232198,42,20142015,28.33707,29.17977,17,,46,35,4
20142015,0.518475,82,267,3.25609,165,2.01219,50,8,0.781362,0.767026,0.34146,56,0.169565,0.2,19,20142015,33.19512,29.18292,53,,24,14,5
20142015,0.490373,82,257,3.13414,206,2.51219,44,8,0.830827,0.804512,0.41463,68,0.116607,0.15901,25,20142015,33.51219,29.2317,10,,30,22,5
20142015,0.492884,108,268,2.48148,324,3.0,36,8,0.862573,0.833334,0.62962,136,0.168937,0.190735,61,20142015,27.92592,29.25,14,,64,54,3
20142015,0.520973,94,213,2.26595,239,2.54255,28,10,0.848484,0.818182,0.64893,122,0.1362,0.150537,49,20142015,30.03191,29.25531,8,,56,41,7
20142015,0.511438,82,223,2.71951,212,2.58536,31,18,0.781954,0.770677,0.51219,84,0.210937,0.234375,30,20142015,30.25609,29.42682,4,,33,25,3
20142015,0.487371,86,220,2.55813,232,2.69767,30,13,0.846394,0.815048,0.57558,99,0.159574,0.177304,36,20142015,28.93023,29.73255,52,,43,32,7
20142015,0.519357,96,227,2.36458,265,2.76041,33,11,0.83557,0.822148,0.59895,115,0.222641,0.237735,47,20142015,29.19791,29.82291,15,,52,41,5
20142015,0.468872,88,238,2.70454,250,2.8409,33,5,0.869718,0.848592,0.59659,105,0.185039,0.192913,44,20142015,29.57954,29.93181,23,,50,38,6
20142015,0.494591,92,225,2.44565,251,2.72826,34,8,0.876494,0.856574,0.58695,108,0.148698,0.171003,46,20142015,27.57608,30.31521,30,,50,42,4
20142015,0.533876,88,214,2.43181,253,2.875,28,7,0.840148,0.828997,0.64204,113,0.198473,0.221374,44,20142015,26.92045,30.61363,19,,53,39,9
20142015,0.485935,82,213,2.59756,198,2.41463,29,15,0.804,0.8,0.55487,91,0.138211,0.162601,30,20142015,29.56097,30.68292,13,,38,29,8
20142015,0.529615,82,219,2.67073,183,2.2317,41,11,0.857894,0.847369,0.43292,71,0.170833,0.1875,25,20142015,27.26829,30.78048,12,,30,24,5
20142015,0.518353,98,263,2.68367,285,2.90816,29,7,0.8429,0.81571,0.66836,131,0.146428,0.175,54,20142015,28.97959,30.88775,24,,62,43,8
20142015,0.513288,82,197,2.40243,218,2.65853,27,15,0.838983,0.809323,0.57926,95,0.182186,0.190283,38,20142015,27.0,30.92682,26,,40,37,2
20142015,0.536234,82,201,2.45121,209,2.54878,27,14,0.852459,0.819673,0.58536,96,0.164319,0.178403,37,20142015,29.86585,31.04878,6,,41,28,4
20142015,0.482637,88,220,2.5,244,2.77272,30,13,0.859205,0.837546,0.58522,103,0.143333,0.173333,39,20142015,32.48863,31.10227,9,,45,32,6
20142015,0.517534,82,257,3.13414,257,3.13414,31,10,0.842519,0.807087,0.56097,92,0.165517,0.189655,37,20142015,29.92682,31.19512,25,,41,33,4
20142015,0.493941,87,215,2.47126,225,2.5862,31,12,0.868686,0.848485,0.57471,100,0.149812,0.191011,40,20142015,29.32183,31.33333,5,,44,34,4
20142015,0.466831,101,228,2.25742,293,2.90099,30,7,0.866666,0.835088,0.66831,135,0.153061,0.17687,60,20142015,29.58415,31.37623,3,,64,50,4
20142015,0.519245,82,226,2.75609,224,2.7317,33,9,0.80269,0.784754,0.54268,89,0.19685,0.216535,36,20142015,29.70731,31.59756,28,,40,34,4
20142015,0.49033,88,221,2.51136,247,2.80681,29,10,0.826086,0.810277,0.61363,108,0.153024,0.170818,43,20142015,28.69318,32.3409,18,,49,35,6
20142015,0.523046,105,246,2.34285,289,2.75238,35,6,0.846153,0.824176,0.63809,134,0.155487,0.176829,55,20142015,31.10476,33.33333,16,,64,48,9
20142015,0.488104,89,240,2.69662,260,2.92134,32,7,0.826839,0.78355,0.60112,107,0.167259,0.177935,43,20142015,28.56179,33.37078,2,,50,36,7
20132014,0.467925,82,243,2.96341,150,1.82926,51,10,0.832116,0.813869,0.31707,52,0.121093,0.140625,14,20132014,34.34146,26.29268,7,,21,11,7
20132014,0.470155,82,195,2.37804,197,2.40243,29,18,0.897727,0.863637,0.53658,88,0.178423,0.19502,35,20132014,25.4756,26.81707,1,,35,26,0
20132014,0.462438,82,238,2.90243,202,2.46341,40,7,0.868085,0.817022,0.46951,77,0.128514,0.156626,28,20132014,28.59756,26.81707,20,,35,21,7
20132014,0.490176,82,267,3.25609,199,2.42682,44,9,0.835714,0.821429,0.40853,67,0.121771,0.169741,25,20132014,32.87804,26.92682,22,,29,20,4
20132014,0.511371,95,233,2.45263,234,2.46315,34,12,0.8125,0.795139,0.57894,110,0.137931,0.172413,41,20132014,27.21052,27.11578,30,,49,36,8
20132014,0.482564,82,252,3.07317,222,2.70731,36,8,0.809701,0.783583,0.51219,84,0.150793,0.198412,29,20132014,35.91463,27.92682,10,,38,24,9
20132014,0.493394,99,247,2.49494,260,2.62626,35,8,0.867647,0.844118,0.60606,120,0.147058,0.17647,50,20132014,30.93939,28.56565,8,,56,40,6
20132014,0.530679,82,233,2.84146,214,2.60975,32,12,0.810924,0.802522,0.53658,88,0.192468,0.192468,36,20132014,28.90243,29.04878,18,,38,33,2
20132014,0.49209,89,238,2.67415,265,2.97752,26,8,0.829629,0.811112,0.66292,118,0.184115,0.191335,50,20132014,32.70786,29.14606,21,,55,38,5
20132014,0.484101,82,229,2.79268,225,2.7439,30,14,0.838028,0.820423,0.54878,90,0.199312,0.233676,28,20132014,33.53658,29.41463,15,,38,24,10
20132014,0.493463,86,225,2.61627,242,2.81395,31,9,0.848056,0.809188,0.5872,101,0.155234,0.187725,38,20132014,29.47674,29.65116,14,,46,32,8
20132014,0.514339,88,208,2.36363,253,2.875,27,7,0.875399,0.856231,0.6534,115,0.166666,0.185897,45,20132014,26.69318,29.73863,19,,54,40,9
20132014,0.515547,88,235,2.67045,244,2.77272,36,7,0.857605,0.818771,0.55113,97,0.166123,0.198697,40,20132014,31.17045,29.85227,29,,45,35,5
20132014,0.48266,82,262,3.19512,188,2.29268,45,8,0.790076,0.759542,0.40243,66,0.078066,0.100371,21,20132014,31.10975,29.89024,13,,29,21,8
20132014,0.505208,87,235,2.70114,223,2.56321,32,15,0.829581,0.819936,0.54597,95,0.155629,0.172185,35,20132014,29.44827,29.97701,17,,40,31,5
20132014,0.501011,89,246,2.76404,249,2.79775,34,10,0.875362,0.852174,0.56179,100,0.168253,0.203174,42,20132014,30.66292,29.98876,4,,45,38,3
20132014,0.511669,95,237,2.49473,277,2.91578,30,7,0.866449,0.843649,0.64736,123,0.19266,0.220183,51,20132014,28.82105,30.43157,5,,58,47,7
20132014,0.519772,82,224,2.7317,210,2.56097,30,15,0.80147,0.790442,0.54268,89,0.180851,0.198581,31,20132014,30.9878,30.4756,27,,37,28,6
20132014,0.468865,82,231,2.81707,219,2.67073,35,10,0.848797,0.831616,0.51219,84,0.131274,0.15444,29,20132014,30.14634,30.68292,52,,37,24,8
20132014,0.488168,95,240,2.52631,298,3.13684,26,8,0.860681,0.826626,0.68421,130,0.144615,0.172307,58,20132014,28.83157,30.70526,24,,61,50,3
20132014,0.513683,82,216,2.63414,191,2.32926,35,11,0.854014,0.832117,0.50609,83,0.136186,0.15175,31,20132014,28.37804,30.81707,23,,36,25,5
20132014,0.471813,82,261,3.18292,216,2.63414,37,11,0.81132,0.781133,0.4817,79,0.152173,0.177536,25,20132014,30.04878,30.93902,2,,34,21,9
20132014,0.525981,82,226,2.75609,205,2.5,35,11,0.86307,0.817428,0.50609,83,0.117437,0.145907,34,20132014,30.93902,31.2317,12,,36,30,2
20132014,0.50207,88,243,2.76136,249,2.82954,35,11,0.83737,0.806229,0.53977,95,0.134796,0.153605,38,20132014,30.2159,31.54545,25,,42,36,4
20132014,0.527932,108,238,2.2037,286,2.64814,38,8,0.844221,0.831659,0.61111,132,0.146341,0.170731,54,20132014,27.13888,31.79629,26,,62,45,8
20132014,0.518326,94,197,2.09574,288,3.06382,24,9,0.857142,0.827923,0.6968,131,0.200757,0.223484,58,20132014,29.0851,32.01063,6,,61,52,3
20132014,0.514969,101,267,2.64356,319,3.15841,29,15,0.853035,0.821087,0.63861,129,0.178343,0.197452,51,20132014,27.94059,32.13861,16,,57,46,6
20132014,0.484594,107,250,2.33644,278,2.59813,43,6,0.894904,0.853504,0.57009,122,0.141689,0.166212,54,20132014,29.58878,32.26168,3,,58,50,4
20132014,0.51243,82,258,3.14634,229,2.79268,31,14,0.825,0.809375,0.53658,88,0.147601,0.184501,30,20132014,34.7439,32.82926,9,,37,27,7
20132014,0.525348,89,219,2.46067,261,2.93258,26,9,0.872427,0.839507,0.6573,117,0.148606,0.167182,44,20132014,28.13483,34.82022,28,,54,39,10
20122013,0.497299,48,133,2.77083,109,2.27083,23,9,0.762589,0.755396,0.42708,41,0.142857,0.171428,14,20122013,27.8125,25.91666,18,,16,11,2
20122013,0.471652,48,141,2.9375,128,2.66666,22,4,0.821229,0.810056,0.5,48,0.152046,0.16959,20,20122013,31.02083,26.27083,25,,22,18,2
20122013,0.519985,48,115,2.39583,115,2.39583,17,7,0.847222,0.826389,0.57291,55,0.129032,0.141935,19,20122013,29.91666,26.72916,29,,24,14,5
20122013,0.46123,48,131,2.72916,123,2.5625,22,7,0.857142,0.834286,0.46875,45,0.195266,0.201183,17,20122013,32.75,26.77083,22,,19,15,2
20122013,0.466422,48,157,3.27083,128,2.66666,25,4,0.854304,0.81457,0.4375,42,0.187096,0.2,19,20122013,29.41666,26.9375,20,,19,17,0
20122013,0.486961,55,150,2.72727,163,2.96363,21,5,0.887005,0.875707,0.57272,63,0.165775,0.192513,29,20122013,33.12727,27.23636,10,,29,27,0
20122013,0.511596,48,147,3.0625,147,3.0625,26,4,0.806451,0.806452,0.41666,40,0.165644,0.190184,17,20122013,30.22916,27.5625,14,,18,16,1
20122013,0.462387,48,139,2.89583,118,2.45833,21,6,0.83146,0.792135,0.5,48,0.098159,0.141104,14,20122013,33.45833,27.89583,7,,21,13,7
20122013,0.509699,54,126,2.33333,134,2.48148,21,2,0.872727,0.848485,0.59259,64,0.156626,0.186746,26,20122013,24.25925,28.01851,19,,31,21,5
20122013,0.481827,48,122,2.54166,110,2.29166,19,10,0.875739,0.810651,0.5,48,0.119318,0.153409,17,20122013,23.125,28.375,1,,19,16,2
20122013,0.472565,52,130,2.5,130,2.5,19,7,0.834196,0.823835,0.5673,59,0.142857,0.16,21,20122013,29.51923,28.38461,23,,26,20,5
20122013,0.476247,55,133,2.41818,155,2.81818,16,6,0.839572,0.807487,0.65454,72,0.1875,0.225,27,20122013,28.32727,28.58181,24,,33,25,6
20122013,0.509271,66,148,2.24242,168,2.54545,25,5,0.857798,0.844037,0.58333,77,0.183486,0.19266,34,20122013,26.13636,28.65151,26,,36,32,2
20122013,0.50777,55,146,2.65454,158,2.87272,22,3,0.816753,0.801048,0.57272,63,0.238888,0.261111,27,20122013,31.92727,28.65454,15,,30,21,3
20122013,0.522068,53,142,2.67924,125,2.35849,23,3,0.817567,0.810811,0.53773,57,0.154761,0.160714,23,20122013,27.69811,28.69811,30,,27,19,4
20122013,0.489439,48,141,2.9375,126,2.625,21,3,0.804347,0.797102,0.53125,51,0.117241,0.137931,22,20122013,29.66666,28.9375,52,,24,18,2
20122013,0.485349,48,139,2.89583,132,2.75,22,3,0.869565,0.858696,0.51041,49,0.19883,0.216374,22,20122013,28.5625,29.04166,4,,23,20,1
20122013,0.493563,48,170,3.54166,109,2.27083,27,6,0.768211,0.741722,0.375,36,0.197183,0.204225,12,20122013,31.33333,29.16666,13,,15,11,3
20122013,0.51075,48,150,3.125,114,2.375,25,7,0.819672,0.803279,0.40625,39,0.128571,0.15,14,20122013,31.41666,29.47916,21,,16,11,2
20122013,0.513416,62,147,2.37096,155,2.5,23,8,0.826291,0.807512,0.56451,70,0.149572,0.175213,29,20122013,28.79032,30.06451,17,,31,24,2
20122013,0.496038,60,136,2.26666,152,2.53333,25,4,0.829545,0.801137,0.55,66,0.121827,0.142131,27,20122013,29.41666,30.75,3,,31,22,4
20122013,0.510214,63,159,2.5238,211,3.3492,19,0,0.844748,0.826485,0.69841,88,0.212121,0.238095,41,20122013,30.04761,30.7619,5,,44,37,3
20122013,0.520182,48,125,2.60416,121,2.52083,18,9,0.81065,0.798817,0.53125,51,0.136094,0.147928,17,20122013,30.5625,30.875,27,,21,16,4
20122013,0.4994,53,144,2.71698,155,2.92452,18,5,0.792929,0.79293,0.6132,65,0.189189,0.202702,27,20122013,27.30188,31.09433,8,,30,25,3
20122013,0.496635,54,161,2.98148,152,2.81481,21,7,0.80368,0.785277,0.54629,59,0.1875,0.1875,22,20122013,28.12962,31.14814,2,,26,20,4
20122013,0.538461,59,134,2.27118,141,2.38983,20,7,0.853107,0.836159,0.60169,71,0.187214,0.205479,24,20122013,28.62711,31.81355,28,,32,21,8
20122013,0.493898,71,145,2.04225,213,3.0,14,5,0.91705,0.884793,0.7676,109,0.122727,0.15,46,20122013,27.23943,32.12676,16,,52,36,6
20122013,0.502004,48,159,3.3125,127,2.64583,25,4,0.801242,0.782609,0.4375,42,0.121212,0.145454,18,20122013,32.20833,32.1875,12,,19,17,1
20122013,0.492152,58,131,2.25862,143,2.46551,22,6,0.886255,0.86256,0.56896,66,0.149253,0.164179,26,20122013,32.39655,33.01724,9,,30,22,4
20122013,0.560111,70,153,2.18571,192,2.74285,22,6,0.901709,0.876069,0.64285,90,0.135135,0.156756,38,20122013,30.5,33.41428,6,,42,32,4
20112012,0.512281,82,217,2.64634,166,2.02439,36,11,0.838596,0.821053,0.4939,81,0.135658,0.151162,24,20112012,31.35365,26.51219,30,,35,22,11
20112012,0.477148,82,232,2.82926,207,2.52439,40,10,0.841216,0.824325,0.45121,74,0.175572,0.206106,27,20112012,30.70731,26.65853,22,,32,25,5
20112012,0.485861,82,278,3.39024,232,2.82926,36,8,0.799295,0.792254,0.51219,84,0.107806,0.152416,35,20112012,30.5,27.15853,14,,38,25,3
20112012,0.461698,82,217,2.64634,199,2.42682,29,16,0.854477,0.843284,0.54878,90,0.153846,0.176923,34,20112012,30.82926,27.53658,20,,37,32,3
20112012,0.490021,92,226,2.45652,254,2.76086,31,8,0.85663,0.83871,0.61956,114,0.189003,0.202749,48,20112012,30.6413,27.56521,18,,53,45,5
20112012,0.471029,106,263,2.48113,275,2.59433,38,6,0.903225,0.856305,0.6132,130,0.125,0.167613,50,20112012,26.84905,27.67924,1,,62,42,12
20112012,0.501056,96,256,2.66666,247,2.57291,39,8,0.834394,0.824841,0.55208,106,0.133802,0.169014,45,20112012,30.5625,27.92708,15,,49,36,4
20112012,0.474008,82,224,2.7317,201,2.45121,36,12,0.833922,0.819788,0.4878,80,0.147601,0.166051,31,20112012,28.86585,27.93902,24,,34,29,3
20112012,0.491142,82,218,2.65853,204,2.4878,35,5,0.844884,0.828383,0.54268,89,0.12295,0.135245,35,20112012,30.81707,28.2317,25,,42,31,7
20112012,0.516528,82,259,3.15853,227,2.76829,37,10,0.793388,0.772728,0.4878,80,0.161048,0.18352,31,20112012,30.82926,28.31707,10,,35,26,4
20112012,0.482591,82,214,2.60975,207,2.52439,35,16,0.91746,0.885715,0.4756,78,0.116279,0.142857,26,20112012,29.65853,28.53658,8,,31,24,5
20112012,0.496192,102,223,2.18627,265,2.59803,34,7,0.881458,0.857143,0.63235,129,0.150141,0.161473,57,20112012,27.82352,28.66666,3,,61,47,4
20112012,0.503795,98,229,2.33673,247,2.5204,34,13,0.88535,0.866243,0.58673,115,0.112956,0.136212,45,20112012,32.61224,29.14285,27,,51,38,6
20112012,0.495248,82,223,2.71951,211,2.57317,32,11,0.836575,0.817121,0.54268,89,0.14341,0.170542,32,20112012,31.35365,29.2317,7,,39,27,7
20112012,0.480043,82,251,3.06097,196,2.39024,37,11,0.822033,0.805085,0.4817,79,0.164609,0.185185,27,20112012,30.10975,29.39024,2,,34,24,7
20112012,0.508842,89,234,2.62921,214,2.40449,30,18,0.814393,0.795455,0.56179,100,0.178913,0.198083,35,20112012,30.65168,29.52808,13,,41,34,6
20112012,0.508867,82,257,3.13414,198,2.41463,46,7,0.79197,0.766424,0.39634,65,0.129337,0.154574,25,20112012,30.93902,29.92682,29,,29,23,4
20112012,0.49034,82,242,2.95121,221,2.69512,35,10,0.811643,0.80137,0.51219,84,0.14741,0.179282,33,20112012,30.12195,30.13414,52,,37,27,4
20112012,0.50546,91,178,1.95604,226,2.48351,27,11,0.8875,0.865625,0.64285,117,0.150819,0.167213,49,20112012,26.64835,30.3956,19,,53,46,4
20112012,0.507204,82,237,2.89024,212,2.58536,33,16,0.853174,0.805556,0.5,82,0.153061,0.166666,32,20112012,32.35365,30.45121,12,,33,29,1
20112012,0.511288,102,200,1.96078,245,2.40196,31,15,0.918699,0.880759,0.62254,127,0.154046,0.159268,50,20112012,27.32352,30.58823,26,,56,43,6
20112012,0.504623,89,250,2.80898,256,2.8764,35,10,0.845029,0.818714,0.55056,98,0.155405,0.179054,38,20112012,31.85393,31.37078,9,,44,31,6
20112012,0.516288,82,218,2.65853,199,2.42682,35,6,0.848375,0.830325,0.53658,88,0.165919,0.183856,32,20112012,29.58536,31.5,21,,41,25,9
20112012,0.485435,93,269,2.89247,301,3.23655,32,9,0.833333,0.806011,0.60752,113,0.188328,0.214854,48,20112012,28.76344,31.6129,4,,52,40,4
20112012,0.521301,87,203,2.33333,249,2.86206,26,9,0.884615,0.86218,0.64942,113,0.174757,0.194174,44,20112012,30.94252,31.66666,23,,52,37,8
20112012,0.504614,88,248,2.81818,253,2.875,30,11,0.809523,0.781747,0.59659,105,0.135135,0.14527,40,20112012,28.43181,32.0909,16,,47,34,7
20112012,0.514784,87,213,2.44827,248,2.85057,32,6,0.831081,0.824325,0.5977,104,0.127725,0.161993,40,20112012,26.75862,32.16091,17,,49,37,9
20112012,0.540097,89,215,2.41573,275,3.08988,33,4,0.863799,0.835126,0.60674,108,0.161172,0.164835,43,20112012,29.7528,32.5955,6,,52,39,9
20112012,0.530326,87,219,2.51724,227,2.60919,33,10,0.773662,0.761317,0.56321,98,0.191637,0.205574,35,20112012,28.66666,33.52873,28,,44,31,9
20112012,0.505422,88,248,2.81818,299,3.39772,29,6,0.883959,0.846417,0.63636,112,0.166666,0.207547,44,20112012,27.40909,33.63636,5,,53,42,9
20102011,0.507481,82,228,2.78048,203,2.4756,35,8,0.850649,0.827923,0.52439,86,0.157534,0.181506,36,20102011,32.01219,26.19512,30,,39,31,3
20102011,0.441552,82,260,3.17073,191,2.32926,45,12,0.794392,0.769471,0.37804,62,0.138157,0.144736,23,20102011,31.67073,26.68292,22,,25,21,2
20102011,0.499581,82,226,2.75609,222,2.70731,29,11,0.837545,0.801445,0.57926,95,0.130718,0.179738,37,20102011,30.53658,27.67073,25,,42,32,5
20102011,0.475761,88,255,2.89772,255,2.89772,34,5,0.834337,0.810241,0.58522,103,0.221498,0.244299,45,20102011,32.25,28.375,24,,49,36,4
20102011,0.511823,82,207,2.52439,171,2.08536,39,5,0.846473,0.834025,0.4939,81,0.109704,0.143459,35,20102011,26.2439,28.58536,1,,38,28,3
20102011,0.506177,88,216,2.45454,229,2.60227,34,6,0.872909,0.859532,0.57954,102,0.145569,0.164556,38,20102011,28.60227,28.77272,26,,48,37,10
20102011,0.504575,82,245,2.9878,213,2.59756,34,11,0.792727,0.774546,0.51829,85,0.134969,0.159509,32,20102011,30.9756,28.78048,10,,37,30,5
20102011,0.500818,94,224,2.38297,246,2.61702,33,11,0.852564,0.830129,0.59042,111,0.138801,0.151419,44,20102011,30.46808,28.89361,18,,50,40,6
20102011,0.508425,82,245,2.9878,190,2.31707,40,10,0.857142,0.836735,0.45121,74,0.159533,0.175097,30,20102011,31.20731,29.03658,9,,32,28,2
20102011,0.506339,82,287,3.5,221,2.69512,44,8,0.786624,0.761147,0.41463,68,0.143396,0.184905,24,20102011,31.81707,29.19512,21,,30,18,6
20102011,0.501439,82,258,3.14634,225,2.7439,39,13,0.880645,0.832259,0.44512,73,0.149006,0.172185,26,20102011,31.95121,29.36585,2,,30,19,4
20102011,0.478436,87,208,2.3908,232,2.66666,37,5,0.875457,0.835165,0.54597,95,0.145161,0.16129,36,20102011,29.49425,29.89655,3,,45,33,9
20102011,0.47309,82,228,2.78048,236,2.87804,33,11,0.842293,0.817205,0.53048,87,0.182795,0.186379,34,20102011,27.7317,30.18292,19,,38,31,4
20102011,0.512859,86,238,2.76744,236,2.74418,30,13,0.797427,0.781351,0.57558,99,0.149837,0.169381,38,20102011,32.7093,30.27906,27,,43,36,5
20102011,0.519292,82,222,2.70731,191,2.32926,40,12,0.861423,0.846442,0.43902,72,0.112359,0.131086,26,20102011,31.81707,30.40243,13,,30,20,4
20102011,0.481458,82,230,2.80487,241,2.93902,29,12,0.836879,0.812057,0.57317,94,0.166666,0.194968,32,20102011,28.51219,30.5,20,,41,30,9
20102011,0.511865,82,250,3.04878,210,2.56097,35,13,0.821656,0.802548,0.4939,81,0.10299,0.139534,29,20102011,29.84146,30.56097,29,,34,24,5
20102011,0.446163,82,234,2.85365,231,2.81707,31,11,0.838235,0.8125,0.55487,91,0.141618,0.158959,35,20102011,33.2317,30.69512,12,,40,29,5
20102011,0.502117,100,279,2.79,300,3.0,32,11,0.860526,0.855264,0.625,125,0.171215,0.213399,51,20102011,29.45,31.26,14,,57,42,6
20102011,0.515802,91,215,2.36263,242,2.65934,28,11,0.878338,0.857567,0.63186,115,0.154362,0.17114,47,20102011,28.97802,31.37362,15,,52,36,5
20102011,0.487347,82,262,3.19512,218,2.65853,36,12,0.796491,0.775439,0.4878,80,0.148788,0.183391,29,20102011,32.17073,31.4756,11,,34,19,5
20102011,0.488178,89,223,2.50561,230,2.58426,34,8,0.870689,0.853449,0.57303,102,0.17981,0.198738,44,20102011,31.24719,31.80898,8,,47,39,3
20102011,0.492597,89,218,2.44943,242,2.7191,29,8,0.886039,0.849003,0.62921,112,0.124277,0.144508,42,20102011,28.44943,31.89887,5,,52,36,10
20102011,0.508975,89,236,2.65168,274,3.07865,33,9,0.816849,0.791209,0.57865,103,0.215686,0.228758,41,20102011,28.89887,32.05617,16,,47,36,6
20102011,0.536066,107,249,2.3271,316,2.95327,29,9,0.861313,0.844283,0.68691,147,0.213367,0.233933,65,20102011,30.50467,32.07476,23,,69,57,4
20102011,0.498759,93,254,2.73118,285,3.06451,30,12,0.861111,0.825,0.6129,114,0.148255,0.16279,48,20102011,30.23655,32.31182,4,,51,44,3
20102011,0.481188,89,250,2.80898,258,2.89887,33,10,0.838805,0.832836,0.57303,102,0.154838,0.196774,41,20102011,31.06741,32.60674,7,,46,30,5
20102011,0.519092,107,242,2.26168,325,3.03738,34,11,0.872576,0.831025,0.63084,135,0.133144,0.150141,60,20102011,33.01869,32.6542,6,,62,55,2
20102011,0.516418,93,265,2.84946,293,3.15053,29,10,0.829479,0.815029,0.6344,118,0.197674,0.218023,50,20102011,30.94623,33.80645,17,,54,41,4
20102011,0.536127,100,266,2.66,294,2.94,34,9,0.805714,0.788572,0.615,123,0.207182,0.226519,52,20102011,29.38,34.96,28,,57,42,5
20092010,0.522118,82,239,2.91463,214,2.60975,36,8,0.839869,0.826798,0.51219,84,0.148867,0.190938,33,20092010,29.45121,27.63414,30,,38,28,5
20092010,0.47618,88,247,2.80681,248,2.81818,34,9,0.826747,0.802432,0.5625,99,0.150769,0.178461,38,20092010,32.65909,27.68181,21,,45,35,7
20092010,0.492013,101,275,2.72277,256,2.53465,43,10,0.845569,0.832912,0.52475,106,0.173652,0.206586,41,20092010,32.42574,28.24752,8,,48,32,7
20092010,0.463972,82,278,3.39024,206,2.51219,47,8,0.8,0.780328,0.37804,62,0.156146,0.172757,19,20092010,33.12195,28.30487,22,,27,18,8
20092010,0.498711,82,234,2.85365,202,2.46341,37,13,0.818815,0.794426,0.46951,77,0.116504,0.142394,26,20092010,34.14634,28.42682,13,,32,24,6
20092010,0.509872,82,249,3.03658,214,2.60975,35,15,0.835329,0.817366,0.4817,79,0.152597,0.181818,30,20092010,30.65853,28.51219,29,,32,27,2
20092010,0.479939,82,203,2.4756,201,2.45121,32,10,0.84918,0.822951,0.54878,90,0.152985,0.160447,37,20092010,28.92682,28.65853,20,,40,35,3
20092010,0.515407,82,253,3.08536,213,2.59756,36,12,0.806547,0.800596,0.4878,80,0.174846,0.193251,30,20092010,31.40243,28.86585,14,,34,25,4
20092010,0.501634,88,236,2.68181,249,2.82954,31,9,0.810975,0.798781,0.59659,105,0.204204,0.222222,38,20092010,27.80681,29.03409,26,,48,33,10
20092010,0.481412,82,251,3.06097,226,2.75609,37,10,0.828125,0.80625,0.4878,80,0.144578,0.168674,31,20092010,31.39024,29.29268,12,,35,26,4
20092010,0.508513,82,250,3.04878,230,2.80487,34,13,0.85,0.821875,0.50609,83,0.148734,0.161392,31,20092010,33.12195,29.37804,11,,35,29,4
20092010,0.491749,82,214,2.60975,219,2.67073,33,11,0.85849,0.842768,0.53048,87,0.159468,0.182724,35,20092010,29.87804,29.57317,3,,38,34,3
20092010,0.495723,88,257,2.92045,239,2.7159,36,6,0.852601,0.835261,0.55681,98,0.163461,0.179487,41,20092010,29.0909,29.64772,9,,46,35,5
20092010,0.494924,87,201,2.31034,225,2.5862,31,7,0.847014,0.817165,0.60344,105,0.163934,0.180327,43,20092010,26.88505,29.81609,1,,49,41,6
20092010,0.488372,82,218,2.65853,218,2.65853,32,10,0.888888,0.868422,0.54878,90,0.149837,0.169381,33,20092010,30.15853,29.81707,19,,40,30,7
20092010,0.480659,82,243,2.96341,233,2.84146,32,11,0.817901,0.79321,0.54268,89,0.18,0.21,34,20092010,33.37804,30.14634,24,,39,31,5
20092010,0.490479,88,238,2.70454,232,2.63636,33,6,0.797153,0.775801,0.5909,104,0.13099,0.153354,41,20092010,29.27272,30.38636,18,,49,35,8
20092010,0.482398,82,258,3.14634,214,2.60975,37,11,0.786666,0.763334,0.4817,79,0.150326,0.16013,26,20092010,31.93902,30.40243,2,,34,20,8
20092010,0.498101,89,222,2.49438,229,2.57303,29,7,0.849002,0.837607,0.63483,113,0.129682,0.149855,39,20092010,30.1573,30.5955,27,,53,34,14
20092010,0.517354,94,259,2.75531,311,3.30851,34,5,0.820855,0.796792,0.6117,115,0.189333,0.210666,51,20092010,29.68085,30.76595,23,,55,46,4
20092010,0.481271,82,244,2.9756,230,2.80487,31,14,0.805555,0.774306,0.53658,88,0.161585,0.185975,30,20092010,31.20731,30.78048,25,,37,28,7
20092010,0.495678,105,283,2.69523,308,2.93333,44,6,0.851162,0.834884,0.55238,116,0.191943,0.215639,51,20092010,28.74285,30.80952,4,,55,46,4
20092010,0.483774,88,217,2.4659,246,2.79545,31,10,0.869281,0.85621,0.5909,104,0.156626,0.165662,43,20092010,31.56818,31.61363,7,,47,37,4
20092010,0.528674,95,228,2.4,232,2.4421,36,13,0.888198,0.869566,0.55263,105,0.164516,0.177419,36,20092010,30.05263,31.71578,6,,46,30,10
20092010,0.551203,97,250,2.57731,298,3.07216,27,11,0.86968,0.845745,0.66494,129,0.18421,0.207894,52,20092010,31.0,32.46391,28,,59,48,7
20092010,0.508326,82,263,3.20731,210,2.56097,38,14,0.760416,0.746528,0.45121,74,0.11746,0.139682,26,20092010,29.75609,32.57317,10,,30,21,4
20092010,0.491904,95,273,2.87368,291,3.06315,34,7,0.848648,0.827028,0.60526,115,0.161879,0.185378,46,20092010,28.37894,32.96842,5,,54,39,8
20092010,0.519731,89,247,2.77528,335,3.76404,19,13,0.806358,0.789018,0.71348,127,0.208092,0.231213,52,20092010,30.66292,33.53932,15,,57,45,5
20092010,0.509345,94,240,2.55319,266,2.82978,31,14,0.858006,0.833837,0.59574,112,0.18956,0.195054,43,20092010,29.78723,33.55319,17,,49,38,6
20092010,0.520137,104,265,2.54807,340,3.26923,28,8,0.895774,0.847888,0.6923,144,0.171122,0.187165,59,20092010,26.05769,33.63461,16,,68,50,9
20082009,0.485053,82,197,2.40243,214,2.60975,33,9,0.907216,0.876289,0.54268,89,0.182926,0.201219,35,20082009,30.70731,27.52439,30,,40,32,5
20082009,0.489804,86,238,2.76744,232,2.69767,35,10,0.861333,0.834667,0.53488,92,0.173333,0.194666,35,20082009,28.61627,27.93023,19,,41,31,6
20082009,0.448261,82,249,3.03658,205,2.5,39,7,0.784982,0.767919,0.4817,79,0.13372,0.145348,33,20082009,31.59756,28.07317,27,,36,32,3
20082009,0.478799,82,244,2.9756,228,2.78048,35,9,0.784023,0.775148,0.51829,85,0.146892,0.169491,32,20082009,32.53658,28.08536,22,,38,31,6
20082009,0.511517,82,279,3.40243,250,3.04878,41,6,0.795081,0.759563,0.46341,76,0.165266,0.193277,28,20082009,32.71951,28.12195,11,,35,24,7
20082009,0.519514,92,241,2.61956,273,2.96739,31,10,0.831753,0.815166,0.60869,112,0.179551,0.194513,48,20082009,29.32608,28.23913,23,,51,42,3
20082009,0.501504,82,269,3.28048,207,2.52439,40,18,0.790123,0.780247,0.40243,66,0.151603,0.177842,21,20082009,32.93902,28.51219,14,,24,19,3
20082009,0.478043,82,253,3.08536,190,2.31707,45,5,0.81132,0.798743,0.42073,69,0.132075,0.157232,23,20082009,28.9756,28.76829,21,,32,20,9
20082009,0.512105,86,241,2.80232,227,2.63953,35,10,0.834239,0.8125,0.53488,92,0.095522,0.131343,35,20082009,28.15116,28.8372,29,,41,30,6
20082009,0.478231,82,251,3.06097,224,2.7317,35,11,0.792048,0.785933,0.50609,83,0.14245,0.153846,30,20082009,28.09756,28.90243,25,,36,25,6
20082009,0.45664,82,274,3.34146,198,2.41463,47,9,0.831024,0.797784,0.37195,61,0.153125,0.16875,23,20082009,33.54878,28.92682,2,,26,20,3
20082009,0.522058,82,228,2.78048,207,2.52439,34,8,0.852071,0.825444,0.53658,88,0.132075,0.157232,34,20082009,29.40243,28.96341,18,,40,28,6
20082009,0.51985,82,226,2.75609,202,2.46341,37,11,0.839779,0.82873,0.4817,79,0.169444,0.191666,29,20082009,28.06097,29.06097,26,,34,26,5
20082009,0.518249,82,231,2.81707,213,2.59756,35,11,0.83815,0.815029,0.50609,83,0.179941,0.19469,32,20082009,28.5,29.32926,9,,36,29,4
20082009,0.478988,82,223,2.71951,231,2.81707,30,11,0.848874,0.826367,0.56707,93,0.136363,0.165584,38,20082009,34.67073,29.41463,13,,41,34,3
20082009,0.492753,95,267,2.81052,273,2.87368,39,7,0.811363,0.797728,0.55263,105,0.21727,0.239554,42,20082009,31.90526,29.78947,24,,49,36,7
20082009,0.489445,106,297,2.80188,337,3.17924,36,9,0.846867,0.828307,0.61792,131,0.146608,0.179431,55,20082009,29.99056,29.83018,5,,61,46,6
20082009,0.507874,86,257,2.98837,248,2.88372,34,11,0.84715,0.821244,0.54069,93,0.159685,0.188481,34,20082009,31.74418,29.90697,8,,41,30,7
20082009,0.480414,88,250,2.8409,276,3.13636,31,11,0.872941,0.832942,0.58522,103,0.213872,0.216763,42,20082009,32.5909,29.94318,4,,46,36,4
20082009,0.511006,93,212,2.27956,304,3.26881,23,10,0.852852,0.828829,0.69892,130,0.202247,0.224719,56,20082009,30.6344,30.2258,6,,60,53,4
20082009,0.474063,82,229,2.79268,242,2.95121,32,9,0.839285,0.818453,0.55487,91,0.19553,0.209497,33,20082009,31.40243,30.54878,7,,41,31,8
20082009,0.504748,89,231,2.5955,211,2.37078,34,9,0.89779,0.872929,0.56741,101,0.098143,0.137931,36,20082009,29.76404,31.73033,3,,46,33,10
20082009,0.501365,82,286,3.4878,244,2.9756,35,13,0.766233,0.746754,0.4939,81,0.166666,0.187878,28,20082009,30.25609,31.7439,10,,34,24,6
20082009,0.510729,88,267,3.03409,267,3.03409,34,6,0.841823,0.825738,0.57954,102,0.127659,0.167553,45,20082009,29.72727,32.03409,20,,48,42,3
20082009,0.483156,99,263,2.65656,314,3.17171,32,12,0.830379,0.802532,0.61616,122,0.190255,0.206496,51,20082009,28.81818,32.22222,16,,55,42,4
20082009,0.508377,100,273,2.73,278,2.78,40,7,0.844086,0.819893,0.565,113,0.154377,0.175115,50,20082009,29.98,32.45,12,,53,40,3
20082009,0.520993,96,278,2.89583,309,3.21875,31,8,0.825221,0.80531,0.63541,122,0.218508,0.246786,53,20082009,29.58333,32.75,15,,57,46,4
20082009,0.512,89,224,2.51685,253,2.84269,31,4,0.844192,0.810199,0.62921,112,0.170658,0.182634,48,20082009,29.82022,33.0337,1,,54,38,6
20082009,0.535837,88,217,2.4659,261,2.9659,22,11,0.866261,0.829788,0.6875,121,0.208333,0.236979,49,20082009,27.0909,33.52272,28,,55,44,6
20082009,0.547774,105,288,2.74285,365,3.47619,29,10,0.791457,0.77387,0.67619,142,0.24,0.251111,60,20082009,27.81904,36.19047,17,,66,55,6
20072008,0.517624,82,266,3.2439,207,2.52439,40,8,0.824858,0.788136,0.46341,76,0.132911,0.164556,25,20072008,33.92682,25.79268,11,,34,19,9
20072008,0.518438,82,232,2.82926,202,2.46341,36,13,0.852367,0.844012,0.4817,79,0.101796,0.140718,30,20072008,27.42682,26.10975,19,,33,29,3
20072008,0.50489,82,247,3.01219,220,2.68292,35,6,0.86612,0.846995,0.53658,88,0.136627,0.165697,26,20072008,31.37804,26.29268,22,,41,22,15
20072008,0.494938,100,245,2.45,282,2.82,38,7,0.881395,0.851163,0.585,117,0.157657,0.184684,50,20072008,26.49,26.76,25,,55,44,5
20072008,0.501211,88,204,2.31818,210,2.38636,31,8,0.840807,0.82287,0.60227,106,0.150649,0.168831,41,20072008,28.27272,27.03409,24,,49,37,8
20072008,0.486836,82,206,2.51219,207,2.52439,33,10,0.847826,0.826087,0.53658,88,0.151761,0.170731,33,20072008,28.86585,27.46341,23,,39,29,6
20072008,0.475353,88,227,2.57954,232,2.63636,32,10,0.861111,0.847223,0.57954,102,0.155988,0.186629,43,20072008,30.11363,27.47727,30,,46,35,3
20072008,0.492878,89,243,2.73033,243,2.73033,34,10,0.835714,0.814286,0.56179,100,0.152406,0.173796,42,20072008,28.80898,27.84269,20,,45,39,3
20072008,0.523435,82,231,2.81707,234,2.85365,34,8,0.864935,0.82078,0.53658,88,0.142465,0.158904,35,20072008,28.60975,28.02439,16,,40,31,5
20072008,0.463236,102,255,2.5,301,2.95098,33,8,0.837104,0.821267,0.63725,130,0.182978,0.20851,54,20072008,30.73529,28.06862,5,,61,51,7
20072008,0.491707,89,234,2.62921,221,2.48314,33,12,0.824657,0.797261,0.56179,100,0.151862,0.169054,38,20072008,30.55056,28.52808,6,,44,34,6
20072008,0.478873,92,249,2.70652,250,2.71739,37,7,0.817391,0.808696,0.55978,103,0.130548,0.154046,41,20072008,28.13043,28.6413,21,,48,36,7
20072008,0.478232,82,263,3.20731,226,2.75609,43,7,0.815533,0.779936,0.43292,71,0.163487,0.174386,27,20072008,32.01219,28.64634,26,,32,25,5
20072008,0.497385,82,266,3.2439,221,2.69512,42,9,0.842948,0.820513,0.43292,71,0.168918,0.192567,29,20072008,28.19512,28.70731,14,,31,27,2
20072008,0.505228,87,212,2.43678,210,2.41379,33,7,0.8429,0.824774,0.58045,101,0.136627,0.159883,39,20072008,27.66666,28.80459,1,,47,31,8
20072008,0.496052,99,281,2.83838,297,3.0,37,11,0.853131,0.820735,0.5707,113,0.201327,0.219026,48,20072008,31.82828,28.96969,4,,51,43,3
20072008,0.522678,82,210,2.56097,190,2.31707,36,12,0.854497,0.833334,0.4878,80,0.134831,0.148876,31,20072008,27.42682,29.03658,29,,34,29,3
20072008,0.502921,88,241,2.73863,239,2.7159,36,9,0.875346,0.855956,0.53977,95,0.115485,0.144356,40,20072008,30.47727,29.19318,18,,43,35,3
20072008,0.491872,94,251,2.67021,290,3.0851,32,10,0.84974,0.826425,0.60638,114,0.216783,0.228438,47,20072008,31.0851,29.5851,8,,52,40,5
20072008,0.510504,82,240,2.92682,189,2.30487,38,9,0.845333,0.818667,0.4817,79,0.1,0.145454,30,20072008,30.34146,29.69512,2,,35,25,5
20072008,0.514376,95,219,2.30526,246,2.58947,30,10,0.870056,0.844633,0.63157,120,0.160465,0.181395,49,20072008,24.36842,29.92631,28,,55,45,6
20072008,0.517457,86,258,3.0,263,3.05813,35,8,0.851116,0.806452,0.54651,94,0.16129,0.178885,40,20072008,30.43023,30.03488,9,,43,37,3
20072008,0.48644,82,233,2.84146,251,3.06097,31,12,0.858858,0.831832,0.54878,90,0.158469,0.180327,35,20072008,28.36585,30.21951,7,,39,30,4
20072008,0.486263,82,225,2.7439,209,2.54878,37,7,0.840361,0.807229,0.50609,83,0.150442,0.18584,33,20072008,30.70731,30.4878,27,,38,29,5
20072008,0.509732,89,250,2.80898,258,2.89887,35,8,0.815584,0.802598,0.56179,100,0.170603,0.191601,42,20072008,28.11235,30.96629,15,,46,35,4
20072008,0.498066,82,256,3.12195,228,2.78048,35,11,0.792613,0.78125,0.50609,83,0.148688,0.177842,33,20072008,29.30487,31.0,10,,36,28,3
20072008,0.487954,82,220,2.68292,211,2.57317,35,9,0.834224,0.82353,0.51829,85,0.182108,0.191693,33,20072008,33.57317,31.08536,13,,38,29,5
20072008,0.521104,92,217,2.35869,236,2.56521,32,13,0.851662,0.838875,0.58152,107,0.150485,0.165048,39,20072008,26.21739,31.23913,3,,47,35,8
20072008,0.494021,82,246,3.0,250,3.04878,33,6,0.8,0.788733,0.56097,92,0.157142,0.188095,41,20072008,28.87804,32.54878,12,,43,36,2
20072008,0.535531,104,220,2.11538,324,3.11538,27,7,0.868131,0.843957,0.70673,147,0.189134,0.203219,65,20072008,23.55769,34.83653,17,,70,62,5
20062007,0.51481,82,245,2.9878,192,2.34146,43,7,0.861256,0.84555,0.43292,71,0.131367,0.142091,29,20062007,29.7439,26.7439,22,,32,28,3
20062007,0.478003,82,251,3.06097,195,2.37804,42,9,0.853273,0.826186,0.43292,71,0.101648,0.118131,25,20062007,29.36585,26.84146,16,,31,22,6
20062007,0.511427,82,248,3.02439,208,2.53658,35,13,0.816425,0.799517,0.4939,81,0.094488,0.120734,28,20062007,28.89024,26.85365,19,,34,24,6
20062007,0.481582,88,239,2.7159,265,3.01136,33,10,0.845132,0.809735,0.56818,100,0.165517,0.181609,42,20062007,31.32954,26.94318,20,,45,40,3
20062007,0.501455,87,223,2.56321,280,3.21839,27,8,0.884892,0.86331,0.64367,112,0.167441,0.172093,46,20062007,31.31034,27.52873,18,,52,43,6
20062007,0.501509,82,244,2.9756,196,2.39024,42,7,0.825607,0.812363,0.44512,73,0.12557,0.148401,28,20062007,28.59756,27.71951,29,,33,24,5
20062007,0.498228,82,275,3.35365,234,2.85365,40,14,0.830917,0.801933,0.42682,70,0.129901,0.164215,27,20062007,33.34146,27.9878,15,,28,23,1
20062007,0.527103,82,282,3.43902,211,2.57317,46,5,0.795294,0.78353,0.40853,67,0.1325,0.165,26,20062007,30.12195,28.29268,27,,31,24,5
20062007,0.469287,87,258,2.96551,277,3.1839,28,11,0.848758,0.817156,0.61494,107,0.173116,0.199592,38,20062007,30.81609,28.45977,5,,48,32,10
20062007,0.504251,89,206,2.3146,229,2.57303,29,7,0.857831,0.850603,0.63483,113,0.164882,0.17773,44,20062007,26.0,28.49438,25,,53,37,9
20062007,0.508891,93,224,2.4086,281,3.0215,31,5,0.851458,0.832892,0.63978,119,0.192719,0.205567,55,20062007,26.59139,28.52688,28,,57,53,2
20062007,0.491014,93,222,2.38709,236,2.53763,30,9,0.861198,0.848581,0.62903,117,0.148681,0.179856,44,20062007,28.65591,28.72043,1,,54,39,10
20062007,0.470673,82,297,3.62195,213,2.59756,48,12,0.880952,0.845239,0.34146,56,0.103723,0.140957,21,20062007,32.59756,28.79268,4,,22,18,1
20062007,0.483326,82,285,3.4756,210,2.56097,41,6,0.834841,0.816743,0.46341,76,0.12864,0.17233,26,20062007,33.51219,28.90243,6,,35,22,9
20062007,0.488999,88,278,3.15909,257,2.92045,37,5,0.825825,0.780781,0.55113,97,0.155,0.1825,36,20062007,27.30681,29.38636,14,,46,31,10
20062007,0.526806,86,258,3.0,245,2.84883,32,11,0.819277,0.797591,0.56395,97,0.136792,0.160377,36,20062007,31.68604,29.5,11,,43,29,7
20062007,0.510767,98,277,2.82653,342,3.48979,29,7,0.830802,0.81345,0.66836,131,0.137373,0.165656,52,20062007,30.93877,29.54081,7,,62,46,10
20062007,0.495071,82,251,3.06097,239,2.91463,34,6,0.875894,0.835323,0.54878,90,0.21164,0.227513,36,20062007,32.7439,29.58536,8,,42,34,6
20062007,0.478677,87,196,2.25287,234,2.68965,30,8,0.880886,0.853186,0.60919,106,0.159705,0.181818,39,20062007,28.81609,29.5977,30,,49,32,10
20062007,0.489142,94,223,2.37234,238,2.53191,33,7,0.882812,0.873047,0.6117,115,0.13924,0.156118,49,20062007,30.17021,29.69148,23,,54,34,5
20062007,0.517101,87,252,2.89655,251,2.88505,34,12,0.833698,0.818381,0.54022,94,0.152588,0.177111,33,20062007,32.57471,29.80459,2,,41,31,8
20062007,0.477291,82,277,3.37804,223,2.71951,41,14,0.793187,0.778589,0.41463,68,0.169683,0.183257,23,20062007,29.75609,31.0,26,,27,21,4
20062007,0.5233,82,248,3.02439,241,2.93902,34,8,0.875949,0.84557,0.53658,88,0.131991,0.149888,40,20062007,28.4878,31.20731,12,,40,34,0
20062007,0.515701,103,243,2.35922,312,3.02912,25,14,0.86629,0.854991,0.68932,142,0.194831,0.208747,60,20062007,27.4466,31.28155,24,,64,51,4
20062007,0.504572,102,263,2.57843,345,3.38235,32,9,0.892494,0.851927,0.64215,131,0.156626,0.180722,59,20062007,29.2549,31.60784,9,,61,55,2
20062007,0.486334,82,247,3.01219,267,3.25609,31,7,0.821529,0.8017,0.57926,95,0.187165,0.211229,39,20062007,29.0,31.7439,21,,44,36,5
20062007,0.498954,92,234,2.54347,263,2.85869,34,10,0.867256,0.842921,0.57608,106,0.17826,0.191304,39,20062007,28.48913,31.83695,3,,48,35,9
20062007,0.519249,82,262,3.19512,254,3.09756,31,11,0.791866,0.784689,0.55487,91,0.149625,0.177057,36,20062007,28.41463,32.69512,10,,40,32,4
20062007,0.47861,82,249,3.03658,245,2.9878,31,16,0.835214,0.823928,0.52439,86,0.163204,0.181008,33,20062007,29.29268,33.29268,13,,35,30,2
20062007,0.535451,100,226,2.26,300,3.0,27,13,0.881763,0.8497,0.665,133,0.147704,0.173652,58,20062007,24.65,33.95,17,,60,53,2
20052006,0.483231,82,212,2.58536,226,2.75609,36,8,0.899082,0.873854,0.51219,84,0.154525,0.169977,33,20052006,30.0,26.75609,30,,38,32,5
20052006,0.494138,82,276,3.36585,215,2.62195,43,4,0.837476,0.818356,0.45121,74,0.124168,0.141906,27,20052006,33.68292,27.43902,29,,35,21,8
20052006,0.503979,89,210,2.35955,232,2.60674,29,11,0.862318,0.844203,0.61235,109,0.163147,0.178502,47,20052006,27.68539,27.82022,20,,49,44,2
20052006,0.459301,82,310,3.78048,243,2.96341,46,14,0.812382,0.787993,0.35365,58,0.157575,0.189898,21,20052006,33.20731,28.01219,5,,22,17,1
20052006,0.491943,82,268,3.26829,242,2.95121,39,5,0.82651,0.808967,0.4939,81,0.157116,0.177449,34,20052006,30.2439,28.26829,27,,38,28,4
20052006,0.516212,82,263,3.20731,254,3.09756,33,8,0.828629,0.800404,0.54878,90,0.18962,0.213572,38,20052006,30.59756,28.32926,10,,41,31,3
20052006,0.506586,82,284,3.46341,193,2.35365,46,15,0.83514,0.822126,0.34756,57,0.130859,0.146484,17,20052006,30.60975,28.4756,19,,21,14,4
20052006,0.505984,87,235,2.70114,268,3.08045,27,6,0.857142,0.836467,0.65517,114,0.16068,0.175803,42,20052006,25.68965,28.64367,25,,54,39,12
20052006,0.481361,82,251,3.06097,252,3.07317,32,8,0.830078,0.81836,0.56097,92,0.163498,0.182509,38,20052006,30.07317,28.75609,23,,42,34,4
20052006,0.491733,91,246,2.70329,260,2.85714,31,9,0.829516,0.811705,0.60989,111,0.167002,0.179074,42,20052006,29.31868,28.83516,1,,51,38,9
20052006,0.541165,87,241,2.77011,263,3.02298,29,8,0.863157,0.840351,0.62068,108,0.159926,0.183823,44,20052006,32.56321,28.93103,18,,50,41,6
20052006,0.4987,82,269,3.28048,243,2.96341,35,5,0.817995,0.787322,0.54268,89,0.120147,0.142329,36,20052006,29.9878,29.19512,26,,42,32,6
20052006,0.530757,106,303,2.85849,319,3.00943,37,13,0.874213,0.845912,0.58962,125,0.169329,0.178913,49,20052006,26.93396,29.21698,22,,56,40,7
20052006,0.475772,86,228,2.65116,254,2.95348,30,12,0.838206,0.83041,0.58139,100,0.158351,0.184381,37,20052006,28.6279,29.79069,3,,44,33,7
20052006,0.504057,82,300,3.65853,230,2.80487,41,12,0.816363,0.789091,0.42682,70,0.110204,0.146938,22,20052006,35.12195,29.81707,15,,29,20,7
20052006,0.483692,91,282,3.0989,302,3.31868,35,9,0.873239,0.847083,0.56593,103,0.154285,0.179047,44,20052006,29.81318,29.90109,21,,47,38,3
20052006,0.496416,88,259,2.94318,258,2.93181,35,9,0.829745,0.810177,0.55113,97,0.181632,0.193877,42,20052006,30.89772,29.9659,8,,44,34,2
20052006,0.493,100,283,2.83,336,3.36,31,6,0.887005,0.858758,0.66,132,0.170138,0.203125,58,20052006,30.25,30.15,7,,63,47,5
20052006,0.488624,82,279,3.40243,209,2.54878,43,13,0.850091,0.839123,0.39634,65,0.093525,0.122302,24,20052006,29.4756,30.2439,16,,26,17,2
20052006,0.486665,82,275,3.35365,221,2.69512,40,6,0.802521,0.792017,0.4756,78,0.135555,0.168888,27,20052006,31.08536,30.25609,2,,36,24,9
20052006,0.474107,93,264,2.8387,294,3.16129,32,11,0.828633,0.806942,0.59677,111,0.155594,0.178321,49,20052006,26.82795,30.41935,28,,50,40,1
20052006,0.515954,107,318,2.97196,359,3.35514,31,8,0.859106,0.826461,0.67289,144,0.168181,0.190909,60,20052006,29.63551,30.59813,12,,68,52,8
20052006,0.52039,82,258,3.14634,228,2.78048,37,16,0.855949,0.837161,0.45121,74,0.124401,0.148325,27,20052006,32.10975,30.62195,6,,29,23,2
20052006,0.500773,82,270,3.29268,276,3.36585,33,8,0.818737,0.792261,0.54878,90,0.170454,0.189393,36,20052006,30.28048,30.75609,11,,41,31,5
20052006,0.495296,88,280,3.18181,277,3.14772,30,11,0.833992,0.794467,0.59659,105,0.158562,0.175475,43,20052006,29.28409,30.81818,4,,47,36,4
20052006,0.501739,98,258,2.63265,297,3.03061,34,12,0.859735,0.843235,0.59183,116,0.139175,0.168384,49,20052006,29.08163,31.7653,24,,52,44,3
20052006,0.499434,87,279,3.20689,259,2.97701,37,6,0.833333,0.806764,0.54022,94,0.141472,0.164728,38,20052006,27.77011,31.7816,14,,44,32,6
20052006,0.507008,82,252,3.07317,236,2.87804,34,11,0.832684,0.822958,0.51829,85,0.124087,0.153284,33,20052006,34.79268,33.21951,13,,37,25,4
20052006,0.505368,92,234,2.54347,348,3.7826,26,9,0.898305,0.849341,0.66847,123,0.186813,0.212454,55,20052006,28.61956,34.08695,9,,57,53,2
20052006,0.528945,88,225,2.55681,318,3.61363,20,8,0.863453,0.849398,0.72727,128,0.1996,0.21956,56,20052006,26.54545,34.47727,17,,60,52,4
20032004,0.489819,82,253,3.08536,186,2.26829,46,3,0.822942,0.812968,0.35975,59,0.176646,0.191616,23,20032004,31.53658,23.7317,15,10,23,22,0
20032004,0.466604,82,183,2.2317,188,2.29268,29,3,0.869257,0.844523,0.50609,83,0.115384,0.136094,30,20032004,29.06097,24.17073,30,20,30,29,0
20032004,0.472242,82,303,3.69512,190,2.31707,47,4,0.791327,0.772358,0.35365,58,0.138888,0.180555,23,20032004,33.17073,24.7439,5,8,23,16,0
20032004,0.467411,82,243,2.96341,214,2.60975,37,4,0.879795,0.851663,0.4756,78,0.129584,0.146699,33,20032004,29.40243,26.10975,11,8,33,27,0
20032004,0.48922,82,245,2.9878,188,2.29268,36,6,0.844221,0.821609,0.41463,68,0.120111,0.142458,22,20032004,30.56097,26.4756,27,18,22,17,0
20032004,0.482403,88,229,2.60227,225,2.55681,33,4,0.865789,0.826316,0.53977,95,0.140659,0.160439,40,20032004,28.77272,26.76136,18,11,40,33,0
20032004,0.519781,95,232,2.4421,269,2.83157,31,3,0.86036,0.842343,0.60526,115,0.166666,0.1875,51,20032004,26.91578,26.98947,10,10,51,47,0
20032004,0.500628,87,210,2.41379,200,2.29885,34,2,0.8725,0.85,0.53448,93,0.137741,0.170798,40,20032004,25.51724,27.02298,19,11,40,29,0
20032004,0.511799,87,194,2.22988,204,2.34482,30,2,0.864457,0.849398,0.56896,99,0.122857,0.16,42,20032004,23.24137,27.03448,25,13,42,38,0
20032004,0.500797,108,229,2.12037,260,2.4074,41,3,0.87152,0.841542,0.57407,124,0.144086,0.148387,57,20032004,25.97222,27.27777,20,7,57,49,0
20032004,0.480285,99,215,2.17171,257,2.59595,28,6,0.890025,0.864451,0.62626,124,0.131578,0.160287,53,20032004,28.64646,27.42424,28,12,53,49,0
20032004,0.460737,82,221,2.69512,188,2.29268,35,4,0.882352,0.863637,0.45731,75,0.129032,0.167741,28,20032004,34.4878,27.71951,13,15,28,23,0
20032004,0.477974,82,238,2.90243,177,2.15853,45,4,0.866468,0.851633,0.37804,62,0.109725,0.144638,25,20032004,31.9878,27.80487,29,8,25,19,0
20032004,0.518486,93,220,2.36559,232,2.49462,37,4,0.845505,0.831461,0.54301,101,0.147632,0.16713,45,20032004,28.86021,27.84946,8,7,45,40,0
20032004,0.502491,82,221,2.69512,220,2.68292,34,4,0.867816,0.847702,0.51829,85,0.133514,0.158038,37,20032004,28.53658,28.06097,7,7,37,35,0
20032004,0.508957,82,208,2.53658,221,2.69512,29,5,0.848137,0.810889,0.54268,89,0.106508,0.130177,36,20032004,26.52439,28.43902,22,12,36,30,0
20032004,0.494175,87,222,2.55172,242,2.7816,33,4,0.887434,0.858639,0.53448,93,0.147492,0.165191,39,20032004,27.1839,28.54022,2,11,39,37,0
20032004,0.510926,82,217,2.64634,205,2.5,29,9,0.833333,0.806548,0.4939,81,0.129213,0.140449,28,20032004,26.9878,28.64634,26,16,28,26,0
20032004,0.504346,100,229,2.29,279,2.79,28,6,0.852028,0.828163,0.615,123,0.186666,0.194666,51,20032004,26.0,28.93,4,15,51,47,0
20032004,0.505594,93,222,2.38709,262,2.8172,27,7,0.856435,0.834159,0.60215,112,0.167883,0.201946,46,20032004,28.25806,28.98924,21,13,46,35,0
20032004,0.512286,89,213,2.39325,251,2.82022,28,5,0.871536,0.858943,0.60112,107,0.133171,0.154963,46,20032004,26.82022,29.04494,23,10,46,34,0
20032004,0.496824,105,235,2.23809,305,2.90476,29,6,0.898305,0.850283,0.65714,138,0.157175,0.17312,62,20032004,25.7238,29.1619,14,8,62,55,0
20032004,0.548616,82,209,2.54878,172,2.09756,34,6,0.841225,0.816156,0.46341,76,0.083333,0.10677,28,20032004,26.21951,29.19512,12,14,28,23,0
20032004,0.493585,82,259,3.15853,188,2.29268,43,8,0.847769,0.834646,0.35975,59,0.117478,0.157593,20,20032004,30.7439,29.28048,16,11,20,16,0
20032004,0.513529,82,250,3.04878,206,2.51219,40,8,0.809278,0.793815,0.42073,69,0.118012,0.142857,27,20032004,29.21951,29.46341,3,7,27,24,0
20032004,0.553379,82,213,2.59756,184,2.2439,35,8,0.861189,0.847026,0.46341,76,0.167741,0.180645,29,20032004,29.79268,29.7317,24,10,29,25,0
20032004,0.491668,87,178,2.04597,222,2.55172,29,2,0.8741,0.845324,0.5862,102,0.148484,0.163636,44,20032004,24.54022,29.74712,1,12,44,37,0
20032004,0.472783,89,203,2.28089,273,3.06741,27,6,0.854881,0.839051,0.60674,108,0.184729,0.204433,46,20032004,24.65168,29.8764,9,10,46,42,0
20032004,0.532363,94,209,2.2234,279,2.96808,27,2,0.923705,0.880109,0.64361,121,0.169398,0.185792,54,20032004,25.87234,30.52127,17,11,54,47,0
20032004,0.518226,89,207,2.32584,223,2.50561,23,7,0.860273,0.841096,0.61797,110,0.113846,0.153846,44,20032004,28.01123,30.61797,6,15,44,34,0
20022003,0.465455,100,221,2.21,241,2.41,39,1,0.881401,0.851753,0.555,111,0.136674,0.154897,50,20022003,28.45,25.35,30,10,50,40,0
20022003,0.494517,82,255,3.10975,189,2.30487,44,5,0.84375,0.835228,0.39634,65,0.155555,0.183333,27,20022003,30.91463,25.35365,5,6,27,24,0
20022003,0.526745,82,234,2.85365,206,2.51219,35,9,0.823343,0.817035,0.46951,77,0.120634,0.139682,30,20022003,32.65853,25.84146,8,8,30,28,0
20022003,0.486103,82,263,3.20731,213,2.59756,42,3,0.88264,0.853301,0.42073,69,0.151219,0.17317,29,20022003,32.20731,26.13414,29,8,29,25,0
20022003,0.507482,89,232,2.60674,252,2.83146,32,3,0.895424,0.867103,0.58426,104,0.151041,0.171875,47,20022003,30.39325,26.3146,10,7,47,38,0
20022003,0.459307,82,284,3.46341,226,2.75609,39,5,0.839436,0.816902,0.45121,74,0.13477,0.172506,31,20022003,31.62195,26.37804,11,7,31,24,0
20022003,0.461734,82,237,2.89024,176,2.14634,36,9,0.834269,0.814607,0.42682,70,0.115273,0.14121,24,20022003,33.2317,27.18292,13,13,24,20,0
20022003,0.495469,88,234,2.65909,239,2.7159,33,6,0.834549,0.815086,0.54545,96,0.159217,0.173184,41,20022003,30.06818,27.29545,15,8,41,35,0
20022003,0.551386,103,233,2.26213,248,2.40776,33,6,0.900744,0.87345,0.60679,125,0.138755,0.15311,55,20022003,29.91262,27.30097,24,9,55,42,0
20022003,0.510723,88,250,2.8409,242,2.75,30,9,0.861538,0.825642,0.54545,96,0.119804,0.139364,38,20022003,27.52272,27.57954,22,11,38,31,0
20022003,0.490404,82,221,2.69512,203,2.4756,37,6,0.854838,0.833334,0.4756,78,0.135211,0.146478,33,20022003,26.10975,27.70731,26,6,33,27,0
20022003,0.500562,82,226,2.75609,207,2.52439,33,6,0.869918,0.848239,0.4817,79,0.100649,0.126623,30,20022003,28.59756,27.79268,16,13,30,26,0
20022003,0.465718,82,230,2.80487,204,2.4878,35,5,0.822815,0.813107,0.4756,78,0.114285,0.142857,31,20022003,29.9756,28.01219,27,11,31,27,0
20022003,0.484969,89,239,2.68539,274,3.07865,28,6,0.84633,0.821101,0.58988,105,0.186788,0.205011,44,20022003,25.05617,28.07865,19,11,44,38,0
20022003,0.503018,82,239,2.91463,214,2.60975,37,8,0.824022,0.810056,0.44512,73,0.154666,0.181333,28,20022003,29.17073,28.08536,28,9,28,26,0
20022003,0.484612,82,206,2.51219,183,2.2317,35,7,0.832861,0.827196,0.45121,74,0.119617,0.138755,27,20022003,27.46341,28.2439,18,13,27,22,0
20022003,0.539199,82,228,2.78048,186,2.26829,36,4,0.845758,0.832905,0.45731,75,0.095115,0.120822,29,20022003,27.09756,28.54878,20,13,29,23,0
20022003,0.501124,82,219,2.67073,190,2.31707,37,8,0.876033,0.853995,0.43902,72,0.112994,0.144067,27,20022003,28.01219,28.59756,7,10,27,24,0
20022003,0.505819,96,255,2.65625,298,3.10416,30,1,0.858369,0.828327,0.61458,118,0.180527,0.202839,52,20022003,26.375,28.83333,23,13,52,45,0
20022003,0.483854,89,210,2.35955,268,3.01123,23,8,0.832474,0.819588,0.62359,111,0.167095,0.185089,45,20022003,28.08988,29.11235,21,13,45,38,0
20022003,0.497462,93,239,2.56989,241,2.59139,31,5,0.844011,0.821728,0.55376,103,0.163551,0.175233,41,20022003,28.45161,29.29032,14,16,41,37,0
20022003,0.473772,100,216,2.16,306,3.06,28,1,0.879012,0.861729,0.675,135,0.182203,0.201271,63,20022003,24.82,29.36,9,8,63,52,0
20022003,0.529444,82,240,2.92682,171,2.08536,43,6,0.834183,0.818878,0.37195,61,0.116666,0.138095,22,20022003,28.43902,29.43902,12,11,22,20,0
20022003,0.512475,87,244,2.80459,231,2.65517,38,2,0.863741,0.836028,0.4885,85,0.134939,0.146987,36,20022003,28.22988,29.45977,2,11,36,31,0
20022003,0.533183,82,231,2.81707,210,2.56097,36,4,0.832474,0.811856,0.4756,78,0.138643,0.162241,32,20022003,29.58536,30.06097,3,10,32,26,0
20022003,0.499263,94,194,2.06382,279,2.96808,23,4,0.886363,0.861112,0.65425,123,0.166233,0.187012,52,20022003,25.35106,30.29787,25,15,52,47,0
20022003,0.523434,86,213,2.47674,275,3.19767,24,4,0.887468,0.859336,0.63953,110,0.222222,0.234234,48,20022003,28.84883,30.37209,17,10,48,41,0
20022003,0.497813,106,207,1.95283,279,2.63207,28,6,0.905325,0.881657,0.66037,140,0.111111,0.126614,62,20022003,24.17924,31.00943,1,10,62,52,0
20022003,0.520212,95,199,2.09473,245,2.57894,27,4,0.871134,0.847939,0.62631,119,0.10582,0.137566,51,20022003,24.97894,31.08421,4,13,51,44,0
20022003,0.496803,87,250,2.87356,253,2.90804,35,4,0.853904,0.828716,0.51149,89,0.148688,0.180758,37,20022003,28.25287,31.90804,6,11,37,31,0
20012002,0.485202,82,238,2.90243,195,2.37804,35,9,0.859116,0.82873,0.44512,73,0.123324,0.147453,26,20012002,28.01219,23.82926,30,12,26,26,0
20012002,0.463378,82,288,3.51219,187,2.28048,47,5,0.826815,0.818436,0.32926,54,0.081699,0.120915,19,20012002,35.5,24.19512,11,11,19,16,0
20012002,0.469558,82,230,2.80487,196,2.39024,41,0,0.875706,0.858758,0.42073,69,0.118694,0.142433,28,20012002,28.21951,24.62195,18,13,28,23,0
20012002,0.50047,82,255,3.10975,164,2.0,47,5,0.839869,0.830066,0.34756,57,0.117977,0.140449,22,20012002,30.10975,24.95121,29,8,22,20,0
20012002,0.524557,94,248,2.63829,239,2.54255,37,3,0.870769,0.849231,0.52659,99,0.137535,0.154727,42,20012002,32.23404,25.30851,8,12,42,39,0
20012002,0.511309,89,206,2.3146,227,2.55056,31,4,0.882653,0.869898,0.56741,101,0.183783,0.2,43,20012002,25.3146,25.68539,26,11,43,39,0
20012002,0.509796,82,198,2.41463,175,2.13414,42,3,0.872727,0.860607,0.42073,69,0.091152,0.115281,29,20012002,27.4756,26.12195,24,8,29,26,0
20012002,0.470392,82,219,2.67073,178,2.17073,40,4,0.875457,0.85348,0.42073,69,0.118589,0.147435,27,20012002,30.76829,26.57317,14,11,27,23,0
20012002,0.483291,87,223,2.56321,235,2.70114,31,6,0.859007,0.838121,0.55747,97,0.131506,0.147945,41,20012002,28.52873,26.5862,27,9,41,37,0
20012002,0.461063,82,250,3.04878,180,2.19512,44,6,0.826972,0.806616,0.36585,60,0.126099,0.146627,22,20012002,32.51219,26.89024,13,10,22,22,0
20012002,0.525423,82,220,2.68292,201,2.45121,35,3,0.842696,0.814607,0.4817,79,0.137362,0.151098,32,20012002,27.34146,26.91463,20,12,32,30,0
20012002,0.471006,82,249,3.03658,198,2.41463,41,5,0.852272,0.838069,0.42073,69,0.110447,0.140298,28,20012002,29.19512,27.01219,5,8,28,21,0
20012002,0.491444,94,231,2.45744,282,3.0,32,3,0.897435,0.862471,0.60106,113,0.13669,0.151079,51,20012002,28.29787,27.13829,28,8,51,49,0
20012002,0.50873,103,225,2.18446,266,2.58252,38,1,0.885941,0.867375,0.58737,121,0.149643,0.171021,56,20012002,26.85436,27.31067,21,8,56,49,0
20012002,0.478868,87,220,2.52873,221,2.54022,31,1,0.822222,0.811112,0.56321,98,0.163009,0.172413,42,20012002,25.47126,27.49425,16,13,42,39,0
20012002,0.503818,82,182,2.21951,205,2.5,28,4,0.890804,0.856322,0.56097,92,0.132132,0.153153,38,20012002,25.85365,27.51219,22,12,38,35,0
20012002,0.533308,82,240,2.92682,228,2.78048,33,2,0.827692,0.821539,0.51829,85,0.167224,0.193979,36,20012002,28.7439,27.96341,15,11,36,30,0
20012002,0.473847,82,200,2.43902,213,2.59756,35,1,0.888157,0.865132,0.5,82,0.117333,0.133333,35,20012002,25.85365,27.9878,7,11,35,31,0
20012002,0.503542,88,233,2.64772,270,3.06818,34,3,0.851485,0.84406,0.55681,98,0.152882,0.182957,44,20012002,25.55681,28.10227,23,7,44,39,0
20012002,0.515321,89,242,2.7191,260,2.92134,32,4,0.9022,0.860636,0.57303,102,0.149625,0.174563,45,20012002,28.08988,28.28089,2,8,45,39,0
20012002,0.528005,82,213,2.59756,215,2.62195,28,5,0.83699,0.815048,0.54878,90,0.148571,0.171428,36,20012002,26.03658,28.4756,25,13,36,33,0
20012002,0.555805,105,260,2.47619,264,2.51428,36,5,0.850467,0.838786,0.55714,117,0.133603,0.159919,48,20012002,27.39047,28.49523,12,16,48,35,0
20012002,0.517926,102,256,2.5098,293,2.87254,35,4,0.8548,0.833724,0.58823,120,0.138952,0.152619,53,20012002,25.55882,28.5,10,10,53,49,0
20012002,0.499083,92,207,2.25,251,2.72826,32,4,0.871733,0.855107,0.58695,108,0.157107,0.177057,48,20012002,22.82608,28.79347,19,8,48,42,0
20012002,0.507021,82,258,3.14634,227,2.76829,38,4,0.819095,0.798995,0.4878,80,0.131901,0.147239,36,20012002,31.92682,29.17073,3,4,36,31,0
20012002,0.501843,87,203,2.33333,236,2.71264,31,3,0.886435,0.861199,0.56896,99,0.094936,0.126582,43,20012002,26.24137,29.64367,4,10,43,39,0
20012002,0.492693,94,226,2.40425,272,2.89361,32,7,0.876436,0.844828,0.57446,108,0.152849,0.165803,46,20012002,26.14893,29.98936,9,9,46,42,0
20012002,0.491558,88,196,2.22727,216,2.45454,32,4,0.846153,0.835665,0.5625,99,0.145328,0.17301,43,20012002,23.23863,30.02272,1,9,43,37,0
20012002,0.515371,105,234,2.22857,323,3.07619,24,4,0.897091,0.861298,0.70476,148,0.181222,0.200873,67,20012002,25.94285,30.71428,17,10,67,55,0
20012002,0.477981,88,221,2.51136,254,2.88636,28,9,0.906914,0.864362,0.59659,105,0.128712,0.145214,45,20012002,24.98863,31.90909,6,6,45,36,0
20002001,0.468629,82,280,3.41463,201,2.45121,47,5,0.85071,0.829384,0.35975,59,0.099056,0.125,24,20002001,31.18292,24.56097,14,6,24,22,0
20002001,0.480765,82,210,2.56097,168,2.04878,39,5,0.882037,0.847185,0.41463,68,0.058823,0.096256,25,20002001,28.13414,24.63414,30,13,25,21,0
20002001,0.498201,82,212,2.58536,214,2.60975,27,3,0.872685,0.851852,0.54878,90,0.148688,0.16618,35,20002001,29.63414,25.06097,27,17,35,32,0
20002001,0.50487,82,233,2.84146,190,2.31707,39,6,0.815426,0.807163,0.43292,71,0.125984,0.146981,28,20002001,30.18292,25.39024,29,9,28,25,0
20002001,0.483333,82,245,2.9878,188,2.29268,41,5,0.833333,0.817949,0.40243,66,0.142091,0.176943,25,20002001,29.4756,25.89024,24,11,25,21,0
20002001,0.510743,92,213,2.31521,263,2.85869,30,2,0.880597,0.863185,0.61956,114,0.168292,0.187804,52,20002001,25.22826,26.08695,25,8,52,43,0
20002001,0.511194,88,238,2.70454,256,2.90909,32,3,0.870098,0.838236,0.55113,97,0.13986,0.149184,41,20002001,26.44318,26.10227,22,12,41,35,0
20002001,0.494917,82,232,2.82926,206,2.51219,40,6,0.836795,0.821959,0.42682,70,0.154394,0.16152,28,20002001,28.01219,26.19512,8,8,28,26,0
20002001,0.49907,82,246,3.0,210,2.56097,40,5,0.885448,0.83901,0.43292,71,0.091194,0.12893,29,20002001,26.70731,26.34146,16,8,29,27,0
20002001,0.48522,82,246,3.0,200,2.43902,38,9,0.859296,0.839196,0.40243,66,0.093484,0.130311,22,20002001,31.20731,26.46341,13,13,22,20,0
20002001,0.549752,88,245,2.78409,220,2.5,36,3,0.890666,0.874667,0.52272,92,0.141119,0.182481,40,20002001,27.35227,26.48863,12,9,40,33,0
20002001,0.484068,82,200,2.43902,186,2.26829,36,3,0.873111,0.851964,0.4878,80,0.130193,0.141274,34,20002001,28.62195,26.60975,18,9,34,29,0
20002001,0.50556,95,214,2.25263,256,2.69473,36,1,0.894179,0.873016,0.58947,112,0.150943,0.165094,53,20002001,26.76842,27.0421,7,5,53,46,0
20002001,0.523903,93,231,2.48387,260,2.79569,33,5,0.859903,0.852658,0.55913,104,0.14467,0.167512,44,20002001,27.66666,27.12903,10,11,44,39,0
20002001,0.515558,82,236,2.87804,197,2.40243,36,4,0.806878,0.798942,0.44512,73,0.124137,0.149425,27,20002001,27.12195,27.19512,20,15,27,24,0
20002001,0.487189,82,268,3.26829,185,2.25609,51,3,0.842696,0.822472,0.31707,52,0.095854,0.132124,21,20002001,29.0,27.52439,2,7,21,19,0
20002001,0.504486,95,262,2.75789,277,2.91578,34,3,0.838202,0.806742,0.55789,106,0.170263,0.184652,45,20002001,26.54736,27.58947,26,13,45,38,0
20002001,0.48155,88,208,2.36363,228,2.5909,31,3,0.878205,0.858975,0.5625,99,0.107476,0.133177,42,20002001,26.72727,27.5909,28,12,42,35,0
20002001,0.460689,82,289,3.52439,211,2.57317,45,2,0.80147,0.779412,0.36585,60,0.116455,0.136708,23,20002001,32.37804,27.93902,11,12,23,21,0
20002001,0.466646,100,300,3.0,319,3.19,37,3,0.820083,0.803348,0.57,114,0.167431,0.199541,51,20002001,28.8,28.18,5,9,51,45,0
20002001,0.553117,88,225,2.55681,243,2.76136,31,4,0.851941,0.837379,0.56818,100,0.2,0.218666,43,20002001,27.56818,28.51136,15,10,43,40,0
20002001,0.517368,105,233,2.21904,339,3.22857,23,4,0.859447,0.834102,0.71428,150,0.187891,0.215031,68,20002001,25.53333,28.5619,21,10,68,59,0
20002001,0.511685,82,290,3.53658,250,3.04878,43,1,0.825,0.785,0.43902,72,0.146005,0.179063,33,20002001,31.40243,28.59756,3,5,33,28,0
20002001,0.492404,82,249,3.03658,227,2.76829,30,8,0.848806,0.827587,0.53658,88,0.146153,0.164102,36,20002001,26.71951,28.76829,6,8,36,32,0
20002001,0.469422,86,254,2.95348,248,2.88372,32,7,0.834975,0.805419,0.52325,90,0.148148,0.173611,36,20002001,26.02325,29.32558,23,11,36,31,0
20002001,0.499067,88,228,2.5909,253,2.875,29,3,0.852409,0.816266,0.5909,104,0.136239,0.160762,45,20002001,26.43181,29.86363,4,11,45,40,0
20002001,0.486222,86,215,2.5,277,3.22093,25,4,0.8877,0.860963,0.63372,109,0.166246,0.178841,48,20002001,27.13953,30.22093,9,9,48,45,0
20002001,0.515064,97,229,2.36082,289,2.97938,28,5,0.896247,0.856513,0.62371,121,0.16331,0.181208,52,20002001,24.24742,30.76288,19,12,52,43,0
20002001,0.489401,107,247,2.30841,364,3.40186,29,3,0.872641,0.84434,0.65887,141,0.192214,0.211678,63,20002001,23.6542,30.97196,1,12,63,56,0
20002001,0.54037,88,217,2.4659,270,3.06818,24,4,0.881481,0.856791,0.6534,115,0.211678,0.22871,51,20002001,27.03409,32.0,17,9,51,41,0
19992000,0.504158,82,310,3.78048,204,2.4878,47,7,0.829573,0.807018,0.32926,54,0.120547,0.139726,19,19992000,30.41463,25.41463,14,9,19,19,0
19992000,0.528551,105,230,2.19047,263,2.50476,32,6,0.91687,0.889976,0.61904,130,0.126146,0.158256,57,19992000,27.06666,25.6,25,10,57,52,0
19992000,0.475,82,245,2.9878,242,2.95121,37,2,0.864788,0.83662,0.4756,78,0.12,0.16,33,19992000,29.2317,25.68292,16,10,33,28,0
19992000,0.460601,82,313,3.81707,170,2.07317,57,4,0.818652,0.803109,0.2378,39,0.08908,0.126436,14,19992000,31.01219,25.79268,11,7,14,14,0
19992000,0.506738,94,248,2.63829,272,2.89361,33,3,0.859416,0.827587,0.59574,112,0.145604,0.162087,51,19992000,29.31914,26.03191,10,7,51,43,0
19992000,0.476214,93,259,2.78494,272,2.92473,36,6,0.846994,0.827869,0.53763,100,0.124378,0.154228,43,19992000,29.73118,26.03225,5,8,43,39,0
19992000,0.488451,82,194,2.36585,196,2.39024,34,4,0.890728,0.86755,0.50609,83,0.142414,0.167182,35,19992000,27.60975,26.03658,8,9,35,31,0
19992000,0.4787,82,275,3.35365,194,2.36585,48,1,0.819047,0.8,0.35365,58,0.115625,0.140625,24,19992000,33.43902,26.18292,2,9,24,19,0
19992000,0.503716,82,216,2.63414,217,2.64634,35,0,0.853754,0.841898,0.51219,84,0.149122,0.16959,37,19992000,26.10975,26.35365,12,10,37,33,0
19992000,0.498343,82,237,2.89024,227,2.76829,29,8,0.832298,0.804348,0.50609,83,0.136222,0.157894,30,19992000,27.95121,26.67073,23,15,30,26,0
19992000,0.464555,86,221,2.56976,250,2.90697,31,6,0.861356,0.855458,0.56976,98,0.142045,0.167613,43,19992000,29.84883,26.76744,13,6,43,40,0
19992000,0.501681,87,245,2.81609,242,2.7816,35,4,0.891891,0.84985,0.52873,92,0.100303,0.12158,40,19992000,28.75862,26.7816,27,8,40,36,0
19992000,0.490823,82,240,2.92682,199,2.42682,40,7,0.880258,0.851133,0.42682,70,0.098684,0.134868,28,19992000,30.4756,27.01219,18,7,28,24,0
19992000,0.48012,87,218,2.50574,221,2.54022,36,4,0.858611,0.838047,0.5,87,0.07859,0.108401,36,19992000,27.09195,27.03448,7,11,36,30,0
19992000,0.488976,94,251,2.67021,252,2.68085,37,7,0.870669,0.8291,0.51595,97,0.15,0.163636,40,19992000,28.62765,27.05319,28,10,40,36,0
19992000,0.51167,99,233,2.35353,276,2.78787,34,1,0.851116,0.841192,0.59595,118,0.170103,0.190721,53,19992000,27.42424,27.15151,21,11,53,47,0
19992000,0.507327,87,226,2.5977,237,2.72413,30,8,0.883544,0.858228,0.51724,90,0.144044,0.155124,33,19992000,28.17241,27.85057,22,16,33,29,0
19992000,0.534143,87,211,2.42528,235,2.70114,28,2,0.883783,0.856757,0.5977,104,0.13961,0.14935,45,19992000,27.34482,27.91954,15,12,45,40,0
19992000,0.490742,82,227,2.76829,217,2.64634,33,3,0.804054,0.790541,0.50609,83,0.141566,0.165662,34,19992000,27.54878,28.68292,24,12,34,31,0
19992000,0.514832,86,243,2.82558,251,2.9186,31,4,0.825757,0.815657,0.54651,94,0.126649,0.158311,39,19992000,28.09302,29.43023,26,12,39,34,0
19992000,0.531225,82,246,3.0,218,2.65853,38,3,0.849315,0.832192,0.44512,73,0.141538,0.16923,29,19992000,29.82926,29.46341,3,12,29,23,0
19992000,0.520664,89,185,2.07865,270,3.0337,23,1,0.907894,0.873685,0.67415,120,0.170603,0.181102,54,19992000,22.20224,29.66292,19,11,54,49,0
19992000,0.492399,82,256,3.12195,211,2.57317,36,5,0.808219,0.797261,0.46951,77,0.154545,0.178787,31,19992000,29.03658,30.09756,20,10,31,20,0
19992000,0.519066,100,219,2.19,281,2.81,29,3,0.8877,0.866311,0.635,127,0.188264,0.205378,56,19992000,24.23,30.62,4,12,56,48,0
19992000,0.489595,82,248,3.02439,210,2.56097,33,6,0.794776,0.794777,0.44512,73,0.132394,0.143661,24,19992000,27.7317,30.68292,6,19,24,23,0
19992000,0.501446,88,227,2.57954,254,2.88636,32,2,0.898648,0.878379,0.5625,99,0.138554,0.16265,43,19992000,25.375,31.32954,9,11,43,41,0
19992000,0.535809,91,229,2.51648,301,3.30769,26,2,0.908333,0.863889,0.64835,118,0.191601,0.207349,53,19992000,26.45054,31.76923,17,10,53,49,0
19992000,0.489214,105,242,2.30476,312,2.97142,31,5,0.918421,0.884211,0.64285,135,0.165697,0.194767,61,19992000,25.1238,32.8,1,8,61,57,0
19971998,0.484687,82,231,2.81707,197,2.40243,39,,0.854111,0.854112,0.41463,68,0.139601,0.176638,25,19971998,28.03658,25.30487,3,18,25,23,0
19971998,0.51986,82,273,3.32926,224,2.7317,43,,0.86574,0.82176,0.39024,64,0.096256,0.128342,25,19971998,30.2317,25.51219,23,14,25,25,0
19971998,0.440839,82,269,3.28048,151,1.84146,55,,0.851219,0.824391,0.26829,44,0.048158,0.093484,17,19971998,28.9878,25.60975,14,10,17,17,0
19971998,0.498246,82,225,2.7439,212,2.58536,41,,0.88802,0.859375,0.43292,71,0.123287,0.167123,30,19971998,28.75609,25.84146,2,11,30,30,0
19971998,0.49348,88,232,2.63636,222,2.52272,42,,0.871559,0.848624,0.4659,82,0.123853,0.137614,36,19971998,24.60227,26.13636,28,10,36,35,0
19971998,0.465022,97,219,2.25773,257,2.64948,34,,0.886679,0.852883,0.56185,109,0.11134,0.138144,46,19971998,31.69072,26.49484,7,17,46,40,0
19971998,0.500178,88,206,2.3409,243,2.76136,28,,0.89863,0.860274,0.57954,102,0.125,0.161363,42,19971998,26.97727,26.53409,5,18,42,39,0
19971998,0.545509,99,199,2.0101,278,2.80808,29,,0.907657,0.880631,0.65151,129,0.156701,0.179381,59,19971998,22.92929,26.53535,25,11,59,51,0
19971998,0.490295,82,219,2.67073,200,2.43902,41,,0.872122,0.851663,0.45121,74,0.10582,0.132275,33,19971998,27.63414,26.54878,12,8,33,31,0
19971998,0.513431,82,261,3.18292,205,2.5,43,,0.840909,0.818182,0.39634,65,0.091836,0.117346,26,19971998,30.39024,26.63414,24,13,26,23,0
19971998,0.522866,103,246,2.38834,272,2.64077,39,,0.922431,0.886793,0.5631,116,0.145161,0.158986,52,19971998,29.43689,26.73786,15,12,52,43,0
19971998,0.513178,86,241,2.80232,235,2.73255,37,,0.85977,0.836782,0.50581,87,0.103797,0.134177,38,19971998,30.45348,26.88372,26,11,38,35,0
19971998,0.506451,92,235,2.55434,285,3.09782,33,,0.901376,0.87156,0.59782,110,0.153498,0.1693,51,19971998,24.80434,27.30434,19,8,51,49,0
19971998,0.495947,88,251,2.85227,242,2.75,39,,0.864444,0.837778,0.48863,86,0.13669,0.151079,37,19971998,27.55681,27.54545,27,12,37,37,0
19971998,0.468537,82,252,3.07317,217,2.64634,41,,0.881395,0.839535,0.40853,67,0.084269,0.120786,26,19971998,27.75609,27.68292,20,15,26,22,0
19971998,0.497772,82,237,2.89024,194,2.36585,43,,0.879032,0.865592,0.42073,69,0.077994,0.114206,30,19971998,28.68292,27.70731,10,9,30,29,0
19971998,0.504169,82,199,2.42682,192,2.34146,39,,0.882198,0.848168,0.44512,73,0.115702,0.129476,30,19971998,26.71951,27.78048,16,13,30,29,0
19971998,0.494121,82,256,3.12195,203,2.4756,43,,0.826302,0.796527,0.38414,63,0.095354,0.134474,24,19971998,28.80487,27.78048,13,15,24,21,0
19971998,0.515236,88,209,2.375,234,2.65909,34,,0.862295,0.845902,0.53977,95,0.162907,0.170426,41,19971998,26.375,28.05681,6,13,41,37,0
19971998,0.485084,89,224,2.51685,247,2.77528,30,,0.887912,0.868132,0.56741,101,0.145336,0.171366,42,19971998,29.34831,28.11235,21,17,42,39,0
19971998,0.500432,92,240,2.60869,263,2.85869,38,,0.873638,0.845316,0.5163,95,0.149289,0.175355,41,19971998,26.01086,28.33695,8,13,41,37,0
19971998,0.462661,94,249,2.64893,239,2.54255,44,,0.866807,0.845666,0.47872,90,0.131531,0.153153,40,19971998,28.12765,28.37234,22,10,40,37,0
19971998,0.547282,87,211,2.42528,251,2.88505,33,,0.87167,0.854722,0.55747,97,0.144827,0.170114,43,19971998,25.43678,29.05747,4,11,43,40,0
19971998,0.514436,88,179,2.03409,237,2.69318,27,,0.883233,0.86527,0.63068,111,0.160112,0.185393,50,19971998,23.95454,29.26136,1,11,50,48,0
19971998,0.477516,93,230,2.47311,213,2.29032,39,,0.862573,0.842106,0.5,93,0.100938,0.131455,39,19971998,24.76344,29.39784,9,15,39,35,0
19971998,0.530642,104,245,2.35576,325,3.125,29,,0.896969,0.868687,0.64903,135,0.15098,0.170588,60,19971998,26.02884,31.08653,17,15,60,58,0
19961997,,94,242,2.57446,264,2.80851,37,,0.877358,0.834906,0.54255,102,0.12401,0.134564,45,19961997,33.37234,25.38297,7,12,45,38,0
19961997,,82,250,3.04878,240,2.92682,41,,0.877742,0.833856,0.42682,70,0.112716,0.138728,29,19961997,30.25609,26.68292,2,12,29,26,0
19961997,,82,273,3.32926,257,3.13414,40,,0.843023,0.80814,0.46951,77,0.141914,0.168316,35,19961997,30.20731,28.06097,23,7,35,30,0
19961997,,82,278,3.39024,211,2.57317,47,,0.860635,0.838631,0.37804,62,0.111747,0.143266,27,19961997,29.2439,28.78048,28,8,27,24,0
19961997,,93,263,2.82795,270,2.90322,40,,0.845144,0.821523,0.5,93,0.147849,0.177419,40,19961997,33.4086,28.88172,24,13,40,36,0
19961997,,82,231,2.81707,214,2.60975,40,,0.870056,0.847458,0.45731,75,0.127329,0.158385,33,19961997,26.37804,28.90243,15,9,33,31,0
19961997,,82,268,3.26829,214,2.60975,43,,0.886363,0.87216,0.40853,67,0.094674,0.136094,28,19961997,33.89024,29.01219,26,11,28,28,0
19961997,,88,252,2.86363,248,2.81818,39,,0.860962,0.836899,0.49431,87,0.126373,0.151098,38,19961997,27.5909,29.13636,19,11,38,37,0
19961997,,89,248,2.78651,239,2.68539,40,,0.859589,0.828768,0.46629,83,0.13477,0.169811,34,19961997,25.68539,29.22471,9,15,34,33,0
19961997,,82,273,3.32926,230,2.80487,44,,0.853658,0.820122,0.41463,68,0.129449,0.155339,30,19961997,34.42682,29.28048,10,8,30,29,0
19961997,,87,214,2.45977,231,2.65517,32,,0.871934,0.858311,0.52298,91,0.103448,0.148541,36,19961997,29.24137,29.28735,13,19,36,33,0
19961997,,87,300,3.44827,298,3.42528,40,,0.850136,0.814714,0.49425,86,0.176795,0.215469,39,19961997,34.77011,29.34482,5,8,39,38,0
19961997,,82,300,3.65853,234,2.85365,47,,0.866883,0.818182,0.37195,61,0.129032,0.148387,26,19961997,29.64634,29.59756,6,9,26,23,0
19961997,,82,256,3.12195,226,2.75609,39,,0.88253,0.846386,0.45731,75,0.146417,0.180685,32,19961997,31.5,29.69512,34,11,32,29,0
19961997,,89,260,2.92134,257,2.88764,41,,0.878453,0.853592,0.5,89,0.140259,0.176623,41,19961997,30.83146,29.92134,27,7,41,36,0
19961997,,87,298,3.42528,260,2.9885,40,,0.818666,0.786667,0.45402,79,0.110481,0.150141,32,19961997,34.37931,30.06896,8,15,32,29,0
19961997,,89,219,2.46067,270,3.0337,30,,0.868421,0.833334,0.61797,110,0.110169,0.138418,51,19961997,25.79775,30.22471,25,8,51,47,0
19961997,,88,238,2.70454,237,2.69318,39,,0.847255,0.830549,0.48295,85,0.111782,0.138972,36,19961997,29.92045,30.39772,16,13,36,34,0
19961997,,97,266,2.74226,294,3.03092,40,,0.837378,0.798544,0.53608,104,0.190883,0.207977,47,19961997,31.73195,30.58762,3,10,47,41,0
19961997,,94,284,3.02127,284,3.02127,44,,0.857142,0.827068,0.48404,91,0.145336,0.175704,41,19961997,31.51063,31.0,22,9,41,37,0
19961997,,82,239,2.91463,214,2.60975,41,,0.863768,0.831885,0.44512,73,0.116343,0.168975,32,19961997,28.5,31.35365,20,9,32,29,0
19961997,,82,247,3.01219,217,2.64634,40,,0.883656,0.847646,0.45121,74,0.111764,0.138235,32,19961997,28.84146,31.39024,14,10,32,28,0
19961997,,99,246,2.48484,336,3.39393,31,,0.917647,0.884706,0.64141,127,0.176706,0.208835,59,19961997,30.81818,31.51515,21,9,59,55,0
19961997,,92,203,2.20652,258,2.80434,28,,0.911764,0.88603,0.61956,114,0.118343,0.150887,50,19961997,26.41304,32.46739,1,14,50,49,0
19961997,,101,272,2.69306,341,3.37623,31,,0.874709,0.842228,0.62871,127,0.127192,0.155701,57,19961997,25.89108,32.83168,4,13,57,54,0
19961997,,102,235,2.30392,311,3.04901,30,,0.88914,0.861991,0.61764,126,0.154639,0.171134,54,19961997,25.39215,33.94117,17,18,54,44,0
19951996,,82,357,4.35365,252,3.07317,55,,0.803526,0.765744,0.28658,47,0.10909,0.161038,20,19951996,33.12195,26.13414,28,7,20,19,0
19951996,,82,291,3.54878,191,2.32926,59,,0.794666,0.778667,0.25,41,0.090697,0.123255,18,19951996,30.53658,26.87804,9,5,18,18,0
19951996,,92,248,2.69565,303,3.29347,32,,0.886,0.86,0.57608,106,0.156716,0.174129,46,19951996,29.22826,27.57608,16,14,46,42,0
19951996,,82,315,3.84146,229,2.79268,50,,0.801932,0.782609,0.32926,54,0.147849,0.188172,22,19951996,32.03658,28.17073,2,10,22,20,0
19951996,,82,262,3.19512,247,3.01219,42,,0.861171,0.83948,0.44512,73,0.134171,0.159329,33,19951996,35.51219,28.45121,7,7,33,31,0
19951996,,88,311,3.53409,285,3.23863,44,,0.815845,0.794433,0.4659,82,0.152808,0.184269,38,19951996,33.8409,28.60227,33,6,38,36,0
19951996,,82,247,3.01219,234,2.85365,39,,0.832151,0.808511,0.4756,78,0.129107,0.140845,35,19951996,32.18292,28.70731,24,8,35,29,0
19951996,,88,267,3.03409,282,3.20454,36,,0.857142,0.815981,0.53409,94,0.155963,0.183486,42,19951996,32.51136,28.73863,8,10,42,39,0
19951996,,104,291,2.79807,315,3.02884,41,,0.849894,0.824525,0.55769,116,0.140381,0.164644,53,19951996,29.35576,29.53846,13,10,53,51,0
19951996,,88,302,3.43181,295,3.35227,39,,0.85022,0.810573,0.47159,83,0.14,0.168888,34,19951996,30.125,29.86363,23,15,34,33,0
19951996,,82,304,3.70731,240,2.92682,44,,0.832134,0.808154,0.41463,68,0.132743,0.159292,30,19951996,30.40243,29.9878,22,8,30,26,0
19951996,,82,280,3.41463,227,2.76829,42,,0.822966,0.803828,0.40243,66,0.106094,0.151241,26,19951996,30.80487,30.14634,25,14,26,25,0
19951996,,86,256,2.97674,248,2.88372,41,,0.827423,0.801419,0.4593,79,0.152334,0.174447,34,19951996,27.26744,30.32558,20,11,34,32,0
19951996,,82,259,3.15853,237,2.89024,39,,0.825174,0.806527,0.46951,77,0.155913,0.180107,34,19951996,33.67073,30.41463,34,9,34,32,0
19951996,,88,274,3.11363,251,2.85227,36,,0.854771,0.838175,0.52272,92,0.167816,0.197701,40,19951996,29.72727,30.63636,14,12,40,35,0
19951996,,95,285,3.0,256,2.69473,40,,0.852782,0.825853,0.49473,94,0.145067,0.16441,39,19951996,30.17894,30.74736,19,16,39,36,0
19951996,,88,225,2.55681,251,2.85227,36,,0.8548,0.826698,0.5284,93,0.140589,0.15873,41,19951996,25.54545,30.88636,15,11,41,37,0
19951996,,94,236,2.51063,319,3.39361,30,,0.886,0.862,0.6117,115,0.178278,0.19877,51,19951996,25.98936,31.18085,4,13,51,47,0
19951996,,82,302,3.68292,256,3.12195,40,,0.842519,0.811024,0.40243,66,0.134663,0.179551,24,19951996,35.42682,31.37804,26,18,24,21,0
19951996,,104,291,2.79807,406,3.90384,31,,0.880434,0.84058,0.65384,136,0.167315,0.214007,63,19951996,29.02884,31.8173,21,10,63,56,0
19951996,,82,202,2.46341,215,2.62195,33,,0.880877,0.846395,0.52439,86,0.125,0.149456,37,19951996,26.5,32.15853,1,12,37,30,0
19951996,,100,336,3.36,419,4.19,36,,0.872113,0.83659,0.62,124,0.217307,0.240384,60,19951996,35.08,32.2,5,4,60,56,0
19951996,,101,227,2.24752,383,3.79207,22,,0.924568,0.877156,0.74752,151,0.188712,0.206349,72,19951996,23.63366,32.22772,17,7,72,68,0
19951996,,88,273,3.10227,262,2.97727,40,,0.855835,0.828376,0.47727,84,0.165957,0.193617,36,19951996,32.06818,32.67045,10,12,36,30,0
19951996,,93,275,2.95698,306,3.29032,33,,0.836956,0.824276,0.56989,106,0.171487,0.200413,46,19951996,29.92473,32.78494,3,14,46,44,0
19951996,,87,291,3.34482,298,3.42528,35,,0.846361,0.80593,0.53448,93,0.174358,0.192307,41,19951996,26.94252,34.7816,6,11,41,39,0
19941995,,59,220,3.72881,161,2.72881,32,,0.818897,0.795276,0.42372,50,0.079681,0.131474,23,19941995,32.59322,23.77966,28,4,23,20,0
19941995,,48,127,2.64583,115,2.39583,22,,0.837696,0.832461,0.47916,46,0.103603,0.13063,20,19941995,28.45833,24.8125,13,6,20,20,0
19941995,,48,174,3.625,117,2.4375,34,,0.809045,0.804021,0.23958,23,0.116279,0.144186,9,19941995,32.52083,25.97916,9,5,9,8,0
19941995,,48,144,3.0,120,2.5,28,,0.87317,0.843903,0.38541,37,0.112994,0.141242,17,19941995,27.60416,26.66666,14,3,17,15,0
19941995,,63,175,2.77777,200,3.1746,21,,0.818532,0.799228,0.63492,80,0.142335,0.178832,38,19941995,27.53968,26.73015,4,4,38,31,0
19941995,,53,137,2.5849,143,2.69811,23,,0.914634,0.857724,0.5,53,0.149253,0.179104,23,19941995,29.98113,26.84905,7,7,23,22,0
19941995,,48,164,3.41666,125,2.60416,27,,0.777202,0.756477,0.38541,37,0.074257,0.113861,16,19941995,33.04166,28.04166,24,5,16,14,0
19941995,,48,158,3.29166,126,2.625,28,,0.802816,0.784038,0.36458,35,0.095505,0.157303,15,19941995,30.16666,28.27083,2,5,15,14,0
19941995,,60,201,3.35,218,3.63333,23,,0.837931,0.806897,0.59166,71,0.172043,0.189964,34,19941995,32.83333,28.61666,5,3,34,32,0
19941995,,48,148,3.08333,125,2.60416,23,,0.811518,0.806283,0.44791,43,0.145348,0.16279,18,19941995,31.91666,28.66666,8,7,18,17,0
19941995,,55,149,2.70909,162,2.94545,22,,0.885496,0.832062,0.52727,58,0.177777,0.188888,25,19941995,24.8909,28.96363,15,8,25,25,0
19941995,,48,183,3.8125,136,2.83333,27,,0.811158,0.776825,0.39583,38,0.131274,0.162162,17,19941995,30.60416,29.72916,22,4,17,16,0
19941995,,48,141,2.9375,127,2.64583,24,,0.816216,0.8,0.44791,43,0.137931,0.172413,19,19941995,30.70833,29.75,34,5,19,15,0
19941995,,48,177,3.6875,157,3.27083,25,,0.859574,0.829788,0.40625,39,0.164383,0.19178,16,19941995,32.1875,29.75,33,7,16,16,0
19941995,,54,159,2.94444,204,3.77777,17,,0.853448,0.806035,0.63888,69,0.203791,0.222748,32,19941995,30.53703,29.83333,32,5,32,31,0
19941995,,64,154,2.40625,201,3.14062,26,,0.871287,0.844885,0.55468,71,0.203571,0.217857,33,19941995,26.34375,29.90625,16,5,33,28,0
19941995,,48,174,3.625,142,2.95833,23,,0.832579,0.809955,0.42708,41,0.135,0.175,16,19941995,34.75,30.0625,26,9,16,16,0
19941995,,68,155,2.27941,203,2.98529,22,,0.847533,0.829597,0.61764,84,0.148305,0.169491,38,19941995,24.75,30.19117,1,8,38,35,0
19941995,,55,162,2.94545,205,3.72727,19,,0.822463,0.793479,0.60909,67,0.128301,0.15849,31,19941995,28.0909,30.21818,19,5,31,30,0
19941995,,53,152,2.86792,146,2.75471,27,,0.846774,0.826613,0.41509,44,0.127737,0.153284,18,19941995,29.54716,30.83018,25,8,18,18,0
19941995,,55,161,2.92727,198,3.6,21,,0.892857,0.846429,0.55454,61,0.177685,0.190082,27,19941995,29.05454,31.0909,20,7,27,26,0
19941995,,55,168,3.05454,155,2.81818,23,,0.882075,0.858491,0.50909,56,0.149606,0.173228,24,19941995,32.4909,31.36363,10,8,24,23,0
19941995,,59,186,3.15254,186,3.15254,25,,0.890728,0.844371,0.47457,56,0.162711,0.2,22,19941995,30.08474,31.71186,23,12,22,21,0
19941995,,58,171,2.94827,174,3.0,29,,0.873563,0.850575,0.47413,55,0.191056,0.215447,26,19941995,26.65517,31.75862,3,3,26,25,0
19941995,,66,161,2.43939,241,3.65151,17,,0.880281,0.852113,0.71212,94,0.217105,0.243421,45,19941995,24.27272,32.63636,17,4,45,42,0
19941995,,53,141,2.66037,155,2.92452,22,,0.87,0.855,0.5566,59,0.186147,0.207792,28,19941995,24.60377,33.62264,6,3,28,26,0
19931994,,98,318,3.24489,294,3.0,42,,0.805225,0.786224,0.48979,96,0.118473,0.154618,40,19931994,28.62244,24.90816,28,16,40,38,0
19931994,,84,397,4.72619,201,2.39285,61,,0.754854,0.73301,0.22023,37,0.112643,0.144827,14,19931994,33.04761,25.58333,9,9,14,10,0
19931994,,84,233,2.7738,233,2.7738,34,,0.845959,0.825758,0.49404,83,0.122249,0.158924,33,19931994,33.42857,27.2738,13,17,33,31,0
19931994,,84,288,3.42857,227,2.70238,48,,0.807692,0.788462,0.375,63,0.12745,0.149509,27,19931994,30.80952,27.60714,34,9,27,23,0
19931994,,91,232,2.54945,296,3.25274,36,,0.895631,0.844661,0.55494,101,0.199134,0.21645,46,19931994,29.93406,28.17582,7,9,46,45,0
19931994,,84,251,2.98809,229,2.72619,46,,0.850515,0.82732,0.42261,71,0.109042,0.143617,33,19931994,31.14285,28.59523,24,5,33,31,0
19931994,,84,292,3.47619,277,3.29761,42,,0.819248,0.795775,0.45238,76,0.113953,0.155813,34,19931994,30.61904,28.63095,32,8,34,34,0
19931994,,84,314,3.73809,294,3.5,39,,0.828502,0.806764,0.47619,80,0.171428,0.207792,35,19931994,31.70238,28.67857,4,10,35,32,0
19931994,,84,344,4.09523,245,2.91666,51,,0.824719,0.795506,0.33928,57,0.153664,0.193853,24,19931994,33.30952,29.40476,33,9,24,23,0
19931994,,88,286,3.25,285,3.23863,40,,0.837837,0.804055,0.47727,84,0.170984,0.1943,36,19931994,30.54545,29.55681,2,12,36,31,0
19931994,,84,251,2.98809,224,2.66666,43,,0.847761,0.826866,0.42261,71,0.09536,0.146907,30,19931994,27.33333,29.79761,14,11,30,27,0
19931994,,90,255,2.83333,264,2.93333,40,,0.858387,0.825709,0.50555,91,0.145631,0.17233,41,19931994,29.43333,30.12222,16,9,41,38,0
19931994,,102,290,2.84313,330,3.23529,38,,0.848484,0.824243,0.56862,116,0.187617,0.206378,52,19931994,30.14705,30.2745,10,12,52,45,0
19931994,,84,305,3.63095,261,3.10714,45,,0.810473,0.805487,0.38095,64,0.161691,0.184079,25,19931994,34.41666,30.34523,22,14,25,24,0
19931994,,95,295,3.10526,309,3.25263,41,,0.848351,0.824176,0.51578,98,0.142857,0.170068,44,19931994,25.81052,30.52631,15,10,44,42,0
19931994,,88,299,3.39772,280,3.18181,37,,0.851581,0.807786,0.51704,91,0.170454,0.202272,40,19931994,35.28409,30.75,19,11,40,36,0
19931994,,91,270,2.96703,303,3.32967,33,,0.840855,0.821853,0.56043,102,0.17548,0.201923,44,19931994,30.62637,30.76923,8,14,44,40,0
19931994,,93,293,3.15053,313,3.36559,33,,0.857142,0.840086,0.57526,107,0.151329,0.186094,47,19931994,30.95698,31.17204,25,13,47,40,0
19931994,,108,337,3.12037,355,3.28703,49,,0.846153,0.818182,0.5324,115,0.159784,0.183123,56,19931994,28.76851,31.29629,23,3,56,45,0
19931994,,91,279,3.06593,322,3.53846,33,,0.843873,0.810277,0.56593,103,0.180616,0.202643,45,19931994,27.81318,31.46153,20,13,45,42,0
19931994,,104,269,2.58653,358,3.4423,34,,0.845986,0.822126,0.61538,128,0.15942,0.181159,58,19931994,29.625,31.71153,1,12,58,55,0
19931994,,90,305,3.38888,311,3.45555,31,,0.839907,0.825987,0.58333,105,0.150812,0.180974,46,19931994,31.56666,31.97777,5,13,46,42,0
19931994,,84,322,3.83333,294,3.5,45,,0.84632,0.805195,0.39285,66,0.189189,0.207207,27,19931994,36.2619,32.96428,26,12,27,24,0
19931994,,107,281,2.62616,380,3.5514,31,,0.899628,0.858737,0.67289,144,0.211132,0.226487,68,19931994,27.73831,34.01869,3,8,68,63,0
19931994,,91,296,3.25274,383,4.20879,34,,0.868735,0.811456,0.58241,106,0.1693,0.20316,49,19931994,26.98901,35.25274,17,8,49,44,0
19931994,,97,294,3.03092,328,3.38144,36,,0.881118,0.839161,0.56185,109,0.192743,0.213151,48,19931994,25.39175,35.27835,6,13,48,45,0
19921993,,84,369,4.39285,284,3.38095,52,,0.807302,0.782962,0.34523,58,0.144144,0.175675,26,19921993,34.10714,26.09523,34,6,26,23,0
19921993,,84,395,4.70238,202,2.40476,70,,0.765217,0.75,0.14285,24,0.122767,0.147321,10,19921993,31.83333,27.15476,9,4,10,10,0
19921993,,84,337,4.0119,242,2.88095,50,,0.808189,0.771552,0.35714,60,0.134615,0.158653,26,19921993,33.7619,27.94047,22,8,26,21,0
19921993,,84,414,4.92857,218,2.59523,71,,0.79296,0.766046,0.14285,24,0.124694,0.161369,11,19921993,36.66666,28.38095,28,2,11,8,0
19921993,,95,306,3.22105,306,3.22105,40,,0.868312,0.837449,0.52105,99,0.184873,0.216386,44,19921993,34.52631,28.93684,19,11,44,40,0
19921993,,84,319,3.79761,319,3.79761,37,,0.809976,0.774347,0.49404,83,0.152882,0.180451,36,19921993,31.79761,29.7619,4,11,36,32,0
19921993,,84,332,3.95238,245,2.91666,54,,0.764556,0.744304,0.31547,53,0.146226,0.174528,23,19921993,30.40476,30.22619,14,7,23,20,0
19921993,,90,341,3.78888,339,3.76666,41,,0.828326,0.819743,0.50555,91,0.183299,0.211812,42,19921993,32.58888,30.34444,33,7,42,39,0
19921993,,90,319,3.54444,367,4.07777,31,,0.851851,0.806101,0.6,108,0.184647,0.217842,49,19921993,30.77777,30.35555,32,10,49,44,0
19921993,,105,304,2.89523,357,3.4,39,,0.834368,0.813665,0.57619,121,0.170175,0.201754,55,19921993,29.3619,31.13333,10,11,55,50,0
19921993,,102,362,3.54901,393,3.85294,46,,0.833702,0.796009,0.5147,105,0.175648,0.195608,49,19921993,29.60784,31.36274,2,7,49,42,0
19921993,,90,315,3.5,350,3.88888,34,,0.868421,0.834587,0.56111,101,0.172484,0.193018,45,19921993,29.43333,31.62222,20,11,45,41,0
19921993,,84,293,3.48809,272,3.23809,38,,0.841758,0.821979,0.48809,82,0.152808,0.191011,36,19921993,29.63095,31.82142,31,10,36,36,0
19921993,,96,321,3.34375,392,4.08333,35,,0.820866,0.785434,0.58854,113,0.152046,0.177387,52,19921993,29.61458,31.83333,23,9,52,50,0
19921993,,92,325,3.5326,366,3.97826,40,,0.856236,0.826639,0.51086,94,0.16996,0.207509,42,19921993,31.71739,31.83695,7,10,42,35,0
19921993,,104,331,3.18269,392,3.76923,34,,0.842105,0.824562,0.64423,134,0.15625,0.183593,64,19921993,30.57692,31.9423,8,6,64,49,0
19921993,,90,309,3.43333,347,3.85555,38,,0.859611,0.835854,0.53888,97,0.205944,0.225053,45,19921993,29.01111,32.15555,15,7,45,43,0
19921993,,96,305,3.17708,417,4.34375,26,,0.879591,0.834694,0.6927,133,0.189024,0.237804,63,19921993,30.76041,32.22916,5,7,63,60,0
19921993,,88,243,2.76136,285,3.23863,29,,0.85631,0.829127,0.60227,106,0.157303,0.177902,47,19921993,27.18181,32.35227,16,12,47,46,0
19921993,,91,304,3.34065,399,4.38461,32,,0.865638,0.817181,0.5989,109,0.233471,0.254132,50,19921993,28.84615,32.7912,17,9,50,48,0
19921993,,89,322,3.61797,321,3.60674,41,,0.829646,0.809735,0.5,89,0.142523,0.189252,41,19921993,29.91011,32.8764,1,7,41,37,0
19921993,,84,308,3.66666,304,3.61904,39,,0.838565,0.81166,0.47023,79,0.140476,0.183333,34,19921993,33.67857,33.2619,3,11,34,32,0
19921993,,108,431,3.99074,431,3.99074,46,,0.819847,0.78626,0.52777,114,0.164062,0.19375,52,19921993,34.27777,33.43518,26,10,52,48,0
19921993,,88,287,3.26136,344,3.90909,30,,0.872685,0.826389,0.61931,109,0.188183,0.207877,51,19921993,26.23863,34.42045,6,7,51,46,0
19911992,,80,318,3.975,255,3.1875,48,,0.819477,0.79335,0.325,52,0.135064,0.171428,20,19911992,31.7625,27.275,32,12,20,20,0
19911992,,96,351,3.65625,344,3.58333,42,,0.810916,0.785576,0.51041,98,0.1509,0.184684,44,19911992,31.28125,27.53125,22,10,44,43,0
19911992,,80,299,3.7375,291,3.6375,35,,0.793733,0.765014,0.49375,79,0.19764,0.221238,34,19911992,32.875,27.825,2,11,34,31,0
19911992,,87,304,3.49425,265,3.04597,45,,0.812356,0.784898,0.40804,71,0.147577,0.174008,29,19911992,30.37931,28.48275,34,13,29,26,0
19911992,,80,273,3.4125,252,3.15,37,,0.844387,0.806123,0.46875,75,0.136253,0.16545,32,19911992,28.6875,29.05,4,11,32,30,0
19911992,,87,273,3.13793,268,3.08045,36,,0.858672,0.843684,0.5,87,0.192389,0.207188,36,19911992,31.35632,29.05747,33,15,36,35,0
19911992,,80,359,4.4875,219,2.7375,58,,0.808353,0.781327,0.24375,39,0.125668,0.171122,17,19911992,36.25,29.25,28,5,17,16,0
19911992,,86,289,3.36046,298,3.46511,37,,0.870069,0.830627,0.50581,87,0.159493,0.192405,38,19911992,34.0,29.67441,19,11,38,35,0
19911992,,80,294,3.675,234,2.925,43,,0.828729,0.809393,0.41875,67,0.161803,0.175066,30,19911992,31.125,30.3125,10,7,30,26,0
19911992,,86,319,3.7093,305,3.54651,35,,0.833702,0.809313,0.51162,88,0.163677,0.190582,37,19911992,33.05813,30.36046,26,14,37,36,0
19911992,,87,301,3.45977,265,3.04597,46,,0.837416,0.817372,0.43678,76,0.120582,0.172557,35,19911992,28.85057,30.43678,31,6,35,35,0
19911992,,91,239,2.62637,296,3.25274,35,,0.827586,0.814324,0.55494,101,0.173515,0.189497,45,19911992,27.93406,30.71428,8,11,45,38,0
19911992,,91,286,3.14285,349,3.83516,32,,0.8625,0.81875,0.58241,106,0.164759,0.180778,47,19911992,27.97802,30.83516,17,12,47,42,0
19911992,,87,300,3.44827,357,4.10344,31,,0.860696,0.823384,0.5977,104,0.184855,0.220489,48,19911992,28.57471,30.83908,15,8,48,46,0
19911992,,80,305,3.8125,296,3.7,37,,0.801635,0.781187,0.4625,74,0.18599,0.210144,31,19911992,30.875,30.9,20,12,31,29,0
19911992,,87,287,3.29885,314,3.60919,35,,0.850855,0.811736,0.53448,93,0.136239,0.174386,41,19911992,28.85057,31.1839,1,11,41,39,0
19911992,,101,371,3.67326,426,4.21782,37,,0.850526,0.810527,0.5891,119,0.190476,0.222857,55,19911992,31.25742,31.34653,5,9,55,51,0
19911992,,87,318,3.65517,313,3.5977,41,,0.807522,0.785399,0.45977,80,0.205533,0.227272,34,19911992,31.96551,32.1954,7,12,34,32,0
19911992,,95,326,3.43157,310,3.26315,39,,0.820454,0.802273,0.52631,100,0.152034,0.188436,44,19911992,28.93684,32.56842,6,12,44,35,0
19911992,,98,284,2.89795,322,3.28571,35,,0.865384,0.844406,0.56632,111,0.151304,0.172173,48,19911992,25.47959,32.86734,16,15,48,45,0
19911992,,93,295,3.17204,368,3.95698,32,,0.886214,0.844639,0.62903,117,0.182022,0.211235,56,19911992,31.72043,32.89247,3,5,56,50,0
19911992,,93,285,3.06451,329,3.53763,33,,0.833707,0.804495,0.58064,108,0.170923,0.18664,48,19911992,28.65591,33.25806,23,12,48,44,0
19901991,,80,354,4.425,236,2.95,50,,0.760869,0.733696,0.2875,46,0.121951,0.155487,16,19901991,35.7875,25.375,32,14,16,15,0
19901991,,80,290,3.625,223,2.7875,45,,0.804532,0.779037,0.375,60,0.123028,0.160883,25,19901991,31.1875,27.1,2,10,25,23,0
19901991,,98,332,3.38775,329,3.35714,46,,0.817805,0.790891,0.5,98,0.152654,0.165929,46,19901991,30.56122,28.0204,22,6,46,38,0
19901991,,87,322,3.70114,293,3.36781,42,,0.83105,0.789955,0.47126,82,0.147368,0.160526,37,19901991,29.5862,28.47126,17,8,37,35,0
19901991,,80,267,3.3375,252,3.15,37,,0.813829,0.808511,0.475,76,0.153846,0.201183,33,19901991,28.675,28.55,4,10,33,32,0
19901991,,80,288,3.6,260,3.25,43,,0.860398,0.837607,0.39375,63,0.162729,0.194225,26,19901991,31.225,28.8,33,11,26,25,0
19901991,,86,300,3.48837,255,2.96511,42,,0.812345,0.797531,0.44767,77,0.164319,0.185446,33,19901991,27.15116,28.84883,34,11,33,31,0
19901991,,80,318,3.975,241,3.0125,46,,0.817934,0.774457,0.35625,57,0.158959,0.1763,23,19901991,32.1625,29.2875,10,11,23,19,0
19901991,,86,341,3.96511,259,3.01162,47,,0.807162,0.77686,0.40116,69,0.130434,0.169082,30,19901991,29.9186,29.97674,23,9,30,26,0
19901991,,93,291,3.12903,320,3.44086,36,,0.837142,0.811429,0.55376,103,0.157647,0.185882,46,19901991,29.29032,30.0,8,11,46,40,0
19901991,,91,293,3.21978,287,3.15384,42,,0.895442,0.857909,0.5,91,0.146153,0.184615,42,19901991,26.7912,30.1978,15,7,42,37,0
19901991,,86,307,3.56976,316,3.67441,34,,0.866666,0.824692,0.49418,85,0.16055,0.181192,33,19901991,30.4186,30.22093,7,19,33,30,0
19901991,,104,373,3.58653,437,4.20192,41,,0.823779,0.791933,0.57692,120,0.188571,0.219047,57,19901991,33.67307,30.33653,5,6,57,51,0
19901991,,86,281,3.26744,313,3.63953,35,,0.830769,0.807693,0.51744,89,0.2,0.225882,38,19901991,32.03488,30.56976,3,13,38,37,0
19901991,,92,291,3.16304,386,4.19565,30,,0.85446,0.833334,0.61956,114,0.164414,0.207207,52,19901991,30.36956,30.65217,26,10,52,46,0
19901991,,99,326,3.29292,359,3.62626,33,,0.847826,0.823914,0.60606,120,0.192904,0.217294,54,19901991,28.57575,31.11111,6,12,54,48,0
19901991,,87,285,3.27586,293,3.36781,37,,0.819444,0.798612,0.4885,85,0.168421,0.202631,35,19901991,28.1839,31.28735,1,15,35,34,0
19901991,,86,234,2.72093,300,3.48837,27,,0.866388,0.824635,0.63953,110,0.195754,0.219339,51,19901991,28.32558,31.66279,16,8,51,48,0
19901991,,93,292,3.13978,351,3.77419,29,,0.854679,0.83005,0.62903,117,0.142523,0.186915,53,19901991,28.77419,31.69892,19,11,53,50,0
19901991,,103,341,3.31067,337,3.27184,48,,0.832684,0.807393,0.46601,96,0.189138,0.207865,41,19901991,28.30097,32.06796,31,14,41,40,0
19901991,,87,285,3.27586,364,4.1839,30,,0.856194,0.818585,0.60919,106,0.214797,0.23389,49,19901991,27.65517,32.35632,20,8,49,45,0
19891990,,87,291,3.34482,296,3.40229,37,,0.838337,0.810624,0.52298,91,0.166666,0.192129,41,19891990,26.71264,28.03448,34,9,41,40,0
19891990,,102,343,3.36274,408,4.0,34,,0.864077,0.813593,0.59803,122,0.191699,0.207509,54,19891990,29.39215,28.05882,22,14,54,46,0
19891990,,80,323,4.0375,288,3.6,38,,0.801075,0.752689,0.4375,70,0.127118,0.163841,28,19891990,31.0625,28.275,17,14,28,26,0
19891990,,80,407,5.0875,240,3.0,61,,0.76178,0.740838,0.19375,31,0.148247,0.188679,12,19891990,34.425,28.7625,32,7,12,12,0
19891990,,80,306,3.825,245,3.0625,41,,0.771929,0.748539,0.4,64,0.149732,0.171122,25,19891990,30.3375,28.8375,23,14,25,23,0
19891990,,80,359,4.4875,318,3.975,40,,0.766129,0.747312,0.45,72,0.16129,0.213399,32,19891990,33.55,29.0,5,8,32,29,0
19891990,,92,323,3.51086,337,3.66304,39,,0.836104,0.812352,0.52717,97,0.193704,0.230024,44,19891990,29.8913,29.27173,19,9,44,41,0
19891990,,85,310,3.64705,294,3.45882,42,,0.783582,0.758707,0.44117,75,0.202247,0.230337,32,19891990,33.31764,29.71764,2,11,32,28,0
19891990,,90,302,3.35555,316,3.51111,36,,0.814903,0.788462,0.52777,95,0.215841,0.235643,41,19891990,30.42222,29.8,3,13,41,39,0
19891990,,90,385,4.27777,377,4.18888,45,,0.802409,0.771085,0.46111,83,0.171568,0.213235,38,19891990,30.9,29.81111,26,7,38,33,0
19891990,,95,323,3.4,333,3.50526,45,,0.839643,0.812918,0.49473,94,0.134575,0.171842,44,19891990,28.77894,29.92631,15,6,44,39,0
19891990,,86,265,3.08139,299,3.47674,31,,0.860526,0.842106,0.59302,102,0.20103,0.219072,47,19891990,31.58139,30.04651,7,8,47,43,0
19891990,,87,314,3.60919,320,3.67816,36,,0.86612,0.827869,0.52298,91,0.16449,0.187989,40,19891990,29.68965,30.32183,33,11,40,35,0
19891990,,86,309,3.59302,313,3.63953,38,,0.837398,0.807589,0.50581,87,0.154891,0.1875,39,19891990,30.43023,30.47674,1,9,39,36,0
19891990,,85,378,4.44705,353,4.15294,42,,0.816513,0.777523,0.48235,82,0.178191,0.226063,39,19891990,34.91764,30.48235,10,4,39,36,0
19891990,,80,297,3.7125,290,3.625,39,,0.844827,0.810345,0.44375,71,0.153846,0.192307,30,19891990,31.8,30.85,4,11,30,28,0
19891990,,91,263,2.8901,317,3.48351,34,,0.823361,0.811966,0.56593,103,0.120204,0.143222,46,19891990,28.68131,30.95604,8,11,46,41,0
19891990,,101,291,2.88118,351,3.47524,33,,0.866336,0.846535,0.62871,127,0.211235,0.220224,59,19891990,26.63366,31.76237,6,9,59,55,0
19891990,,87,312,3.5862,302,3.47126,44,,0.852272,0.820455,0.47126,82,0.165501,0.207459,39,19891990,30.40229,32.08045,31,4,39,36,0
19891990,,100,359,3.59,385,3.85,43,,0.834016,0.80123,0.54,108,0.192139,0.213973,51,19891990,27.63,32.64,16,6,51,49,0
19891990,,86,294,3.4186,372,4.32558,27,,0.822815,0.791263,0.59883,103,0.241025,0.258974,44,19891990,25.58139,34.22093,20,15,44,41,0
19881989,,80,342,4.275,259,3.2375,46,,0.754874,0.72702,0.3875,62,0.125373,0.167164,28,19881989,34.2875,27.0625,10,6,28,27,0
19881989,,85,315,3.70588,305,3.58823,39,,0.813636,0.793182,0.5,85,0.169902,0.203883,39,19881989,29.62352,27.68235,7,7,39,37,0
19881989,,87,331,3.80459,345,3.96551,38,,0.87551,0.818368,0.51724,90,0.157427,0.197339,41,19881989,30.56321,27.83908,22,8,41,37,0
19881989,,80,342,4.275,269,3.3625,46,,0.818652,0.787565,0.38125,61,0.185279,0.215736,27,19881989,32.5625,28.45,32,7,27,25,0
19881989,,86,341,3.96511,331,3.84883,38,,0.840172,0.807776,0.48837,84,0.172236,0.203084,36,19881989,31.48837,28.72093,17,12,36,33,0
19881989,,91,391,4.2967,390,4.28571,37,,0.807622,0.767696,0.55494,101,0.206834,0.242805,47,19881989,35.78021,28.83516,5,7,47,44,0
19881989,,90,319,3.54444,310,3.44444,40,,0.78934,0.774112,0.48888,88,0.157276,0.194835,38,19881989,28.38888,29.5,19,12,38,32,0
19881989,,99,345,3.48484,371,3.74747,45,,0.849637,0.807972,0.50505,100,0.228941,0.254859,46,19881989,30.58585,29.57575,4,8,46,44,0
19881989,,80,355,4.4375,300,3.75,42,,0.815718,0.775068,0.4,64,0.187675,0.224089,26,19881989,32.2625,29.75,33,12,26,20,0
19881989,,101,269,2.66336,382,3.78217,25,,0.857487,0.838165,0.70792,143,0.167364,0.200836,67,19881989,26.78217,30.16831,8,9,67,61,0
19881989,,87,279,3.20689,271,3.11494,43,,0.82058,0.796834,0.45977,80,0.151982,0.187224,36,19881989,28.82758,30.31034,23,8,36,33,0
19881989,,80,325,4.0625,265,3.3125,47,,0.746153,0.735898,0.38125,61,0.206349,0.224867,28,19881989,30.7875,30.3625,2,5,28,25,0
19881989,,84,308,3.66666,310,3.69047,42,,0.822784,0.812659,0.47023,79,0.159353,0.203233,37,19881989,29.14285,30.80952,34,5,37,36,0
19881989,,90,286,3.17777,318,3.53333,34,,0.851318,0.822542,0.54444,98,0.178947,0.191578,42,19881989,26.53333,30.93333,6,14,42,39,0
19881989,,80,325,4.0625,281,3.5125,41,,0.768736,0.753748,0.4125,66,0.150537,0.182795,27,19881989,29.8875,31.2,1,12,27,26,0
19881989,,91,377,4.14285,412,4.52747,38,,0.853131,0.803456,0.54395,99,0.181818,0.215077,46,19881989,33.50549,31.28571,26,7,46,40,0
19881989,,86,284,3.30232,324,3.76744,33,,0.813131,0.79293,0.55813,96,0.188016,0.216942,43,19881989,27.53488,31.3372,15,10,43,40,0
19881989,,85,301,3.54117,273,3.21176,41,,0.851931,0.813305,0.42352,72,0.176178,0.200992,28,19881989,32.6,31.3647,31,16,28,28,0
19881989,,96,380,3.95833,349,3.63541,48,,0.818965,0.763794,0.4375,84,0.173664,0.204198,36,19881989,31.26041,32.26041,16,12,36,33,0
19881989,,84,326,3.88095,321,3.82142,39,,0.80303,0.770203,0.48809,82,0.152263,0.187242,37,19881989,30.86904,34.2738,3,8,37,36,0
19881989,,102,281,2.7549,436,4.2745,23,,0.856649,0.834197,0.73039,149,0.225563,0.242481,70,19881989,25.67647,34.5,20,9,70,62,0
19871988,,96,326,3.39583,391,4.07291,35,,0.874326,0.833035,0.57812,111,0.179265,0.200863,50,19871988,29.51041,28.05208,17,11,50,48,0
19871988,,90,332,3.68888,313,3.47777,43,,0.820796,0.787611,0.47777,86,0.190082,0.202479,39,19871988,29.74444,28.47777,19,8,39,37,0
19871988,,80,320,4.0,272,3.4,46,,0.819306,0.794555,0.36875,59,0.144827,0.186206,25,19871988,30.4625,28.7625,23,9,25,25,0
19871988,,98,341,3.47959,447,4.56122,27,,0.851254,0.811828,0.66836,131,0.2,0.229126,60,19871988,28.73469,28.92857,22,11,60,55,0
19871988,,85,349,4.10588,301,3.54117,45,,0.833652,0.797324,0.41764,71,0.202197,0.235164,31,19871988,35.47058,29.17647,16,9,31,27,0
19871988,,100,367,3.67,362,3.62,45,,0.830536,0.793625,0.52,104,0.177257,0.205685,49,19871988,28.73,29.29,1,6,49,44,0
19871988,,91,273,3.0,331,3.63736,28,,0.862921,0.844944,0.62087,113,0.113585,0.153674,50,19871988,28.62637,29.65934,8,13,50,49,0
19871988,,86,333,3.87209,305,3.54651,36,,0.804573,0.787942,0.51744,89,0.15,0.182,39,19871988,32.13953,29.68604,7,11,39,38,0
19871988,,86,377,4.38372,293,3.40697,53,,0.800884,0.769912,0.32558,56,0.126288,0.154639,23,19871988,33.90697,29.8372,10,10,23,21,0
19871988,,80,306,3.825,271,3.3875,43,,0.785365,0.765854,0.43125,69,0.179824,0.217105,32,19871988,29.0375,29.875,32,5,32,30,0
19871988,,86,290,3.37209,326,3.79069,35,,0.797385,0.773421,0.53488,92,0.190588,0.21647,41,19871988,31.19767,30.31395,2,10,41,36,0
19871988,,85,389,4.57647,336,3.95294,46,,0.797385,0.773421,0.41176,70,0.183593,0.216796,31,19871988,32.31764,30.41176,26,8,31,30,0
19871988,,94,299,3.18085,335,3.56382,40,,0.838641,0.813164,0.52659,99,0.161971,0.19014,45,19871988,28.15957,30.69148,15,9,45,42,0
19871988,,80,349,4.3625,242,3.025,48,,0.772935,0.75,0.31875,51,0.144444,0.18,19,19871988,33.4375,30.9875,31,13,19,18,0
19871988,,87,323,3.71264,317,3.64367,37,,0.840996,0.812261,0.52298,91,0.15737,0.175298,41,19871988,30.48275,31.02298,4,9,41,39,0
19871988,,85,335,3.94117,309,3.63529,40,,0.81002,0.782882,0.4647,79,0.211087,0.249466,34,19871988,29.89411,31.22352,33,11,34,26,0
19871988,,80,316,3.95,319,3.9875,35,,0.799212,0.76378,0.50625,81,0.181636,0.21956,36,19871988,31.05,31.3,5,9,36,31,0
19871988,,86,290,3.37209,269,3.1279,42,,0.858407,0.838496,0.47093,81,0.143141,0.176938,37,19871988,27.38372,31.38372,34,7,37,34,0
19871988,,102,320,3.13725,382,3.74509,40,,0.8663,0.831502,0.57843,118,0.143607,0.162872,56,19871988,26.98039,31.40196,6,6,56,52,0
19871988,,80,283,3.5375,300,3.75,34,,0.817966,0.803783,0.5125,82,0.203665,0.226069,36,19871988,30.475,31.7625,3,10,36,36,0
19871988,,89,341,3.83146,438,4.92134,28,,0.851376,0.801835,0.63483,113,0.246049,0.273137,52,19871988,29.10112,33.23595,20,9,52,50,0
19861987,,96,314,3.27083,305,3.17708,43,,0.819095,0.79397,0.5,96,0.178117,0.198473,43,19861987,29.0,27.41666,17,10,43,40,0
19861987,,97,295,3.04123,344,3.54639,36,,0.856368,0.831979,0.57731,112,0.2,0.221333,51,19861987,27.32989,28.04123,8,10,51,47,0
19861987,,86,308,3.58139,293,3.40697,37,,0.841176,0.82353,0.48255,83,0.205128,0.239316,34,19861987,29.53488,29.26744,19,15,34,30,0
19861987,,87,297,3.41379,304,3.49425,36,,0.843843,0.813814,0.52873,92,0.136482,0.175853,41,19861987,29.66666,29.27586,15,10,41,36,0
19861987,,80,368,4.6,293,3.6625,45,,0.759887,0.731639,0.4,64,0.192,0.218666,29,19861987,33.6375,29.4625,1,6,29,26,0
19861987,,93,321,3.45161,315,3.38709,45,,0.859375,0.835938,0.46236,86,0.185096,0.21875,38,19861987,29.11827,29.64516,32,10,38,37,0
19861987,,80,314,3.925,282,3.525,43,,0.790625,0.759375,0.4125,66,0.201704,0.232954,29,19861987,28.5125,29.725,23,8,29,27,0
19861987,,101,341,3.37623,459,4.54455,29,,0.876957,0.803132,0.68316,138,0.197468,0.220253,66,19861987,28.89108,30.0,22,6,66,59,0
19861987,,93,351,3.77419,319,3.4301,48,,0.834666,0.789334,0.45161,84,0.144475,0.172804,39,19861987,32.04301,30.0215,10,6,39,34,0
19861987,,84,295,3.5119,312,3.71428,38,,0.852507,0.81121,0.50595,85,0.183098,0.2,39,19861987,29.53571,30.14285,6,7,39,37,0
19861987,,106,318,3.0,395,3.72641,37,,0.865853,0.810976,0.6132,130,0.172949,0.192904,61,19861987,30.54716,30.20754,4,8,61,59,0
19861987,,80,290,3.625,297,3.7125,38,,0.784053,0.760798,0.45,72,0.183098,0.20845,30,19861987,29.45,30.3125,5,12,30,25,0
19861987,,80,308,3.85,280,3.5,44,,0.770538,0.756374,0.4,64,0.161202,0.185792,28,19861987,29.0625,30.325,7,8,28,27,0
19861987,,86,297,3.45348,306,3.55813,34,,0.80697,0.77748,0.56395,97,0.176623,0.205194,45,19861987,28.15116,30.37209,34,7,45,42,0
19861987,,90,303,3.36666,310,3.44444,38,,0.862162,0.835136,0.53333,96,0.148688,0.177842,44,19861987,27.6,30.47777,33,8,44,42,0
19861987,,85,373,4.38823,338,3.97647,45,,0.75,0.725275,0.42352,72,0.209876,0.251851,32,19861987,31.44705,30.58823,26,8,32,30,0
19861987,,94,323,3.43617,314,3.34042,40,,0.809523,0.791384,0.51063,96,0.218181,0.246753,42,19861987,28.8617,30.69148,2,12,42,36,0
19861987,,80,314,3.925,296,3.7,40,,0.77984,0.755969,0.4375,70,0.178571,0.228021,30,19861987,32.55,30.7375,31,10,30,28,0
19861987,,86,345,4.01162,320,3.72093,42,,0.847457,0.818402,0.46511,80,0.150485,0.191747,36,19861987,32.1279,30.81395,3,8,36,31,0
19861987,,86,311,3.61627,333,3.87209,35,,0.813432,0.793533,0.57558,99,0.201149,0.244252,48,19861987,30.3372,31.39534,20,3,48,46,0
19861987,,84,325,3.86904,296,3.5238,41,,0.77528,0.761236,0.42857,72,0.131964,0.16129,29,19861987,33.88095,31.92857,16,14,29,28,0
19851986,,80,415,5.1875,266,3.325,57,,0.73107,0.710183,0.25,40,0.179894,0.208994,17,19851986,32.85,28.5,17,6,17,15,0
19851986,,100,321,3.21,386,3.86,38,,0.841836,0.811225,0.585,117,0.212328,0.237442,55,19851986,26.75,29.07,8,7,55,51,0
19851986,,80,374,4.675,300,3.75,49,,0.755,0.7425,0.36875,59,0.181564,0.19553,28,19851986,31.1625,29.175,1,3,28,24,0
19851986,,90,325,3.61111,361,4.01111,40,,0.83374,0.801956,0.53333,96,0.190361,0.216867,46,19851986,28.73333,29.2,34,4,46,43,0
19851986,,83,295,3.55421,331,3.98795,32,,0.794037,0.783198,0.54216,90,0.195783,0.222891,39,19851986,33.15662,29.42168,2,12,39,35,0
19851986,,83,350,4.21686,287,3.45783,47,,0.813411,0.781342,0.35542,59,0.168981,0.210648,23,19851986,30.43373,29.42168,23,13,23,22,0
19851986,,80,291,3.6375,296,3.7,37,,0.840707,0.80531,0.5,80,0.174174,0.216216,37,19851986,29.8875,29.975,7,6,37,36,0
19851986,,80,305,3.8125,313,3.9125,38,,0.805309,0.769912,0.475,76,0.184019,0.225181,34,19851986,31.1125,30.225,5,8,34,31,0
19851986,,80,389,4.8625,284,3.55,49,,0.743869,0.719347,0.3375,54,0.134517,0.175126,23,19851986,32.625,30.3,26,8,23,20,0
19851986,,89,296,3.32584,351,3.94382,27,,0.847938,0.809279,0.6573,117,0.210526,0.22807,55,19851986,27.74157,30.33707,15,7,55,51,0
19851986,,83,298,3.59036,317,3.81927,34,,0.783018,0.764151,0.51807,86,0.208715,0.222477,37,19851986,27.10843,30.59036,6,12,37,35,0
19851986,,96,331,3.44791,327,3.40625,46,,0.81573,0.786517,0.48958,94,0.182448,0.198614,44,19851986,30.28125,31.03125,3,6,44,42,0
19851986,,99,361,3.64646,366,3.69696,43,,0.790973,0.762471,0.5202,103,0.163355,0.200883,47,19851986,32.50505,31.13131,19,9,47,40,0
19851986,,90,419,4.65555,351,3.9,52,,0.793187,0.776156,0.38333,69,0.161835,0.190821,31,19851986,34.4,31.54444,10,7,31,27,0
19851986,,83,387,4.66265,303,3.6506,50,,0.794285,0.754286,0.35542,59,0.16442,0.202156,26,19851986,30.08433,31.79518,33,7,26,26,0
19851986,,85,323,3.8,347,4.08235,36,,0.829683,0.800487,0.52352,89,0.210796,0.244215,40,19851986,33.49411,32.11764,31,9,40,36,0
19851986,,83,305,3.67469,337,4.06024,34,,0.83715,0.806616,0.55421,92,0.186206,0.234482,43,19851986,30.09638,32.37349,32,6,43,39,0
19851986,,83,367,4.42168,360,4.33734,36,,0.8125,0.775,0.51807,86,0.226744,0.255813,39,19851986,34.84337,32.56626,16,8,39,36,0
19851986,,90,340,3.77777,467,5.18888,21,,0.880794,0.812363,0.72777,131,0.205357,0.255952,62,19851986,34.2,32.84444,22,7,62,56,0
19851986,,102,384,3.7647,435,4.2647,41,,0.820075,0.780304,0.55392,113,0.209543,0.242738,52,19851986,30.83333,33.83333,20,9,52,50,0
19851986,,85,259,3.04705,350,4.11764,26,,0.864055,0.824885,0.67058,114,0.200483,0.227053,55,19851986,28.67058,34.18823,4,4,55,51,0
19841985,,80,318,3.975,268,3.35,41,,0.820189,0.804417,0.43125,69,0.191222,0.22884,30,19841985,30.2125,27.4625,34,9,30,26,0
19841985,,80,385,4.8125,276,3.45,51,,0.782894,0.759869,0.33125,53,0.11142,0.172701,24,19841985,37.0375,28.125,5,5,24,21,0
19841985,,83,380,4.57831,321,3.86746,44,,0.752873,0.724138,0.39759,66,0.172514,0.216374,27,19841985,31.40963,28.66265,17,12,27,27,0
19841985,,85,259,3.04705,312,3.67058,31,,0.848297,0.820434,0.55294,94,0.214076,0.228739,40,19841985,24.14117,28.68235,7,14,40,40,0
19841985,,80,358,4.475,253,3.1625,52,,0.789308,0.738994,0.3,48,0.163323,0.197707,20,19841985,32.875,29.0625,10,8,20,15,0
19841985,,85,306,3.6,320,3.7647,37,,0.84375,0.795455,0.50588,86,0.187311,0.21148,38,19841985,27.21176,29.57647,6,10,38,34,0
19841985,,80,346,4.325,264,3.3,48,,0.795597,0.767296,0.3375,54,0.160664,0.193905,22,19841985,29.9125,29.6875,1,10,22,22,0
19841985,,92,303,3.29347,352,3.82608,33,,0.839009,0.798762,0.57608,106,0.22043,0.241935,47,19841985,24.79347,29.76086,8,12,47,44,0
19841985,,90,340,3.77777,370,4.11111,40,,0.858468,0.825987,0.52222,94,0.22082,0.246056,44,19841985,32.48888,29.78888,2,6,44,43,0
19841985,,83,359,4.3253,305,3.67469,47,,0.827089,0.801153,0.37349,62,0.217948,0.243589,26,19841985,35.16867,29.9518,3,10,26,24,0
19841985,,98,338,3.44897,381,3.88775,39,,0.818639,0.785895,0.55612,109,0.164556,0.202531,50,19841985,27.62244,30.05102,32,9,50,43,0
19841985,,95,380,4.0,390,4.10526,41,,0.802409,0.775904,0.53157,101,0.199445,0.221606,47,19841985,33.95789,30.27368,16,7,47,43,0
19841985,,80,401,5.0125,284,3.55,46,,0.731788,0.705299,0.36875,59,0.150159,0.194888,25,19841985,33.2625,31.1625,23,9,25,18,0
19841985,,83,297,3.57831,304,3.66265,34,,0.786624,0.761147,0.51807,86,0.186119,0.214511,37,19841985,29.83132,31.28915,19,12,37,35,0
19841985,,89,359,4.0337,306,3.4382,47,,0.785542,0.773494,0.40449,72,0.179419,0.218997,30,19841985,32.64044,31.7528,31,12,30,28,0
19841985,,88,367,4.17045,384,4.36363,32,,0.817919,0.771677,0.57954,102,0.176966,0.238764,46,19841985,31.73863,31.77272,33,10,46,42,0
19841985,,83,337,4.06024,346,4.16867,35,,0.854368,0.825243,0.49397,82,0.191709,0.227979,34,19841985,30.44578,32.01204,26,14,34,31,0
19841985,,85,254,2.98823,334,3.92941,28,,0.792993,0.773886,0.61764,105,0.211111,0.230555,48,19841985,25.75294,32.07058,15,9,48,43,0
19841985,,98,355,3.62244,499,5.09183,23,,0.86199,0.791856,0.70918,139,0.219178,0.243835,64,19841985,32.17346,32.61224,22,11,64,62,0
19841985,,99,295,2.97979,409,4.13131,27,,0.856097,0.797561,0.69191,137,0.193627,0.213235,65,19841985,29.76767,33.14141,4,7,65,63,0
19841985,,84,317,3.7738,376,4.47619,30,,0.786982,0.745563,0.57142,96,0.179411,0.247058,42,19841985,31.23809,34.88095,20,12,42,41,0
19831984,,80,350,4.375,231,2.8875,56,,0.767857,0.752977,0.25625,41,0.107438,0.14325,17,19831984,32.0,26.3875,1,7,17,16,0
19831984,,95,327,3.4421,328,3.45263,46,,0.848942,0.806647,0.48947,93,0.168067,0.190476,44,19831984,25.50526,27.81052,8,5,44,43,0
19831984,,89,303,3.40449,386,4.33707,32,,0.85,0.8175,0.58426,104,0.17919,0.210982,47,19831984,27.82022,28.25842,32,10,47,46,0
19831984,,80,390,4.875,254,3.175,58,,0.776536,0.759777,0.2375,38,0.168141,0.209439,16,19831984,36.35,28.3375,5,6,16,15,0
19831984,,84,336,4.0,310,3.69047,45,,0.780487,0.75,0.42261,71,0.188976,0.217847,32,19831984,28.91666,29.32142,17,7,32,29,0
19831984,,101,329,3.25742,419,4.14851,35,,0.860262,0.816594,0.63366,128,0.18232,0.209944,62,19831984,32.37623,29.34653,2,4,62,57,0
19831984,,80,387,4.8375,303,3.7875,45,,0.761658,0.735752,0.38125,61,0.198433,0.21671,26,19831984,35.4,29.3625,10,9,26,25,0
19831984,,83,270,3.25301,320,3.85542,28,,0.857142,0.818816,0.62048,103,0.162241,0.209439,48,19831984,26.74698,29.78313,7,7,48,43,0
19831984,,83,271,3.26506,338,4.07228,28,,0.860465,0.831396,0.6265,104,0.214084,0.233802,49,19831984,26.04819,29.79518,6,6,49,48,0
19831984,,80,320,4.0,288,3.6,42,,0.79139,0.774835,0.4125,66,0.200607,0.243161,28,19831984,31.1375,30.075,34,10,28,26,0
19831984,,85,329,3.87058,291,3.42352,45,,0.807692,0.782968,0.42352,72,0.174647,0.197183,32,19831984,31.75294,30.27058,16,8,32,32,0
19831984,,91,347,3.81318,323,3.54945,46,,0.775362,0.758455,0.45604,83,0.172588,0.220812,38,19831984,30.37362,30.31868,19,7,38,32,0
19831984,,80,376,4.7,309,3.8625,44,,0.755102,0.721089,0.36875,59,0.160664,0.207756,23,19831984,31.6875,30.8875,26,13,23,22,0
19831984,,84,342,4.07142,319,3.79761,42,,0.781155,0.768997,0.44642,75,0.211488,0.242819,33,19831984,29.44047,31.2619,23,9,33,30,0
19831984,,88,251,2.85227,336,3.81818,31,,0.884012,0.858935,0.61931,109,0.164677,0.207637,52,19831984,24.48863,31.4659,15,5,52,51,0
19831984,,85,317,3.72941,328,3.85882,32,,0.829268,0.794038,0.57058,97,0.210691,0.245283,44,19831984,31.64705,31.78823,3,9,44,39,0
19831984,,96,397,4.13541,392,4.08333,40,,0.829059,0.784189,0.53125,102,0.229064,0.261083,46,19831984,32.0625,31.79166,31,10,46,40,0
19831984,,91,360,3.95604,352,3.86813,37,,0.845108,0.798914,0.51648,94,0.177142,0.211428,40,19831984,33.53846,32.16483,20,14,40,34,0
19831984,,83,392,4.72289,347,4.18072,41,,0.792507,0.752162,0.43975,73,0.167958,0.21447,31,19831984,33.13253,32.46987,33,11,31,24,0
19831984,,99,370,3.73737,540,5.45454,22,,0.878464,0.793177,0.75252,149,0.208121,0.24873,72,19831984,32.78787,33.61616,22,5,72,67,0
19831984,,83,305,3.67469,355,4.2771,29,,0.807486,0.764706,0.59036,98,0.175925,0.200617,44,19831984,28.69879,36.51807,4,10,44,41,0
19821983,,80,338,4.225,230,2.875,49,,0.757679,0.733789,0.3,48,0.182119,0.215231,17,19821983,32.0875,25.6875,1,14,17,17,0
19821983,,89,324,3.64044,339,3.80898,39,,0.79083,0.753582,0.50561,90,0.193905,0.224376,40,19821983,30.65168,28.35955,3,10,40,40,0
19821983,,80,403,5.0375,261,3.2625,54,,0.775086,0.754326,0.28125,45,0.156133,0.189591,19,19821983,35.8875,28.575,34,7,19,19,0
19821983,,84,348,4.14285,311,3.70238,43,,0.786931,0.75,0.41666,70,0.204787,0.228723,29,19821983,32.47619,28.64285,10,12,29,29,0
19821983,,89,366,4.11235,351,3.94382,39,,0.807308,0.777409,0.48314,86,0.198113,0.232704,36,19821983,33.20224,28.76404,20,14,36,34,0
19821983,,84,347,4.13095,351,4.17857,37,,0.762162,0.743244,0.48809,82,0.184466,0.203883,35,19821983,32.42857,28.79761,32,12,35,35,0
19821983,,80,344,4.3,263,3.2875,44,,0.75,0.726028,0.35625,57,0.104477,0.138059,21,19821983,28.95,29.6375,17,15,21,21,0
19821983,,90,320,3.55555,349,3.87777,33,,0.868589,0.830129,0.56111,101,0.182608,0.214492,44,19821983,26.44444,29.73333,7,13,44,44,0
19821983,,80,394,4.925,257,3.2125,53,,0.732323,0.724748,0.28125,45,0.183333,0.225,18,19821983,32.6875,30.225,5,9,18,18,0
19821983,,84,326,3.88095,317,3.7738,38,,0.817589,0.801303,0.45833,77,0.226628,0.260623,31,19821983,30.71428,30.2619,23,15,31,31,0
19821983,,97,289,2.97938,392,4.04123,28,,0.833819,0.798834,0.65979,128,0.197889,0.216358,59,19821983,25.43298,30.61855,6,10,59,57,0
19821983,,84,302,3.59523,317,3.7738,28,,0.825082,0.815182,0.57142,96,0.171503,0.200527,40,19821983,28.95238,30.64285,15,16,40,40,0
19821983,,100,279,2.79,396,3.96,31,,0.874709,0.844548,0.63,126,0.239067,0.256559,57,19821983,30.03,30.81,2,12,57,57,0
19821983,,84,332,3.95238,295,3.5119,43,,0.841225,0.816156,0.3988,67,0.181818,0.214076,26,19821983,31.46428,31.17857,19,15,26,26,0
19821983,,83,347,4.18072,320,3.85542,42,,0.76923,0.734616,0.44578,74,0.206896,0.235632,33,19821983,31.6265,31.6506,33,8,33,33,0
19821983,,93,319,3.4301,387,4.16129,29,,0.768392,0.754769,0.6344,118,0.238726,0.259946,54,19821983,31.04301,31.92473,16,10,54,53,0
19821983,,83,294,3.54216,352,4.24096,27,,0.772893,0.74359,0.59036,98,0.19322,0.220338,42,19821983,28.91566,32.6024,8,14,42,42,0
19821983,,89,330,3.70786,355,3.98876,29,,0.844961,0.801034,0.58426,104,0.214099,0.27154,44,19821983,31.67415,32.79775,31,16,44,42,0
19821983,,96,365,3.80208,504,5.25,26,,0.840425,0.772341,0.66666,128,0.251366,0.273224,58,19821983,31.88541,33.17708,22,12,58,58,0
19821983,,80,365,4.5625,308,3.85,41,,0.720136,0.686007,0.4125,66,0.200598,0.242514,27,19821983,30.5875,33.4625,26,12,27,27,0
19821983,,83,258,3.10843,335,4.03614,26,,0.857954,0.815341,0.63855,106,0.191126,0.215017,49,19821983,26.50602,34.50602,4,8,49,49,0
19811982,,80,362,4.525,241,3.0125,49,,0.783882,0.769231,0.30625,49,0.103333,0.153333,18,19811982,33.8375,26.3375,35,13,18,18,0
19811982,,96,405,4.21875,404,4.20833,40,,0.831265,0.78412,0.5,96,0.22513,0.259162,40,19811982,30.05208,28.29166,32,16,40,38,0
19811982,,90,348,3.86666,355,3.94444,32,,0.782967,0.763737,0.56666,102,0.184659,0.230113,44,19811982,29.54444,28.34444,3,14,44,44,0
19811982,,80,380,4.75,298,3.725,44,,0.757575,0.730028,0.35,56,0.18213,0.202749,20,19811982,34.7125,29.1,10,16,20,20,0
19811982,,84,290,3.45238,318,3.78571,29,,0.803448,0.789656,0.56547,95,0.191558,0.224025,40,19811982,28.96428,29.15476,7,15,40,40,0
19811982,,83,355,4.2771,339,4.08433,37,,0.802985,0.779105,0.4518,75,0.232786,0.262295,29,19811982,33.37349,29.66265,20,17,29,29,0
19811982,,91,324,3.56043,366,4.02197,32,,0.83086,0.79822,0.5934,108,0.199395,0.223564,49,19811982,25.81318,30.27472,6,10,49,48,0
19811982,,97,336,3.46391,347,3.57731,39,,0.798449,0.777778,0.5103,99,0.167919,0.195488,41,19811982,31.10309,30.56701,23,17,41,38,0
19811982,,90,385,4.27777,354,3.93333,45,,0.796068,0.769042,0.45555,82,0.178294,0.21447,37,19811982,32.07777,30.66666,19,8,37,36,0
19811982,,80,351,4.3875,264,3.3,41,,0.742857,0.721429,0.375,60,0.203389,0.230508,21,19811982,34.0625,31.1,34,18,21,21,0
19811982,,99,302,3.0505,470,4.74747,20,,0.849148,0.800487,0.74747,148,0.271739,0.279891,69,19811982,29.62626,31.28282,2,10,69,65,0
19811982,,80,338,4.225,319,3.9875,41,,0.812297,0.786408,0.40625,65,0.198067,0.224637,26,19811982,33.2875,31.475,15,13,26,26,0
19811982,,85,359,4.22352,323,3.8,39,,0.790476,0.771429,0.4647,79,0.206572,0.239436,33,19811982,31.52941,31.67058,5,13,33,32,0
19811982,,95,414,4.35789,382,4.02105,45,,0.796498,0.763677,0.46315,88,0.204787,0.239361,38,19811982,33.22105,31.90526,16,12,38,37,0
19811982,,90,411,4.56666,355,3.94444,47,,0.744252,0.724138,0.39444,71,0.185463,0.220551,28,19811982,30.7,32.37777,26,15,28,26,0
19811982,,84,352,4.19047,332,3.95238,36,,0.776515,0.761364,0.48809,82,0.192634,0.223796,34,19811982,32.14285,33.0238,33,14,34,34,0
19811982,,84,302,3.59523,360,4.28571,26,,0.857638,0.819445,0.57142,96,0.215938,0.241645,38,19811982,32.72619,33.15476,31,20,38,38,0
19811982,,80,351,4.3875,270,3.375,47,,0.770318,0.734983,0.3375,54,0.141176,0.164705,21,19811982,28.1625,33.375,17,12,21,21,0
19811982,,85,234,2.75294,376,4.42352,20,,0.846645,0.808307,0.6647,113,0.21148,0.229607,48,19811982,27.07058,33.69411,8,17,48,48,0
19811982,,85,322,3.78823,440,5.17647,20,,0.847117,0.809524,0.67647,115,0.231197,0.253481,50,19811982,31.95294,33.7647,22,15,50,49,0
19811982,,84,332,3.95238,340,4.04761,34,,0.759305,0.727048,0.52976,89,0.251592,0.267515,39,19811982,29.92857,33.82142,4,11,39,39,0
19801981,,96,358,3.72916,384,4.0,34,,0.809411,0.790589,0.57291,110,0.217506,0.262599,48,19801981,33.86458,27.86458,20,14,48,47,0
19801981,,84,313,3.72619,349,4.15476,27,,0.81016,0.775402,0.60119,101,0.230366,0.248691,44,19801981,30.78571,28.0,26,13,44,44,0
19801981,,80,400,5.0,246,3.075,57,,0.773076,0.742308,0.2,32,0.130057,0.17341,9,19801981,34.9,28.275,33,14,9,9,0
19801981,,85,340,4.0,331,3.89411,35,,0.786127,0.765896,0.48235,82,0.202739,0.235616,32,19801981,30.49411,28.31764,32,18,32,31,0
19801981,,80,372,4.65,292,3.65,41,,0.795731,0.756098,0.375,60,0.140186,0.186915,21,19801981,35.3875,28.75,34,18,21,21,0
19801981,,83,292,3.51807,329,3.96385,33,,0.809651,0.764076,0.52409,87,0.225988,0.251412,37,19801981,25.34939,29.28915,6,13,37,37,0
19801981,,80,317,3.9625,286,3.575,36,,0.76415,0.738994,0.4375,70,0.152284,0.187817,26,19801981,31.6125,29.3125,15,18,26,26,0
19801981,,80,344,4.3,258,3.225,45,,0.770318,0.752651,0.35625,57,0.188888,0.211111,22,19801981,29.3,29.5875,35,13,22,22,0
19801981,,89,362,4.06741,363,4.07865,39,,0.780612,0.744898,0.47191,84,0.197435,0.220512,34,19801981,29.64044,29.60674,22,16,34,34,0
19801981,,98,308,3.14285,452,4.61224,21,,0.855603,0.795259,0.71428,140,0.293233,0.310776,63,19801981,29.64285,30.22448,2,14,63,62,0
19801981,,91,331,3.63736,394,4.32967,24,,0.857142,0.815585,0.64285,117,0.20792,0.245049,50,19801981,31.74725,30.37362,19,17,50,49,0
19801981,,94,373,3.96808,372,3.95744,43,,0.812775,0.777534,0.46808,88,0.140435,0.179176,37,19801981,27.79787,30.4468,3,14,37,37,0
19801981,,83,314,3.78313,296,3.56626,35,,0.787965,0.756447,0.45783,76,0.160818,0.201754,28,19801981,30.06024,30.75903,23,20,28,28,0
19801981,,80,339,4.2375,252,3.15,43,,0.763406,0.741325,0.35,56,0.151898,0.189873,19,19801981,29.95,30.85,17,18,19,19,0
19801981,,88,280,3.18181,357,4.05681,24,,0.862068,0.831035,0.60795,107,0.216216,0.249249,43,19801981,28.25,31.125,7,21,43,41,0
19801981,,83,330,3.9759,313,3.77108,36,,0.773936,0.75,0.46987,78,0.185897,0.217948,31,19801981,34.09638,32.46987,16,16,31,31,0
19801981,,85,365,4.29411,323,3.8,40,,0.746835,0.729114,0.45294,77,0.205673,0.231678,32,19801981,30.95294,32.69411,5,13,32,32,0
19801981,,99,337,3.40404,375,3.78787,35,,0.814516,0.77957,0.5606,111,0.186878,0.222664,47,19801981,30.44444,32.72727,31,17,47,45,0
19801981,,92,288,3.13043,361,3.92391,30,,0.82281,0.798371,0.59239,109,0.260317,0.273015,47,19801981,28.63043,33.2826,4,15,47,47,0
19801981,,83,247,2.9759,338,4.07228,25,,0.848797,0.821306,0.62048,103,0.20886,0.234177,45,19801981,26.51807,33.79518,8,13,45,45,0
19801981,,83,387,4.66265,326,3.92771,40,,0.790697,0.769768,0.42771,71,0.229885,0.247126,28,19801981,33.45783,34.15662,10,15,28,28,0
19791980,,83,290,3.49397,270,3.25301,37,,0.857142,0.838346,0.48192,80,0.165562,0.178807,34,19791980,30.80722,27.19277,19,12,34,34,0
19791980,,80,313,3.9125,248,3.1,44,,0.75,0.735075,0.38125,61,0.178217,0.20792,25,19791980,32.55,27.3,32,11,25,25,0
19791980,,83,330,3.9759,311,3.74698,37,,0.777777,0.747127,0.43975,73,0.184684,0.189189,27,19791980,29.77108,27.34939,34,19,27,27,0
19791980,,84,283,3.36904,290,3.45238,35,,0.831615,0.810997,0.50595,85,0.199152,0.23305,36,19791980,30.48809,28.09523,47,13,36,36,0
19791980,,90,267,2.96666,345,3.83333,27,,0.851311,0.822158,0.62777,113,0.217081,0.234875,50,19791980,24.28888,28.31111,6,13,50,49,0
19791980,,80,314,3.925,214,2.675,49,,0.785454,0.77091,0.31875,51,0.157738,0.1875,20,19791980,31.6875,28.3125,33,11,20,20,0
19791980,,83,334,4.02409,307,3.69879,42,,0.803076,0.766154,0.41566,69,0.2,0.213793,28,19791980,31.19277,28.34939,22,13,28,28,0
19791980,,80,293,3.6625,261,3.2625,40,,0.757085,0.736843,0.41875,67,0.168918,0.182432,27,19791980,29.55,28.4375,15,13,27,27,0
19791980,,101,313,3.099,369,3.65346,34,,0.824691,0.790124,0.599,121,0.221606,0.240997,54,19791980,29.82178,28.48514,2,13,54,48,0
19791980,,84,334,3.97619,300,3.57142,39,,0.713355,0.687297,0.45238,76,0.223926,0.257668,31,19791980,30.86904,28.7619,26,14,31,31,0
19791980,,84,296,3.5238,263,3.13095,40,,0.759075,0.752476,0.42857,72,0.13125,0.16875,28,19791980,29.15476,28.78571,23,16,28,28,0
19791980,,94,237,2.52127,366,3.89361,22,,0.841423,0.831716,0.68085,128,0.229166,0.25,56,19791980,24.70212,29.29787,7,16,56,56,0
19791980,,80,308,3.85,234,2.925,48,,0.799126,0.772926,0.31875,51,0.169491,0.179661,19,19791980,28.625,29.3875,35,13,19,19,0
19791980,,89,306,3.4382,329,3.69662,37,,0.857558,0.831396,0.52808,94,0.215743,0.241982,42,19791980,29.0337,29.69662,3,10,42,41,0
19791980,,80,306,3.825,268,3.35,43,,0.785185,0.762963,0.39375,63,0.216911,0.224264,26,19791980,28.4625,29.8625,17,11,26,26,0
19791980,,85,324,3.81176,265,3.11764,40,,0.765151,0.742425,0.45294,77,0.181494,0.202846,32,19791980,30.0,30.25882,5,13,32,32,0
19791980,,87,270,3.10344,260,2.9885,31,,0.820189,0.801262,0.53448,93,0.209459,0.239864,37,19791980,31.02298,30.49425,16,19,37,36,0
19791980,,95,309,3.25263,360,3.78947,35,,0.819727,0.795919,0.54736,104,0.201995,0.229426,44,19791980,29.10526,31.63157,31,16,44,43,0
19791980,,90,266,2.95555,367,4.07777,24,,0.826714,0.815885,0.66111,119,0.255033,0.281879,53,19791980,27.73333,31.78888,8,13,53,52,0
19791980,,83,344,4.14457,312,3.75903,43,,0.790229,0.784483,0.4518,75,0.231034,0.248275,35,19791980,33.69879,32.31325,10,5,35,35,0
19791980,,99,307,3.10101,405,4.0909,18,,0.83231,0.791412,0.71717,142,0.14121,0.17291,61,19791980,28.22222,33.95959,4,20,61,59,0
19781979,,80,348,4.35,249,3.1125,50,,0.757085,0.74494,0.3,48,0.143884,0.172661,18,19781979,31.625,26.6375,19,12,18,18,0
19781979,,83,306,3.68674,226,2.72289,44,,0.803088,0.799228,0.39156,65,0.15605,0.184713,26,19781979,30.84337,27.06024,23,13,26,26,0
19781979,,80,331,4.1375,210,2.625,53,,0.744075,0.706162,0.2625,42,0.209737,0.224719,15,19781979,30.9625,27.3375,35,12,15,15,0
19781979,,84,291,3.46428,247,2.94047,40,,0.792207,0.766234,0.43452,73,0.144531,0.160156,29,19781979,34.05952,27.88095,16,15,29,29,0
19781979,,91,302,3.31868,352,3.86813,27,,0.768987,0.746836,0.62637,114,0.203636,0.236363,50,19781979,25.06593,27.98901,6,14,50,49,0
19781979,,82,289,3.52439,332,4.04878,33,,0.83,0.81,0.54878,90,0.209876,0.234567,41,19781979,29.4878,28.25609,47,8,41,41,0
19781979,,80,295,3.6875,252,3.15,41,,0.810035,0.774194,0.3875,62,0.211009,0.238532,23,19781979,28.325,28.3875,17,16,23,23,0
19781979,,80,338,4.225,273,3.4125,41,,0.715328,0.697081,0.39375,63,0.149006,0.188741,24,19781979,31.65,28.475,15,15,24,24,0
19781979,,90,235,2.61111,385,4.27777,19,,0.83492,0.809524,0.71111,128,0.274914,0.288659,57,19781979,28.86666,28.65555,2,14,57,54,0
19781979,,83,272,3.2771,289,3.48192,30,,0.830258,0.797048,0.54216,90,0.18909,0.203636,37,19781979,29.79518,30.15662,7,16,37,37,0
19781979,,82,295,3.59756,294,3.58536,36,,0.795275,0.771654,0.4878,80,0.217391,0.242236,34,19781979,29.60975,30.34146,26,12,34,34,0
19781979,,98,334,3.40816,382,3.89795,36,,0.810666,0.770667,0.57653,113,0.196335,0.230366,51,19781979,28.11224,30.39795,3,11,51,50,0
19781979,,80,289,3.6125,257,3.2125,40,,0.810344,0.793104,0.425,68,0.186851,0.217993,28,19781979,28.5625,30.6375,31,12,28,28,0
19781979,,86,276,3.2093,286,3.32558,37,,0.797222,0.780556,0.49418,85,0.219607,0.247058,36,19781979,31.69767,30.65116,10,13,36,36,0
19781979,,88,285,3.23863,304,3.45454,30,,0.836272,0.79597,0.57386,101,0.220532,0.247148,43,19781979,25.70454,31.68181,4,15,43,42,0
19781979,,87,304,3.49425,297,3.41379,36,,0.799256,0.773235,0.51149,89,0.183391,0.200692,38,19781979,30.94252,31.71264,5,13,38,37,0
19781979,,96,245,2.55208,400,4.16666,21,,0.861111,0.833334,0.72395,139,0.257731,0.285223,64,19781979,25.5,32.1875,8,11,64,60,0
19771978,,80,321,4.0125,195,2.4375,49,,0.721568,0.713726,0.3,48,0.069852,0.125,17,19771978,31.25,24.95,15,14,17,17,0
19771978,,80,320,4.0,239,2.9875,43,,0.72807,0.714913,0.35625,57,0.198501,0.224719,20,19771978,30.775,25.65,23,17,20,20,0
19771978,,80,325,4.0625,230,2.875,45,,0.754237,0.741526,0.35625,57,0.121771,0.151291,22,19771978,32.8,26.7375,49,13,22,22,0
19771978,,80,304,3.8,195,2.4375,47,,0.743589,0.733334,0.33125,53,0.155893,0.1673,20,19771978,29.75,27.8375,19,13,20,20,0
19771978,,83,291,3.50602,285,3.43373,39,,0.842519,0.80315,0.4518,75,0.263345,0.284697,31,19771978,31.42168,28.01204,3,13,31,30,0
19771978,,87,295,3.3908,270,3.10344,38,,0.81962,0.778482,0.48275,84,0.173501,0.201892,35,19771978,28.72413,28.06896,17,14,35,35,0
19771978,,84,239,2.84523,239,2.84523,33,,0.848684,0.835527,0.49404,83,0.2,0.213636,32,19771978,30.7738,28.7738,16,19,32,32,0
19771978,,80,325,4.0625,218,2.725,53,,0.730232,0.71628,0.28125,45,0.115853,0.14939,18,19771978,31.5,28.8125,31,9,18,18,0
19771978,,80,321,4.0125,254,3.175,37,,0.767634,0.746888,0.425,68,0.183266,0.211155,25,19771978,34.8625,28.825,5,18,25,25,0
19771978,,93,269,2.89247,304,3.26881,36,,0.835777,0.821115,0.55913,104,0.182692,0.205128,47,19771978,30.37634,29.05376,10,10,47,46,0
19771978,,82,260,3.17073,279,3.40243,29,,0.809885,0.794677,0.53048,87,0.194871,0.220512,34,19771978,26.58536,29.19512,47,19,34,34,0
19771978,,82,311,3.79268,260,3.17073,42,,0.795833,0.775,0.35975,59,0.200704,0.225352,19,19771978,31.95121,29.7317,35,21,19,19,0
19771978,,95,260,2.73684,386,4.06315,23,,0.836206,0.816092,0.7,133,0.204225,0.211267,61,19771978,22.81052,29.76842,6,11,61,57,0
19771978,,88,237,2.69318,310,3.52272,24,,0.870833,0.841667,0.63068,111,0.20152,0.212927,47,19771978,27.7159,30.88636,7,17,47,47,0
19771978,,87,226,2.5977,347,3.9885,21,,0.859531,0.836121,0.67241,117,0.267716,0.291338,51,19771978,28.13793,31.12643,2,15,51,49,0
19771978,,82,256,3.12195,246,3.0,36,,0.811715,0.799164,0.46951,77,0.164794,0.187265,31,19771978,26.85365,31.26829,26,15,31,31,0
19771978,,92,235,2.55434,333,3.61956,25,,0.854111,0.806367,0.64673,119,0.219512,0.243902,52,19771978,25.52173,32.45652,4,15,52,51,0
19771978,,95,212,2.23157,417,4.38947,13,,0.868913,0.827716,0.80526,153,0.303886,0.30742,71,19771978,25.6421,32.47368,8,11,71,70,0
19761977,,80,307,3.8375,221,2.7625,42,,,,0.3875,62,,,24,19761977,32.3,26.0625,15,14,24,24,0
19761977,,80,309,3.8625,183,2.2875,55,,,,0.25625,41,,,16,19761977,29.0625,27.475,17,9,16,16,0
19761977,,80,294,3.675,235,2.9375,42,,,,0.39375,63,,,25,19761977,31.0,27.7,23,13,25,25,0
19761977,,82,321,3.91463,243,2.96341,41,,,,0.39024,64,,,23,19761977,31.86585,27.81707,31,18,23,23,0
19761977,,82,305,3.71951,243,2.96341,45,,,,0.38414,63,,,26,19761977,34.92682,27.9878,16,11,26,26,0
19761977,,80,307,3.8375,226,2.825,46,,,,0.3375,54,,,20,19761977,35.225,28.55,35,14,20,20,0
19761977,,92,225,2.44565,324,3.52173,25,,,,0.66304,122,,,55,19761977,28.73913,28.84782,2,12,55,54,0
19761977,,80,292,3.65,240,3.0,42,,,,0.39375,63,,,25,19761977,31.7875,28.8625,49,13,25,25,0
19761977,,83,265,3.19277,250,3.01204,35,,,,0.5,83,,,35,19761977,32.6265,29.6024,5,13,35,35,0
19761977,,89,278,3.12359,306,3.4382,36,,,,0.51123,91,,,38,19761977,28.7528,29.69662,26,15,38,38,0
19761977,,84,295,3.5119,243,2.89285,43,,,,0.43452,73,,,32,19761977,27.86904,29.84523,19,9,32,32,0
19761977,,94,288,3.06382,362,3.85106,29,,,,0.64893,122,,,57,19761977,25.11702,29.95744,6,8,57,55,0
19761977,,83,276,3.3253,271,3.26506,36,,,,0.49397,82,,,35,19761977,27.6024,31.10843,47,12,35,35,0
19761977,,89,314,3.52808,332,3.73033,37,,,,0.5,89,,,37,19761977,34.37078,31.5955,10,15,37,37,0
19761977,,90,245,2.72222,350,3.88888,22,,,,0.66666,120,,,52,19761977,26.98888,31.71111,4,16,52,50,0
19761977,,86,239,2.77906,322,3.74418,28,,,,0.6279,108,,,50,19761977,25.66279,31.79069,7,8,50,50,0
19761977,,94,194,2.06382,441,4.69148,10,,,,0.82978,156,,,72,19761977,25.26595,34.52127,8,12,72,71,0
19761977,,80,310,3.875,272,3.4,37,,,,0.45,72,,,29,19761977,31.8,34.6625,3,14,29,29,0
19751976,,80,394,4.925,224,2.8,59,,,,0.2,32,,,11,19751976,36.9375,24.4125,15,10,11,11,0
19751976,,80,303,3.7875,195,2.4375,53,,,,0.29375,47,,,20,19751976,33.1875,24.425,31,7,20,20,0
19751976,,80,351,4.3875,190,2.375,56,,,,0.225,36,,,12,19751976,36.175,27.4,48,12,12,12,0
19751976,,80,300,3.75,226,2.825,44,,,,0.3875,62,,,26,19751976,31.6125,28.4,17,10,26,26,0
19751976,,89,292,3.28089,280,3.14606,37,,,,0.5337,95,,,43,19751976,28.83146,28.61797,26,9,43,41,0
19751976,,80,278,3.475,250,3.125,42,,,,0.40625,65,,,27,19751976,30.5125,28.7125,56,11,27,27,0
19751976,,83,297,3.57831,257,3.09638,39,,,,0.44578,74,,,30,19751976,31.39759,29.20481,19,14,30,30,0
19751976,,84,274,3.2619,257,3.05952,34,,,,0.48809,82,,,32,19751976,31.23809,29.29761,16,18,32,32,0
19751976,,82,280,3.41463,275,3.35365,34,,,,0.4939,81,,,33,19751976,30.2317,29.75609,23,15,33,33,0
19751976,,93,229,2.46236,340,3.65591,27,,,,0.61827,115,,,49,19751976,28.76344,30.30107,2,17,49,49,0
19751976,,82,240,2.92682,263,3.20731,35,,,,0.5,82,,,35,19751976,29.25609,30.35365,47,12,35,35,0
19751976,,92,270,2.93478,351,3.81521,22,,,,0.66847,123,,,53,19751976,26.34782,32.67391,6,17,53,53,0
19751976,,80,333,4.1625,262,3.275,42,,,,0.41875,67,,,29,19751976,32.1875,33.0,3,9,29,29,0
19751976,,90,312,3.46666,325,3.61111,36,,,,0.51666,93,,,39,19751976,32.03333,33.47777,10,15,39,39,0
19751976,,93,200,2.15053,381,4.09677,12,,,,0.81182,151,,,70,19751976,27.32258,33.69892,8,11,70,70,0
19751976,,83,311,3.74698,342,4.12048,35,,,,0.50602,84,,,36,19751976,31.98795,33.79518,5,12,36,36,0
19751976,,89,269,3.02247,364,4.08988,26,,,,0.63483,113,,,50,19751976,26.28089,33.86516,7,13,50,47,0
19751976,,96,258,2.6875,409,4.26041,21,,,,0.69791,134,,,59,19751976,28.125,36.26041,4,16,59,58,0
19741975,,80,446,5.575,181,2.2625,67,,,,0.13125,21,,,8,19741975,38.3,23.0625,15,5,8,8,0
19741975,,80,316,3.95,212,2.65,48,,,,0.31875,51,,,19,19741975,33.7875,26.8625,56,13,19,19,0
19741975,,80,341,4.2625,221,2.7625,50,,,,0.33125,53,,,23,19741975,35.1125,27.5,31,7,23,23,0
19741975,,80,328,4.1,184,2.3,54,,,,0.25625,41,,,15,19741975,35.0625,27.7875,48,11,15,15,0
19741975,,80,233,2.9125,243,3.0375,31,,,,0.51875,83,,,34,19741975,31.85,28.35,47,15,34,34,0
19741975,,97,271,2.79381,311,3.20618,33,,,,0.54639,106,,,42,19741975,29.92783,29.21649,2,22,42,40,0
19741975,,80,335,4.1875,259,3.2375,45,,,,0.3625,58,,,23,19741975,31.1,29.325,17,12,23,23,0
19741975,,83,192,2.31325,275,3.31325,19,,,,0.64457,107,,,43,19741975,29.90361,29.33734,26,21,43,42,0
19741975,,88,276,3.13636,290,3.29545,40,,,,0.5,88,,,40,19741975,29.56818,30.27272,16,8,40,38,0
19741975,,85,274,3.22352,280,3.29411,36,,,,0.51764,88,,,39,19741975,29.50588,30.28235,23,10,39,39,0
19741975,,82,276,3.36585,275,3.35365,33,,,,0.51219,84,,,35,19741975,30.53658,31.20731,19,14,35,35,0
19741975,,91,255,2.80219,423,4.64835,19,,,,0.68681,125,,,53,19741975,28.80219,32.20879,8,19,53,52,0
19741975,,97,215,2.21649,346,3.56701,23,,,,0.70618,137,,,63,19741975,25.28865,32.86597,4,11,63,61,0
19741975,,87,330,3.7931,293,3.36781,38,,,,0.47126,82,,,33,19741975,31.83908,33.74712,10,16,33,32,0
19741975,,83,286,3.44578,332,4.0,31,,,,0.54216,90,,,38,19741975,27.78313,33.92771,3,14,38,38,0
19741975,,89,316,3.55056,353,3.96629,32,,,,0.55617,99,,,42,19741975,33.82022,34.33707,5,15,42,42,0
19741975,,83,257,3.09638,360,4.33734,28,,,,0.57831,96,,,41,19741975,27.91566,35.24096,6,14,41,41,0
19741975,,97,298,3.07216,407,4.19587,23,,,,0.68556,133,,,59,19741975,26.23711,35.96907,7,15,59,56,0
19731974,,78,342,4.38461,195,2.5,55,,,,0.23076,36,,,13,19731974,34.61538,25.55128,56,10,13,13,0
19731974,,78,247,3.16666,182,2.33333,41,,,,0.35897,56,,,19,19731974,30.64102,25.97435,2,18,19,19,0
19731974,,89,199,2.23595,302,3.39325,19,,,,0.6573,117,,,47,19731974,29.3146,27.21348,16,23,47,46,0
19731974,,78,296,3.79487,224,2.87179,43,,,,0.3782,59,,,24,19731974,31.74358,28.23076,23,11,24,24,0
19731974,,78,248,3.17948,206,2.64102,40,,,,0.41025,64,,,26,19731974,31.07692,28.89743,19,12,26,26,0
19731974,,83,241,2.90361,240,2.89156,37,,,,0.48192,80,,,34,19731974,28.79518,29.0,26,12,34,34,0
19731974,,78,319,4.08974,255,3.26923,39,,,,0.43589,68,,,29,19731974,32.17948,29.84615,17,10,29,29,0
19731974,,84,261,3.10714,310,3.69047,28,,,,0.61309,103,,,47,19731974,29.91666,30.0119,8,9,47,47,0
19731974,,82,255,3.10975,220,2.68292,38,,,,0.45121,74,,,30,19731974,30.60975,30.34146,47,14,30,30,0
19731974,,78,250,3.20512,242,3.10256,34,,,,0.48717,76,,,32,19731974,28.74358,31.21794,7,12,32,32,0
19731974,,78,273,3.5,242,3.10256,41,,,,0.41666,65,,,28,19731974,29.65384,31.5641,5,9,28,28,0
19731974,,78,275,3.52564,235,3.01282,38,,,,0.40384,63,,,23,19731974,33.46153,31.61538,31,17,23,23,0
19731974,,91,290,3.18681,338,3.71428,30,,,,0.5934,108,,,47,19731974,28.48351,32.96703,3,14,47,45,0
19731974,,95,200,2.10526,327,3.4421,21,,,,0.71578,136,,,62,19731974,28.81052,33.03157,4,12,62,60,0
19731974,,94,265,2.81914,407,4.32978,23,,,,0.70744,133,,,62,19731974,29.52127,34.07446,6,9,62,61,0
19731974,,82,247,3.01219,283,3.45121,31,,,,0.52439,86,,,35,19731974,29.51219,34.96341,10,16,35,35,0
19721973,,78,347,4.44871,170,2.17948,60,,,,0.1923,30,,,12,19721973,34.55128,25.02564,2,6,12,12,0
19721973,,78,323,4.14102,213,2.73076,46,,,,0.30769,48,,,16,19721973,35.0,26.6923,56,16,16,16,0
19721973,,78,239,3.0641,191,2.44871,38,,,,0.41666,65,,,25,19721973,31.82051,27.11538,47,15,25,25,0
19721973,,78,245,3.14102,232,2.97435,36,,,,0.46794,73,,,31,19721973,28.78205,29.08974,26,11,31,31,0
19721973,,94,278,2.95744,344,3.65957,33,,,,0.60106,113,,,52,19721973,30.69148,29.68085,16,9,52,52,0
19721973,,78,339,4.34615,233,2.98717,47,,,,0.33974,53,,,22,19721973,32.53846,29.6923,23,9,22,22,0
19721973,,84,244,2.90476,266,3.16666,34,,,,0.52976,89,,,39,19721973,31.85714,31.75,31,11,39,39,0
19721973,,95,236,2.48421,402,4.23157,15,,,,0.75789,144,,,64,19721973,30.27368,32.06315,8,16,64,63,0
19721973,,78,265,3.39743,257,3.29487,37,,,,0.46794,73,,,32,19721973,32.37179,32.0641,5,9,32,32,0
19721973,,84,240,2.85714,273,3.25,31,,,,0.54761,92,,,39,19721973,29.22619,32.29761,7,14,39,38,0
19721973,,78,243,3.11538,265,3.39743,29,,,,0.55128,86,,,37,19721973,27.58974,32.87179,17,12,37,37,0
19721973,,78,279,3.57692,247,3.16666,41,,,,0.41025,64,,,27,19721973,33.02564,33.10256,10,10,27,27,0
19721973,,89,287,3.22471,323,3.62921,36,,,,0.5337,95,,,42,19721973,34.29213,33.3146,4,11,42,40,0
19721973,,83,273,3.28915,242,2.91566,38,,,,0.46987,78,,,33,19721973,30.26506,33.72289,19,12,33,33,0
19721973,,83,257,3.09638,341,4.10843,26,,,,0.65662,109,,,52,19721973,29.15662,34.0,6,5,52,52,0
19721973,,88,234,2.65909,330,3.75,28,,,,0.63636,112,,,52,19721973,27.125,34.35227,3,8,52,52,0
19711972,,78,289,3.70512,203,2.60256,43,,,,0.32692,51,,,16,19711972,35.85897,27.1923,7,19,16,16,0
19711972,,78,305,3.91025,206,2.64102,49,,,,0.3141,49,,,20,19711972,35.01282,27.87179,26,9,20,20,0
19711972,,78,288,3.6923,216,2.76923,39,,,,0.38461,60,,,21,19711972,30.84615,28.14102,56,18,21,21,0
19711972,,78,297,3.80769,203,2.60256,50,,,,0.30769,48,,,20,19711972,31.44871,29.44871,23,8,20,20,0
19711972,,86,191,2.22093,279,3.24418,21,,,,0.6686,115,,,50,19711972,27.6279,29.58139,16,15,50,49,0
19711972,,78,236,3.02564,200,2.5641,38,,,,0.42307,66,,,26,19711972,33.6282,30.28205,4,14,26,26,0
19711972,,78,262,3.35897,261,3.34615,35,,,,0.48717,76,,,33,19711972,30.28205,30.97435,17,10,33,33,0
19711972,,85,210,2.47058,231,2.71764,33,,,,0.54117,92,,,40,19711972,32.37647,30.98823,31,12,40,39,0
19711972,,82,272,3.31707,228,2.78048,42,,,,0.40243,66,,,26,19711972,29.75609,31.25609,5,14,26,26,0
19711972,,83,226,2.72289,219,2.63855,35,,,,0.49397,82,,,34,19711972,31.06024,32.10843,10,14,34,33,0
19711972,,89,294,3.30337,235,2.64044,46,,,,0.42134,75,,,32,19711972,30.44943,32.7191,19,11,32,31,0
19711972,,84,224,2.66666,321,3.82142,20,,,,0.66666,112,,,48,19711972,32.11904,33.16666,8,16,48,48,0
19711972,,93,238,2.55913,394,4.23655,16,,,,0.76881,143,,,66,19711972,29.26881,33.6129,6,11,66,66,0
19711972,,94,233,2.47872,369,3.92553,23,,,,0.68617,129,,,58,19711972,26.23404,35.30851,3,13,58,58,0
19701971,,78,291,3.73076,217,2.78205,39,,,,0.40384,63,,,24,19701971,36.1282,26.65384,7,15,24,24,0
19701971,,78,296,3.79487,229,2.93589,46,,,,0.35897,56,,,24,19701971,34.71794,28.60256,23,8,24,24,0
19701971,,78,320,4.10256,199,2.55128,53,,,,0.28846,45,,,20,19701971,33.79487,29.05128,56,5,20,20,0
19701971,,90,265,2.94444,226,2.51111,40,,,,0.46666,84,,,34,19701971,32.02222,30.65555,31,16,34,34,0
19701971,,84,224,2.66666,238,2.83333,29,,,,0.54166,91,,,36,19701971,28.72619,30.89285,19,19,36,36,0
19701971,,96,226,2.35416,336,3.5,27,,,,0.67187,129,,,60,19701971,29.44791,30.96875,16,9,60,58,0
19701971,,82,245,2.9878,215,2.62195,37,,,,0.44512,73,,,28,19701971,31.79268,31.17073,4,17,28,28,0
19701971,,78,308,3.94871,209,2.67948,45,,,,0.35256,55,,,22,19701971,32.17948,31.55128,17,11,22,22,0
19701971,,78,303,3.88461,239,3.0641,40,,,,0.40384,63,,,25,19701971,34.39743,31.71794,26,13,25,25,0
19701971,,84,227,2.70238,263,3.13095,37,,,,0.5119,86,,,39,19701971,32.86904,32.29761,10,8,39,39,0
19701971,,98,279,2.84693,366,3.73469,31,,,,0.61734,121,,,54,19701971,32.70408,32.68367,8,13,54,54,0
19701971,,78,240,3.07692,221,2.83333,37,,,,0.39743,62,,,21,19701971,29.33333,32.84615,5,20,21,21,0
19701971,,91,213,2.34065,289,3.17582,24,,,,0.67582,123,,,56,19701971,27.93406,35.43956,3,11,56,53,0
19701971,,85,235,2.7647,425,5.0,18,,,,0.74705,127,,,60,19701971,31.4,40.61176,6,7,60,60,0
19691970,,80,256,3.2,175,2.1875,44,,,,0.3625,58,,,22,19691970,35.0375,27.975,46,14,22,22,0
19691970,,76,290,3.81578,168,2.21052,52,,,,0.25,38,,,14,19691970,34.80263,30.32894,26,10,14,14,0
19691970,,82,277,3.37804,240,2.92682,39,,,,0.39024,64,,,21,19691970,36.60975,30.46341,31,22,21,21,0
19691970,,92,225,2.44565,270,2.93478,35,,,,0.55434,102,,,45,19691970,29.0,31.31521,19,12,45,45,0
19691970,,86,263,3.05813,205,2.38372,42,,,,0.44186,76,,,32,19691970,29.34883,31.43023,5,12,32,31,0
19691970,,76,225,2.96052,197,2.5921,35,,,,0.38157,58,,,17,19691970,35.60526,31.8421,4,24,17,17,0
19691970,,84,198,2.35714,276,3.28571,26,,,,0.6369,107,,,49,19691970,32.36904,32.09523,16,9,49,49,0
19691970,,80,215,2.6875,254,3.175,25,,,,0.59375,95,,,40,19691970,31.7,33.875,17,15,40,40,0
19691970,,76,201,2.64473,244,3.21052,22,,,,0.60526,92,,,38,19691970,31.26315,34.07894,8,16,38,38,0
19691970,,76,242,3.18421,222,2.92105,34,,,,0.4671,71,,,29,19691970,36.10526,34.32894,10,13,29,29,0
19691970,,82,214,2.60975,262,3.19512,26,,,,0.58536,96,,,40,19691970,28.2317,35.9756,3,16,40,40,0
19691970,,90,249,2.76666,342,3.8,19,,,,0.68333,123,,,52,19691970,32.36666,37.23333,6,19,52,51,0
19681969,,88,177,2.01136,240,2.72727,29,,,,0.5909,104,,,45,19681969,31.19318,28.63636,19,14,45,45,0
19681969,,80,242,3.025,177,2.2125,39,,,,0.38125,61,,,20,19681969,35.9125,28.7375,4,21,20,20,0
19681969,,76,252,3.31578,189,2.48684,45,,,,0.33552,51,,,20,19681969,34.23684,29.36842,5,11,20,20,0
19681969,,83,274,3.3012,244,2.93975,40,,,,0.4518,75,,,32,19681969,31.67469,29.68674,46,11,32,32,0
19681969,,76,270,3.55263,189,2.48684,43,,,,0.33552,51,,,18,19681969,34.03947,30.78947,31,15,18,18,0
19681969,,87,301,3.45977,213,2.44827,49,,,,0.37931,66,,,28,19681969,31.27586,31.72413,26,10,28,27,0
19681969,,80,241,3.0125,239,2.9875,30,,,,0.53125,85,,,35,19681969,32.7875,32.5375,10,15,35,35,0
19681969,,76,221,2.90789,239,3.14473,31,,,,0.51315,78,,,33,19681969,30.73684,32.80263,17,12,33,33,0
19681969,,76,246,3.23684,280,3.68421,33,,,,0.50657,77,,,34,19681969,33.97368,33.88157,16,9,34,34,0
19681969,,86,241,2.80232,343,3.98837,22,,,,0.65116,112,,,48,19681969,31.43023,34.47674,6,16,48,48,0
19681969,,90,228,2.53333,314,3.48888,21,,,,0.70555,127,,,58,19681969,29.78888,35.15555,8,11,58,55,0
19681969,,80,212,2.65,238,2.975,30,,,,0.56875,91,,,41,19681969,28.6625,37.0,3,9,41,41,0
19671968,,74,219,2.95945,153,2.06756,42,,,,0.31756,47,,,15,19671968,31.22972,24.97297,46,17,15,15,0
19671968,,81,196,2.41975,190,2.34567,36,,,,0.48765,79,,,34,19671968,33.75308,25.91358,4,11,34,33,0
19671968,,88,265,3.01136,239,2.7159,39,,,,0.47159,83,,,34,19671968,31.48863,28.8409,31,15,34,32,0
19671968,,85,256,3.01176,240,2.82352,32,,,,0.52941,90,,,37,19671968,31.55294,30.35294,16,16,37,37,0
19671968,,74,216,2.91891,195,2.63513,34,,,,0.4527,67,,,27,19671968,30.72972,30.77027,5,13,27,27,0
19671968,,92,241,2.61956,219,2.38043,41,,,,0.46739,86,,,35,19671968,29.59782,30.86956,19,16,35,31,0
19671968,,81,250,3.08641,221,2.72839,37,,,,0.48148,78,,,34,19671968,28.38271,31.0,26,10,34,34,0
19671968,,87,192,2.20689,284,3.26436,23,,,,0.67816,118,,,54,19671968,27.06896,32.13793,8,10,54,51,0
19671968,,74,176,2.37837,209,2.82432,31,,,,0.51351,76,,,33,19671968,34.81081,32.93243,10,10,33,33,0
19671968,,78,231,2.96153,267,3.42307,31,,,,0.53846,84,,,37,19671968,29.80769,32.98717,6,10,37,37,0
19671968,,74,257,3.47297,245,3.31081,35,,,,0.44594,66,,,27,19671968,30.33783,33.18918,17,12,27,27,0
19671968,,80,201,2.5125,238,2.975,27,,,,0.5875,94,,,41,19671968,29.1125,33.375,3,12,41,41,0
19661967,,70,253,3.61428,182,2.6,43,,,,0.31428,44,,,17,19661967,32.1,31.27142,6,10,17,17,0
19661967,,74,203,2.74324,196,2.64864,32,,,,0.48648,72,,,30,19661967,31.45945,31.32432,3,12,30,30,0
19661967,,82,241,2.93902,239,2.91463,31,,,,0.55487,91,,,40,19661967,35.19512,31.92682,10,11,40,39,0
19661967,,76,188,2.47368,278,3.65789,21,,,,0.64473,98,,,43,19661967,31.53947,31.94736,16,12,43,43,0
19661967,,80,213,2.6625,232,2.9,29,,,,0.55625,89,,,38,19661967,29.875,32.7375,8,13,38,37,0
19661967,,70,241,3.44285,212,3.02857,39,,,,0.41428,58,,,27,19661967,32.34285,33.42857,17,4,27,27,0
19651966,,70,275,3.92857,174,2.48571,43,,,,0.34285,48,,,21,19651966,35.77142,29.12857,6,6,21,21,0
19651966,,76,209,2.75,250,3.28947,29,,,,0.56578,86,,,39,19651966,31.18421,29.44736,16,8,39,39,0
19651966,,70,261,3.72857,195,2.78571,41,,,,0.33571,47,,,18,19651966,32.64285,30.9,3,11,18,18,0
19651966,,82,222,2.70731,257,3.13414,33,,,,0.52439,86,,,37,19651966,28.59756,31.95121,17,12,37,37,0
19651966,,74,202,2.72972,214,2.89189,29,,,,0.53378,79,,,34,19651966,32.83783,32.91891,10,11,34,34,0
19651966,,80,193,2.4125,272,3.4,23,,,,0.6625,106,,,49,19651966,28.1,33.575,8,8,49,48,0
19641965,,70,246,3.51428,179,2.55714,38,,,,0.37142,52,,,20,19641965,33.92857,28.65714,3,12,20,20,0
19641965,,70,253,3.61428,166,2.37142,43,,,,0.34285,48,,,21,19641965,34.92857,28.94285,6,6,21,21,0
19641965,,84,213,2.53571,259,3.08333,35,,,,0.53571,90,,,41,19641965,30.97619,29.21428,16,8,41,41,0
19641965,,76,190,2.5,218,2.86842,30,,,,0.51315,78,,,32,19641965,30.77631,31.26315,10,14,32,31,0
19641965,,83,211,2.54216,246,2.96385,28,,,,0.59638,99,,,44,19641965,28.07228,32.56626,8,11,44,43,0
19641965,,77,198,2.57142,243,3.15584,27,,,,0.60389,93,,,43,19641965,27.77922,34.61038,17,7,43,43,0
19631964,,70,212,3.02857,170,2.42857,40,,,,0.34285,48,,,18,19631964,35.07142,29.5,6,12,18,18,0
19631964,,70,242,3.45714,186,2.65714,38,,,,0.38571,54,,,22,19631964,37.52857,31.85714,3,10,22,22,0
19631964,,84,203,2.41666,231,2.75,31,,,,0.55952,94,,,41,19631964,31.15476,32.17857,10,12,41,40,0
19631964,,77,193,2.50649,236,3.06493,26,,,,0.58441,90,,,39,19631964,33.14285,32.35064,16,12,39,38,0
19631964,,84,244,2.90476,232,2.7619,36,,,,0.50595,85,,,37,19631964,32.0,34.85714,17,11,37,36,0
19631964,,77,184,2.38961,223,2.8961,25,,,,0.5909,91,,,39,19631964,28.45454,35.22077,8,13,39,39,0
19621963,,70,233,3.32857,211,3.01428,36,,,,0.4,56,,,22,19621963,37.97142,28.25714,3,12,22,22,0
19621963,,70,281,4.01428,198,2.82857,39,,,,0.32142,45,,,14,19621963,36.67142,28.37142,6,17,14,14,0
19621963,,76,203,2.67105,213,2.80263,25,,,,0.55921,85,,,34,19621963,31.28947,30.86842,16,17,34,34,0
19621963,,80,196,2.45,252,3.15,25,,,,0.6125,98,,,43,19621963,28.4,32.95,10,12,43,43,0
19621963,,75,197,2.62666,231,3.08,23,,,,0.54,81,,,29,19621963,28.48,34.54666,8,23,29,29,0
19621963,,81,230,2.8395,235,2.90123,31,,,,0.53703,87,,,37,19621963,29.37037,35.22222,17,13,37,37,0
19611962,,76,229,3.01315,210,2.76315,36,,,,0.44736,68,,,28,19611962,33.94736,29.18421,3,12,28,28,0
19611962,,82,217,2.64634,251,3.06097,32,,,,0.53048,87,,,37,19611962,30.96341,30.82926,16,13,37,37,0
19611962,,70,306,4.37142,177,2.52857,47,,,,0.27142,38,,,15,19611962,35.18571,30.94285,6,8,15,15,0
19611962,,82,210,2.56097,272,3.31707,26,,,,0.61585,101,,,45,19611962,31.25609,32.9756,10,11,45,44,0
19611962,,70,219,3.12857,184,2.62857,33,,,,0.42857,60,,,23,19611962,28.98571,33.2,17,14,23,23,0
19611962,,76,185,2.43421,272,3.57894,18,,,,0.67105,102,,,44,19611962,31.01315,34.10526,8,14,44,44,0
19601961,,70,248,3.54285,204,2.91428,38,,,,0.38571,54,,,22,19601961,37.24285,30.38571,3,10,22,22,0
19601961,,70,254,3.62857,176,2.51428,42,,,,0.30714,43,,,15,19601961,33.95714,30.58571,6,13,15,15,0
19601961,,82,207,2.52439,233,2.84146,28,,,,0.55487,91,,,37,19601961,31.93902,31.08536,16,17,37,36,0
19601961,,75,191,2.54666,242,3.22666,23,,,,0.61333,92,,,40,19601961,32.28,31.49333,10,12,40,39,0
19601961,,81,242,2.98765,222,2.74074,34,,,,0.48148,78,,,31,19601961,29.22222,33.98765,17,16,31,31,0
19601961,,76,204,2.68421,269,3.53947,23,,,,0.63157,96,,,43,19601961,29.25,35.30263,8,10,43,43,0
19591960,,70,241,3.44285,220,3.14285,34,,,,0.45714,64,,,28,19591960,33.1,29.32857,6,8,28,28,0
19591960,,74,194,2.62162,197,2.66216,33,,,,0.46621,69,,,28,19591960,31.22972,30.08108,16,13,28,28,0
19591960,,70,247,3.52857,187,2.67142,38,,,,0.35,49,,,17,19591960,33.61428,30.5,3,15,17,17,0
19591960,,80,226,2.825,224,2.8,32,,,,0.54375,87,,,39,19591960,33.6375,30.6875,10,9,39,38,0
19591960,,76,217,2.85526,202,2.65789,33,,,,0.4671,71,,,28,19591960,29.06578,33.61842,17,15,28,27,0
19591960,,78,189,2.42307,284,3.64102,18,,,,0.6923,108,,,48,19591960,29.53846,35.39743,8,12,48,47,0
19581959,,81,186,2.29629,297,3.66666,21,,,,0.66049,107,,,47,19581959,,,8,13,47,47,0
19581959,,70,217,3.1,201,2.87142,32,,,,0.45714,64,,,26,19581959,,,3,12,26,26,0
19581959,,76,229,3.01315,213,2.80263,33,,,,0.48026,73,,,30,19581959,,,16,13,30,30,0
19581959,,70,218,3.11428,167,2.38571,37,,,,0.41428,58,,,25,19581959,,,17,8,25,25,0
19581959,,82,240,2.92682,221,2.69512,39,,,,0.45731,75,,,32,19581959,,,10,11,32,29,0
19581959,,77,235,3.05194,226,2.93506,33,,,,0.51298,79,,,35,19581959,,,6,9,35,35,0
19571958,,74,226,3.05405,182,2.45945,33,,,,0.47297,70,,,29,19571958,,,17,12,29,29,0
19571958,,76,216,2.8421,211,2.77631,29,,,,0.53289,81,,,34,19571958,,,3,13,34,34,0
19571958,,70,202,2.88571,163,2.32857,39,,,,0.39285,55,,,24,19571958,,,16,7,24,24,0
19571958,,80,178,2.225,285,3.5625,19,,,,0.7,112,,,51,19571958,,,8,10,51,49,0
19571958,,70,226,3.22857,192,2.74285,38,,,,0.37857,53,,,21,19571958,,,10,11,21,21,0
19571958,,82,226,2.75609,241,2.93902,34,,,,0.4939,81,,,33,19571958,,,6,15,33,32,0
19561957,,80,173,2.1625,247,3.0875,25,,,,0.6125,98,,,43,19561957,,,8,12,43,42,0
19561957,,75,249,3.32,196,2.61333,34,,,,0.45333,68,,,27,19561957,,,3,14,27,26,0
19561957,,70,225,3.21428,169,2.41428,39,,,,0.33571,47,,,16,19561957,,,16,15,16,16,0
19561957,,75,172,2.29333,212,2.82666,24,,,,0.6,90,,,39,19561957,,,17,12,39,39,0
19561957,,70,192,2.74285,174,2.48571,34,,,,0.40714,57,,,21,19561957,,,10,15,21,21,0
19561957,,80,203,2.5375,216,2.7,29,,,,0.5625,90,,,39,19561957,,,6,12,39,39,0
19551956,,80,176,2.2,206,2.575,29,,,,0.5375,86,,,35,19551956,,,17,16,35,34,0
19551956,,75,227,3.02666,213,2.84,32,,,,0.50666,76,,,33,19551956,,,3,10,33,33,0
19551956,,70,216,3.08571,155,2.21428,39,,,,0.35714,50,,,19,19551956,,,16,12,19,19,0
19551956,,80,149,1.8625,264,3.3,17,,,,0.725,116,,,53,19551956,,,8,10,53,53,0
19551956,,75,195,2.6,163,2.17333,37,,,,0.42,63,,,25,19551956,,,10,13,25,25,0
19551956,,70,185,2.64285,147,2.1,34,,,,0.42142,59,,,23,19551956,,,6,13,23,23,0
19541955,,82,193,2.35365,264,3.21951,23,,,,0.65243,107,,,48,19541955,,,8,11,48,47,0
19541955,,70,210,3.0,150,2.14285,35,,,,0.37142,52,,,17,19541955,,,3,18,17,17,0
19541955,,70,235,3.35714,161,2.3,40,,,,0.30714,43,,,13,19541955,,,16,17,13,13,0
19541955,,81,160,1.9753,245,3.02469,20,,,,0.68518,111,,,50,19541955,,,17,11,50,50,0
19541955,,74,149,2.01351,153,2.06756,28,,,,0.47297,70,,,24,19541955,,,10,22,24,24,0
19541955,,75,204,2.72,178,2.37333,30,,,,0.46,69,,,24,19541955,,,6,21,24,24,0
19531954,,82,152,1.85365,220,2.68292,23,,,,0.63414,104,,,45,19531954,,,17,14,45,43,0
19531954,,70,182,2.6,161,2.3,31,,,,0.48571,68,,,29,19531954,,,3,10,29,29,0
19531954,,70,242,3.45714,133,1.9,51,,,,0.22142,31,,,12,19531954,,,16,7,12,12,0
19531954,,81,159,1.96296,223,2.75308,28,,,,0.58641,95,,,42,19531954,,,8,11,42,41,0
19531954,,75,146,1.94666,160,2.13333,28,,,,0.53333,80,,,33,19531954,,,10,14,33,33,0
19531954,,74,197,2.66216,181,2.44594,32,,,,0.5,74,,,32,19531954,,,6,10,32,32,0
19521953,,82,171,2.08536,189,2.30487,27,,,,0.55487,91,,,36,19521953,,,8,19,36,35,0
19521953,,70,211,3.01428,152,2.17142,37,,,,0.35714,50,,,17,19521953,,,3,16,17,17,0
19521953,,77,193,2.50649,183,2.37662,32,,,,0.48701,75,,,30,19521953,,,16,15,30,29,0
19521953,,76,154,2.02631,243,3.19736,20,,,,0.61842,94,,,38,19521953,,,17,18,38,38,0
19521953,,70,167,2.38571,156,2.22857,30,,,,0.47857,67,,,27,19521953,,,10,13,27,27,0
19521953,,81,209,2.58024,182,2.24691,35,,,,0.48765,79,,,33,19521953,,,6,13,33,32,0
19511952,,81,187,2.30864,215,2.65432,33,,,,0.53086,86,,,38,19511952,,,8,10,38,37,0
19511952,,70,219,3.12857,192,2.74285,34,,,,0.42142,59,,,23,19511952,,,3,13,23,23,0
19511952,,70,241,3.44285,158,2.25714,44,,,,0.30714,43,,,17,19511952,,,16,9,17,17,0
19511952,,78,138,1.76923,239,3.0641,14,,,,0.74358,116,,,52,19511952,,,17,12,52,52,0
19511952,,74,170,2.29729,171,2.31081,29,,,,0.5,74,,,29,19511952,,,10,16,29,29,0
19511952,,77,194,2.51948,174,2.25974,33,,,,0.46753,72,,,28,19511952,,,6,16,28,28,0
19501951,,81,209,2.58024,196,2.41975,36,,,,0.46296,75,,,30,19501951,,,8,15,30,27,0
19501951,,70,201,2.87142,169,2.41428,29,,,,0.43571,61,,,20,19501951,,,3,21,20,20,0
19501951,,70,280,4.0,171,2.44285,47,,,,0.25714,36,,,13,19501951,,,16,10,13,13,0
19501951,,76,152,2.0,248,3.26315,17,,,,0.69078,105,,,46,19501951,,,17,13,46,46,0
19501951,,81,153,1.88888,242,2.98765,18,,,,0.69135,112,,,49,19501951,,,10,14,49,45,0
19501951,,76,214,2.81578,183,2.40789,34,,,,0.42763,65,,,23,19501951,,,6,19,23,23,0
19491950,,75,165,2.2,179,2.38666,26,,,,0.52666,79,,,30,19491950,,,8,19,30,29,0
19491950,,82,218,2.65853,202,2.46341,36,,,,0.4939,81,,,35,19491950,,,3,11,35,33,0
19491950,,70,244,3.48571,203,2.9,38,,,,0.38571,54,,,22,19491950,,,16,10,22,22,0
19491950,,84,192,2.28571,261,3.10714,25,,,,0.61904,104,,,45,19491950,,,17,14,45,42,0
19491950,,77,183,2.37662,187,2.42857,31,,,,0.51948,80,,,34,19491950,,,10,12,34,34,0
19491950,,70,228,3.25714,198,2.82857,32,,,,0.42857,60,,,22,19491950,,,6,16,22,22,0
19481949,,67,143,2.13432,166,2.47761,27,,,,0.52985,71,,,31,19481949,,,8,9,31,30,0
19481949,,60,172,2.86666,133,2.21666,31,,,,0.39166,47,,,18,19481949,,,3,11,18,18,0
19481949,,60,211,3.51666,173,2.88333,31,,,,0.41666,50,,,21,19481949,,,16,8,21,21,0
19481949,,71,171,2.40845,217,3.05633,26,,,,0.5845,83,,,38,19481949,,,17,7,38,37,0
19481949,,69,176,2.55072,175,2.53623,26,,,,0.52898,73,,,30,19481949,,,10,13,30,29,0
19481949,,65,179,2.75384,188,2.8923,27,,,,0.52307,68,,,30,19481949,,,6,8,30,29,0
19471948,,70,178,2.54285,211,3.01428,24,,,,0.57142,80,,,34,19471948,,,17,12,34,34,0
19471948,,66,218,3.30303,188,2.84848,30,,,,0.44696,59,,,23,19471948,,,3,13,23,23,0
19471948,,60,225,3.75,195,3.25,34,,,,0.38333,46,,,20,19471948,,,16,6,20,20,0
19471948,,60,169,2.81666,147,2.45,29,,,,0.425,51,,,20,19471948,,,8,11,20,20,0
19471948,,69,163,2.36231,220,3.1884,16,,,,0.67391,93,,,40,19471948,,,10,13,40,39,0
19471948,,65,188,2.8923,180,2.76923,28,,,,0.46923,61,,,24,19471948,,,6,13,24,24,0
19461947,,71,161,2.2676,218,3.07042,21,,,,0.6338,90,,,40,19461947,,,8,10,40,38,0
19461947,,60,186,3.1,167,2.78333,32,,,,0.41666,50,,,22,19461947,,,3,6,22,22,0
19461947,,60,274,4.56666,193,3.21666,37,,,,0.35,42,,,19,19461947,,,16,4,19,19,0
19461947,,65,211,3.24615,204,3.13846,31,,,,0.43846,57,,,23,19461947,,,17,11,23,23,0
19461947,,71,199,2.80281,240,3.38028,22,,,,0.61971,88,,,39,19461947,,,10,10,39,37,0
19461947,,65,191,2.93846,200,3.07692,27,,,,0.5,65,,,27,19461947,,,6,11,27,27,0
19451946,,55,175,3.18181,156,2.83636,24,,,,0.47272,52,,,21,19451946,,,17,10,21,21,0
19451946,,50,191,3.82,144,2.88,28,,,,0.35,35,,,13,19451946,,,3,9,13,13,0
19451946,,54,204,3.77777,207,3.83333,24,,,,0.49074,53,,,23,19451946,,,16,7,23,23,0
19451946,,59,154,2.61016,217,3.67796,18,,,,0.65254,77,,,36,19451946,,,8,5,36,34,0
19451946,,50,185,3.7,174,3.48,24,,,,0.45,45,,,19,19451946,,,10,7,19,19,0
19451946,,60,185,3.08333,196,3.26666,23,,,,0.55,66,,,29,19451946,,,6,8,29,27,0
19441945,,56,136,2.42857,249,4.44642,12,,,,0.75,84,,,40,19441945,,,8,4,40,40,0
19441945,,50,247,4.94,154,3.08,29,,,,0.32,32,,,11,19441945,,,3,10,11,11,0
19441945,,50,194,3.88,141,2.82,30,,,,0.33,33,,,13,19441945,,,16,7,13,13,0
19441945,,64,192,3.0,249,3.89062,21,,,,0.63281,81,,,38,19441945,,,17,5,38,36,0
19441945,,63,191,3.03174,207,3.28571,27,,,,0.53968,68,,,32,19441945,,,10,4,32,31,0
19441945,,57,241,4.22807,201,3.52631,34,,,,0.36842,42,,,19,19441945,,,6,4,19,19,0
19431944,,59,123,2.08474,273,4.62711,6,,,,0.83898,99,,,46,19431944,,,8,7,46,45,0
19431944,,50,310,6.2,162,3.24,39,,,,0.17,17,,,6,19431944,,,3,5,6,6,0
19431944,,59,211,3.57627,203,3.44067,28,,,,0.48305,57,,,26,19431944,,,16,5,26,26,0
19431944,,55,194,3.52727,222,4.03636,22,,,,0.54545,60,,,27,19431944,,,17,6,27,27,0
19431944,,55,197,3.58181,220,4.0,27,,,,0.47272,52,,,24,19431944,,,10,4,24,24,0
19431944,,50,268,5.36,223,4.46,26,,,,0.43,43,,,19,19431944,,,6,5,19,19,0
19421943,,60,146,2.43333,205,3.41666,16,,,,0.64166,77,,,33,19421943,,,17,11,33,32,0
19421943,,50,253,5.06,161,3.22,31,,,,0.3,30,,,11,19421943,,,3,8,11,9,0
19421943,,50,180,3.6,179,3.58,18,,,,0.49,49,,,17,19421943,,,16,15,17,17,0
19421943,,55,209,3.8,198,3.6,23,,,,0.47272,52,,,20,19421943,,,8,12,20,20,0
19421943,,56,179,3.19642,215,3.83928,23,,,,0.50892,57,,,24,19421943,,,10,9,24,23,0
19421943,,59,209,3.54237,218,3.69491,22,,,,0.55084,65,,,28,19421943,,,6,9,28,25,0
19411942,,51,181,3.54901,142,2.78431,29,,,,0.40196,41,,,19,19411942,,,8,3,19,15,0
19411942,,54,156,2.88888,189,3.5,21,,,,0.59259,64,,,31,19411942,,,3,2,31,26,0
19411942,,51,160,3.13725,152,2.98039,25,,,,0.48039,49,,,23,19411942,,,16,3,23,22,0
19411942,,60,185,3.08333,176,2.93333,30,,,,0.46666,56,,,26,19411942,,,17,4,26,25,0
19411942,,61,167,2.7377,196,3.21311,23,,,,0.59836,73,,,35,19411942,,,10,3,35,33,0
19411942,,48,175,3.64583,133,2.77083,29,,,,0.36458,35,,,16,19411942,,,51,3,16,14,0
19411942,,53,134,2.5283,170,3.20754,20,,,,0.56603,60,,,27,19411942,,,6,6,27,22,0
19401941,,57,122,2.14035,129,2.26315,21,,,,0.53508,61,,,25,19401941,,,17,11,25,20,0
19401941,,51,131,2.56862,149,2.92156,21,,,,0.5098,52,,,22,19401941,,,3,8,22,22,0
19401941,,53,151,2.84905,122,2.30188,28,,,,0.40566,43,,,18,19401941,,,16,7,18,14,0
19401941,,51,155,3.03921,128,2.5098,28,,,,0.39215,40,,,17,19401941,,,8,6,17,15,0
19401941,,55,114,2.07272,162,2.94545,18,,,,0.61818,68,,,31,19401941,,,10,6,31,27,0
19401941,,59,125,2.11864,195,3.30508,11,,,,0.70338,83,,,35,19401941,,,6,13,35,33,0
19401941,,48,186,3.875,99,2.0625,29,,,,0.28125,27,,,8,19401941,,,44,11,8,6,0
19391940,,53,138,2.60377,101,1.90566,29,,,,0.39622,42,,,18,19391940,,,17,6,18,17,0
19391940,,60,97,1.61666,165,2.75,15,,,,0.66666,80,,,35,19391940,,,3,10,35,32,0
19391940,,50,125,2.5,115,2.3,21,,,,0.52,52,,,23,19391940,,,16,6,23,23,0
19391940,,48,167,3.47916,90,1.875,33,,,,0.26041,25,,,10,19391940,,,8,5,10,7,0
19391940,,51,149,2.92156,113,2.21568,31,,,,0.35294,36,,,16,19391940,,,44,4,16,13,0
19391940,,54,113,2.09259,179,3.31481,16,,,,0.6574,71,,,33,19391940,,,6,5,33,31,0
19391940,,58,129,2.22413,155,2.67241,21,,,,0.5862,68,,,31,19391940,,,10,6,31,29,0
19381939,,54,143,2.64814,123,2.27777,27,,,,0.44444,48,,,21,19381939,,,17,6,21,20,0
19381939,,55,119,2.16363,161,2.92727,20,,,,0.58181,64,,,29,19381939,,,3,6,29,27,0
19381939,,48,132,2.75,91,1.89583,28,,,,0.33333,32,,,12,19381939,,,16,8,12,12,0
19381939,,51,154,3.0196,120,2.35294,26,,,,0.40196,41,,,16,19381939,,,8,9,16,14,0
19381939,,58,127,2.18965,136,2.34482,25,,,,0.49137,57,,,24,19381939,,,10,9,24,21,0
19381939,,60,94,1.56666,182,3.03333,14,,,,0.75,90,,,44,19381939,,,6,2,44,39,0
19381939,,50,163,3.26,119,2.38,23,,,,0.44,44,,,17,19381939,,,44,10,17,15,0
19371938,,48,133,2.77083,99,2.0625,25,,,,0.36458,35,,,12,19371938,,,17,11,12,12,0
19371938,,51,104,2.03921,156,3.05882,17,,,,0.60784,62,,,28,19371938,,,3,6,28,27,0
19371938,,48,149,3.10416,101,2.10416,30,,,,0.3125,30,,,12,19371938,,,43,6,12,11,0
19371938,,58,160,2.75862,123,2.12068,28,,,,0.43965,51,,,21,19371938,,,16,9,21,18,0
19371938,,51,139,2.72549,131,2.56862,19,,,,0.5,51,,,19,19371938,,,8,13,19,17,0
19371938,,54,123,2.27777,123,2.27777,21,,,,0.50925,55,,,22,19371938,,,44,11,22,20,0
19371938,,51,95,1.86274,145,2.84313,14,,,,0.65686,67,,,30,19371938,,,6,7,30,28,0
19371938,,55,140,2.54545,165,3.0,18,,,,0.5909,65,,,28,19371938,,,10,9,28,25,0
19361937,,53,124,2.33962,123,2.32075,21,,,,0.54716,58,,,26,19361937,,,8,6,26,22,0
19361937,,57,116,2.03508,135,2.36842,23,,,,0.51754,59,,,25,19361937,,,3,9,25,20,0
19361937,,53,121,2.28301,134,2.5283,20,,,,0.53773,57,,,24,19361937,,,43,9,24,22,0
19361937,,48,131,2.72916,99,2.0625,27,,,,0.36458,35,,,14,19361937,,,16,7,14,14,0
19361937,,58,118,2.03448,150,2.5862,18,,,,0.61206,71,,,31,19361937,,,17,9,31,29,0
19361937,,50,120,2.4,120,2.4,23,,,,0.49,49,,,22,19361937,,,10,5,22,20,0
19361937,,51,118,2.31372,126,2.47058,20,,,,0.53921,55,,,24,19361937,,,6,7,24,22,0
19361937,,48,161,3.35416,122,2.54166,29,,,,0.35416,34,,,15,19361937,,,44,4,15,15,0
19351936,,55,115,2.0909,148,2.6909,17,,,,0.61818,68,,,30,19351936,,,17,8,30,28,0
19351936,,48,96,2.0,91,1.89583,17,,,,0.52083,50,,,19,19351936,,,3,12,19,15,0
19351936,,51,112,2.19607,115,2.2549,19,,,,0.52941,54,,,22,19351936,,,43,10,22,22,0
19351936,,50,99,1.98,98,1.96,20,,,,0.52,52,,,22,19351936,,,16,8,22,22,0
19351936,,48,123,2.5625,82,1.70833,26,,,,0.34375,33,,,11,19351936,,,8,11,11,11,0
19351936,,53,133,2.50943,119,2.24528,28,,,,0.40566,43,,,18,19351936,,,44,7,18,15,0
19351936,,50,91,1.82,98,1.96,21,,,,0.52,52,,,23,19351936,,,6,6,23,20,0
19351936,,57,133,2.33333,151,2.64912,24,,,,0.52631,60,,,27,19351936,,,10,6,27,22,0
19341935,,50,151,3.02,115,2.3,24,,,,0.45,45,,,19,19341935,,,8,7,19,18,0
19341935,,52,149,2.86538,147,2.82692,21,,,,0.51923,54,,,23,19341935,,,3,8,23,21,0
19341935,,55,100,1.81818,139,2.52727,19,,,,0.5909,65,,,29,19341935,,,43,7,29,25,0
19341935,,50,89,1.78,118,2.36,18,,,,0.58,58,,,26,19341935,,,16,6,26,26,0
19341935,,48,144,3.0,86,1.79166,31,,,,0.29166,28,,,11,19341935,,,45,6,11,9,0
19341935,,48,114,2.375,127,2.64583,22,,,,0.46875,45,,,19,19341935,,,17,7,19,17,0
19341935,,48,142,2.95833,100,2.08333,27,,,,0.34375,33,,,12,19341935,,,44,9,12,11,0
19341935,,52,119,2.28846,131,2.51923,19,,,,0.57692,60,,,27,19341935,,,6,6,27,24,0
19341935,,55,123,2.23636,168,3.05454,18,,,,0.63636,70,,,33,19341935,,,10,4,33,29,0
19331934,,57,119,2.08771,131,2.29824,19,,,,0.57894,66,,,28,19331934,,,17,10,28,23,0
19331934,,50,115,2.3,121,2.42,20,,,,0.51,51,,,21,19331934,,,3,9,21,20,0
19331934,,52,129,2.48076,121,2.32692,20,,,,0.5,52,,,20,19331934,,,43,12,20,15,0
19331934,,56,95,1.69642,107,1.91071,18,,,,0.57142,64,,,26,19331934,,,16,12,26,23,0
19331934,,50,105,2.1,102,2.04,21,,,,0.51,51,,,22,19331934,,,8,7,22,19,0
19331934,,48,143,2.97916,115,2.39583,29,,,,0.33333,32,,,13,19331934,,,36,6,13,10,0
19331934,,53,130,2.45283,186,3.50943,16,,,,0.6132,65,,,28,19331934,,,10,9,28,26,0
19331934,,48,130,2.70833,111,2.3125,25,,,,0.42708,41,,,18,19331934,,,6,5,18,15,0
19331934,,48,132,2.75,104,2.16666,23,,,,0.41666,40,,,15,19331934,,,44,10,15,15,0
19321933,,50,123,2.46,97,1.94,26,,,,0.42,42,,,18,19321933,,,8,6,18,15,0
19321933,,56,120,2.14285,160,2.85714,18,,,,0.59821,67,,,29,19321933,,,3,9,29,27,0
19321933,,50,124,2.48,137,2.74,22,,,,0.5,50,,,22,19321933,,,43,6,22,19,0
19321933,,48,101,2.10416,88,1.83333,20,,,,0.45833,44,,,16,19321933,,,16,12,16,16,0
19321933,,52,101,1.9423,119,2.28846,17,,,,0.59615,62,,,27,19321933,,,17,8,27,27,0
19321933,,48,131,2.72916,88,1.83333,27,,,,0.33333,32,,,11,19321933,,,36,10,11,10,0
19321933,,48,118,2.45833,91,1.89583,22,,,,0.42708,41,,,15,19321933,,,44,11,15,13,0
19321933,,53,97,1.83018,131,2.47169,18,,,,0.5849,62,,,27,19321933,,,6,8,27,22,0
19321933,,57,129,2.26315,133,2.33333,23,,,,0.54385,62,,,28,19321933,,,10,6,28,25,0
19311932,,52,124,2.38461,137,2.63461,19,,,,0.5673,59,,,26,19311932,,,8,7,26,23,0
19311932,,55,139,2.52727,157,2.85454,21,,,,0.54545,60,,,26,19311932,,,3,8,26,22,0
19311932,,52,144,2.76923,148,2.84615,23,,,,0.47115,49,,,20,19311932,,,43,9,20,20,0
19311932,,50,107,2.14,88,1.76,20,,,,0.49,49,,,19,19311932,,,16,11,19,15,0
19311932,,55,142,2.58181,183,3.32727,19,,,,0.58181,64,,,28,19311932,,,10,8,28,23,0
19311932,,50,111,2.22,96,1.92,21,,,,0.47,47,,,18,19311932,,,50,11,18,15,0
19311932,,48,117,2.4375,122,2.54166,21,,,,0.4375,42,,,15,19311932,,,6,12,15,14,0
19311932,,48,142,2.95833,95,1.97916,24,,,,0.41666,40,,,16,19311932,,,44,8,16,14,0
19301931,,54,110,2.03703,153,2.83333,14,,,,0.66666,72,,,32,19301931,,,8,8,32,28,0
19301931,,48,91,1.89583,114,2.375,18,,,,0.53125,51,,,21,19301931,,,3,9,21,20,0
19301931,,46,114,2.47826,106,2.30434,20,,,,0.5,46,,,20,19301931,,,43,6,20,18,0
19301931,,53,92,1.73584,123,2.32075,20,,,,0.5849,62,,,29,19301931,,,16,4,29,25,0
19301931,,44,142,3.22727,91,2.06818,30,,,,0.27272,24,,,10,19301931,,,36,4,10,8,0
19301931,,44,74,1.68181,76,1.72727,16,,,,0.52272,46,,,18,19301931,,,44,10,18,16,0
19301931,,44,105,2.38636,102,2.31818,21,,,,0.44318,39,,,16,19301931,,,50,7,16,14,0
19301931,,49,103,2.10204,156,3.18367,13,,,,0.67346,66,,,30,19301931,,,6,6,30,28,0
19301931,,46,103,2.23913,121,2.63043,14,,,,0.58695,54,,,22,19301931,,,10,10,22,22,0
19301931,,44,184,4.18181,76,1.72727,36,,,,0.13636,12,,,4,19301931,,,39,4,4,3,0
19291930,,50,120,2.4,156,3.12,14,,,,0.62,62,,,26,19291930,,,8,10,26,19,0
19291930,,48,150,3.125,143,2.97916,19,,,,0.48958,47,,,18,19291930,,,3,11,18,16,0
19291930,,48,125,2.60416,146,3.04166,19,,,,0.55208,53,,,24,19291930,,,43,5,24,21,0
19291930,,46,114,2.47826,119,2.58695,19,,,,0.52173,48,,,21,19291930,,,16,6,21,20,0
19291930,,44,185,4.20454,102,2.31818,36,,,,0.14772,13,,,5,19291930,,,38,3,5,5,0
19291930,,46,124,2.69565,141,3.06521,16,,,,0.55434,51,,,21,19291930,,,36,9,21,17,0
19291930,,44,161,3.65909,113,2.56818,25,,,,0.375,33,,,14,19291930,,,44,5,14,11,0
19291930,,50,110,2.2,193,3.86,8,,,,0.83,83,,,41,19291930,,,6,1,41,38,0
19291930,,44,124,2.81818,116,2.63636,21,,,,0.45454,40,,,17,19291930,,,10,6,17,15,0
19291930,,44,133,3.02272,117,2.65909,24,,,,0.38636,34,,,14,19291930,,,40,6,14,14,0
19281929,,47,48,1.02127,73,1.55319,10,,,,0.62765,59,,,22,19281929,,,8,15,22,22,0
19281929,,50,70,1.4,77,1.54,15,,,,0.59,59,,,24,19281929,,,3,11,24,20,0
19281929,,44,65,1.47727,67,1.52272,20,,,,0.44318,39,,,15,19281929,,,43,9,15,15,0
19281929,,44,85,1.93181,33,0.75,29,,,,0.25,22,,,7,19281929,,,16,8,7,7,0
19281929,,46,70,1.52173,74,1.60869,18,,,,0.51086,47,,,19,19281929,,,40,9,19,17,0
19281929,,44,67,1.52272,54,1.22727,17,,,,0.4659,41,,,14,19281929,,,36,13,14,9,0
19281929,,48,74,1.54166,93,1.9375,20,,,,0.53125,51,,,23,19281929,,,10,5,23,23,0
19281929,,49,55,1.12244,98,2.0,13,,,,0.68367,67,,,31,19281929,,,6,5,31,30,0
19281929,,46,54,1.17391,53,1.15217,14,,,,0.55434,51,,,19,19281929,,,44,13,19,18,0
19281929,,44,80,1.81818,46,1.04545,27,,,,0.29545,26,,,9,19281929,,,38,8,9,6,0
19271928,,46,51,1.10869,118,2.56521,12,,,,0.65217,60,,,26,19271928,,,8,8,26,25,0
19271928,,53,91,1.71698,110,2.07547,19,,,,0.54716,58,,,24,19271928,,,3,10,24,23,0
19271928,,53,85,1.60377,108,2.03773,17,,,,0.6132,65,,,29,19271928,,,43,7,29,26,0
19271928,,44,134,3.04545,68,1.54545,34,,,,0.19318,17,,,7,19271928,,,16,3,7,7,0
19271928,,44,79,1.79545,88,2.0,19,,,,0.5,44,,,19,19271928,,,40,6,19,17,0
19271928,,46,60,1.30434,79,1.71739,16,,,,0.54347,50,,,20,19271928,,,36,10,20,19,0
19271928,,44,88,2.0,89,2.02272,18,,,,0.5,44,,,18,19271928,,,10,8,18,17,0
19271928,,46,75,1.63043,79,1.71739,14,,,,0.56521,52,,,20,19271928,,,6,12,20,19,0
19271928,,44,128,2.90909,63,1.43181,27,,,,0.31818,28,,,11,19271928,,,44,6,11,9,0
19271928,,46,82,1.7826,71,1.54347,18,,,,0.52173,48,,,20,19271928,,,38,8,20,19,0
19261927,,48,73,1.52083,102,2.125,15,,,,0.64583,62,,,29,19261927,,,8,4,29,24,0
19261927,,46,75,1.63043,96,2.08695,14,,,,0.61956,57,,,25,19261927,,,3,7,25,22,0
19261927,,46,70,1.52173,72,1.56521,21,,,,0.48913,45,,,20,19261927,,,43,5,20,15,0
19261927,,46,126,2.73913,120,2.60869,23,,,,0.45652,42,,,19,19261927,,,16,4,19,15,0
19261927,,44,105,2.38636,76,1.72727,28,,,,0.31818,28,,,12,19261927,,,40,4,12,10,0
19261927,,50,73,1.46,98,1.96,10,,,,0.73,73,,,33,19261927,,,36,7,33,28,0
19261927,,44,91,2.06818,82,1.86363,25,,,,0.40909,36,,,17,19261927,,,44,2,17,14,0
19261927,,44,94,2.13636,79,1.79545,24,,,,0.39772,35,,,15,19261927,,,58,5,15,14,0
19261927,,52,102,1.96153,113,2.17307,22,,,,0.50961,53,,,23,19261927,,,6,7,23,19,0
19261927,,44,108,2.45454,79,1.79545,26,,,,0.375,33,,,15,19261927,,,38,3,15,14,0
19251926,,36,108,3.0,79,2.19444,24,,,,0.31944,23,,,11,19251926,,,8,1,11,10,0
19251926,,40,78,1.95,99,2.475,11,,,,0.6375,51,,,22,19251926,,,43,7,22,19,0
19251926,,38,76,2.0,86,2.26315,17,,,,0.52631,40,,,19,19251926,,,38,2,19,17,0
19251926,,38,44,1.15789,78,2.05263,9,,,,0.69736,53,,,24,19251926,,,36,5,24,23,0
19251926,,36,89,2.47222,68,1.88888,20,,,,0.38888,28,,,12,19251926,,,44,4,12,9,0
19251926,,36,114,3.16666,92,2.55555,21,,,,0.375,27,,,12,19251926,,,58,3,12,12,0
19251926,,36,85,2.36111,92,2.55555,15,,,,0.52777,38,,,17,19251926,,,6,4,17,15,0
19241925,,32,58,1.8125,98,3.0625,11,,,,0.625,40,,,19,19241925,,,8,2,19,18,0
19241925,,30,60,2.0,90,3.0,10,,,,0.65,39,,,19,19241925,,,37,1,19,18,0
19241925,,30,65,2.16666,45,1.5,19,,,,0.33333,20,,,9,19241925,,,43,2,9,9,0
19241925,,30,66,2.2,83,2.76666,12,,,,0.58333,35,,,17,19241925,,,36,1,17,14,0
19241925,,32,89,2.78125,92,2.875,13,,,,0.59375,38,,,19,19241925,,,58,0,19,19,0
19241925,,30,119,3.96666,49,1.63333,24,,,,0.2,12,,,6,19241925,,,6,0,6,4,0
19231924,,26,50,1.92307,64,2.46153,11,,,,0.57692,30,,,15,19231924,,,8,0,15,13,0
19231924,,24,68,2.83333,63,2.625,15,,,,0.375,18,,,9,19231924,,,37,0,9,8,0
19231924,,26,59,2.26923,76,2.92307,10,,,,0.61538,32,,,16,19231924,,,36,0,16,13,0
19231924,,24,85,3.54166,59,2.45833,14,,,,0.41666,20,,,10,19231924,,,58,0,10,10,0
19221923,,26,64,2.46153,75,2.88461,10,,,,0.57692,30,,,14,19221923,,,8,2,14,14,0
19221923,,24,110,4.58333,81,3.375,18,,,,0.25,12,,,6,19221923,,,37,0,6,4,0
19221923,,26,56,2.15384,80,3.07692,10,,,,0.59615,31,,,15,19221923,,,36,1,15,14,0
19221923,,24,88,3.66666,82,3.41666,10,,,,0.5625,27,,,13,19221923,,,58,1,13,10,0
19211922,,24,94,3.91666,88,3.66666,11,,,,0.52083,25,,,12,19211922,,,8,1,12,12,0
19211922,,24,105,4.375,88,3.66666,17,,,,0.29166,14,,,7,19211922,,,37,0,7,6,0
19211922,,26,89,3.42307,110,4.23076,9,,,,0.59615,31,,,14,19211922,,,36,3,14,12,0
19211922,,26,101,3.88461,103,3.96153,10,,,,0.57692,30,,,14,19211922,,,58,2,14,14,0
19201921,,24,99,4.125,112,4.66666,11,,,,0.54166,26,,,13,19201921,,,8,0,13,13,0
19201921,,24,132,5.5,92,3.83333,18,,,,0.25,12,,,6,19201921,,,37,0,6,4,0
19201921,,26,75,2.88461,104,4.0,10,,,,0.61538,32,,,16,19201921,,,36,0,16,15,0
19201921,,26,107,4.11538,105,4.03846,11,,,,0.57692,30,,,15,19201921,,,58,0,15,13,0
19191920,,24,113,4.70833,129,5.375,11,,,,0.54166,26,,,13,19191920,,,8,0,13,12,0
19191920,,24,177,7.375,91,3.79166,20,,,,0.16666,8,,,4,19191920,,,42,0,4,3,0
19191920,,24,64,2.66666,121,5.04166,5,,,,0.79166,38,,,19,19191920,,,36,0,19,17,0
19191920,,24,106,4.41666,119,4.95833,12,,,,0.5,24,,,12,19191920,,,58,0,12,12,0
19181919,,23,96,4.17391,114,4.95652,9,,,,0.60869,28,,,14,19181919,,,8,0,14,14,0
19181919,,23,79,3.43478,89,3.86956,10,,,,0.56521,26,,,13,19181919,,,36,0,13,10,0
19181919,,18,92,5.11111,64,3.55555,13,,,,0.27777,10,,,5,19181919,,,57,0,5,5,0
19171918,,24,94,3.91666,122,5.08333,10,,,,0.58333,28,,,14,19171918,,,8,0,14,12,0
19171918,,22,114,5.18181,102,4.63636,13,,,,0.40909,18,,,9,19171918,,,36,0,9,9,0
19171918,,24,116,4.83333,118,4.91666,10,,,,0.58333,28,,,14,19171918,,,57,0,14,14,0
19171918,,6,35,5.83333,17,2.83333,5,,,,0.16666,2,,,1,19171918,,,41,0,1,1,0
