seasonID,playerID,seasonType,statCategory,statValue
19171918,8450137,2,wins,12.0
19171918,8449817,2,wins,9.0
19171918,8449997,2,wins,9.0
19171918,8449841,2,wins,2.0
19171918,8450014,2,wins,1.0
19171918,8450137,2,shutouts,1.0
19171918,8449817,2,shutouts,1.0
19171918,8450137,2,goalsAgainstAverage,3.930591
19171918,8449997,2,goalsAgainstAverage,4.725389
19171918,8449817,2,goalsAgainstAverage,5.114975
19171918,8449997,3,wins,4.0
19171918,8450013,3,wins,2.0
19171918,8450137,3,wins,1.0
19171918,8450013,3,goalsAgainstAverage,3.6
19171918,8449997,3,goalsAgainstAverage,4.0
19171918,8450137,3,goalsAgainstAverage,5.0
19181919,8449817,2,wins,12.0
19181919,8450137,2,wins,10.0
19181919,8450014,2,wins,5.0
19181919,8449817,2,shutouts,2.0
19181919,8450137,2,shutouts,1.0
19181919,8449817,2,goalsAgainstAverage,2.854578
19181919,8450137,2,goalsAgainstAverage,4.268126
19181919,8450014,2,goalsAgainstAverage,5.094629
19181919,8450137,3,wins,6.0
19181919,8449997,3,wins,2.0
19181919,8449817,3,wins,1.0
19181919,8449997,3,shutouts,2.0
19181919,8450137,3,shutouts,1.0
19181919,8449997,3,goalsAgainstAverage,1.786335
19181919,8450137,3,goalsAgainstAverage,3.491206
19181919,8449817,3,goalsAgainstAverage,5.2
19191920,8449817,2,wins,19.0
19191920,8450137,2,wins,13.0
19191920,8450044,2,wins,6.0
19191920,8450017,2,wins,4.0
19191920,8449843,2,wins,3.0
19191920,8449817,2,shutouts,5.0
19191920,8449817,2,goalsAgainstAverage,2.66143
19191920,8450044,2,goalsAgainstAverage,4.337349
19191920,8450137,2,goalsAgainstAverage,4.65846
19191920,8450017,2,goalsAgainstAverage,5.837838
19191920,8449843,2,goalsAgainstAverage,7.109213
19191920,8449817,3,wins,3.0
19191920,8449997,3,wins,2.0
19191920,8449817,3,shutouts,1.0
19191920,8449817,3,goalsAgainstAverage,2.2
19191920,8449997,3,goalsAgainstAverage,3.0
19201921,8449817,2,wins,14.0
19201921,8450137,2,wins,13.0
19201921,8449918,2,wins,13.0
19201921,8450017,2,wins,6.0
19201921,8450044,2,wins,2.0
19201921,8449817,2,shutouts,2.0
19201921,8450017,2,shutouts,1.0
19201921,8450137,2,shutouts,1.0
19201921,8449817,2,goalsAgainstAverage,3.078326
19201921,8449918,2,goalsAgainstAverage,3.832662
19201921,8450137,2,goalsAgainstAverage,4.122137
19201921,8450017,2,goalsAgainstAverage,5.446106
19201921,8449817,3,wins,5.0
19201921,8450013,3,wins,2.0
19201921,8449817,3,shutouts,2.0
19201921,8449817,3,goalsAgainstAverage,1.714286
19201921,8450013,3,goalsAgainstAverage,2.4
19201921,8449918,3,goalsAgainstAverage,3.5
19211922,8449817,2,wins,14.0
19211922,8450137,2,wins,12.0
19211922,8450103,2,wins,11.0
19211922,8450017,2,wins,6.0
19211922,8450044,2,wins,2.0
19211922,8449817,2,shutouts,2.0
19211922,8449817,2,goalsAgainstAverage,3.342914
19211922,8450137,2,goalsAgainstAverage,3.840654
19211922,8450103,2,goalsAgainstAverage,4.074627
19211922,8450017,2,goalsAgainstAverage,4.388685
19211922,8450103,3,wins,4.0
19211922,8450013,3,wins,2.0
19211922,8450103,3,shutouts,2.0
19211922,8449817,3,shutouts,1.0
19211922,8450013,3,shutouts,1.0
19211922,8450103,3,goalsAgainstAverage,1.836014
19211922,8449817,3,goalsAgainstAverage,2.5
19211922,8450013,3,goalsAgainstAverage,3.149262
19221923,8449817,2,wins,14.0
19221923,8450103,2,wins,13.0
19221923,8450137,2,wins,13.0
19221923,8449918,2,wins,6.0
19221923,8449817,2,shutouts,4.0
19221923,8450137,2,shutouts,2.0
19221923,8450103,2,shutouts,1.0
19221923,8449817,2,goalsAgainstAverage,2.175957
19221923,8450137,2,goalsAgainstAverage,2.459677
19221923,8450103,2,goalsAgainstAverage,3.594282
19221923,8449918,2,goalsAgainstAverage,4.489796
19221923,8449817,3,wins,6.0
19221923,8450013,3,wins,1.0
19221923,8450137,3,wins,1.0
19221923,8449817,3,shutouts,3.0
19221923,8449817,3,goalsAgainstAverage,1.244469
19221923,8450150,3,goalsAgainstAverage,1.473799
19221923,8450137,3,goalsAgainstAverage,1.5
19221923,8450013,3,goalsAgainstAverage,2.5
19231924,8449817,2,wins,15.0
19231924,8450137,2,wins,13.0
19231924,8450103,2,wins,10.0
19231924,8449918,2,wins,9.0
19231924,8449990,2,wins,1.0
19231924,8449817,2,shutouts,3.0
19231924,8450137,2,shutouts,3.0
19231924,8450103,2,shutouts,1.0
19231924,8449918,2,shutouts,1.0
19231924,8450137,2,goalsAgainstAverage,1.973955
19231924,8449817,2,goalsAgainstAverage,1.99115
19231924,8449918,2,goalsAgainstAverage,2.75118
19231924,8450103,2,goalsAgainstAverage,3.478261
19231924,8450137,3,wins,6.0
19231924,8450137,3,shutouts,2.0
19231924,8450137,3,goalsAgainstAverage,1.0
19231924,8449817,3,goalsAgainstAverage,2.5
19231924,8450013,3,goalsAgainstAverage,2.5
19241925,8449918,2,wins,19.0
19241925,8450103,2,wins,19.0
19241925,8449856,2,wins,17.0
19241925,8450137,2,wins,17.0
19241925,8449817,2,wins,9.0
19241925,8449856,2,shutouts,7.0
19241925,8449918,2,shutouts,6.0
19241925,8450137,2,shutouts,5.0
19241925,8450120,2,shutouts,2.0
19241925,8449817,2,shutouts,2.0
19241925,8450137,2,goalsAgainstAverage,1.806452
19241925,8449918,2,goalsAgainstAverage,1.963333
19241925,8449817,2,goalsAgainstAverage,2.116115
19241925,8449856,2,goalsAgainstAverage,2.137902
19241925,8450103,2,goalsAgainstAverage,2.8
19241925,8450137,3,wins,3.0
19241925,8449997,3,wins,3.0
19241925,8450137,3,shutouts,1.0
19241925,8449997,3,goalsAgainstAverage,2.0
19241925,8450103,3,goalsAgainstAverage,2.5
19241925,8450137,3,goalsAgainstAverage,3.0
19251926,8449856,2,wins,24.0
19251926,8449817,2,wins,20.0
19251926,8450153,2,wins,18.0
19251926,8450120,2,wins,16.0
19251926,8449918,2,wins,12.0
19251926,8449856,2,shutouts,15.0
19251926,8450153,2,shutouts,7.0
19251926,8450120,2,shutouts,6.0
19251926,8449817,2,shutouts,6.0
19251926,8449918,2,shutouts,2.0
19251926,8449856,2,goalsAgainstAverage,1.119502
19251926,8450153,2,goalsAgainstAverage,1.902098
19251926,8449817,2,goalsAgainstAverage,1.91601
19251926,8450120,2,goalsAgainstAverage,2.209945
19251926,8449918,2,goalsAgainstAverage,2.303571
19251926,8449817,3,wins,5.0
19251926,8449997,3,wins,1.0
19251926,8449817,3,shutouts,4.0
19251926,8449817,3,goalsAgainstAverage,1.0
19251926,8449856,3,goalsAgainstAverage,1.0
19251926,8449997,3,goalsAgainstAverage,2.5
19251926,8450153,3,goalsAgainstAverage,3.0
19261927,8449856,2,wins,30.0
19261927,8449987,2,wins,28.0
19261927,8449850,2,wins,22.0
19261927,8449817,2,wins,20.0
19261927,8450013,2,wins,19.0
19261927,8449987,2,shutouts,14.0
19261927,8449817,2,shutouts,13.0
19261927,8449856,2,shutouts,13.0
19261927,8449850,2,shutouts,10.0
19261927,8449918,2,shutouts,8.0
19261927,8449817,2,goalsAgainstAverage,1.419731
19261927,8449987,2,goalsAgainstAverage,1.467689
19261927,8449856,2,goalsAgainstAverage,1.483871
19261927,8449850,2,goalsAgainstAverage,1.508308
19261927,8450150,2,goalsAgainstAverage,1.657977
19261927,8449856,3,wins,3.0
19261927,8450150,3,wins,2.0
19261927,8449987,3,wins,1.0
19261927,8449856,3,shutouts,2.0
19261927,8450150,3,shutouts,2.0
19261927,8449850,3,shutouts,1.0
19261927,8449987,3,shutouts,1.0
19261927,8449856,3,goalsAgainstAverage,0.6
19261927,8449817,3,goalsAgainstAverage,0.908517
19261927,8449987,3,goalsAgainstAverage,1.428099
19261927,8450150,3,goalsAgainstAverage,1.5
19261927,8449850,3,goalsAgainstAverage,1.5
19271928,8449987,2,wins,26.0
19271928,8449817,2,wins,24.0
19271928,8449856,2,wins,20.0
19271928,8450150,2,wins,20.0
19271928,8449850,2,wins,19.0
19271928,8449856,2,shutouts,15.0
19271928,8450150,2,shutouts,15.0
19271928,8449987,2,shutouts,13.0
19271928,8449850,2,shutouts,11.0
19271928,8449997,2,shutouts,11.0
19271928,8449987,2,goalsAgainstAverage,1.060728
19271928,8449856,2,goalsAgainstAverage,1.241252
19271928,8450150,2,goalsAgainstAverage,1.522429
19271928,8450153,2,goalsAgainstAverage,1.664234
19271928,8449817,2,goalsAgainstAverage,1.704354
19271928,8449817,3,wins,5.0
19271928,8449850,3,wins,2.0
19271928,8450043,3,wins,2.0
19271928,8450153,3,wins,1.0
19271928,8448095,3,wins,1.0
19271928,8449817,3,shutouts,4.0
19271928,8450043,3,shutouts,1.0
19271928,8449850,3,shutouts,1.0
19271928,8449817,3,goalsAgainstAverage,0.864164
19271928,8450043,3,goalsAgainstAverage,1.0
19271928,8449987,3,goalsAgainstAverage,1.402233
19271928,8449850,3,goalsAgainstAverage,1.445783
19271928,8449856,3,goalsAgainstAverage,1.5
19281929,8450127,2,wins,26.0
19281929,8449987,2,wins,22.0
19281929,8450103,2,wins,21.0
19281929,8449850,2,wins,20.0
19281929,8449897,2,wins,19.0
19281929,8449987,2,shutouts,22.0
19281929,8450153,2,shutouts,13.0
19281929,8450103,2,shutouts,13.0
19281929,8450127,2,shutouts,12.0
19281929,8449817,2,shutouts,11.0
19281929,8449987,2,goalsAgainstAverage,0.921429
19281929,8450127,2,goalsAgainstAverage,1.151292
19281929,8450153,2,goalsAgainstAverage,1.154812
19281929,8449897,2,goalsAgainstAverage,1.374545
19281929,8450103,2,goalsAgainstAverage,1.413043
19281929,8450127,3,wins,5.0
19281929,8450103,3,wins,3.0
19281929,8449850,3,wins,2.0
19281929,8450127,3,shutouts,3.0
19281929,8450103,3,shutouts,3.0
19281929,8450153,3,shutouts,1.0
19281929,8450153,3,goalsAgainstAverage,0.400445
19281929,8450127,3,goalsAgainstAverage,0.6
19281929,8450103,3,goalsAgainstAverage,0.765469
19281929,8449850,3,goalsAgainstAverage,1.239243
19281929,8449987,3,goalsAgainstAverage,1.666667
19291930,8450127,2,wins,38.0
19291930,8449856,2,wins,21.0
19291930,8449966,2,wins,21.0
19291930,8449987,2,wins,20.0
19291930,8450103,2,wins,17.0
19291930,8449850,2,shutouts,6.0
19291930,8449987,2,shutouts,4.0
19291930,8449856,2,shutouts,3.0
19291930,8449966,2,shutouts,3.0
19291930,8450127,2,shutouts,3.0
19291930,8450127,2,goalsAgainstAverage,2.19403
19291930,8450144,2,goalsAgainstAverage,2.382671
19291930,8449987,2,goalsAgainstAverage,2.41791
19291930,8449966,2,goalsAgainstAverage,2.421818
19291930,8449850,2,goalsAgainstAverage,2.538462
19291930,8449987,3,wins,5.0
19291930,8450127,3,wins,3.0
19291930,8450103,3,wins,1.0
19291930,8450144,3,wins,1.0
19291930,8449987,3,shutouts,3.0
19291930,8450144,3,shutouts,1.0
19291930,8450144,3,goalsAgainstAverage,0.384595
19291930,8449987,3,goalsAgainstAverage,0.74961
19291930,8449966,3,goalsAgainstAverage,1.050277
19291930,8450103,3,goalsAgainstAverage,1.35981
19291930,8450127,3,goalsAgainstAverage,1.666602
19301931,8450127,2,wins,28.0
19301931,8449987,2,wins,26.0
19301931,8449966,2,wins,24.0
19301931,8449850,2,wins,21.0
19301931,8450103,2,wins,19.0
19301931,8449966,2,shutouts,12.0
19301931,8449987,2,shutouts,8.0
19301931,8450153,2,shutouts,8.0
19301931,8450103,2,shutouts,7.0
19301931,8449850,2,shutouts,6.0
19301931,8450153,2,goalsAgainstAverage,1.608696
19301931,8449966,2,goalsAgainstAverage,1.726937
19301931,8450103,2,goalsAgainstAverage,1.891304
19301931,8449987,2,goalsAgainstAverage,1.948905
19301931,8450127,2,goalsAgainstAverage,1.978022
19301931,8449987,3,wins,6.0
19301931,8449966,3,wins,5.0
19301931,8450127,3,wins,2.0
19301931,8450103,3,wins,2.0
19301931,8449966,3,shutouts,2.0
19301931,8449987,3,shutouts,2.0
19301931,8450103,3,shutouts,1.0
19301931,8450103,3,goalsAgainstAverage,1.0
19301931,8449966,3,goalsAgainstAverage,1.316614
19301931,8449850,3,goalsAgainstAverage,1.722488
19301931,8449987,3,goalsAgainstAverage,1.745717
19301931,8450127,3,goalsAgainstAverage,2.277816
19311932,8449987,2,wins,25.0
19311932,8450103,2,wins,23.0
19311932,8449850,2,wins,21.0
19311932,8449856,2,wins,18.0
19311932,8449966,2,wins,18.0
19311932,8450127,2,shutouts,9.0
19311932,8450103,2,shutouts,9.0
19311932,8449856,2,shutouts,6.0
19311932,8449987,2,shutouts,6.0
19311932,8450153,2,shutouts,5.0
19311932,8449966,2,goalsAgainstAverage,1.846771
19311932,8449856,2,goalsAgainstAverage,2.131579
19311932,8449987,2,goalsAgainstAverage,2.194149
19311932,8450103,2,goalsAgainstAverage,2.232558
19311932,8450127,2,goalsAgainstAverage,2.267226
19311932,8449850,3,wins,5.0
19311932,8450103,3,wins,3.0
19311932,8449987,3,wins,1.0
19311932,8450144,3,wins,1.0
19311932,8449966,3,wins,1.0
19311932,8449966,3,shutouts,1.0
19311932,8450144,3,shutouts,1.0
19311932,8450103,3,shutouts,1.0
19311932,8450144,3,goalsAgainstAverage,1.162866
19311932,8449856,3,goalsAgainstAverage,1.5
19311932,8449850,3,goalsAgainstAverage,2.054873
19311932,8449987,3,goalsAgainstAverage,2.604051
19311932,8449966,3,goalsAgainstAverage,3.0
19321933,8450103,2,wins,25.0
19321933,8450127,2,wins,25.0
19321933,8449850,2,wins,24.0
19321933,8449787,2,wins,23.0
19321933,8449987,2,wins,18.0
19321933,8450127,2,shutouts,11.0
19321933,8450103,2,shutouts,10.0
19321933,8449987,2,shutouts,8.0
19321933,8449821,2,shutouts,5.0
19321933,8450153,2,shutouts,5.0
19321933,8450127,2,goalsAgainstAverage,1.76
19321933,8450103,2,goalsAgainstAverage,1.878788
19321933,8449966,2,goalsAgainstAverage,2.013289
19321933,8450009,2,goalsAgainstAverage,2.148148
19321933,8449787,2,goalsAgainstAverage,2.161616
19321933,8449787,3,wins,6.0
19321933,8449850,3,wins,4.0
19321933,8450127,3,wins,2.0
19321933,8450103,3,wins,2.0
19321933,8449787,3,shutouts,2.0
19321933,8449850,3,shutouts,2.0
19321933,8450103,3,shutouts,1.0
19321933,8450127,3,goalsAgainstAverage,1.231658
19321933,8449850,3,goalsAgainstAverage,1.574382
19321933,8449787,3,goalsAgainstAverage,1.599836
19321933,8450103,3,goalsAgainstAverage,2.0
19321933,8450009,3,goalsAgainstAverage,2.5
19331934,8449987,2,wins,26.0
19331934,8449787,2,wins,21.0
19331934,8449850,2,wins,21.0
19331934,8449966,2,wins,20.0
19331934,8450009,2,wins,19.0
19331934,8449966,2,shutouts,10.0
19331934,8449850,2,shutouts,8.0
19331934,8449787,2,shutouts,7.0
19331934,8450009,2,shutouts,6.0
19331934,8449861,2,shutouts,5.0
19331934,8449861,2,goalsAgainstAverage,1.46875
19331934,8449966,2,goalsAgainstAverage,1.632787
19331934,8450153,2,goalsAgainstAverage,2.008929
19331934,8449850,2,goalsAgainstAverage,2.069672
19331934,8449787,2,goalsAgainstAverage,2.267559
19331934,8449966,3,wins,6.0
19331934,8449861,3,wins,4.0
19331934,8449987,3,wins,2.0
19331934,8450009,3,wins,1.0
19331934,8449966,3,shutouts,2.0
19331934,8449787,3,shutouts,1.0
19331934,8450009,3,shutouts,1.0
19331934,8449861,3,shutouts,1.0
19331934,8449787,3,goalsAgainstAverage,1.0
19331934,8449966,3,goalsAgainstAverage,1.327597
19331934,8450009,3,goalsAgainstAverage,1.75
19331934,8449850,3,goalsAgainstAverage,1.830896
19331934,8449861,3,goalsAgainstAverage,2.125506
19341935,8449987,2,wins,30.0
19341935,8449850,2,wins,26.0
19341935,8450127,2,wins,26.0
19341935,8449856,2,wins,24.0
19341935,8449861,2,wins,19.0
19341935,8449856,2,shutouts,9.0
19341935,8449850,2,shutouts,8.0
19341935,8449987,2,shutouts,8.0
19341935,8450127,2,shutouts,8.0
19341935,8450103,2,shutouts,4.0
19341935,8449850,2,goalsAgainstAverage,1.795918
19341935,8449856,2,goalsAgainstAverage,1.858586
19341935,8450115,2,goalsAgainstAverage,2.012903
19341935,8449987,2,goalsAgainstAverage,2.252283
19341935,8450127,2,goalsAgainstAverage,2.262626
19341935,8449856,3,wins,5.0
19341935,8449987,3,wins,3.0
19341935,8450009,3,wins,1.0
19341935,8450127,3,wins,1.0
19341935,8449856,3,shutouts,2.0
19341935,8449987,3,shutouts,2.0
19341935,8449850,3,shutouts,1.0
19341935,8450127,3,shutouts,1.0
19341935,8449850,3,goalsAgainstAverage,0.481799
19341935,8449856,3,goalsAgainstAverage,1.116279
19341935,8450127,3,goalsAgainstAverage,1.527088
19341935,8449987,3,goalsAgainstAverage,1.563518
19341935,8450009,3,goalsAgainstAverage,2.5
19351936,8450115,2,wins,24.0
19351936,8449987,2,wins,23.0
19351936,8450127,2,wins,22.0
19351936,8450007,2,wins,21.0
19351936,8450009,2,wins,18.0
19351936,8450127,2,shutouts,10.0
19351936,8450007,2,shutouts,9.0
19351936,8450009,2,shutouts,8.0
19351936,8449987,2,shutouts,8.0
19351936,8449861,2,shutouts,6.0
19351936,8450127,2,goalsAgainstAverage,1.679181
19351936,8450007,2,goalsAgainstAverage,1.846154
19351936,8450009,2,goalsAgainstAverage,1.912752
19351936,8450115,2,goalsAgainstAverage,2.039604
19351936,8449850,2,goalsAgainstAverage,2.079208
19351936,8450115,3,wins,6.0
19351936,8449987,3,wins,4.0
19351936,8450153,3,wins,2.0
19351936,8450007,3,wins,1.0
19351936,8450127,3,wins,1.0
19351936,8450153,3,shutouts,2.0
19351936,8450115,3,shutouts,2.0
19351936,8450127,3,shutouts,1.0
19351936,8449850,3,goalsAgainstAverage,1.214165
19351936,8450115,3,goalsAgainstAverage,1.340782
19351936,8450153,3,goalsAgainstAverage,2.2
19351936,8449987,3,goalsAgainstAverage,2.997225
19351936,8450007,3,goalsAgainstAverage,3.5
19361937,8450115,2,wins,25.0
19361937,8450127,2,wins,23.0
19361937,8449837,2,wins,22.0
19361937,8449861,2,wins,22.0
19361937,8450009,2,wins,19.0
19361937,8450115,2,shutouts,6.0
19361937,8450127,2,shutouts,6.0
19361937,8449861,2,shutouts,5.0
19361937,8450007,2,shutouts,5.0
19361937,8450009,2,shutouts,4.0
19361937,8450115,2,goalsAgainstAverage,2.053691
19361937,8450009,2,goalsAgainstAverage,2.09901
19361937,8449861,2,goalsAgainstAverage,2.175824
19361937,8449821,2,goalsAgainstAverage,2.186047
19361937,8449856,2,goalsAgainstAverage,2.210526
19361937,8450009,3,wins,6.0
19361937,8450105,3,wins,3.0
19361937,8450115,3,wins,3.0
19361937,8449821,3,wins,2.0
19361937,8449861,3,wins,2.0
19361937,8450009,3,shutouts,4.0
19361937,8450105,3,shutouts,2.0
19361937,8450127,3,shutouts,1.0
19361937,8450115,3,shutouts,1.0
19361937,8450009,3,goalsAgainstAverage,1.084827
19361937,8450115,3,goalsAgainstAverage,1.275314
19361937,8450105,3,goalsAgainstAverage,1.411765
19361937,8449821,3,goalsAgainstAverage,2.2
19361937,8449861,3,goalsAgainstAverage,2.217064
19371938,8450127,2,wins,30.0
19371938,8450009,2,wins,27.0
19371938,8449837,2,wins,24.0
19371938,8450105,2,wins,19.0
19371938,8449861,2,wins,18.0
19371938,8450009,2,shutouts,8.0
19371938,8450127,2,shutouts,7.0
19371938,8449837,2,shutouts,6.0
19371938,8450105,2,shutouts,6.0
19371938,8449861,2,shutouts,3.0
19371938,8450127,2,goalsAgainstAverage,1.79798
19371938,8450009,2,goalsAgainstAverage,1.945946
19371938,8450105,2,goalsAgainstAverage,2.22
19371938,8449861,2,goalsAgainstAverage,2.528428
19371938,8449837,2,goalsAgainstAverage,2.557047
19371938,8450007,3,wins,6.0
19371938,8449837,3,wins,4.0
19371938,8450105,3,wins,3.0
19371938,8449861,3,wins,1.0
19371938,8450009,3,wins,1.0
19371938,8450007,3,shutouts,2.0
19371938,8449837,3,shutouts,1.0
19371938,8450045,3,goalsAgainstAverage,1.0
19371938,8450105,3,goalsAgainstAverage,1.51547
19371938,8450127,3,goalsAgainstAverage,1.701457
19371938,8450007,3,goalsAgainstAverage,1.71483
19371938,8449837,3,goalsAgainstAverage,1.727256
19381939,8449836,2,wins,33.0
19381939,8450009,2,wins,26.0
19381939,8449837,2,wins,19.0
19381939,8450127,2,wins,19.0
19381939,8450105,2,wins,17.0
19381939,8449836,2,shutouts,10.0
19381939,8449837,2,shutouts,8.0
19381939,8450009,2,shutouts,6.0
19381939,8450007,2,shutouts,5.0
19381939,8450127,2,shutouts,4.0
19381939,8449836,2,goalsAgainstAverage,1.557252
19381939,8450009,2,goalsAgainstAverage,2.10101
19381939,8449837,2,goalsAgainstAverage,2.147157
19381939,8450127,2,goalsAgainstAverage,2.393794
19381939,8450007,2,goalsAgainstAverage,2.608696
19381939,8449836,3,wins,8.0
19381939,8449837,3,wins,5.0
19381939,8449960,3,wins,3.0
19381939,8450127,3,wins,3.0
19381939,8449833,3,wins,1.0
19381939,8449837,3,shutouts,2.0
19381939,8449833,3,shutouts,1.0
19381939,8450127,3,shutouts,1.0
19381939,8449836,3,shutouts,1.0
19381939,8450009,3,goalsAgainstAverage,1.004885
19381939,8449836,3,goalsAgainstAverage,1.250338
19381939,8449960,3,goalsAgainstAverage,1.66007
19381939,8449837,3,goalsAgainstAverage,1.946998
19381939,8450127,3,goalsAgainstAverage,2.409746
19391940,8449836,2,wins,31.0
19391940,8450009,2,wins,27.0
19391940,8449837,2,wins,25.0
19391940,8450127,2,wins,16.0
19391940,8449982,2,wins,16.0
19391940,8450009,2,shutouts,8.0
19391940,8449836,2,shutouts,6.0
19391940,8450105,2,shutouts,6.0
19391940,8449982,2,shutouts,4.0
19391940,8449837,2,shutouts,4.0
19391940,8450009,2,goalsAgainstAverage,1.54
19391940,8449982,2,goalsAgainstAverage,1.9375
19391940,8449836,2,goalsAgainstAverage,1.973104
19391940,8449837,2,goalsAgainstAverage,2.234483
19391940,8450127,2,goalsAgainstAverage,2.54417
19391940,8450009,3,wins,8.0
19391940,8449837,3,wins,6.0
19391940,8449836,3,wins,2.0
19391940,8450127,3,wins,2.0
19391940,8450105,3,wins,1.0
19391940,8450009,3,shutouts,3.0
19391940,8449837,3,shutouts,1.0
19391940,8450009,3,goalsAgainstAverage,1.559792
19391940,8449837,3,goalsAgainstAverage,1.737982
19391940,8449982,3,goalsAgainstAverage,2.369668
19391940,8450127,3,goalsAgainstAverage,2.396671
19391940,8449836,3,goalsAgainstAverage,2.5
19401941,8449837,2,wins,28.0
19401941,8449836,2,wins,27.0
19401941,8450009,2,wins,21.0
19401941,8450047,2,wins,21.0
19401941,8449960,2,wins,13.0
19401941,8449836,2,shutouts,6.0
19401941,8449837,2,shutouts,5.0
19401941,8450047,2,shutouts,4.0
19401941,8449982,2,shutouts,2.0
19401941,8450009,2,shutouts,2.0
19401941,8449837,2,goalsAgainstAverage,2.0
19401941,8449836,2,goalsAgainstAverage,2.013158
19401941,8450047,2,goalsAgainstAverage,2.013158
19401941,8450009,2,goalsAgainstAverage,2.491694
19401941,8449982,2,goalsAgainstAverage,2.5
19401941,8449836,3,wins,8.0
19401941,8450047,3,wins,4.0
19401941,8449837,3,wins,3.0
19401941,8450018,3,wins,2.0
19401941,8449960,3,wins,1.0
19401941,8449836,3,shutouts,1.0
19401941,8450009,3,goalsAgainstAverage,1.874837
19401941,8449836,3,goalsAgainstAverage,2.03655
19401941,8449837,3,goalsAgainstAverage,2.056594
19401941,8450018,3,goalsAgainstAverage,2.09353
19401941,8450047,3,goalsAgainstAverage,2.135675
19411942,8449993,2,wins,29.0
19411942,8449837,2,wins,27.0
19411942,8449836,2,wins,24.0
19411942,8450018,2,wins,21.0
19411942,8450047,2,wins,19.0
19411942,8449837,2,shutouts,6.0
19411942,8450047,2,shutouts,5.0
19411942,8449836,2,shutouts,3.0
19411942,8450018,2,shutouts,3.0
19411942,8450096,2,shutouts,1.0
19411942,8449836,2,goalsAgainstAverage,2.346939
19411942,8449837,2,goalsAgainstAverage,2.756757
19411942,8449993,2,goalsAgainstAverage,2.898649
19411942,8450047,2,goalsAgainstAverage,3.0
19411942,8450018,2,goalsAgainstAverage,3.1777
19411942,8449837,3,wins,8.0
19411942,8450047,3,wins,7.0
19411942,8449993,3,wins,2.0
19411942,8449836,3,wins,2.0
19411942,8449823,3,wins,1.0
19411942,8449823,3,shutouts,1.0
19411942,8450018,3,shutouts,1.0
19411942,8449993,3,shutouts,1.0
19411942,8449837,3,shutouts,1.0
19411942,8450018,3,goalsAgainstAverage,1.605566
19411942,8449993,3,goalsAgainstAverage,2.166667
19411942,8449837,3,goalsAgainstAverage,2.384615
19411942,8449823,3,goalsAgainstAverage,2.666667
19411942,8449836,3,goalsAgainstAverage,3.128564
19421943,8450047,2,wins,25.0
19421943,8449836,2,wins,24.0
19421943,8449837,2,wins,22.0
19421943,8449823,2,wins,19.0
19421943,8449960,2,wins,17.0
19421943,8450047,2,shutouts,6.0
19421943,8449821,2,shutouts,1.0
19421943,8449823,2,shutouts,1.0
19421943,8449836,2,shutouts,1.0
19421943,8449837,2,shutouts,1.0
19421943,8450047,2,goalsAgainstAverage,2.471761
19421943,8449837,2,goalsAgainstAverage,3.18
19421943,8449836,2,goalsAgainstAverage,3.52
19421943,8449960,2,goalsAgainstAverage,3.576159
19421943,8449823,2,goalsAgainstAverage,3.807309
19421943,8450047,3,wins,8.0
19421943,8449836,3,wins,4.0
19421943,8449837,3,wins,2.0
19421943,8449823,3,wins,1.0
19421943,8450047,3,shutouts,2.0
19421943,8449823,3,shutouts,1.0
19421943,8450047,3,goalsAgainstAverage,1.942176
19421943,8449837,3,goalsAgainstAverage,2.729444
19421943,8449823,3,goalsAgainstAverage,3.380105
19421943,8449836,3,goalsAgainstAverage,3.538769
19431944,8449910,2,wins,38.0
19431944,8449960,2,wins,17.0
19431944,8449896,2,wins,17.0
19431944,8449823,2,wins,13.0
19431944,8450007,2,wins,12.0
19431944,8449823,2,shutouts,5.0
19431944,8450007,2,shutouts,3.0
19431944,8449910,2,shutouts,2.0
19431944,8449923,2,shutouts,1.0
19431944,8449896,2,shutouts,1.0
19431944,8449910,2,goalsAgainstAverage,2.18
19431944,8449823,2,goalsAgainstAverage,3.0
19431944,8450007,2,goalsAgainstAverage,3.038462
19431944,8449896,2,goalsAgainstAverage,3.076923
19431944,8449923,2,goalsAgainstAverage,4.166667
19431944,8449910,3,wins,8.0
19431944,8450007,3,wins,4.0
19431944,8449823,3,wins,1.0
19431944,8449896,3,wins,1.0
19431944,8449910,3,shutouts,1.0
19431944,8450007,3,shutouts,1.0
19431944,8449910,3,goalsAgainstAverage,1.529497
19431944,8450007,3,goalsAgainstAverage,2.621996
19431944,8449896,3,goalsAgainstAverage,3.4
19431944,8449823,3,goalsAgainstAverage,4.6
19441945,8449910,2,wins,38.0
19441945,8450029,2,wins,24.0
19441945,8450019,2,wins,24.0
19441945,8450007,2,wins,12.0
19441945,8450027,2,wins,11.0
19441945,8450007,2,shutouts,4.0
19441945,8450029,2,shutouts,4.0
19441945,8450019,2,shutouts,1.0
19441945,8450027,2,shutouts,1.0
19441945,8449910,2,shutouts,1.0
19441945,8449910,2,goalsAgainstAverage,2.42
19441945,8450019,2,goalsAgainstAverage,3.216216
19441945,8450029,2,goalsAgainstAverage,3.22
19441945,8450007,2,goalsAgainstAverage,3.895833
19441945,8449819,2,goalsAgainstAverage,4.235778
19441945,8450029,3,wins,8.0
19441945,8450019,3,wins,7.0
19441945,8449823,3,wins,3.0
19441945,8449910,3,wins,2.0
19441945,8450029,3,shutouts,4.0
19441945,8450019,3,shutouts,2.0
19441945,8450019,3,goalsAgainstAverage,2.134333
19441945,8450029,3,goalsAgainstAverage,2.230852
19441945,8449910,3,goalsAgainstAverage,2.415459
19441945,8449823,3,goalsAgainstAverage,3.019213
19451946,8449910,2,wins,24.0
19451946,8450007,2,wins,22.0
19451946,8450019,2,wins,20.0
19451946,8449836,2,wins,16.0
19451946,8450096,2,wins,12.0
19451946,8449910,2,shutouts,4.0
19451946,8449823,2,shutouts,2.0
19451946,8449836,2,shutouts,2.0
19451946,8450019,2,shutouts,2.0
19451946,8449993,2,shutouts,1.0
19451946,8449910,2,goalsAgainstAverage,2.6
19451946,8449823,2,goalsAgainstAverage,2.884615
19451946,8450019,2,goalsAgainstAverage,3.18
19451946,8449836,2,goalsAgainstAverage,3.264706
19451946,8450007,2,goalsAgainstAverage,3.458333
19451946,8449910,3,wins,8.0
19451946,8449836,3,wins,5.0
19451946,8450019,3,wins,1.0
19451946,8450019,3,shutouts,1.0
19451946,8449910,3,goalsAgainstAverage,2.064457
19451946,8449836,3,goalsAgainstAverage,2.672332
19451946,8450019,3,goalsAgainstAverage,3.098273
19451946,8450007,3,goalsAgainstAverage,6.5
19461947,8449910,2,wins,34.0
19461947,8449837,2,wins,31.0
19461947,8449836,2,wins,26.0
19461947,8450096,2,wins,22.0
19461947,8450019,2,wins,22.0
19461947,8450096,2,shutouts,5.0
19461947,8449837,2,shutouts,4.0
19461947,8449910,2,shutouts,4.0
19461947,8450019,2,shutouts,3.0
19461947,8449836,2,shutouts,3.0
19461947,8449910,2,goalsAgainstAverage,2.3
19461947,8449837,2,goalsAgainstAverage,2.866667
19461947,8449836,2,goalsAgainstAverage,2.916667
19461947,8450096,2,goalsAgainstAverage,3.051724
19461947,8450019,2,goalsAgainstAverage,3.057692
19461947,8449837,3,wins,8.0
19461947,8449910,3,wins,6.0
19461947,8449802,3,wins,1.0
19461947,8449836,3,wins,1.0
19461947,8449837,3,shutouts,1.0
19461947,8449910,3,shutouts,1.0
19461947,8449910,3,goalsAgainstAverage,1.919599
19461947,8449837,3,goalsAgainstAverage,2.383463
19461947,8449836,3,goalsAgainstAverage,2.804557
19461947,8449802,3,goalsAgainstAverage,3.02228
19471948,8449837,2,wins,32.0
19471948,8450019,2,wins,30.0
19471948,8449836,2,wins,23.0
19471948,8449910,2,wins,20.0
19471948,8449922,2,wins,19.0
19471948,8450019,2,shutouts,7.0
19471948,8449910,2,shutouts,5.0
19471948,8449837,2,shutouts,5.0
19471948,8449836,2,shutouts,3.0
19471948,8449993,2,shutouts,2.0
19471948,8449837,2,goalsAgainstAverage,2.383333
19471948,8450019,2,goalsAgainstAverage,2.455229
19471948,8449910,2,goalsAgainstAverage,2.7733
19471948,8449836,2,goalsAgainstAverage,2.8
19471948,8449993,2,goalsAgainstAverage,3.167767
19471948,8449837,3,wins,8.0
19471948,8450019,3,wins,4.0
19471948,8450096,3,wins,2.0
19471948,8449836,3,wins,1.0
19471948,8449837,3,shutouts,1.0
19471948,8449837,3,goalsAgainstAverage,2.154205
19471948,8450096,3,goalsAgainstAverage,2.833333
19471948,8450019,3,goalsAgainstAverage,3.0
19471948,8449836,3,goalsAgainstAverage,3.784892
19481949,8450019,2,wins,34.0
19481949,8449910,2,wins,28.0
19481949,8449836,2,wins,26.0
19481949,8449837,2,wins,22.0
19481949,8449993,2,wins,21.0
19481949,8449910,2,shutouts,10.0
19481949,8450096,2,shutouts,7.0
19481949,8450019,2,shutouts,6.0
19481949,8449837,2,shutouts,5.0
19481949,8449992,2,shutouts,1.0
19481949,8449910,2,goalsAgainstAverage,2.1
19481949,8450019,2,goalsAgainstAverage,2.416667
19481949,8449837,2,goalsAgainstAverage,2.683333
19481949,8449836,2,goalsAgainstAverage,2.722222
19481949,8450096,2,goalsAgainstAverage,2.896552
19481949,8449837,3,wins,8.0
19481949,8450019,3,wins,4.0
19481949,8449910,3,wins,3.0
19481949,8449836,3,wins,1.0
19481949,8449837,3,shutouts,1.0
19481949,8449837,3,goalsAgainstAverage,1.568627
19481949,8450019,3,goalsAgainstAverage,2.150636
19481949,8449910,3,goalsAgainstAverage,2.180186
19481949,8449836,3,goalsAgainstAverage,3.035733
19491950,8450019,2,wins,33.0
19491950,8449837,2,wins,30.0
19491950,8450096,2,wins,28.0
19491950,8449910,2,wins,26.0
19491950,8449836,2,wins,22.0
19491950,8449837,2,shutouts,9.0
19491950,8449910,2,shutouts,8.0
19491950,8450019,2,shutouts,7.0
19491950,8450096,2,shutouts,6.0
19491950,8449836,2,shutouts,5.0
19491950,8449910,2,goalsAgainstAverage,2.203125
19491950,8450019,2,goalsAgainstAverage,2.349206
19491950,8449837,2,goalsAgainstAverage,2.465957
19491950,8450096,2,goalsAgainstAverage,2.623188
19491950,8449977,2,goalsAgainstAverage,3.283582
19491950,8450019,3,wins,8.0
19491950,8450096,3,wins,7.0
19491950,8449837,3,wins,3.0
19491950,8450041,3,wins,1.0
19491950,8449837,3,shutouts,3.0
19491950,8450019,3,shutouts,3.0
19491950,8450096,3,shutouts,1.0
19491950,8449837,3,goalsAgainstAverage,1.33546
19491950,8450019,3,goalsAgainstAverage,1.85022
19491950,8450041,3,goalsAgainstAverage,2.217022
19491950,8450096,3,goalsAgainstAverage,2.247965
19491950,8449910,3,goalsAgainstAverage,3.333333
19501951,8450111,2,wins,44.0
19501951,8450108,2,wins,26.0
19501951,8450041,2,wins,25.0
19501951,8449977,2,wins,22.0
19501951,8450096,2,wins,19.0
19501951,8450111,2,shutouts,11.0
19501951,8450041,2,shutouts,6.0
19501951,8449837,2,shutouts,5.0
19501951,8450108,2,shutouts,5.0
19501951,8449977,2,shutouts,4.0
19501951,8450108,2,goalsAgainstAverage,1.774523
19501951,8450111,2,goalsAgainstAverage,1.971429
19501951,8449837,2,goalsAgainstAverage,2.225657
19501951,8450041,2,goalsAgainstAverage,2.614286
19501951,8449977,2,goalsAgainstAverage,2.814766
19501951,8450041,3,wins,5.0
19501951,8449837,3,wins,5.0
19501951,8450108,3,wins,3.0
19501951,8450111,3,wins,2.0
19501951,8449977,3,wins,1.0
19501951,8449837,3,shutouts,2.0
19501951,8449977,3,shutouts,1.0
19501951,8450111,3,shutouts,1.0
19501951,8450041,3,shutouts,1.0
19501951,8449837,3,goalsAgainstAverage,1.097375
19501951,8449977,3,goalsAgainstAverage,1.615385
19501951,8450111,3,goalsAgainstAverage,1.682908
19501951,8450108,3,goalsAgainstAverage,1.717557
19501951,8450041,3,goalsAgainstAverage,1.910422
19511952,8450111,2,wins,44.0
19511952,8450041,2,wins,34.0
19511952,8450108,2,wins,29.0
19511952,8449993,2,wins,25.0
19511952,8450096,2,wins,18.0
19511952,8450111,2,shutouts,12.0
19511952,8449993,2,shutouts,7.0
19511952,8450041,2,shutouts,5.0
19511952,8450108,2,shutouts,5.0
19511952,8450096,2,shutouts,2.0
19511952,8450111,2,goalsAgainstAverage,1.9
19511952,8450108,2,goalsAgainstAverage,2.18705
19511952,8450041,2,goalsAgainstAverage,2.342857
19511952,8449993,2,goalsAgainstAverage,2.471429
19511952,8450096,2,goalsAgainstAverage,2.943396
19511952,8450111,3,wins,8.0
19511952,8450041,3,wins,4.0
19511952,8449993,3,wins,3.0
19511952,8450111,3,shutouts,4.0
19511952,8449993,3,shutouts,1.0
19511952,8450041,3,shutouts,1.0
19511952,8450111,3,goalsAgainstAverage,0.625
19511952,8450041,3,goalsAgainstAverage,1.920512
19511952,8449993,3,goalsAgainstAverage,2.280264
19511952,8450108,3,goalsAgainstAverage,3.0
19511952,8449837,3,goalsAgainstAverage,3.5
19521953,8450111,2,wins,32.0
19521953,8449993,2,wins,28.0
19521953,8450019,2,wins,27.0
19521953,8450108,2,wins,27.0
19521953,8450041,2,wins,25.0
19521953,8450041,2,shutouts,10.0
19521953,8450019,2,shutouts,10.0
19521953,8450111,2,shutouts,9.0
19521953,8449993,2,shutouts,8.0
19521953,8450108,2,shutouts,6.0
19521953,8450111,2,goalsAgainstAverage,1.888889
19521953,8450041,2,goalsAgainstAverage,2.090909
19521953,8450019,2,goalsAgainstAverage,2.342857
19521953,8449993,2,goalsAgainstAverage,2.428571
19521953,8450108,2,goalsAgainstAverage,2.5
19521953,8450041,3,wins,5.0
19521953,8449993,3,wins,4.0
19521953,8450108,3,wins,3.0
19521953,8450066,3,wins,3.0
19521953,8450111,3,wins,2.0
19521953,8450041,3,shutouts,2.0
19521953,8450066,3,shutouts,1.0
19521953,8450111,3,shutouts,1.0
19521953,8450066,3,goalsAgainstAverage,1.75
19521953,8450041,3,goalsAgainstAverage,1.851217
19521953,8450108,3,goalsAgainstAverage,2.539384
19521953,8449993,3,goalsAgainstAverage,3.055927
19521953,8450111,3,goalsAgainstAverage,3.382702
19531954,8450111,2,wins,35.0
19531954,8449993,2,wins,32.0
19531954,8450019,2,wins,32.0
19531954,8449835,2,wins,29.0
19531954,8450041,2,wins,28.0
19531954,8450019,2,shutouts,13.0
19531954,8450111,2,shutouts,12.0
19531954,8449993,2,shutouts,8.0
19531954,8450041,2,shutouts,6.0
19531954,8450066,2,shutouts,5.0
19531954,8450019,2,goalsAgainstAverage,1.855072
19531954,8450111,2,goalsAgainstAverage,1.933091
19531954,8450041,2,goalsAgainstAverage,2.132075
19531954,8449835,2,goalsAgainstAverage,2.542857
19531954,8449993,2,goalsAgainstAverage,2.542857
19531954,8450111,3,wins,8.0
19531954,8450066,3,wins,5.0
19531954,8450041,3,wins,2.0
19531954,8450019,3,wins,1.0
19531954,8450066,3,shutouts,2.0
19531954,8450111,3,shutouts,2.0
19531954,8450041,3,shutouts,1.0
19531954,8450041,3,goalsAgainstAverage,0.946206
19531954,8450111,3,goalsAgainstAverage,1.597338
19531954,8450066,3,goalsAgainstAverage,1.751825
19531954,8450019,3,goalsAgainstAverage,2.620769
19531954,8449993,3,goalsAgainstAverage,4.0
19541955,8450111,2,wins,40.0
19541955,8450066,2,wins,33.0
19541955,8450019,2,wins,23.0
19541955,8450152,2,wins,15.0
19541955,8449991,2,wins,15.0
19541955,8450111,2,shutouts,12.0
19541955,8450019,2,shutouts,8.0
19541955,8449991,2,shutouts,5.0
19541955,8450066,2,shutouts,5.0
19541955,8450152,2,shutouts,4.0
19541955,8450019,2,goalsAgainstAverage,1.914431
19541955,8450111,2,goalsAgainstAverage,1.960396
19541955,8450066,2,goalsAgainstAverage,2.124066
19541955,8449991,2,goalsAgainstAverage,2.550518
19541955,8449993,2,goalsAgainstAverage,2.918824
19541955,8450111,3,wins,8.0
19541955,8450066,3,wins,6.0
19541955,8449995,3,wins,1.0
19541955,8449993,3,wins,1.0
19541955,8450111,3,shutouts,1.0
19541955,8450111,3,goalsAgainstAverage,2.363636
19541955,8449993,3,goalsAgainstAverage,2.621757
19541955,8450066,3,goalsAgainstAverage,2.719317
19541955,8450019,3,goalsAgainstAverage,3.256785
19541955,8449991,3,goalsAgainstAverage,4.0
19551956,8450066,2,wins,42.0
19551956,8450152,2,wins,32.0
19551956,8449988,2,wins,30.0
19551956,8450111,2,wins,22.0
19551956,8450019,2,wins,21.0
19551956,8449988,2,shutouts,12.0
19551956,8450111,2,shutouts,9.0
19551956,8450066,2,shutouts,7.0
19551956,8450152,2,shutouts,4.0
19551956,8450108,2,shutouts,3.0
19551956,8450066,2,savePctg,0.929544
19551956,8449988,2,savePctg,0.924693
19551956,8450152,2,savePctg,0.923077
19551956,8450108,2,savePctg,0.917191
19551956,8450111,2,savePctg,0.915634
19551956,8450066,2,goalsAgainstAverage,1.859375
19551956,8449988,2,goalsAgainstAverage,2.101
19551956,8450111,2,goalsAgainstAverage,2.604005
19551956,8450019,2,goalsAgainstAverage,2.671595
19551956,8450152,2,goalsAgainstAverage,2.830256
19551956,8450066,3,wins,8.0
19551956,8449988,3,wins,5.0
19551956,8450019,3,wins,1.0
19551956,8449816,3,wins,1.0
19551956,8450066,3,shutouts,2.0
19551956,8450019,3,shutouts,1.0
19551956,8450019,3,savePctg,0.926136
19551956,8450066,3,savePctg,0.922747
19551956,8449988,3,savePctg,0.909091
19551956,8449816,3,savePctg,0.871429
19551956,8450152,3,savePctg,0.86
19551956,8450066,3,goalsAgainstAverage,1.8
19551956,8450019,3,goalsAgainstAverage,2.566915
19551956,8449988,3,goalsAgainstAverage,2.779769
19551956,8449816,3,goalsAgainstAverage,4.5
19551956,8450152,3,goalsAgainstAverage,4.679666
19561957,8449988,2,wins,38.0
19561957,8450066,2,wins,31.0
19561957,8450152,2,wins,26.0
19561957,8449851,2,wins,21.0
19561957,8450111,2,wins,18.0
19561957,8450066,2,shutouts,9.0
19561957,8449851,2,shutouts,5.0
19561957,8450113,2,shutouts,4.0
19561957,8449988,2,shutouts,4.0
19561957,8450152,2,shutouts,3.0
19561957,8449988,2,savePctg,0.928007
19561957,8450111,2,savePctg,0.920197
19561957,8450066,2,savePctg,0.919895
19561957,8450113,2,savePctg,0.914518
19561957,8449851,2,savePctg,0.905295
19561957,8450066,2,goalsAgainstAverage,2.001093
19561957,8449988,2,goalsAgainstAverage,2.215341
19561957,8450111,2,goalsAgainstAverage,2.382353
19561957,8450113,2,goalsAgainstAverage,2.423077
19561957,8449851,2,goalsAgainstAverage,2.659803
19561957,8450066,3,wins,8.0
19561957,8450113,3,wins,5.0
19561957,8449988,3,wins,1.0
19561957,8450152,3,wins,1.0
19561957,8450113,3,shutouts,2.0
19561957,8450066,3,shutouts,1.0
19561957,8450066,3,savePctg,0.93633
19561957,8450152,3,savePctg,0.892857
19561957,8450113,3,savePctg,0.891791
19561957,8449988,3,savePctg,0.883721
19561957,8450066,3,goalsAgainstAverage,1.660381
19561957,8450113,3,goalsAgainstAverage,2.9
19561957,8449988,3,goalsAgainstAverage,3.0
19561957,8450152,3,goalsAgainstAverage,4.008696
19571958,8450066,2,wins,34.0
19571958,8450111,2,wins,29.0
19571958,8449988,2,wins,24.0
19571958,8449851,2,wins,21.0
19571958,8450152,2,wins,21.0
19571958,8450066,2,shutouts,9.0
19571958,8449988,2,shutouts,7.0
19571958,8450113,2,shutouts,5.0
19571958,8450152,2,shutouts,4.0
19571958,8449851,2,shutouts,4.0
19571958,8450152,2,savePctg,0.927119
19571958,8450066,2,savePctg,0.923767
19571958,8450113,2,savePctg,0.918222
19571958,8450019,2,savePctg,0.908616
19571958,8450058,2,savePctg,0.908025
19571958,8450066,2,goalsAgainstAverage,2.108527
19571958,8450152,2,goalsAgainstAverage,2.324324
19571958,8450113,2,goalsAgainstAverage,2.41646
19571958,8449988,2,goalsAgainstAverage,2.859867
19571958,8450019,2,goalsAgainstAverage,2.916667
19571958,8450066,3,wins,8.0
19571958,8450113,3,wins,6.0
19571958,8450152,3,wins,2.0
19571958,8450066,3,shutouts,1.0
19571958,8450113,3,shutouts,1.0
19571958,8450066,3,savePctg,0.936102
19571958,8450113,3,savePctg,0.932432
19571958,8450152,3,savePctg,0.870968
19571958,8450111,3,savePctg,0.854962
19571958,8450019,3,savePctg,0.833333
19571958,8450066,3,goalsAgainstAverage,1.942953
19571958,8450113,3,goalsAgainstAverage,2.237081
19571958,8450111,3,goalsAgainstAverage,4.526204
19571958,8450152,3,goalsAgainstAverage,4.605684
19571958,8450019,3,goalsAgainstAverage,5.0
19581959,8450066,2,wins,38.0
19581959,8449988,2,wins,28.0
19581959,8450152,2,wins,26.0
19581959,8450113,2,wins,24.0
19581959,8450111,2,wins,23.0
19581959,8450066,2,shutouts,9.0
19581959,8450111,2,shutouts,5.0
19581959,8449851,2,shutouts,3.0
19581959,8449835,2,shutouts,3.0
19581959,8450113,2,shutouts,3.0
19581959,8450066,2,savePctg,0.925156
19581959,8449835,2,savePctg,0.9141
19581959,8450152,2,savePctg,0.908183
19581959,8449851,2,savePctg,0.904564
19581959,8450113,2,savePctg,0.897479
19581959,8450066,2,goalsAgainstAverage,2.16
19581959,8449835,2,goalsAgainstAverage,2.719014
19581959,8450152,2,goalsAgainstAverage,2.940467
19581959,8449851,2,goalsAgainstAverage,2.9683
19581959,8449988,2,goalsAgainstAverage,2.97249
19581959,8450066,3,wins,8.0
19581959,8449835,3,wins,5.0
19581959,8450019,3,wins,3.0
19581959,8449988,3,wins,2.0
19581959,8450066,3,savePctg,0.908451
19581959,8450019,3,savePctg,0.90566
19581959,8449835,3,savePctg,0.896739
19581959,8449988,3,savePctg,0.893401
19581959,8450066,3,goalsAgainstAverage,2.332652
19581959,8450019,3,goalsAgainstAverage,2.749876
19581959,8449835,3,goalsAgainstAverage,3.054321
19581959,8449988,3,goalsAgainstAverage,3.5
19591960,8450066,2,wins,40.0
19591960,8449835,2,wins,34.0
19591960,8449988,2,wins,28.0
19591960,8450111,2,wins,24.0
19591960,8450019,2,wins,16.0
19591960,8449988,2,shutouts,6.0
19591960,8450111,2,shutouts,5.0
19591960,8449835,2,shutouts,5.0
19591960,8450066,2,shutouts,3.0
19591960,8450113,2,shutouts,2.0
19591960,8449835,2,savePctg,0.918956
19591960,8449988,2,savePctg,0.91789
19591960,8450066,2,savePctg,0.914966
19591960,8450111,2,savePctg,0.908551
19591960,8450113,2,savePctg,0.900219
19591960,8450066,2,goalsAgainstAverage,2.536232
19591960,8449988,2,goalsAgainstAverage,2.559377
19591960,8450111,2,goalsAgainstAverage,2.658228
19591960,8449835,2,goalsAgainstAverage,2.685888
19591960,8450113,2,goalsAgainstAverage,3.257757
19591960,8450066,3,wins,8.0
19591960,8449835,3,wins,4.0
19591960,8450111,3,wins,2.0
19591960,8450066,3,shutouts,3.0
19591960,8450066,3,savePctg,0.950226
19591960,8449835,3,savePctg,0.915989
19591960,8450111,3,savePctg,0.898936
19591960,8449988,3,savePctg,0.892308
19591960,8450066,3,goalsAgainstAverage,1.350706
19591960,8450111,3,goalsAgainstAverage,2.81551
19591960,8449835,3,goalsAgainstAverage,2.884168
19591960,8449988,3,goalsAgainstAverage,3.391655
19601961,8449835,2,wins,33.0
19601961,8449988,2,wins,29.0
19601961,8450066,2,wins,23.0
19601961,8450152,2,wins,20.0
19601961,8449995,2,wins,18.0
19601961,8449988,2,shutouts,6.0
19601961,8449995,2,shutouts,4.0
19601961,8450111,2,shutouts,2.0
19601961,8450066,2,shutouts,2.0
19601961,8449835,2,shutouts,2.0
19601961,8449835,2,savePctg,0.92246
19601961,8449988,2,savePctg,0.919655
19601961,8449995,2,savePctg,0.915525
19601961,8450152,2,savePctg,0.912844
19601961,8450066,2,savePctg,0.90411
19601961,8449995,2,goalsAgainstAverage,2.46941
19601961,8449835,2,goalsAgainstAverage,2.5
19601961,8449988,2,goalsAgainstAverage,2.532189
19601961,8450066,2,goalsAgainstAverage,2.8
19601961,8449804,2,goalsAgainstAverage,2.932551
19601961,8449988,3,wins,8.0
19601961,8450111,3,wins,5.0
19601961,8450066,3,wins,2.0
19601961,8449804,3,wins,1.0
19601961,8450020,3,wins,1.0
19601961,8449988,3,shutouts,2.0
19601961,8450111,3,shutouts,1.0
19601961,8449988,3,savePctg,0.937046
19601961,8449835,3,savePctg,0.92233
19601961,8450111,3,savePctg,0.920705
19601961,8449804,3,savePctg,0.916667
19601961,8450066,3,savePctg,0.909605
19601961,8449988,3,goalsAgainstAverage,2.022822
19601961,8450111,3,goalsAgainstAverage,2.32333
19601961,8450066,3,goalsAgainstAverage,2.328967
19601961,8449804,3,goalsAgainstAverage,2.454545
19601961,8450020,3,goalsAgainstAverage,2.48533
19611962,8450066,2,wins,42.0
19611962,8449988,2,wins,31.0
19611962,8449835,2,wins,31.0
19611962,8450152,2,wins,22.0
19611962,8450111,2,wins,14.0
19611962,8449988,2,shutouts,9.0
19611962,8450111,2,shutouts,5.0
19611962,8450066,2,shutouts,4.0
19611962,8449804,2,shutouts,3.0
19611962,8449989,2,shutouts,2.0
19611962,8450066,2,savePctg,0.923148
19611962,8449835,2,savePctg,0.917306
19611962,8449988,2,savePctg,0.913656
19611962,8450152,2,savePctg,0.912379
19611962,8449804,2,savePctg,0.902344
19611962,8450066,2,goalsAgainstAverage,2.371429
19611962,8449835,2,goalsAgainstAverage,2.559322
19611962,8449988,2,goalsAgainstAverage,2.628571
19611962,8449804,2,goalsAgainstAverage,2.777778
19611962,8450152,2,goalsAgainstAverage,2.922436
19611962,8449988,3,wins,6.0
19611962,8449835,3,wins,6.0
19611962,8450066,3,wins,2.0
19611962,8450152,3,wins,2.0
19611962,8450113,3,wins,2.0
19611962,8449988,3,shutouts,2.0
19611962,8449835,3,savePctg,0.934641
19611962,8449988,3,savePctg,0.923645
19611962,8450152,3,savePctg,0.916335
19611962,8450066,3,savePctg,0.903553
19611962,8450113,3,savePctg,0.888889
19611962,8449835,3,goalsAgainstAverage,2.074151
19611962,8449988,3,goalsAgainstAverage,2.583333
19611962,8450113,3,goalsAgainstAverage,2.903226
19611962,8450066,3,goalsAgainstAverage,3.166667
19611962,8450152,3,goalsAgainstAverage,3.277978
19621963,8449988,2,wins,30.0
19621963,8450152,2,wins,22.0
19621963,8450066,2,wins,22.0
19621963,8450111,2,wins,21.0
19621963,8449835,2,wins,20.0
19621963,8450066,2,shutouts,5.0
19621963,8449988,2,shutouts,5.0
19621963,8450111,2,shutouts,3.0
19621963,8450152,2,shutouts,2.0
19621963,8450065,2,shutouts,1.0
19621963,8449988,2,savePctg,0.918191
19621963,8450152,2,savePctg,0.913991
19621963,8449835,2,savePctg,0.912026
19621963,8450111,2,savePctg,0.911898
19621963,8450066,2,savePctg,0.911877
19621963,8450113,2,goalsAgainstAverage,2.465631
19621963,8449988,2,goalsAgainstAverage,2.471958
19621963,8450066,2,goalsAgainstAverage,2.493976
19621963,8450111,2,goalsAgainstAverage,2.543724
19621963,8449835,2,goalsAgainstAverage,2.595702
19621963,8449835,3,wins,8.0
19621963,8450111,3,wins,5.0
19621963,8449988,3,wins,2.0
19621963,8450066,3,wins,1.0
19621963,8449835,3,shutouts,2.0
19621963,8449835,3,savePctg,0.949206
19621963,8450066,3,savePctg,0.899281
19621963,8449988,3,savePctg,0.896266
19621963,8450111,3,savePctg,0.892966
19621963,8449835,3,goalsAgainstAverage,1.6
19621963,8450066,3,goalsAgainstAverage,2.8
19621963,8450111,3,goalsAgainstAverage,3.181818
19621963,8449988,3,goalsAgainstAverage,4.166667
19631964,8449988,2,wins,34.0
19631964,8449995,2,wins,33.0
19631964,8450111,2,wins,25.0
19631964,8449835,2,wins,24.0
19631964,8450066,2,wins,22.0
19631964,8449995,2,shutouts,8.0
19631964,8449988,2,shutouts,7.0
19631964,8450005,2,shutouts,6.0
19631964,8449835,2,shutouts,5.0
19631964,8450111,2,shutouts,5.0
19631964,8449835,2,savePctg,0.93192
19631964,8449988,2,savePctg,0.929858
19631964,8449995,2,savePctg,0.920137
19631964,8450111,2,savePctg,0.916465
19631964,8450005,2,savePctg,0.914018
19631964,8449835,2,goalsAgainstAverage,2.114584
19631964,8449995,2,goalsAgainstAverage,2.258287
19631964,8449988,2,goalsAgainstAverage,2.301293
19631964,8450111,2,goalsAgainstAverage,2.637643
19631964,8450005,2,goalsAgainstAverage,3.014561
19631964,8449835,3,wins,8.0
19631964,8450111,3,wins,6.0
19631964,8449988,3,wins,3.0
19631964,8449995,3,wins,3.0
19631964,8449852,3,wins,1.0
19631964,8449835,3,shutouts,2.0
19631964,8449995,3,shutouts,1.0
19631964,8450111,3,shutouts,1.0
19631964,8449835,3,savePctg,0.934924
19631964,8449995,3,savePctg,0.926267
19631964,8449859,3,savePctg,0.913793
19631964,8450111,3,savePctg,0.912429
19631964,8449988,3,savePctg,0.903084
19631964,8449835,3,goalsAgainstAverage,2.118686
19631964,8449995,3,goalsAgainstAverage,2.285714
19631964,8449859,3,goalsAgainstAverage,2.372792
19631964,8450111,3,goalsAgainstAverage,2.747956
19631964,8449988,3,goalsAgainstAverage,3.232521
19641965,8449859,2,wins,40.0
19641965,8449995,2,wins,26.0
19641965,8449988,2,wins,19.0
19641965,8450111,2,wins,16.0
19641965,8449866,2,wins,15.0
19641965,8449859,2,shutouts,6.0
19641965,8449988,2,shutouts,4.0
19641965,8449866,2,shutouts,3.0
19641965,8449835,2,shutouts,3.0
19641965,8450005,2,shutouts,3.0
19641965,8449835,2,savePctg,0.924086
19641965,8449988,2,savePctg,0.923077
19641965,8449866,2,savePctg,0.91704
19641965,8450111,2,savePctg,0.914972
19641965,8449859,2,savePctg,0.912998
19641965,8449835,2,goalsAgainstAverage,2.383502
19641965,8449859,2,goalsAgainstAverage,2.420091
19641965,8449988,2,goalsAgainstAverage,2.435325
19641965,8449866,2,goalsAgainstAverage,2.525118
19641965,8450111,2,goalsAgainstAverage,2.555556
19641965,8449988,3,wins,7.0
19641965,8450152,3,wins,5.0
19641965,8449859,3,wins,3.0
19641965,8449995,3,wins,3.0
19641965,8449835,3,wins,2.0
19641965,8450152,3,shutouts,2.0
19641965,8449995,3,shutouts,1.0
19641965,8449988,3,shutouts,1.0
19641965,8450152,3,savePctg,0.936073
19641965,8449995,3,savePctg,0.924812
19641965,8449988,3,savePctg,0.924731
19641965,8450111,3,savePctg,0.923077
19641965,8449835,3,savePctg,0.913333
19641965,8450152,3,goalsAgainstAverage,1.677205
19641965,8449995,3,goalsAgainstAverage,2.0
19641965,8449988,3,goalsAgainstAverage,2.210526
19641965,8449835,3,goalsAgainstAverage,2.431169
19641965,8450111,3,goalsAgainstAverage,3.0
19651966,8449988,2,wins,34.0
19651966,8450152,2,wins,28.0
19651966,8449859,2,wins,27.0
19651966,8449835,2,wins,18.0
19651966,8449995,2,wins,13.0
19651966,8449859,2,shutouts,6.0
19651966,8449959,2,shutouts,4.0
19651966,8449988,2,shutouts,4.0
19651966,8449835,2,shutouts,3.0
19651966,8450020,2,shutouts,2.0
19651966,8449835,2,savePctg,0.930037
19651966,8450152,2,savePctg,0.916667
19651966,8449988,2,savePctg,0.916369
19651966,8449995,2,savePctg,0.9046
19651966,8449859,2,savePctg,0.904367
19651966,8449835,2,goalsAgainstAverage,2.255432
19651966,8450152,2,goalsAgainstAverage,2.359936
19651966,8449995,2,goalsAgainstAverage,2.583489
19651966,8449988,2,goalsAgainstAverage,2.627772
19651966,8449859,2,goalsAgainstAverage,2.782258
19651966,8450152,3,wins,8.0
19651966,8449859,3,wins,6.0
19651966,8449988,3,wins,2.0
19651966,8450152,3,shutouts,1.0
19651966,8449859,3,shutouts,1.0
19651966,8450152,3,savePctg,0.930556
19651966,8450111,3,savePctg,0.916667
19651966,8449859,3,savePctg,0.913907
19651966,8449835,3,savePctg,0.893333
19651966,8449988,3,savePctg,0.877778
19651966,8450152,3,goalsAgainstAverage,1.993631
19651966,8449859,3,goalsAgainstAverage,2.335504
19651966,8450111,3,goalsAgainstAverage,3.0
19651966,8449988,3,goalsAgainstAverage,3.778626
19651966,8449835,3,goalsAgainstAverage,4.027409
19661967,8449979,2,wins,30.0
19661967,8449859,2,wins,22.0
19661967,8449866,2,wins,22.0
19661967,8449988,2,wins,19.0
19661967,8450111,2,wins,16.0
19661967,8449979,2,shutouts,9.0
19661967,8449866,2,shutouts,4.0
19661967,8449859,2,shutouts,4.0
19661967,8449995,2,shutouts,3.0
19661967,8449835,2,shutouts,2.0
19661967,8449835,2,savePctg,0.924911
19661967,8449866,2,savePctg,0.922849
19661967,8449988,2,savePctg,0.921708
19661967,8449979,2,savePctg,0.917185
19661967,8450111,2,savePctg,0.916877
19661967,8449988,2,goalsAgainstAverage,2.379045
19661967,8449866,2,goalsAgainstAverage,2.461846
19661967,8449995,2,goalsAgainstAverage,2.569718
19661967,8449979,2,goalsAgainstAverage,2.6105
19661967,8449835,2,goalsAgainstAverage,2.648172
19661967,8450111,3,wins,6.0
19661967,8452122,3,wins,6.0
19661967,8449835,3,wins,2.0
19661967,8449866,3,wins,1.0
19661967,8449988,3,wins,1.0
19661967,8449835,3,shutouts,1.0
19661967,8449835,3,savePctg,0.956522
19661967,8450152,3,savePctg,0.955556
19661967,8450111,3,savePctg,0.931319
19661967,8452122,3,savePctg,0.925676
19661967,8449988,3,savePctg,0.92233
19661967,8450152,3,goalsAgainstAverage,1.502504
19661967,8449835,3,goalsAgainstAverage,1.634432
19661967,8452122,3,goalsAgainstAverage,2.381024
19661967,8450111,3,goalsAgainstAverage,2.663668
19661967,8449988,3,goalsAgainstAverage,2.737122
19671968,8449979,2,wins,36.0
19671968,8450020,2,wins,22.0
19671968,8449866,2,wins,21.0
19671968,8449853,2,wins,21.0
19671968,8450110,2,wins,21.0
19671968,8449979,2,shutouts,8.0
19671968,8450152,2,shutouts,6.0
19671968,8450020,2,shutouts,6.0
19671968,8449825,2,shutouts,6.0
19671968,8449959,2,shutouts,5.0
19671968,8449959,2,savePctg,0.934312
19671968,8449835,2,savePctg,0.934118
19671968,8446794,2,savePctg,0.931063
19671968,8450178,2,savePctg,0.92554
19671968,8450152,2,savePctg,0.922092
19671968,8450152,2,goalsAgainstAverage,1.981094
19671968,8449835,2,goalsAgainstAverage,2.260326
19671968,8446794,2,goalsAgainstAverage,2.273211
19671968,8449959,2,goalsAgainstAverage,2.324804
19671968,8449979,2,goalsAgainstAverage,2.441092
19671968,8450152,3,wins,11.0
19671968,8449988,3,wins,8.0
19671968,8450020,3,wins,7.0
19671968,8449866,3,wins,5.0
19671968,8449979,3,wins,2.0
19671968,8450111,3,shutouts,1.0
19671968,8450152,3,shutouts,1.0
19671968,8449988,3,shutouts,1.0
19671968,8450178,3,savePctg,0.962791
19671968,8450152,3,savePctg,0.93
19671968,8450020,3,savePctg,0.917722
19671968,8449988,3,savePctg,0.915888
19671968,8449866,3,savePctg,0.911227
19671968,8450178,3,goalsAgainstAverage,1.357658
19671968,8450152,3,goalsAgainstAverage,1.875558
19671968,8449988,3,goalsAgainstAverage,2.436383
19671968,8450020,3,goalsAgainstAverage,2.619354
19671968,8449979,3,goalsAgainstAverage,3.018868
19681969,8449979,2,wins,38.0
19681969,8449959,2,wins,28.0
19681969,8449853,2,wins,27.0
19681969,8452122,2,wins,22.0
19681969,8451528,2,wins,21.0
19681969,8449988,2,shutouts,8.0
19681969,8449979,2,shutouts,7.0
19681969,8450152,2,shutouts,5.0
19681969,8450066,2,shutouts,5.0
19681969,8449915,2,shutouts,4.0
19681969,8450066,2,savePctg,0.940324
19681969,8449988,2,savePctg,0.928391
19681969,8450178,2,savePctg,0.924838
19681969,8450152,2,savePctg,0.9202
19681969,8449915,2,savePctg,0.914751
19681969,8450066,2,goalsAgainstAverage,1.964284
19681969,8449988,2,goalsAgainstAverage,2.169628
19681969,8450152,2,goalsAgainstAverage,2.256213
19681969,8449915,2,goalsAgainstAverage,2.545342
19681969,8449979,2,goalsAgainstAverage,2.555283
19681969,8450066,3,wins,8.0
19681969,8452122,3,wins,7.0
19681969,8449853,3,wins,6.0
19681969,8450152,3,wins,5.0
19681969,8449868,3,wins,3.0
19681969,8449853,3,shutouts,3.0
19681969,8450066,3,shutouts,3.0
19681969,8452122,3,shutouts,1.0
19681969,8452122,3,savePctg,0.953307
19681969,8450066,3,savePctg,0.94964
19681969,8449853,3,savePctg,0.94702
19681969,8449988,3,savePctg,0.930556
19681969,8450152,3,savePctg,0.919075
19681969,8452122,3,goalsAgainstAverage,1.420118
19681969,8450066,3,goalsAgainstAverage,1.425904
19681969,8449853,3,goalsAgainstAverage,1.681065
19681969,8450152,3,goalsAgainstAverage,2.271805
19681969,8449988,3,goalsAgainstAverage,2.320784
19691970,8446720,2,wins,38.0
19691970,8449979,2,wins,35.0
19691970,8452122,2,wins,31.0
19691970,8449915,2,wins,24.0
19691970,8449853,2,wins,24.0
19691970,8446720,2,shutouts,15.0
19691970,8449979,2,shutouts,6.0
19691970,8450066,2,shutouts,5.0
19691970,8449959,2,shutouts,5.0
19691970,8452247,2,shutouts,4.0
19691970,8446720,2,savePctg,0.93183
19691970,8452247,2,savePctg,0.929526
19691970,8450178,2,savePctg,0.920797
19691970,8449859,2,savePctg,0.919807
19691970,8449853,2,savePctg,0.919222
19691970,8452247,2,goalsAgainstAverage,2.109645
19691970,8446720,2,goalsAgainstAverage,2.170463
19691970,8450066,2,goalsAgainstAverage,2.187517
19691970,8449979,2,goalsAgainstAverage,2.362034
19691970,8449915,2,goalsAgainstAverage,2.596805
19691970,8449853,3,wins,12.0
19691970,8449825,3,wins,5.0
19691970,8446720,3,wins,4.0
19691970,8449988,3,wins,4.0
19691970,8450066,3,wins,4.0
19691970,8450020,3,shutouts,1.0
19691970,8450066,3,shutouts,1.0
19691970,8450020,3,savePctg,0.940594
19691970,8450066,3,savePctg,0.936
19691970,8449853,3,savePctg,0.92487
19691970,8449825,3,savePctg,0.924242
19691970,8449915,3,savePctg,0.909091
19691970,8450066,3,goalsAgainstAverage,1.487834
19691970,8450020,3,goalsAgainstAverage,2.0
19691970,8449825,3,goalsAgainstAverage,2.100513
19691970,8449853,3,goalsAgainstAverage,2.231389
19691970,8449988,3,goalsAgainstAverage,2.995246
19701971,8446720,2,wins,35.0
19701971,8450005,2,wins,30.0
19701971,8449979,2,wins,27.0
19701971,8449853,2,wins,27.0
19701971,8450066,2,wins,24.0
19701971,8449979,2,shutouts,8.0
19701971,8446720,2,shutouts,6.0
19701971,8450020,2,shutouts,5.0
19701971,8450138,2,shutouts,4.0
19701971,8450005,2,shutouts,4.0
19701971,8450066,2,savePctg,0.943716
19701971,8449979,2,savePctg,0.921811
19701971,8450152,2,savePctg,0.920168
19701971,8450138,2,savePctg,0.919255
19701971,8446720,2,savePctg,0.918919
19701971,8450066,2,goalsAgainstAverage,1.885439
19701971,8449979,2,goalsAgainstAverage,2.160878
19701971,8446720,2,goalsAgainstAverage,2.27479
19701971,8450138,2,goalsAgainstAverage,2.29823
19701971,8449988,2,goalsAgainstAverage,2.420821
19701971,8446490,3,wins,12.0
19701971,8446720,3,wins,11.0
19701971,8449979,3,wins,7.0
19701971,8450020,3,wins,3.0
19701971,8449853,3,wins,3.0
19701971,8446720,3,shutouts,2.0
19701971,8452247,3,shutouts,1.0
19701971,8446720,3,savePctg,0.927835
19701971,8450178,3,savePctg,0.923077
19701971,8452247,3,savePctg,0.91954
19701971,8446490,3,savePctg,0.913963
19701971,8449979,3,savePctg,0.9125
19701971,8446720,3,goalsAgainstAverage,2.1956
19701971,8449979,3,goalsAgainstAverage,2.21831
19701971,8450178,3,goalsAgainstAverage,2.306707
19701971,8452247,3,goalsAgainstAverage,2.356902
19701971,8446490,3,goalsAgainstAverage,3.007025
19711972,8446490,2,wins,39.0
19711972,8446720,2,wins,31.0
19711972,8449853,2,wins,27.0
19711972,8450005,2,wins,27.0
19711972,8449979,2,wins,24.0
19711972,8446720,2,shutouts,9.0
19711972,8446490,2,shutouts,8.0
19711972,8451528,2,shutouts,5.0
19711972,8446794,2,shutouts,5.0
19711972,8451474,2,shutouts,4.0
19711972,8446720,2,savePctg,0.933924
19711972,8450152,2,savePctg,0.933464
19711972,8446490,2,savePctg,0.930049
19711972,8449853,2,savePctg,0.920095
19711972,8450020,2,savePctg,0.91954
19711972,8446720,2,goalsAgainstAverage,1.770856
19711972,8450138,2,goalsAgainstAverage,2.087905
19711972,8450152,2,goalsAgainstAverage,2.120931
19711972,8446490,2,goalsAgainstAverage,2.243404
19711972,8451528,2,goalsAgainstAverage,2.41849
19711972,8449979,3,wins,6.0
19711972,8449853,3,wins,6.0
19711972,8450005,3,wins,6.0
19711972,8445966,3,wins,4.0
19711972,8450138,3,wins,4.0
19711972,8449853,3,shutouts,2.0
19711972,8451528,3,shutouts,1.0
19711972,8450152,3,shutouts,1.0
19711972,8450005,3,shutouts,1.0
19711972,8450005,3,savePctg,0.936275
19711972,8450152,3,savePctg,0.935185
19711972,8450138,3,savePctg,0.919075
19711972,8449853,3,savePctg,0.91498
19711972,8450178,3,savePctg,0.912162
19711972,8450005,3,goalsAgainstAverage,1.860095
19711972,8450152,3,goalsAgainstAverage,2.174288
19711972,8450138,3,goalsAgainstAverage,2.338422
19711972,8449853,3,goalsAgainstAverage,2.611128
19711972,8449979,3,goalsAgainstAverage,2.71987
19721973,8446490,2,wins,33.0
19721973,8446720,2,wins,32.0
19721973,8449915,2,wins,27.0
19721973,8449979,2,wins,26.0
19721973,8450005,2,wins,24.0
19721973,8449915,2,shutouts,6.0
19721973,8446490,2,shutouts,6.0
19721973,8450005,2,shutouts,5.0
19721973,8450020,2,shutouts,5.0
19721973,8449979,2,shutouts,4.0
19721973,8446490,2,savePctg,0.926407
19721973,8446720,2,savePctg,0.916667
19721973,8446794,2,savePctg,0.916484
19721973,8451076,2,savePctg,0.911644
19721973,8450066,2,savePctg,0.911054
19721973,8446490,2,goalsAgainstAverage,2.258981
19721973,8450138,2,goalsAgainstAverage,2.29966
19721973,8446720,2,goalsAgainstAverage,2.519421
19721973,8449915,2,goalsAgainstAverage,2.636148
19721973,8446488,2,goalsAgainstAverage,2.650365
19721973,8446490,3,wins,12.0
19721973,8446720,3,wins,10.0
19721973,8446794,3,wins,5.0
19721973,8449979,3,wins,5.0
19721973,8450020,3,wins,2.0
19721973,8450020,3,shutouts,2.0
19721973,8449979,3,shutouts,1.0
19721973,8446794,3,shutouts,1.0
19721973,8446720,3,shutouts,1.0
19721973,8446490,3,shutouts,1.0
19721973,8450020,3,savePctg,0.938776
19721973,8446794,3,savePctg,0.91922
19721973,8446490,3,savePctg,0.907407
19721973,8449859,3,savePctg,0.903509
19721973,8449979,3,savePctg,0.903361
19721973,8450020,3,goalsAgainstAverage,1.763745
19721973,8449979,3,goalsAgainstAverage,2.569035
19721973,8446794,3,goalsAgainstAverage,2.613463
19721973,8449859,3,goalsAgainstAverage,2.67423
19721973,8446490,3,goalsAgainstAverage,2.896405
19731974,8450178,2,wins,47.0
19731974,8446720,2,wins,34.0
19731974,8447170,2,wins,34.0
19731974,8449979,2,wins,30.0
19731974,8452122,2,wins,28.0
19731974,8450178,2,shutouts,12.0
19731974,8446720,2,shutouts,10.0
19731974,8447170,2,shutouts,6.0
19731974,8445609,2,shutouts,5.0
19731974,8449979,2,shutouts,5.0
19731974,8450178,2,savePctg,0.932203
19731974,8446720,2,savePctg,0.92868
19731974,8445609,2,savePctg,0.909292
19731974,8446794,2,savePctg,0.908986
19731974,8448700,2,savePctg,0.906883
19731974,8450178,2,goalsAgainstAverage,1.894407
19731974,8446720,2,goalsAgainstAverage,2.046865
19731974,8446794,2,goalsAgainstAverage,2.710559
19731974,8451891,2,goalsAgainstAverage,2.768195
19731974,8445609,2,goalsAgainstAverage,2.778963
19731974,8450178,3,wins,12.0
19731974,8447170,3,wins,10.0
19731974,8449979,3,wins,7.0
19731974,8446720,3,wins,6.0
19731974,8448700,3,wins,2.0
19731974,8446720,3,shutouts,2.0
19731974,8450178,3,shutouts,2.0
19731974,8447170,3,shutouts,1.0
19731974,8450178,3,savePctg,0.933206
19731974,8452122,3,savePctg,0.927083
19731974,8446794,3,savePctg,0.912281
19731974,8447170,3,savePctg,0.911885
19731974,8446720,3,savePctg,0.911111
19731974,8452122,3,goalsAgainstAverage,1.773274
19731974,8450178,3,goalsAgainstAverage,2.020396
19731974,8447170,3,goalsAgainstAverage,2.643036
19731974,8449979,3,goalsAgainstAverage,2.827605
19731974,8446720,3,goalsAgainstAverage,2.897218
19741975,8450178,2,wins,44.0
19741975,8446720,2,wins,34.0
19741975,8451528,2,wins,32.0
19741975,8446490,2,wins,30.0
19741975,8452122,2,wins,27.0
19741975,8450178,2,shutouts,12.0
19741975,8452122,2,shutouts,6.0
19741975,8446720,2,shutouts,6.0
19741975,8451528,2,shutouts,6.0
19741975,8449784,2,shutouts,5.0
19741975,8452122,2,savePctg,0.926932
19741975,8450178,2,savePctg,0.91816
19741975,8450802,2,savePctg,0.915835
19741975,8446602,2,savePctg,0.915746
19741975,8445609,2,savePctg,0.913887
19741975,8450178,2,goalsAgainstAverage,2.037368
19741975,8452122,2,goalsAgainstAverage,2.244678
19741975,8446602,2,goalsAgainstAverage,2.345352
19741975,8450802,2,goalsAgainstAverage,2.478037
19741975,8446490,2,goalsAgainstAverage,2.696697
19741975,8450178,3,wins,10.0
19741975,8450802,3,wins,8.0
19741975,8449868,3,wins,7.0
19741975,8446490,3,wins,6.0
19741975,8448175,3,wins,5.0
19741975,8450178,3,shutouts,4.0
19741975,8446490,3,shutouts,2.0
19741975,8451695,3,shutouts,1.0
19741975,8450802,3,shutouts,1.0
19741975,8450802,3,savePctg,0.930748
19741975,8452122,3,savePctg,0.929293
19741975,8450178,3,savePctg,0.923885
19741975,8451695,3,savePctg,0.921569
19741975,8448175,3,savePctg,0.918644
19741975,8450178,3,goalsAgainstAverage,1.890996
19741975,8451695,3,goalsAgainstAverage,1.952278
19741975,8452122,3,goalsAgainstAverage,2.118893
19741975,8450802,3,goalsAgainstAverage,2.171186
19741975,8446490,3,goalsAgainstAverage,2.540455
19751976,8446490,2,wins,42.0
19751976,8451695,2,wins,40.0
19751976,8447170,2,wins,33.0
19751976,8446720,2,wins,30.0
19751976,8449868,2,wins,29.0
19751976,8446490,2,shutouts,8.0
19751976,8450802,2,shutouts,7.0
19751976,8452122,2,shutouts,5.0
19751976,8451076,2,shutouts,4.0
19751976,8446720,2,shutouts,4.0
19751976,8450802,2,savePctg,0.927572
19751976,8446490,2,savePctg,0.926667
19751976,8445609,2,savePctg,0.910883
19751976,8451525,2,savePctg,0.908154
19751976,8451695,2,savePctg,0.907554
19751976,8446490,2,goalsAgainstAverage,2.031802
19751976,8450802,2,goalsAgainstAverage,2.078631
19751976,8445609,2,goalsAgainstAverage,2.543963
19751976,8451695,2,goalsAgainstAverage,2.582316
19751976,8451525,2,goalsAgainstAverage,2.615368
19751976,8446490,3,wins,12.0
19751976,8451891,3,wins,5.0
19751976,8449868,3,wins,4.0
19751976,8450178,3,wins,4.0
19751976,8451525,3,wins,4.0
19751976,8447170,3,shutouts,2.0
19751976,8450468,3,shutouts,1.0
19751976,8449853,3,shutouts,1.0
19751976,8452122,3,shutouts,1.0
19751976,8451891,3,shutouts,1.0
19751976,8451655,3,savePctg,0.946154
19751976,8446490,3,savePctg,0.928571
19751976,8449853,3,savePctg,0.91716
19751976,8450468,3,savePctg,0.913978
19751976,8452122,3,savePctg,0.911917
19751976,8446490,3,goalsAgainstAverage,1.924804
19751976,8451655,3,goalsAgainstAverage,2.037187
19751976,8449853,3,goalsAgainstAverage,2.140855
19751976,8452122,3,goalsAgainstAverage,2.327262
19751976,8450468,3,goalsAgainstAverage,2.666667
19761977,8446490,2,wins,41.0
19761977,8450178,2,wins,35.0
19761977,8452122,2,wins,33.0
19761977,8449868,2,wins,31.0
19761977,8449853,2,wins,30.0
19761977,8446490,2,shutouts,10.0
19761977,8452122,2,shutouts,8.0
19761977,8450148,2,shutouts,5.0
19761977,8450178,2,shutouts,5.0
19761977,8448700,2,shutouts,4.0
19761977,8446490,2,savePctg,0.919698
19761977,8450802,2,savePctg,0.917002
19761977,8451525,2,savePctg,0.915698
19761977,8447755,2,savePctg,0.911153
19761977,8448700,2,savePctg,0.910473
19761977,8448700,2,goalsAgainstAverage,2.086295
19761977,8446490,2,goalsAgainstAverage,2.143806
19761977,8450802,2,goalsAgainstAverage,2.282253
19761977,8451525,2,goalsAgainstAverage,2.502357
19761977,8446597,2,goalsAgainstAverage,2.520069
19761977,8446490,3,wins,12.0
19761977,8449853,3,wins,8.0
19761977,8451525,3,wins,7.0
19761977,8451695,3,wins,4.0
19761977,8452122,3,wins,4.0
19761977,8446490,3,shutouts,4.0
19761977,8451695,3,shutouts,1.0
19761977,8449853,3,shutouts,1.0
19761977,8446490,3,savePctg,0.932099
19761977,8450132,3,savePctg,0.922705
19761977,8450802,3,savePctg,0.916667
19761977,8451525,3,savePctg,0.912338
19761977,8447755,3,savePctg,0.903509
19761977,8446490,3,goalsAgainstAverage,1.558166
19761977,8450802,3,goalsAgainstAverage,2.095704
19761977,8451695,3,goalsAgainstAverage,2.60574
19761977,8450132,3,goalsAgainstAverage,2.66852
19761977,8451525,3,goalsAgainstAverage,2.795674
19771978,8446597,2,wins,38.0
19771978,8446490,2,wins,37.0
19771978,8450132,2,wins,34.0
19771978,8452122,2,wins,29.0
19771978,8450178,2,wins,29.0
19771978,8450178,2,shutouts,7.0
19771978,8446490,2,shutouts,5.0
19771978,8450132,2,shutouts,5.0
19771978,8446720,2,shutouts,5.0
19771978,8446597,2,shutouts,5.0
19771978,8446490,2,savePctg,0.921525
19771978,8446720,2,savePctg,0.91446
19771978,8450178,2,savePctg,0.911693
19771978,8450132,2,savePctg,0.911203
19771978,8451525,2,savePctg,0.908566
19771978,8446490,2,goalsAgainstAverage,2.053087
19771978,8450178,2,goalsAgainstAverage,2.220268
19771978,8447170,2,goalsAgainstAverage,2.537158
19771978,8450802,2,goalsAgainstAverage,2.55156
19771978,8446720,2,goalsAgainstAverage,2.629863
19771978,8446490,3,wins,12.0
19771978,8449853,3,wins,8.0
19771978,8450178,3,wins,7.0
19771978,8450132,3,wins,6.0
19771978,8446597,3,wins,3.0
19771978,8450132,3,shutouts,2.0
19771978,8446490,3,shutouts,2.0
19771978,8449853,3,shutouts,1.0
19771978,8446794,3,savePctg,0.932584
19771978,8446490,3,savePctg,0.919668
19771978,8450132,3,savePctg,0.918987
19771978,8450802,3,savePctg,0.914286
19771978,8446323,3,savePctg,0.901408
19771978,8446490,3,goalsAgainstAverage,1.895597
19771978,8447344,3,goalsAgainstAverage,2.080925
19771978,8450802,3,goalsAgainstAverage,2.338776
19771978,8450132,3,goalsAgainstAverage,2.421185
19771978,8450178,3,goalsAgainstAverage,2.752804
19781979,8445609,2,wins,32.0
19781979,8446490,2,wins,30.0
19781979,8450132,2,wins,26.0
19781979,8446597,2,wins,26.0
19781979,8450802,2,wins,26.0
19781979,8446490,2,shutouts,5.0
19781979,8450178,2,shutouts,4.0
19781979,8448805,2,shutouts,4.0
19781979,8450132,2,shutouts,4.0
19781979,8446720,2,shutouts,4.0
19781979,8450802,2,savePctg,0.91417
19781979,8446490,2,savePctg,0.909244
19781979,8450132,2,savePctg,0.90914
19781979,8446720,2,savePctg,0.901858
19781979,8451525,2,savePctg,0.899441
19781979,8446490,2,goalsAgainstAverage,2.304369
19781979,8450802,2,goalsAgainstAverage,2.503608
19781979,8450178,2,goalsAgainstAverage,2.709628
19781979,8448700,2,goalsAgainstAverage,2.843339
19781979,8451525,2,goalsAgainstAverage,2.872065
19781979,8446490,3,wins,12.0
19781979,8446323,3,wins,11.0
19781979,8449853,3,wins,4.0
19781979,8451525,3,wins,4.0
19781979,8447170,3,wins,3.0
19781979,8450802,3,shutouts,1.0
19781979,8451525,3,shutouts,1.0
19781979,8446323,3,shutouts,1.0
19781979,8451525,3,savePctg,0.931973
19781979,8450802,3,savePctg,0.922535
19781979,8446323,3,savePctg,0.921495
19781979,8447170,3,savePctg,0.900621
19781979,8446490,3,savePctg,0.899015
19781979,8451525,3,goalsAgainstAverage,1.913672
19781979,8450802,3,goalsAgainstAverage,2.20785
19781979,8446323,3,goalsAgainstAverage,2.283608
19781979,8446490,3,goalsAgainstAverage,2.495731
19781979,8449853,3,goalsAgainstAverage,2.504754
19791980,8448865,2,wins,32.0
19791980,8446720,2,wins,31.0
19791980,8450343,2,wins,29.0
19791980,8449550,2,wins,27.0
19791980,8446597,2,wins,27.0
19791980,8446720,2,shutouts,6.0
19791980,8451143,2,shutouts,4.0
19791980,8449853,2,shutouts,4.0
19791980,8452122,2,shutouts,4.0
19791980,8448700,2,shutouts,3.0
19791980,8447755,2,savePctg,0.90676
19791980,8446720,2,savePctg,0.902798
19791980,8451143,2,savePctg,0.901465
19791980,8450802,2,savePctg,0.901049
19791980,8451525,2,savePctg,0.898239
19791980,8451143,2,goalsAgainstAverage,2.363945
19791980,8447755,2,goalsAgainstAverage,2.516163
19791980,8446597,2,goalsAgainstAverage,2.573281
19791980,8450343,2,goalsAgainstAverage,2.733658
19791980,8447170,2,goalsAgainstAverage,2.734453
19791980,8451525,3,wins,15.0
19791980,8450343,3,wins,8.0
19791980,8451143,3,wins,6.0
19791980,8449550,3,wins,5.0
19791980,8449784,3,wins,5.0
19791980,8451143,3,shutouts,2.0
19791980,8448700,3,shutouts,1.0
19791980,8446597,3,shutouts,1.0
19791980,8449784,3,shutouts,1.0
19791980,8449550,3,shutouts,1.0
19791980,8446323,3,savePctg,0.927083
19791980,8451143,3,savePctg,0.926407
19791980,8446720,3,savePctg,0.923913
19791980,8448700,3,savePctg,0.923077
19791980,8449784,3,savePctg,0.920398
19791980,8451143,3,goalsAgainstAverage,2.042792
19791980,8448700,3,goalsAgainstAverage,2.196705
19791980,8446720,3,goalsAgainstAverage,2.27027
19791980,8446323,3,goalsAgainstAverage,2.348191
19791980,8449784,3,goalsAgainstAverage,2.500434
19801981,8448805,2,wins,35.0
19801981,8448865,2,wins,33.0
19801981,8446720,2,wins,29.0
19801981,8449627,2,wins,25.0
19801981,8452122,2,wins,25.0
19801981,8450802,2,shutouts,3.0
19801981,8446597,2,shutouts,3.0
19801981,8445218,2,shutouts,2.0
19801981,8451626,2,shutouts,2.0
19801981,8448759,2,shutouts,2.0
19801981,8451626,2,savePctg,0.912869
19801981,8451308,2,savePctg,0.907552
19801981,8448759,2,savePctg,0.901235
19801981,8446597,2,savePctg,0.897928
19801981,8450343,2,savePctg,0.896861
19801981,8451308,2,goalsAgainstAverage,2.398019
19801981,8451626,2,goalsAgainstAverage,2.495069
19801981,8446597,2,goalsAgainstAverage,2.960288
19801981,8450343,2,goalsAgainstAverage,2.968742
19801981,8451143,2,goalsAgainstAverage,3.175158
19801981,8451525,3,wins,14.0
19801981,8449550,3,wins,8.0
19801981,8445218,3,wins,7.0
19801981,8450835,3,wins,6.0
19801981,8448865,3,wins,5.0
19801981,8445609,3,shutouts,1.0
19801981,8451626,3,shutouts,1.0
19801981,8450835,3,savePctg,0.904145
19801981,8451525,3,savePctg,0.903448
19801981,8448759,3,savePctg,0.896226
19801981,8449627,3,savePctg,0.893258
19801981,8451626,3,savePctg,0.892
19801981,8451525,3,goalsAgainstAverage,2.541945
19801981,8451626,3,goalsAgainstAverage,3.014327
19801981,8446597,3,goalsAgainstAverage,3.378809
19801981,8449627,3,goalsAgainstAverage,3.514361
19801981,8449550,3,goalsAgainstAverage,3.52978
19811982,8451525,2,wins,32.0
19811982,8448865,2,wins,28.0
19811982,8446991,2,wins,28.0
19811982,8445609,2,wins,27.0
19811982,8446597,2,wins,26.0
19811982,8447755,2,shutouts,3.0
19811982,8452287,2,shutouts,2.0
19811982,8451595,2,shutouts,2.0
19811982,8445694,2,shutouts,2.0
19811982,8448805,2,shutouts,2.0
19811982,8447755,2,savePctg,0.910526
19811982,8451525,2,savePctg,0.897928
19811982,8446991,2,savePctg,0.897853
19811982,8449547,2,savePctg,0.896364
19811982,8449550,2,savePctg,0.894068
19811982,8447755,2,goalsAgainstAverage,2.641375
19811982,8452287,2,goalsAgainstAverage,2.748798
19811982,8451525,2,goalsAgainstAverage,2.973451
19811982,8449547,2,goalsAgainstAverage,3.238279
19811982,8446991,2,goalsAgainstAverage,3.314509
19811982,8451525,3,wins,15.0
19811982,8445694,3,wins,11.0
19811982,8449651,3,wins,6.0
19811982,8445249,3,wins,5.0
19811982,8448865,3,wins,5.0
19811982,8446720,3,shutouts,1.0
19811982,8451525,3,shutouts,1.0
19811982,8445694,3,savePctg,0.917508
19811982,8446720,3,savePctg,0.91623
19811982,8449550,3,savePctg,0.909091
19811982,8451525,3,savePctg,0.905622
19811982,8450835,3,savePctg,0.897959
19811982,8452287,3,goalsAgainstAverage,2.209082
19811982,8451525,3,goalsAgainstAverage,2.50611
19811982,8446720,3,goalsAgainstAverage,2.535769
19811982,8449550,3,goalsAgainstAverage,2.634709
19811982,8445694,3,goalsAgainstAverage,2.70602
19821983,8450343,2,wins,40.0
19821983,8449681,2,wins,33.0
19821983,8452287,2,wins,27.0
19821983,8451143,2,wins,25.0
19821983,8449547,2,wins,24.0
19821983,8450343,2,shutouts,8.0
19821983,8446982,2,shutouts,4.0
19821983,8445249,2,shutouts,4.0
19821983,8448853,2,shutouts,3.0
19821983,8449291,2,shutouts,2.0
19821983,8449547,2,savePctg,0.909242
19821983,8451525,2,savePctg,0.905961
19821983,8450343,2,savePctg,0.903204
19821983,8445249,2,savePctg,0.900859
19821983,8446982,2,savePctg,0.896309
19821983,8450343,2,goalsAgainstAverage,2.37249
19821983,8446982,2,goalsAgainstAverage,2.519244
19821983,8449547,2,goalsAgainstAverage,2.662451
19821983,8451525,2,goalsAgainstAverage,2.874579
19821983,8448853,2,goalsAgainstAverage,2.988001
19821983,8451525,3,wins,13.0
19821983,8449681,3,wins,11.0
19821983,8450343,3,wins,9.0
19821983,8451143,3,wins,6.0
19821983,8449618,3,wins,5.0
19821983,8451143,3,shutouts,2.0
19821983,8451525,3,shutouts,2.0
19821983,8450343,3,shutouts,1.0
19821983,8451525,3,savePctg,0.912955
19821983,8449547,3,savePctg,0.910714
19821983,8445609,3,savePctg,0.909091
19821983,8450132,3,savePctg,0.906593
19821983,8448865,3,savePctg,0.898649
19821983,8449547,3,goalsAgainstAverage,2.554822
19821983,8451525,3,goalsAgainstAverage,2.687407
19821983,8445609,3,goalsAgainstAverage,2.736697
19821983,8452287,3,goalsAgainstAverage,2.787302
19821983,8449681,3,goalsAgainstAverage,3.04354
19831984,8446991,2,wins,30.0
19831984,8445609,2,wins,29.0
19831984,8450343,2,wins,29.0
19831984,8447505,2,wins,28.0
19831984,8446982,2,wins,28.0
19831984,8450835,2,shutouts,4.0
19831984,8448275,2,shutouts,4.0
19831984,8448865,2,shutouts,3.0
19831984,8448410,2,shutouts,2.0
19831984,8445275,2,shutouts,2.0
19831984,8449547,2,savePctg,0.902482
19831984,8451525,2,savePctg,0.896249
19831984,8448759,2,savePctg,0.893314
19831984,8445275,2,savePctg,0.893248
19831984,8447505,2,savePctg,0.890429
19831984,8450835,2,goalsAgainstAverage,2.667732
19831984,8445275,2,goalsAgainstAverage,2.846196
19831984,8448275,2,goalsAgainstAverage,2.915081
19831984,8448410,2,goalsAgainstAverage,3.105514
19831984,8446982,2,goalsAgainstAverage,3.152585
19831984,8451525,3,wins,12.0
19831984,8446991,3,wins,11.0
19831984,8450311,3,wins,9.0
19831984,8445381,3,wins,6.0
19831984,8448865,3,wins,6.0
19831984,8450311,3,shutouts,3.0
19831984,8445694,3,shutouts,1.0
19831984,8447505,3,shutouts,1.0
19831984,8448865,3,shutouts,1.0
19831984,8445381,3,shutouts,1.0
19831984,8447505,3,savePctg,0.921687
19831984,8448865,3,savePctg,0.919668
19831984,8446991,3,savePctg,0.911111
19831984,8450311,3,savePctg,0.909859
19831984,8446597,3,savePctg,0.909774
19831984,8450311,3,goalsAgainstAverage,2.205587
19831984,8451701,3,goalsAgainstAverage,2.307138
19831984,8450835,3,goalsAgainstAverage,2.351063
19831984,8448865,3,goalsAgainstAverage,2.441991
19831984,8447505,3,goalsAgainstAverage,2.531646
19841985,8448853,2,wins,40.0
19841985,8447701,2,wins,33.0
19841985,8448759,2,wins,30.0
19841985,8450835,2,wins,28.0
19841985,8445249,2,wins,27.0
19841985,8445275,2,shutouts,5.0
19841985,8452355,2,shutouts,2.0
19841985,8451407,2,shutouts,2.0
19841985,8448020,2,shutouts,2.0
19841985,8448865,2,shutouts,2.0
19841985,8451407,2,savePctg,0.90285
19841985,8448853,2,savePctg,0.899273
19841985,8449681,2,savePctg,0.894587
19841985,8448759,2,savePctg,0.888073
19841985,8448865,2,savePctg,0.887844
19841985,8445275,2,goalsAgainstAverage,2.670183
19841985,8450835,2,goalsAgainstAverage,2.983867
19841985,8448853,2,goalsAgainstAverage,3.024188
19841985,8450311,2,goalsAgainstAverage,3.088732
19841985,8451143,2,goalsAgainstAverage,3.232289
19841985,8446991,3,wins,15.0
19841985,8448853,3,wins,12.0
19841985,8447303,3,wins,9.0
19841985,8445249,3,wins,9.0
19841985,8450311,3,wins,6.0
19841985,8448853,3,shutouts,3.0
19841985,8448759,3,shutouts,1.0
19841985,8449550,3,shutouts,1.0
19841985,8450311,3,shutouts,1.0
19841985,8448020,3,savePctg,0.945946
19841985,8448853,3,savePctg,0.913758
19841985,8448275,3,savePctg,0.906977
19841985,8445457,3,savePctg,0.904255
19841985,8449550,3,savePctg,0.902344
19841985,8448020,3,goalsAgainstAverage,1.712146
19841985,8448275,3,goalsAgainstAverage,2.397403
19841985,8450835,3,goalsAgainstAverage,2.472867
19841985,8448853,3,goalsAgainstAverage,2.503187
19841985,8445457,3,goalsAgainstAverage,3.047691
19851986,8452157,2,wins,31.0
19851986,8446982,2,wins,31.0
19851986,8445275,2,wins,29.0
19851986,8448759,2,wins,29.0
19851986,8446991,2,wins,29.0
19851986,8446982,2,shutouts,5.0
19851986,8449096,2,shutouts,4.0
19851986,8451595,2,shutouts,3.0
19851986,8452157,2,shutouts,3.0
19851986,8448269,2,shutouts,2.0
19851986,8446982,2,savePctg,0.908661
19851986,8448020,2,savePctg,0.905712
19851986,8449096,2,savePctg,0.895357
19851986,8452287,2,savePctg,0.893648
19851986,8445381,2,savePctg,0.892244
19851986,8446982,2,goalsAgainstAverage,2.554988
19851986,8448275,2,goalsAgainstAverage,3.185185
19851986,8449096,2,goalsAgainstAverage,3.208617
19851986,8448020,2,goalsAgainstAverage,3.215669
19851986,8452157,2,goalsAgainstAverage,3.325017
19851986,8451033,3,wins,15.0
19851986,8452217,3,wins,12.0
19851986,8452157,3,wins,8.0
19851986,8449627,3,wins,6.0
19851986,8452535,3,wins,6.0
19851986,8448865,3,shutouts,1.0
19851986,8452535,3,shutouts,1.0
19851986,8452157,3,shutouts,1.0
19851986,8451033,3,shutouts,1.0
19851986,8448865,3,savePctg,0.938053
19851986,8451033,3,savePctg,0.922619
19851986,8449627,3,savePctg,0.911315
19851986,8450343,3,savePctg,0.905138
19851986,8452535,3,savePctg,0.900621
19851986,8448865,3,goalsAgainstAverage,1.911335
19851986,8451033,3,goalsAgainstAverage,1.926032
19851986,8450343,3,goalsAgainstAverage,2.660508
19851986,8452355,3,goalsAgainstAverage,2.864816
19851986,8452217,3,goalsAgainstAverage,2.936299
19861987,8447775,2,wins,37.0
19861987,8448865,2,wins,31.0
19861987,8452217,2,wins,30.0
19861987,8449681,2,wins,28.0
19861987,8446052,2,wins,24.0
19861987,8448865,2,shutouts,4.0
19861987,8450651,2,shutouts,3.0
19861987,8448759,2,shutouts,2.0
19861987,8445458,2,shutouts,2.0
19861987,8445275,2,shutouts,2.0
19861987,8447775,2,savePctg,0.901503
19861987,8451143,2,savePctg,0.893788
19861987,8447701,2,savePctg,0.893417
19861987,8447505,2,savePctg,0.893224
19861987,8451033,2,savePctg,0.891376
19861987,8447701,2,goalsAgainstAverage,2.817744
19861987,8451033,2,goalsAgainstAverage,2.937897
19861987,8447775,2,goalsAgainstAverage,3.006646
19861987,8445462,2,goalsAgainstAverage,3.178672
19861987,8447303,2,goalsAgainstAverage,3.18548
19861987,8447775,3,wins,15.0
19861987,8446991,3,wins,14.0
19861987,8448020,3,wins,7.0
19861987,8452535,3,wins,7.0
19861987,8447303,3,wins,7.0
19861987,8447505,3,shutouts,2.0
19861987,8447775,3,shutouts,2.0
19861987,8449286,3,shutouts,1.0
19861987,8452157,3,shutouts,1.0
19861987,8452535,3,shutouts,1.0
19861987,8447505,3,savePctg,0.942731
19861987,8449286,3,savePctg,0.937063
19861987,8452535,3,savePctg,0.920765
19861987,8449627,3,savePctg,0.918033
19861987,8448020,3,savePctg,0.917749
19861987,8447505,3,goalsAgainstAverage,1.68188
19861987,8449286,3,goalsAgainstAverage,1.756288
19861987,8452535,3,goalsAgainstAverage,2.294657
19861987,8449627,3,goalsAgainstAverage,2.397283
19861987,8446991,3,goalsAgainstAverage,2.467803
19871988,8446991,2,wins,40.0
19871988,8452217,2,wins,39.0
19871988,8447775,2,wins,30.0
19871988,8452157,2,wins,27.0
19871988,8448865,2,wins,25.0
19871988,8447505,2,shutouts,4.0
19871988,8449096,2,shutouts,4.0
19871988,8446991,2,shutouts,4.0
19871988,8451033,2,shutouts,3.0
19871988,8448020,2,shutouts,3.0
19871988,8451033,2,savePctg,0.89984
19871988,8450343,2,savePctg,0.89803
19871988,8447701,2,savePctg,0.896217
19871988,8448020,2,savePctg,0.895706
19871988,8451701,2,savePctg,0.895652
19871988,8450343,2,goalsAgainstAverage,2.787481
19871988,8447701,2,goalsAgainstAverage,2.858521
19871988,8451033,2,goalsAgainstAverage,2.904125
19871988,8448759,2,goalsAgainstAverage,2.934557
19871988,8451701,2,goalsAgainstAverage,3.110263
19871988,8446991,3,wins,16.0
19871988,8448759,3,wins,11.0
19871988,8445769,3,wins,9.0
19871988,8450343,3,wins,7.0
19871988,8449627,3,wins,5.0
19871988,8447505,3,shutouts,1.0
19871988,8451701,3,shutouts,1.0
19871988,8445769,3,shutouts,1.0
19871988,8448759,3,shutouts,1.0
19871988,8450343,3,savePctg,0.895385
19871988,8448759,3,savePctg,0.89486
19871988,8451033,3,savePctg,0.889401
19871988,8445769,3,savePctg,0.889105
19871988,8446991,3,savePctg,0.882979
19871988,8448759,3,goalsAgainstAverage,2.635561
19871988,8446991,3,goalsAgainstAverage,2.90591
19871988,8447505,3,goalsAgainstAverage,3.065371
19871988,8450343,3,goalsAgainstAverage,3.12492
19871988,8451033,3,goalsAgainstAverage,3.357035
19881989,8452217,2,wins,37.0
19881989,8451033,2,wins,33.0
19881989,8447775,2,wins,30.0
19881989,8448020,2,wins,28.0
19881989,8452157,2,wins,28.0
19881989,8449627,2,shutouts,6.0
19881989,8450343,2,shutouts,4.0
19881989,8449474,2,shutouts,4.0
19881989,8451369,2,shutouts,4.0
19881989,8451033,2,shutouts,4.0
19881989,8451033,2,savePctg,0.90783
19881989,8446011,2,savePctg,0.899734
19881989,8451845,2,savePctg,0.898582
19881989,8452217,2,savePctg,0.89707
19881989,8452355,2,savePctg,0.892178
19881989,8451033,2,goalsAgainstAverage,2.470891
19881989,8452217,2,goalsAgainstAverage,2.655108
19881989,8450343,2,goalsAgainstAverage,2.847973
19881989,8447701,2,goalsAgainstAverage,2.897511
19881989,8452287,2,goalsAgainstAverage,2.958119
19881989,8452217,3,wins,16.0
19881989,8451033,3,wins,13.0
19881989,8446052,3,wins,9.0
19881989,8447775,3,wins,8.0
19881989,8445275,3,wins,7.0
19881989,8452217,3,shutouts,3.0
19881989,8451033,3,shutouts,2.0
19881989,8446089,3,shutouts,1.0
19881989,8446991,3,shutouts,1.0
19881989,8452535,3,savePctg,0.927536
19881989,8451033,3,savePctg,0.920152
19881989,8446052,3,savePctg,0.908903
19881989,8452217,3,savePctg,0.905282
19881989,8449681,3,savePctg,0.897059
19881989,8451033,3,goalsAgainstAverage,2.089264
19881989,8452535,3,goalsAgainstAverage,2.234914
19881989,8452217,3,goalsAgainstAverage,2.259369
19881989,8449681,3,goalsAgainstAverage,2.34179
19881989,8446052,3,goalsAgainstAverage,2.60612
19891990,8446011,2,wins,31.0
19891990,8450627,2,wins,31.0
19891990,8451033,2,wins,31.0
19891990,8450651,2,wins,24.0
19891990,8449681,2,wins,24.0
19891990,8448865,2,shutouts,4.0
19891990,8449681,2,shutouts,3.0
19891990,8446829,2,shutouts,3.0
19891990,8451033,2,shutouts,3.0
19891990,8446011,2,shutouts,3.0
19891990,8451033,2,savePctg,0.911958
19891990,8448865,2,savePctg,0.904812
19891990,8450627,2,savePctg,0.902985
19891990,8449096,2,savePctg,0.902519
19891990,8446829,2,savePctg,0.89782
19891990,8448865,2,goalsAgainstAverage,2.527017
19891990,8451033,2,goalsAgainstAverage,2.53384
19891990,8448759,2,goalsAgainstAverage,2.804628
19891990,8449681,2,goalsAgainstAverage,2.886625
19891990,8450627,2,goalsAgainstAverage,2.88825
19891990,8450651,3,wins,16.0
19891990,8449681,3,wins,13.0
19891990,8449627,3,wins,6.0
19891990,8451033,3,wins,5.0
19891990,8445386,3,wins,4.0
19891990,8449681,3,shutouts,2.0
19891990,8446011,3,shutouts,1.0
19891990,8451033,3,shutouts,1.0
19891990,8450651,3,shutouts,1.0
19891990,8450627,3,savePctg,0.921053
19891990,8445386,3,savePctg,0.915
19891990,8450651,3,savePctg,0.912072
19891990,8451033,3,savePctg,0.910653
19891990,8449681,3,savePctg,0.909091
19891990,8449681,3,goalsAgainstAverage,2.208774
19891990,8450627,3,goalsAgainstAverage,2.431556
19891990,8451033,3,goalsAgainstAverage,2.434584
19891990,8445386,3,goalsAgainstAverage,2.494497
19891990,8450651,3,goalsAgainstAverage,2.526376
19901991,8445386,2,wins,43.0
19901991,8452217,2,wins,31.0
19901991,8446082,2,wins,30.0
19901991,8450834,2,wins,29.0
19901991,8450651,2,wins,27.0
19901991,8445381,2,shutouts,5.0
19901991,8449681,2,shutouts,4.0
19901991,8446719,2,shutouts,4.0
19901991,8445386,2,shutouts,4.0
19901991,8452157,2,shutouts,3.0
19901991,8445386,2,savePctg,0.909719
19901991,8451033,2,savePctg,0.906021
19901991,8450833,2,savePctg,0.903017
19901991,8450343,2,savePctg,0.902087
19901991,8448020,2,savePctg,0.900076
19901991,8445386,2,goalsAgainstAverage,2.471719
19901991,8445381,2,goalsAgainstAverage,2.636474
19901991,8451033,2,goalsAgainstAverage,2.708644
19901991,8449681,2,goalsAgainstAverage,2.869131
19901991,8450343,2,goalsAgainstAverage,2.881776
19901991,8446011,3,wins,14.0
19901991,8445275,3,wins,12.0
19901991,8449681,3,wins,10.0
19901991,8446991,3,wins,8.0
19901991,8451033,3,wins,7.0
19901991,8450390,3,shutouts,1.0
19901991,8450833,3,shutouts,1.0
19901991,8445381,3,shutouts,1.0
19901991,8450834,3,shutouts,1.0
19901991,8445275,3,shutouts,1.0
19901991,8450833,3,savePctg,0.923077
19901991,8445275,3,savePctg,0.918919
19901991,8448020,3,savePctg,0.903141
19901991,8451860,3,savePctg,0.902778
19901991,8445381,3,savePctg,0.901361
19901991,8445275,3,goalsAgainstAverage,2.603406
19901991,8450833,3,goalsAgainstAverage,2.685708
19901991,8448020,3,goalsAgainstAverage,2.7812
19901991,8445381,3,goalsAgainstAverage,2.787047
19901991,8451860,3,goalsAgainstAverage,2.943238
19911992,8446082,2,wins,38.0
19911992,8449474,2,wins,38.0
19911992,8451033,2,wins,36.0
19911992,8445381,2,wins,29.0
19911992,8449681,2,wins,28.0
19911992,8446719,2,shutouts,5.0
19911992,8445386,2,shutouts,5.0
19911992,8449474,2,shutouts,5.0
19911992,8451033,2,shutouts,5.0
19911992,8450833,2,shutouts,3.0
19911992,8451033,2,savePctg,0.914175
19911992,8446719,2,savePctg,0.910448
19911992,8448382,2,savePctg,0.910394
19911992,8452157,2,savePctg,0.909842
19911992,8446829,2,savePctg,0.902002
19911992,8451033,2,goalsAgainstAverage,2.363666
19911992,8445386,2,goalsAgainstAverage,2.705318
19911992,8449474,2,goalsAgainstAverage,2.741291
19911992,8452157,2,goalsAgainstAverage,2.850601
19911992,8446719,2,goalsAgainstAverage,2.877716
19911992,8445275,3,wins,16.0
19911992,8445386,3,wins,12.0
19911992,8450651,3,wins,8.0
19911992,8449681,3,wins,8.0
19911992,8449474,3,wins,6.0
19911992,8446082,3,shutouts,2.0
19911992,8449474,3,shutouts,2.0
19911992,8450651,3,shutouts,2.0
19911992,8446480,3,shutouts,1.0
19911992,8450833,3,shutouts,1.0
19911992,8450390,3,savePctg,0.922131
19911992,8446082,3,savePctg,0.909747
19911992,8449474,3,savePctg,0.909341
19911992,8445275,3,savePctg,0.906752
19911992,8446480,3,savePctg,0.905473
19911992,8445386,3,goalsAgainstAverage,2.466317
19911992,8446082,3,goalsAgainstAverage,2.511301
19911992,8449474,3,goalsAgainstAverage,2.523633
19911992,8451033,3,goalsAgainstAverage,2.625757
19911992,8446480,3,goalsAgainstAverage,2.630567
19921993,8445275,2,wins,43.0
19921993,8445386,2,wins,41.0
19921993,8449681,2,wins,37.0
19921993,8446082,2,wins,34.0
19921993,8446719,2,wins,33.0
19921993,8445386,2,shutouts,7.0
19921993,8458080,2,shutouts,5.0
19921993,8452157,2,shutouts,4.0
19921993,8445275,2,shutouts,4.0
19921993,8446082,2,shutouts,4.0
19921993,8448382,2,savePctg,0.91099
19921993,8457714,2,savePctg,0.909798
19921993,8445386,2,savePctg,0.905851
19921993,8445275,2,savePctg,0.901326
19921993,8452157,2,savePctg,0.900328
19921993,8457714,2,goalsAgainstAverage,2.502322
19921993,8445386,2,goalsAgainstAverage,2.586448
19921993,8445275,2,goalsAgainstAverage,3.014777
19921993,8448382,2,goalsAgainstAverage,3.023007
19921993,8452440,2,goalsAgainstAverage,3.103733
19921993,8451033,3,wins,16.0
19921993,8457714,3,wins,11.0
19921993,8448020,3,wins,10.0
19921993,8447709,3,wins,9.0
19921993,8445275,3,wins,7.0
19921993,8448382,3,shutouts,2.0
19921993,8445275,3,shutouts,2.0
19921993,8446991,3,shutouts,1.0
19921993,8457714,3,shutouts,1.0
19921993,8448382,3,savePctg,0.938356
19921993,8451033,3,savePctg,0.928903
19921993,8447775,3,savePctg,0.914692
19921993,8451834,3,savePctg,0.9125
19921993,8445275,3,savePctg,0.905405
19921993,8451033,3,goalsAgainstAverage,2.134543
19921993,8448382,3,goalsAgainstAverage,2.267055
19921993,8451834,3,goalsAgainstAverage,2.767254
19921993,8457714,3,goalsAgainstAverage,2.84429
19921993,8447775,3,goalsAgainstAverage,2.902966
19931994,8450833,2,wins,42.0
19931994,8445386,2,wins,37.0
19931994,8448382,2,wins,36.0
19931994,8451033,2,wins,35.0
19931994,8457714,2,wins,34.0
19931994,8447687,2,shutouts,7.0
19931994,8451033,2,shutouts,7.0
19931994,8445386,2,shutouts,7.0
19931994,8447775,2,shutouts,5.0
19931994,8450833,2,shutouts,5.0
19931994,8447687,2,savePctg,0.929768
19931994,8452157,2,savePctg,0.924163
19931994,8451033,2,savePctg,0.917689
19931994,8455710,2,savePctg,0.915186
19931994,8446829,2,savePctg,0.913507
19931994,8447687,2,goalsAgainstAverage,1.947723
19931994,8455710,2,goalsAgainstAverage,2.399939
19931994,8451033,2,goalsAgainstAverage,2.497781
19931994,8452157,2,goalsAgainstAverage,2.529278
19931994,8450833,2,goalsAgainstAverage,2.571094
19931994,8450833,3,wins,16.0
19931994,8449474,3,wins,15.0
19931994,8457714,3,wins,9.0
19931994,8455710,3,wins,8.0
19931994,8456692,3,wins,7.0
19931994,8450833,3,shutouts,4.0
19931994,8449474,3,shutouts,4.0
19931994,8457714,3,shutouts,3.0
19931994,8447687,3,shutouts,2.0
19931994,8458568,3,shutouts,1.0
19931994,8447687,3,savePctg,0.950192
19931994,8451033,3,savePctg,0.929825
19931994,8455710,3,savePctg,0.928437
19931994,8449474,3,savePctg,0.928049
19931994,8445386,3,savePctg,0.921466
19931994,8447687,3,goalsAgainstAverage,1.613014
19931994,8455710,3,goalsAgainstAverage,1.947608
19931994,8450833,3,goalsAgainstAverage,2.074098
19931994,8449474,3,goalsAgainstAverage,2.293117
19931994,8458568,3,goalsAgainstAverage,2.345786
19941995,8452535,2,wins,25.0
19941995,8456830,2,wins,22.0
19941995,8445386,2,wins,22.0
19941995,8448382,2,wins,20.0
19941995,8447687,2,wins,19.0
19941995,8447687,2,shutouts,5.0
19941995,8445386,2,shutouts,5.0
19941995,8458968,2,shutouts,4.0
19941995,8460318,2,shutouts,4.0
19941995,8452157,2,shutouts,4.0
19941995,8447687,2,savePctg,0.930385
19941995,8458568,2,savePctg,0.917339
19941995,8459432,2,savePctg,0.917258
19941995,8449681,2,savePctg,0.914894
19941995,8452157,2,savePctg,0.914
19941995,8447687,2,goalsAgainstAverage,2.110534
19941995,8458968,2,goalsAgainstAverage,2.132635
19941995,8458568,2,goalsAgainstAverage,2.263769
19941995,8445386,2,goalsAgainstAverage,2.277628
19941995,8459432,2,goalsAgainstAverage,2.338964
19941995,8455710,3,wins,16.0
19941995,8452217,3,wins,12.0
19941995,8447775,3,wins,10.0
19941995,8445386,3,wins,9.0
19941995,8452535,3,wins,5.0
19941995,8455710,3,shutouts,3.0
19941995,8456830,3,shutouts,1.0
19941995,8457714,3,shutouts,1.0
19941995,8452535,3,shutouts,1.0
19941995,8445386,3,shutouts,1.0
19941995,8455710,3,savePctg,0.926566
19941995,8445386,3,savePctg,0.922756
19941995,8457714,3,savePctg,0.920949
19941995,8452535,3,savePctg,0.905444
19941995,8449681,3,savePctg,0.905325
19941995,8455710,3,goalsAgainstAverage,1.66944
19941995,8445386,3,goalsAgainstAverage,2.190141
19941995,8452217,3,goalsAgainstAverage,2.313588
19941995,8460318,3,goalsAgainstAverage,2.545969
19941995,8447775,3,goalsAgainstAverage,2.810357
19951996,8458568,2,wins,39.0
19951996,8458968,2,wins,35.0
19951996,8450651,2,wins,34.0
19951996,8455710,2,wins,34.0
19951996,8451033,2,wins,34.0
19951996,8458968,2,shutouts,9.0
19951996,8455710,2,shutouts,6.0
19951996,8458568,2,shutouts,5.0
19951996,8450627,2,shutouts,5.0
19951996,8447449,2,shutouts,4.0
19951996,8447687,2,savePctg,0.91994
19951996,8450627,2,savePctg,0.91838
19951996,8447449,2,savePctg,0.915612
19951996,8447715,2,savePctg,0.913736
19951996,8447775,2,savePctg,0.913313
19951996,8447775,2,goalsAgainstAverage,2.166053
19951996,8458568,2,goalsAgainstAverage,2.168441
19951996,8458968,2,goalsAgainstAverage,2.255981
19951996,8452217,2,goalsAgainstAverage,2.264497
19951996,8455710,2,goalsAgainstAverage,2.341362
19951996,8451033,3,wins,16.0
19951996,8452157,3,wins,12.0
19951996,8458568,3,wins,8.0
19951996,8452535,3,wins,7.0
19951996,8446011,3,wins,6.0
19951996,8451033,3,shutouts,3.0
19951996,8458568,3,shutouts,2.0
19951996,8445386,3,shutouts,1.0
19951996,8445275,3,shutouts,1.0
19951996,8446011,3,shutouts,1.0
19951996,8448535,3,savePctg,0.934132
19951996,8452157,3,savePctg,0.931973
19951996,8452535,3,savePctg,0.929878
19951996,8445386,3,savePctg,0.928793
19951996,8445275,3,savePctg,0.922849
19951996,8448535,3,goalsAgainstAverage,1.934916
19951996,8445386,3,goalsAgainstAverage,2.072383
19951996,8451033,3,goalsAgainstAverage,2.104708
19951996,8458568,3,goalsAgainstAverage,2.115837
19951996,8447775,3,goalsAgainstAverage,2.132467
19961997,8451033,2,wins,38.0
19961997,8447687,2,wins,37.0
19961997,8455710,2,wins,37.0
19961997,8446991,2,wins,33.0
19961997,8450833,2,wins,33.0
19961997,8455710,2,shutouts,10.0
19961997,8451033,2,shutouts,7.0
19961997,8459140,2,shutouts,7.0
19961997,8458568,2,shutouts,6.0
19961997,8448382,2,shutouts,6.0
19961997,8447687,2,savePctg,0.92972
19961997,8447449,2,savePctg,0.926568
19961997,8455710,2,savePctg,0.926516
19961997,8451033,2,savePctg,0.92316
19961997,8447715,2,savePctg,0.919362
19961997,8455710,2,goalsAgainstAverage,1.875847
19961997,8449681,2,goalsAgainstAverage,2.147187
19961997,8447449,2,goalsAgainstAverage,2.159452
19961997,8447687,2,goalsAgainstAverage,2.273975
19961997,8452157,2,goalsAgainstAverage,2.294535
19961997,8452217,3,wins,16.0
19961997,8451033,3,wins,10.0
19961997,8450833,3,wins,9.0
19961997,8458075,3,wins,8.0
19961997,8448382,3,wins,5.0
19961997,8450833,3,shutouts,3.0
19961997,8451033,3,shutouts,3.0
19961997,8446991,3,shutouts,2.0
19961997,8455710,3,shutouts,2.0
19961997,8448382,3,shutouts,2.0
19961997,8459140,3,savePctg,0.932432
19961997,8450833,3,savePctg,0.932377
19961997,8451033,3,savePctg,0.932021
19961997,8447715,3,savePctg,0.929412
19961997,8452157,3,savePctg,0.929348
19961997,8455710,3,goalsAgainstAverage,1.730419
19961997,8452217,3,goalsAgainstAverage,1.75724
19961997,8451837,3,goalsAgainstAverage,1.978255
19961997,8447715,3,goalsAgainstAverage,2.024304
19961997,8450833,3,goalsAgainstAverage,2.109412
19971998,8455710,2,wins,43.0
19971998,8445386,2,wins,37.0
19971998,8447687,2,wins,33.0
19971998,8448535,2,wins,33.0
19971998,8458568,2,wins,33.0
19971998,8447687,2,shutouts,13.0
19971998,8455710,2,shutouts,10.0
19971998,8445386,2,shutouts,9.0
19971998,8447449,2,shutouts,8.0
19971998,8448382,2,shutouts,8.0
19971998,8447687,2,savePctg,0.931596
19971998,8445275,2,savePctg,0.921594
19971998,8456830,2,savePctg,0.921584
19971998,8448535,2,savePctg,0.919607
19971998,8455710,2,savePctg,0.917145
19971998,8445386,2,goalsAgainstAverage,1.876667
19971998,8455710,2,goalsAgainstAverage,1.889352
19971998,8445275,2,goalsAgainstAverage,2.066561
19971998,8447687,2,goalsAgainstAverage,2.090246
19971998,8447775,2,goalsAgainstAverage,2.165487
19971998,8458568,3,wins,16.0
19971998,8448535,3,wins,12.0
19971998,8445386,3,wins,10.0
19971998,8447687,3,wins,10.0
19971998,8446991,3,wins,6.0
19971998,8448535,3,shutouts,4.0
19971998,8448382,3,shutouts,3.0
19971998,8458568,3,shutouts,2.0
19971998,8452217,3,shutouts,1.0
19971998,8455994,3,shutouts,1.0
19971998,8448535,3,savePctg,0.940541
19971998,8447687,3,savePctg,0.937743
19971998,8448382,3,savePctg,0.9279
19971998,8455710,3,savePctg,0.926829
19971998,8445386,3,savePctg,0.922306
19971998,8445386,3,goalsAgainstAverage,1.790125
19971998,8448382,3,goalsAgainstAverage,1.927733
19971998,8448535,3,goalsAgainstAverage,1.954012
19971998,8455710,3,goalsAgainstAverage,1.966318
19971998,8455994,3,goalsAgainstAverage,1.9906
19981999,8455710,2,wins,39.0
19981999,8448382,2,wins,35.0
19981999,8445386,2,wins,35.0
19981999,8458568,2,wins,34.0
19981999,8455994,2,wins,32.0
19981999,8455994,2,shutouts,10.0
19981999,8447687,2,shutouts,9.0
19981999,8459140,2,shutouts,8.0
19981999,8452157,2,shutouts,6.0
19981999,8456692,2,shutouts,6.0
19981999,8447687,2,savePctg,0.936601
19981999,8455994,2,savePctg,0.926111
19981999,8451837,2,savePctg,0.925373
19981999,8456692,2,savePctg,0.922989
19981999,8459140,2,savePctg,0.922665
19981999,8451837,2,goalsAgainstAverage,1.793996
19981999,8447687,2,goalsAgainstAverage,1.870718
19981999,8445386,2,goalsAgainstAverage,1.985397
19981999,8455994,2,goalsAgainstAverage,1.99436
19981999,8458266,2,goalsAgainstAverage,2.08454
19981999,8445386,3,wins,16.0
19981999,8447687,3,wins,13.0
19981999,8451033,3,wins,11.0
19981999,8448382,3,wins,9.0
19981999,8445275,3,wins,6.0
19981999,8445386,3,shutouts,3.0
19981999,8455994,3,shutouts,2.0
19981999,8447687,3,shutouts,2.0
19981999,8450651,3,shutouts,1.0
19981999,8452157,3,shutouts,1.0
19981999,8447687,3,savePctg,0.938671
19981999,8452157,3,savePctg,0.938356
19981999,8445386,3,savePctg,0.930308
19981999,8459541,3,savePctg,0.926174
19981999,8452217,3,savePctg,0.924419
19981999,8452157,3,goalsAgainstAverage,1.462952
19981999,8445386,3,goalsAgainstAverage,1.671417
19981999,8447687,3,goalsAgainstAverage,1.774662
19981999,8455994,3,goalsAgainstAverage,2.031338
19981999,8456692,3,goalsAgainstAverage,2.204532
19992000,8455710,2,wins,43.0
19992000,8458266,2,wins,42.0
19992000,8448535,2,wins,41.0
19992000,8448382,2,wins,36.0
19992000,8456692,2,wins,34.0
19992000,8458266,2,shutouts,7.0
19992000,8458568,2,shutouts,6.0
19992000,8455710,2,shutouts,6.0
19992000,8460535,2,shutouts,5.0
19992000,8462047,2,shutouts,5.0
19992000,8445386,2,savePctg,0.91916
19992000,8460535,2,savePctg,0.919107
19992000,8447687,2,savePctg,0.91889
19992000,8462052,2,savePctg,0.917722
19992000,8448535,2,savePctg,0.916709
19992000,8462052,2,goalsAgainstAverage,1.914032
19992000,8458266,2,goalsAgainstAverage,1.954315
19992000,8460535,2,goalsAgainstAverage,2.102656
19992000,8445386,2,goalsAgainstAverage,2.104749
19992000,8452157,2,goalsAgainstAverage,2.196834
19992000,8455710,3,wins,16.0
19992000,8445386,3,wins,14.0
19992000,8462052,3,wins,11.0
19992000,8451033,3,wins,11.0
19992000,8448382,3,wins,6.0
19992000,8445386,3,shutouts,4.0
19992000,8451033,3,shutouts,3.0
19992000,8458568,3,shutouts,2.0
19992000,8451837,3,shutouts,2.0
19992000,8455710,3,shutouts,2.0
19992000,8451837,3,savePctg,0.944724
19992000,8448382,3,savePctg,0.932249
19992000,8445386,3,savePctg,0.930876
19992000,8451033,3,savePctg,0.928074
19992000,8455710,3,savePctg,0.927374
19992000,8455710,3,goalsAgainstAverage,1.613719
19992000,8451837,3,goalsAgainstAverage,1.769318
19992000,8451033,3,goalsAgainstAverage,1.789609
19992000,8445386,3,goalsAgainstAverage,1.871188
19992000,8458568,3,goalsAgainstAverage,1.974767
20002001,8455710,2,wins,42.0
20002001,8451033,2,wins,40.0
20002001,8456692,2,wins,37.0
20002001,8448535,2,wins,37.0
20002001,8447687,2,wins,37.0
20002001,8447687,2,shutouts,11.0
20002001,8468651,2,shutouts,10.0
20002001,8455710,2,shutouts,9.0
20002001,8445386,2,shutouts,8.0
20002001,8459541,2,shutouts,8.0
20002001,8460612,2,savePctg,0.924812
20002001,8456137,2,savePctg,0.92252
20002001,8445769,2,savePctg,0.921902
20002001,8468651,2,savePctg,0.921448
20002001,8447687,2,savePctg,0.920626
20002001,8460612,2,goalsAgainstAverage,1.896434
20002001,8468651,2,goalsAgainstAverage,2.010792
20002001,8459308,2,goalsAgainstAverage,2.050146
20002001,8447687,2,goalsAgainstAverage,2.105434
20002001,8462161,2,goalsAgainstAverage,2.167369
20002001,8451033,3,wins,16.0
20002001,8455710,3,wins,15.0
20002001,8460704,3,wins,9.0
20002001,8458266,3,wins,9.0
20002001,8447687,3,wins,7.0
20002001,8451033,3,shutouts,4.0
20002001,8455710,3,shutouts,4.0
20002001,8448382,3,shutouts,3.0
20002001,8457714,3,shutouts,2.0
20002001,8460704,3,shutouts,2.0
20002001,8451033,3,savePctg,0.934084
20002001,8448382,3,savePctg,0.927052
20002001,8459541,3,savePctg,0.919786
20002001,8458266,3,savePctg,0.918848
20002001,8447687,3,savePctg,0.916427
20002001,8451033,3,goalsAgainstAverage,1.69546
20002001,8458266,3,goalsAgainstAverage,2.047481
20002001,8455710,3,goalsAgainstAverage,2.07348
20002001,8447687,3,goalsAgainstAverage,2.088836
20002001,8448382,3,goalsAgainstAverage,2.102394
20012002,8447687,2,wins,41.0
20012002,8455710,2,wins,38.0
20012002,8460705,2,wins,37.0
20012002,8455994,2,wins,35.0
20012002,8462161,2,wins,34.0
20012002,8451033,2,shutouts,9.0
20012002,8459579,2,shutouts,7.0
20012002,8460516,2,shutouts,7.0
20012002,8460535,2,shutouts,7.0
20012002,8460705,2,shutouts,7.0
20012002,8460535,2,savePctg,0.931034
20012002,8451033,2,savePctg,0.925107
20012002,8468651,2,savePctg,0.921309
20012002,8460612,2,savePctg,0.920896
20012002,8459140,2,savePctg,0.920063
20012002,8451033,2,goalsAgainstAverage,1.939852
20012002,8468651,2,goalsAgainstAverage,2.051177
20012002,8460612,2,goalsAgainstAverage,2.093827
20012002,8460535,2,goalsAgainstAverage,2.111829
20012002,8462044,2,goalsAgainstAverage,2.130087
20012002,8447687,3,wins,16.0
20012002,8451033,3,wins,11.0
20012002,8448382,3,wins,10.0
20012002,8456692,3,wins,10.0
20012002,8459579,3,wins,7.0
20012002,8447687,3,shutouts,6.0
20012002,8459579,3,shutouts,4.0
20012002,8462161,3,shutouts,3.0
20012002,8448382,3,shutouts,3.0
20012002,8451033,3,shutouts,3.0
20012002,8459579,3,savePctg,0.945783
20012002,8459463,3,savePctg,0.938889
20012002,8455710,3,savePctg,0.937931
20012002,8456692,3,savePctg,0.9375
20012002,8462161,3,savePctg,0.928571
20012002,8459579,3,goalsAgainstAverage,1.388651
20012002,8455710,3,goalsAgainstAverage,1.416827
20012002,8459463,3,goalsAgainstAverage,1.619367
20012002,8456692,3,goalsAgainstAverage,1.66932
20012002,8462161,3,goalsAgainstAverage,1.829733
20022003,8455710,2,wins,41.0
20022003,8459579,2,wins,39.0
20022003,8445386,2,wins,37.0
20022003,8451033,2,wins,35.0
20022003,8462044,2,wins,34.0
20022003,8455710,2,shutouts,9.0
20022003,8459432,2,shutouts,8.0
20022003,8462044,2,shutouts,8.0
20022003,8459579,2,shutouts,8.0
20022003,8460612,2,shutouts,7.0
20022003,8460612,2,savePctg,0.932303
20022003,8460806,2,savePctg,0.926537
20022003,8468651,2,savePctg,0.925439
20022003,8459308,2,savePctg,0.92511
20022003,8458988,2,savePctg,0.923868
20022003,8460612,2,goalsAgainstAverage,1.723626
20022003,8468651,2,goalsAgainstAverage,1.826666
20022003,8460806,2,goalsAgainstAverage,1.996571
20022003,8455710,2,goalsAgainstAverage,2.0163
20022003,8459579,2,goalsAgainstAverage,2.16059
20022003,8455710,3,wins,16.0
20022003,8462044,3,wins,15.0
20022003,8459579,3,wins,11.0
20022003,8460516,3,wins,7.0
20022003,8468651,3,wins,6.0
20022003,8455710,3,shutouts,7.0
20022003,8462044,3,shutouts,5.0
20022003,8468651,3,shutouts,2.0
20022003,8458075,3,shutouts,1.0
20022003,8448535,3,shutouts,1.0
20022003,8462044,3,savePctg,0.945481
20022003,8455710,3,savePctg,0.934084
20022003,8458988,3,savePctg,0.928854
20022003,8448535,3,savePctg,0.927083
20022003,8459579,3,savePctg,0.924276
20022003,8462044,3,goalsAgainstAverage,1.620431
20022003,8455710,3,goalsAgainstAverage,1.650379
20022003,8459579,3,goalsAgainstAverage,1.817588
20022003,8460612,3,goalsAgainstAverage,1.879071
20022003,8458988,3,goalsAgainstAverage,1.955223
20032004,8455710,2,wins,38.0
20032004,8460612,2,wins,37.0
20032004,8460712,2,wins,34.0
20032004,8445386,2,wins,34.0
20032004,8460535,2,wins,33.0
20032004,8455710,2,shutouts,11.0
20032004,8445386,2,shutouts,10.0
20032004,8460705,2,shutouts,9.0
20032004,8460612,2,shutouts,9.0
20032004,8466141,2,shutouts,7.0
20032004,8460806,2,savePctg,0.932729
20032004,8462147,2,savePctg,0.932712
20032004,8466141,2,savePctg,0.930505
20032004,8462117,2,savePctg,0.930263
20032004,8467453,2,savePctg,0.92623
20032004,8462147,2,goalsAgainstAverage,1.695259
20032004,8460806,2,goalsAgainstAverage,1.875703
20032004,8460612,2,goalsAgainstAverage,1.981985
20032004,8455710,2,goalsAgainstAverage,2.02874
20032004,8465093,2,goalsAgainstAverage,2.041139
20032004,8459140,3,wins,16.0
20032004,8462147,3,wins,15.0
20032004,8465093,3,wins,11.0
20032004,8460705,3,wins,10.0
20032004,8445386,3,wins,6.0
20032004,8459140,3,shutouts,5.0
20032004,8462147,3,shutouts,5.0
20032004,8445386,3,shutouts,3.0
20032004,8460705,3,shutouts,3.0
20032004,8468481,3,shutouts,1.0
20032004,8448382,3,savePctg,0.939086
20032004,8460712,3,savePctg,0.939086
20032004,8460705,3,savePctg,0.934924
20032004,8459140,3,savePctg,0.93311
20032004,8445386,3,savePctg,0.92876
20032004,8448382,3,goalsAgainstAverage,1.391125
20032004,8460705,3,goalsAgainstAverage,1.71062
20032004,8459140,3,goalsAgainstAverage,1.713674
20032004,8462147,3,goalsAgainstAverage,1.848943
20032004,8459579,3,goalsAgainstAverage,1.957995
20052006,8455710,2,wins,43.0
20052006,8462147,2,wins,42.0
20052006,8460612,2,wins,41.0
20052006,8469675,2,wins,38.0
20052006,8459308,2,wins,37.0
20052006,8462147,2,shutouts,10.0
20052006,8469658,2,shutouts,7.0
20052006,8459308,2,shutouts,7.0
20052006,8447687,2,shutouts,5.0
20052006,8460715,2,shutouts,5.0
20052006,8469658,2,savePctg,0.929032
20052006,8447687,2,savePctg,0.925125
20052006,8462147,2,savePctg,0.922604
20052006,8468685,2,savePctg,0.921886
20052006,8460712,2,savePctg,0.919355
20052006,8462147,2,goalsAgainstAverage,2.068651
20052006,8447687,2,goalsAgainstAverage,2.08981
20052006,8459308,2,goalsAgainstAverage,2.189216
20052006,8469658,2,goalsAgainstAverage,2.196879
20052006,8468685,2,goalsAgainstAverage,2.236588
20052006,8470320,3,wins,15.0
20052006,8460806,3,wins,12.0
20052006,8468011,3,wins,11.0
20052006,8462117,3,wins,6.0
20052006,8468524,3,wins,6.0
20052006,8468524,3,shutouts,3.0
20052006,8470320,3,shutouts,2.0
20052006,8462255,3,shutouts,1.0
20052006,8469675,3,shutouts,1.0
20052006,8455710,3,shutouts,1.0
20052006,8468524,3,savePctg,0.94386
20052006,8469658,3,savePctg,0.929245
20052006,8460806,3,savePctg,0.927184
20052006,8455710,3,savePctg,0.923372
20052006,8462147,3,savePctg,0.920792
20052006,8468524,3,goalsAgainstAverage,1.456789
20052006,8470320,3,goalsAgainstAverage,2.136552
20052006,8462255,3,goalsAgainstAverage,2.164362
20052006,8462147,3,goalsAgainstAverage,2.243078
20052006,8455710,3,goalsAgainstAverage,2.251478
20062007,8455710,2,wins,48.0
20062007,8466141,2,wins,47.0
20062007,8462147,2,wins,40.0
20062007,8470594,2,wins,40.0
20062007,8468011,2,wins,40.0
20062007,8455710,2,shutouts,12.0
20062007,8447687,2,shutouts,8.0
20062007,8460705,2,shutouts,7.0
20062007,8462147,2,shutouts,7.0
20062007,8460612,2,shutouts,6.0
20062007,8473404,2,savePctg,0.928988
20062007,8462152,2,savePctg,0.925241
20062007,8455710,2,savePctg,0.921632
20062007,8466141,2,savePctg,0.921162
20062007,8460712,2,savePctg,0.919938
20062007,8473404,2,goalsAgainstAverage,1.967198
20062007,8447687,2,goalsAgainstAverage,2.047383
20062007,8455710,2,goalsAgainstAverage,2.184582
20062007,8460612,2,goalsAgainstAverage,2.231747
20062007,8462044,2,goalsAgainstAverage,2.256033
20062007,8469548,3,wins,13.0
20062007,8462044,3,wins,13.0
20062007,8447687,3,wins,10.0
20062007,8468011,3,wins,9.0
20062007,8460705,3,wins,6.0
20062007,8460612,3,shutouts,3.0
20062007,8469548,3,shutouts,3.0
20062007,8447687,3,shutouts,2.0
20062007,8468685,3,shutouts,1.0
20062007,8455710,3,shutouts,1.0
20062007,8460612,3,savePctg,0.951965
20062007,8466141,3,savePctg,0.941452
20062007,8462147,3,savePctg,0.929412
20062007,8468685,3,savePctg,0.924399
20062007,8473404,3,savePctg,0.924138
20062007,8460612,3,goalsAgainstAverage,1.296108
20062007,8466141,3,goalsAgainstAverage,1.770051
20062007,8447687,3,goalsAgainstAverage,1.789762
20062007,8462044,3,goalsAgainstAverage,1.968012
20062007,8468685,3,goalsAgainstAverage,2.070859
20072008,8460705,2,wins,46.0
20072008,8455710,2,wins,44.0
20072008,8462147,2,wins,39.0
20072008,8468685,2,wins,37.0
20072008,8470320,2,wins,37.0
20072008,8468685,2,shutouts,10.0
20072008,8469461,2,shutouts,9.0
20072008,8468540,2,shutouts,6.0
20072008,8466141,2,shutouts,6.0
20072008,8460705,2,shutouts,6.0
20072008,8468540,2,savePctg,0.92415
20072008,8469152,2,savePctg,0.923001
20072008,8462044,2,savePctg,0.922414
20072008,8460703,2,savePctg,0.921433
20072008,8470594,2,savePctg,0.920792
20072008,8458568,2,goalsAgainstAverage,2.092256
20072008,8462044,2,goalsAgainstAverage,2.120643
20072008,8460705,2,goalsAgainstAverage,2.144298
20072008,8447687,2,goalsAgainstAverage,2.14462
20072008,8455710,2,goalsAgainstAverage,2.174734
20072008,8470594,3,wins,14.0
20072008,8458568,3,wins,14.0
20072008,8460612,3,wins,10.0
20072008,8462047,3,wins,9.0
20072008,8460705,3,wins,6.0
20072008,8458568,3,shutouts,3.0
20072008,8470594,3,shutouts,3.0
20072008,8471679,3,shutouts,2.0
20072008,8462147,3,shutouts,1.0
20072008,8468685,3,shutouts,1.0
20072008,8468540,3,savePctg,0.9375
20072008,8470594,3,savePctg,0.932787
20072008,8458568,3,savePctg,0.930233
20072008,8460612,3,savePctg,0.921722
20072008,8460703,3,savePctg,0.914027
20072008,8458568,3,goalsAgainstAverage,1.551791
20072008,8470594,3,goalsAgainstAverage,1.966165
20072008,8460612,3,goalsAgainstAverage,2.082942
20072008,8460705,3,goalsAgainstAverage,2.18088
20072008,8468540,3,goalsAgainstAverage,2.523954
20082009,8462147,2,wins,45.0
20082009,8460705,2,wins,41.0
20082009,8470320,2,wins,39.0
20082009,8468685,2,wins,38.0
20082009,8473404,2,wins,37.0
20082009,8473461,2,shutouts,10.0
20082009,8466141,2,shutouts,9.0
20082009,8473404,2,shutouts,8.0
20082009,8471469,2,shutouts,7.0
20082009,8460705,2,shutouts,7.0
20082009,8460703,2,savePctg,0.932704
20082009,8460712,2,savePctg,0.925606
20082009,8467950,2,savePctg,0.924258
20082009,8473404,2,savePctg,0.922778
20082009,8466141,2,savePctg,0.919585
20082009,8460703,2,goalsAgainstAverage,2.098921
20082009,8473461,2,goalsAgainstAverage,2.292816
20082009,8473404,2,goalsAgainstAverage,2.333631
20082009,8459140,2,goalsAgainstAverage,2.334583
20082009,8466141,2,goalsAgainstAverage,2.338826
20082009,8470594,3,wins,16.0
20082009,8458568,3,wins,15.0
20082009,8470320,3,wins,8.0
20082009,8459140,3,wins,8.0
20082009,8473575,3,wins,7.0
20082009,8473575,3,shutouts,2.0
20082009,8473972,3,shutouts,2.0
20082009,8470320,3,shutouts,2.0
20082009,8458568,3,shutouts,2.0
20082009,8462047,3,shutouts,1.0
20082009,8473972,3,savePctg,0.942748
20082009,8460703,3,savePctg,0.934985
20082009,8455710,3,savePctg,0.92887
20082009,8458568,3,savePctg,0.926217
20082009,8462047,3,savePctg,0.919192
20082009,8460703,3,goalsAgainstAverage,1.853668
20082009,8458568,3,goalsAgainstAverage,2.005904
20082009,8473972,3,goalsAgainstAverage,2.231267
20082009,8462152,3,goalsAgainstAverage,2.341159
20082009,8455710,3,goalsAgainstAverage,2.390532
20092010,8455710,2,wins,45.0
20092010,8460705,2,wins,44.0
20092010,8468524,2,wins,42.0
20092010,8468011,2,wins,41.0
20092010,8466141,2,wins,40.0
20092010,8455710,2,shutouts,9.0
20092010,8468524,2,shutouts,8.0
20092010,8474550,2,shutouts,7.0
20092010,8471469,2,shutouts,7.0
20092010,8460712,2,shutouts,7.0
20092010,8471695,2,savePctg,0.931204
20092010,8468011,2,savePctg,0.928503
20092010,8460712,2,savePctg,0.924556
20092010,8470860,2,savePctg,0.924242
20092010,8470657,2,savePctg,0.923743
20092010,8471695,2,goalsAgainstAverage,1.967072
20092010,8468011,2,goalsAgainstAverage,2.223659
20092010,8455710,2,goalsAgainstAverage,2.240448
20092010,8474550,2,goalsAgainstAverage,2.245635
20092010,8470657,2,goalsAgainstAverage,2.261851
20092010,8474550,3,wins,16.0
20092010,8470860,3,wins,9.0
20092010,8460705,3,wins,8.0
20092010,8468038,3,wins,8.0
20092010,8470594,3,wins,7.0
20092010,8468038,3,shutouts,3.0
20092010,8474550,3,shutouts,2.0
20092010,8467950,3,shutouts,1.0
20092010,8462052,3,shutouts,1.0
20092010,8470657,3,shutouts,1.0
20092010,8467950,3,savePctg,0.933054
20092010,8468011,3,savePctg,0.926471
20092010,8470860,3,savePctg,0.923488
20092010,8468038,3,savePctg,0.916442
20092010,8470657,3,savePctg,0.914729
20092010,8468011,3,goalsAgainstAverage,2.346806
20092010,8473575,3,goalsAgainstAverage,2.41033
20092010,8468038,3,goalsAgainstAverage,2.456364
20092010,8462052,3,goalsAgainstAverage,2.470956
20092010,8470860,3,goalsAgainstAverage,2.545885
20102011,8466141,2,wins,38.0
20102011,8471679,2,wins,38.0
20102011,8470320,2,wins,37.0
20102011,8462147,2,wins,37.0
20102011,8470657,2,wins,37.0
20102011,8468685,2,shutouts,11.0
20102011,8460703,2,shutouts,9.0
20102011,8471679,2,shutouts,8.0
20102011,8470860,2,shutouts,7.0
20102011,8468524,2,shutouts,7.0
20102011,8460703,2,savePctg,0.938156
20102011,8471469,2,savePctg,0.929659
20102011,8471239,2,savePctg,0.928571
20102011,8466141,2,savePctg,0.928123
20102011,8473972,2,savePctg,0.923644
20102011,8460703,2,goalsAgainstAverage,1.997642
20102011,8466141,2,goalsAgainstAverage,2.106045
20102011,8471469,2,goalsAgainstAverage,2.121792
20102011,8471239,2,goalsAgainstAverage,2.230673
20102011,8473575,2,goalsAgainstAverage,2.230698
20102011,8460703,3,wins,16.0
20102011,8466141,3,wins,15.0
20102011,8460806,3,wins,10.0
20102011,8474550,3,wins,8.0
20102011,8470657,3,wins,7.0
20102011,8460703,3,shutouts,4.0
20102011,8466141,3,shutouts,4.0
20102011,8468011,3,shutouts,2.0
20102011,8471734,3,shutouts,1.0
20102011,8470594,3,shutouts,1.0
20102011,8460703,3,savePctg,0.939929
20102011,8471679,3,savePctg,0.933884
20102011,8470645,3,savePctg,0.926606
20102011,8460806,3,savePctg,0.924214
20102011,8470657,3,savePctg,0.923077
20102011,8460703,3,goalsAgainstAverage,1.984586
20102011,8471679,3,goalsAgainstAverage,2.107651
20102011,8470645,3,goalsAgainstAverage,2.205882
20102011,8468685,3,goalsAgainstAverage,2.257053
20102011,8473607,3,goalsAgainstAverage,2.339247
20112012,8471469,2,wins,43.0
20112012,8470594,2,wins,42.0
20112012,8468685,2,wins,39.0
20112012,8469608,2,wins,38.0
20112012,8471734,2,wins,35.0
20112012,8471734,2,shutouts,10.0
20112012,8470880,2,shutouts,9.0
20112012,8468685,2,shutouts,8.0
20112012,8469608,2,shutouts,8.0
20112012,8470860,2,shutouts,6.0
20112012,8470880,2,savePctg,0.940329
20112012,8471239,2,savePctg,0.936508
20112012,8469608,2,savePctg,0.9303
20112012,8468685,2,savePctg,0.929835
20112012,8471734,2,savePctg,0.92861
20112012,8470880,2,goalsAgainstAverage,1.557337
20112012,8471734,2,goalsAgainstAverage,1.946611
20112012,8471239,2,goalsAgainstAverage,1.964172
20112012,8470860,2,goalsAgainstAverage,1.966055
20112012,8468685,2,goalsAgainstAverage,1.966165
20112012,8471734,3,wins,16.0
20112012,8455710,3,wins,14.0
20112012,8468685,3,wins,10.0
20112012,8469608,3,wins,9.0
20112012,8474651,3,wins,7.0
20112012,8469608,3,shutouts,3.0
20112012,8468685,3,shutouts,3.0
20112012,8471734,3,shutouts,3.0
20112012,8460535,3,shutouts,1.0
20112012,8460703,3,shutouts,1.0
20112012,8471734,3,savePctg,0.946097
20112012,8469608,3,savePctg,0.943522
20112012,8474651,3,savePctg,0.934641
20112012,8467950,3,savePctg,0.932692
20112012,8468685,3,savePctg,0.931408
20112012,8471734,3,goalsAgainstAverage,1.405266
20112012,8468685,3,goalsAgainstAverage,1.822809
20112012,8474651,3,goalsAgainstAverage,1.952419
20112012,8469608,3,goalsAgainstAverage,1.986723
20112012,8467950,3,goalsAgainstAverage,2.005411
20122013,8474550,2,wins,24.0
20122013,8468685,2,wins,24.0
20122013,8473404,2,wins,24.0
20122013,8460705,2,wins,23.0
20122013,8474651,2,wins,23.0
20122013,8471239,2,shutouts,5.0
20122013,8469608,2,shutouts,5.0
20122013,8471695,2,shutouts,5.0
20122013,8470657,2,shutouts,5.0
20122013,8471469,2,shutouts,5.0
20122013,8467950,2,savePctg,0.940916
20122013,8475683,2,savePctg,0.931734
20122013,8471695,2,savePctg,0.928571
20122013,8471239,2,savePctg,0.926946
20122013,8468685,2,savePctg,0.92605
20122013,8467950,2,goalsAgainstAverage,1.689427
20122013,8473541,2,goalsAgainstAverage,1.874146
20122013,8469548,2,goalsAgainstAverage,1.935484
20122013,8470645,2,goalsAgainstAverage,1.942612
20122013,8471695,2,goalsAgainstAverage,1.995565
20122013,8470645,3,wins,16.0
20122013,8471695,3,wins,14.0
20122013,8471734,3,wins,9.0
20122013,8470657,3,wins,7.0
20122013,8474550,3,wins,7.0
20122013,8471734,3,shutouts,3.0
20122013,8471695,3,shutouts,3.0
20122013,8468685,3,shutouts,2.0
20122013,8470594,3,shutouts,1.0
20122013,8473972,3,shutouts,1.0
20122013,8471695,3,savePctg,0.939553
20122013,8471734,3,savePctg,0.934363
20122013,8468685,3,savePctg,0.934307
20122013,8460712,3,savePctg,0.933333
20122013,8470645,3,savePctg,0.931751
20122013,8470645,3,goalsAgainstAverage,1.835228
20122013,8471734,3,goalsAgainstAverage,1.856233
20122013,8474550,3,goalsAgainstAverage,1.871889
20122013,8471695,3,goalsAgainstAverage,1.882781
20122013,8470880,3,goalsAgainstAverage,1.902329
20132014,8473575,2,wins,41.0
20132014,8474550,2,wins,39.0
20132014,8470594,2,wins,39.0
20132014,8471750,2,wins,37.0
20132014,8471695,2,wins,36.0
20132014,8471695,2,shutouts,7.0
20132014,8471734,2,shutouts,6.0
20132014,8471679,2,shutouts,6.0
20132014,8473972,2,shutouts,5.0
20132014,8470860,2,shutouts,5.0
20132014,8470216,2,savePctg,0.933333
20132014,8471695,2,savePctg,0.929921
20132014,8473575,2,savePctg,0.927471
20132014,8471679,2,savePctg,0.926696
20132014,8471418,2,savePctg,0.925651
20132014,8470216,2,goalsAgainstAverage,1.655007
20132014,8470880,2,goalsAgainstAverage,1.957746
20132014,8471239,2,goalsAgainstAverage,1.970223
20132014,8471695,2,goalsAgainstAverage,2.037532
20132014,8471734,2,goalsAgainstAverage,2.065582
20132014,8471734,3,wins,16.0
20132014,8468685,3,wins,13.0
20132014,8470645,3,wins,11.0
20132014,8471679,3,wins,8.0
20132014,8470594,3,wins,7.0
20132014,8471695,3,shutouts,2.0
20132014,8470594,3,shutouts,2.0
20132014,8471734,3,shutouts,2.0
20132014,8470657,3,shutouts,1.0
20132014,8476434,3,shutouts,1.0
20132014,8473461,3,savePctg,0.938931
20132014,8471695,3,savePctg,0.928161
20132014,8468685,3,savePctg,0.92673
20132014,8471679,3,savePctg,0.918994
20132014,8474682,3,savePctg,0.916129
20132014,8473461,3,goalsAgainstAverage,1.969635
20132014,8471695,3,goalsAgainstAverage,1.992782
20132014,8475311,3,goalsAgainstAverage,2.028792
20132014,8468685,3,goalsAgainstAverage,2.137791
20132014,8471679,3,goalsAgainstAverage,2.355277
20142015,8471679,2,wins,44.0
20142015,8474651,2,wins,41.0
20142015,8471469,2,wins,41.0
20142015,8471750,2,wins,40.0
20142015,8470860,2,wins,38.0
20142015,8470594,2,shutouts,10.0
20142015,8471679,2,shutouts,9.0
20142015,8474651,2,shutouts,9.0
20142015,8468011,2,shutouts,6.0
20142015,8471227,2,shutouts,6.0
20142015,8471679,2,savePctg,0.933436
20142015,8471227,2,savePctg,0.929231
20142015,8473461,2,savePctg,0.927517
20142015,8475660,2,savePctg,0.925819
20142015,8471239,2,savePctg,0.925328
20142015,8471679,2,goalsAgainstAverage,1.961499
20142015,8471227,2,goalsAgainstAverage,2.073193
20142015,8471469,2,goalsAgainstAverage,2.181374
20142015,8475660,2,goalsAgainstAverage,2.205303
20142015,8474651,2,goalsAgainstAverage,2.217784
20142015,8471750,3,wins,13.0
20142015,8470645,3,wins,13.0
20142015,8468685,3,wins,11.0
20142015,8475883,3,wins,11.0
20142015,8474651,3,wins,6.0
20142015,8471750,3,shutouts,3.0
20142015,8475852,3,shutouts,2.0
20142015,8470645,3,shutouts,2.0
20142015,8467950,3,shutouts,1.0
20142015,8471227,3,shutouts,1.0
20142015,8467950,3,savePctg,0.971831
20142015,8474651,3,savePctg,0.944175
20142015,8474152,3,savePctg,0.935673
20142015,8468685,3,savePctg,0.92807
20142015,8470594,3,savePctg,0.926667
20142015,8467950,3,goalsAgainstAverage,0.971857
20142015,8474651,3,goalsAgainstAverage,1.712761
20142015,8475852,3,goalsAgainstAverage,2.109316
20142015,8468685,3,goalsAgainstAverage,2.109475
20142015,8470594,3,goalsAgainstAverage,2.117194
20152016,8474651,2,wins,48.0
20152016,8471734,2,wins,40.0
20152016,8474889,2,wins,37.0
20152016,8468685,2,wins,35.0
20152016,8466141,2,wins,35.0
20152016,8470645,2,shutouts,7.0
20152016,8474596,2,shutouts,6.0
20152016,8471750,2,shutouts,6.0
20152016,8474889,2,shutouts,6.0
20152016,8470594,2,shutouts,5.0
20152016,8470880,2,savePctg,0.929919
20152016,8471750,2,savePctg,0.926435
20152016,8471306,2,savePctg,0.924812
20152016,8473607,2,savePctg,0.924009
20152016,8470645,2,savePctg,0.923749
20152016,8471750,2,goalsAgainstAverage,2.058788
20152016,8476434,2,goalsAgainstAverage,2.06566
20152016,8470880,2,goalsAgainstAverage,2.068051
20152016,8471239,2,goalsAgainstAverage,2.145097
20152016,8471219,2,goalsAgainstAverage,2.17579
20152016,8476899,3,wins,15.0
20152016,8474889,3,wins,14.0
20152016,8470880,3,wins,9.0
20152016,8471750,3,wins,8.0
20152016,8471469,3,wins,7.0
20152016,8474889,3,shutouts,3.0
20152016,8471750,3,shutouts,2.0
20152016,8474651,3,shutouts,2.0
20152016,8473607,3,shutouts,1.0
20152016,8475852,3,shutouts,1.0
20152016,8475883,3,savePctg,0.94697
20152016,8474651,3,savePctg,0.942149
20152016,8471750,3,savePctg,0.939394
20152016,8466141,3,savePctg,0.933921
20152016,8476883,3,savePctg,0.925094
20152016,8475883,3,goalsAgainstAverage,1.412398
20152016,8474651,3,goalsAgainstAverage,1.72241
20152016,8471750,3,goalsAgainstAverage,1.854289
20152016,8466141,3,goalsAgainstAverage,2.053232
20152016,8476899,3,goalsAgainstAverage,2.083224
20162017,8475660,2,wins,42.0
20162017,8474651,2,wins,42.0
20162017,8475683,2,wins,41.0
20162017,8471227,2,wins,40.0
20162017,8471695,2,wins,37.0
20162017,8474651,2,shutouts,9.0
20162017,8471695,2,shutouts,8.0
20162017,8469514,2,shutouts,7.0
20162017,8475683,2,shutouts,7.0
20162017,8475660,2,shutouts,7.0
20162017,8475683,2,savePctg,0.931499
20162017,8470657,2,savePctg,0.927407
20162017,8467950,2,savePctg,0.926223
20162017,8474651,2,savePctg,0.924852
20162017,8476434,2,savePctg,0.924148
20162017,8475683,2,goalsAgainstAverage,2.055534
20162017,8474651,2,goalsAgainstAverage,2.070558
20162017,8470657,2,goalsAgainstAverage,2.104937
20162017,8469514,2,goalsAgainstAverage,2.176366
20162017,8476434,2,goalsAgainstAverage,2.216686
20162017,8471469,3,wins,14.0
20162017,8467950,3,wins,11.0
20162017,8476434,3,wins,9.0
20162017,8470594,3,wins,9.0
20162017,8474651,3,wins,7.0
20162017,8476899,3,shutouts,3.0
20162017,8475660,3,shutouts,2.0
20162017,8470594,3,shutouts,2.0
20162017,8471469,3,shutouts,2.0
20162017,8471227,3,shutouts,1.0
20162017,8476899,3,savePctg,0.937294
20162017,8474596,3,savePctg,0.934524
20162017,8474889,3,savePctg,0.934524
20162017,8471679,3,savePctg,0.932961
20162017,8471469,3,savePctg,0.929883
20162017,8476899,3,goalsAgainstAverage,1.704248
20162017,8474889,3,goalsAgainstAverage,1.750586
20162017,8471679,3,goalsAgainstAverage,1.858224
20162017,8471227,3,goalsAgainstAverage,1.861908
20162017,8471469,3,goalsAgainstAverage,1.955408
20172018,8476945,2,wins,44.0
20172018,8476883,2,wins,44.0
20172018,8471469,2,wins,42.0
20172018,8475883,2,wins,38.0
20172018,8475683,2,wins,37.0
20172018,8471469,2,shutouts,8.0
20172018,8476883,2,shutouts,8.0
20172018,8476945,2,shutouts,6.0
20172018,8471750,2,shutouts,5.0
20172018,8471227,2,shutouts,5.0
20172018,8475622,2,savePctg,0.930864
20172018,8477293,2,savePctg,0.930115
20172018,8466141,2,savePctg,0.929134
20172018,8470645,2,savePctg,0.928741
20172018,8468011,2,savePctg,0.928281
20172018,8475622,2,goalsAgainstAverage,2.087562
20172018,8477293,2,goalsAgainstAverage,2.239222
20172018,8470594,2,goalsAgainstAverage,2.244333
20172018,8470645,2,goalsAgainstAverage,2.273445
20172018,8471469,2,goalsAgainstAverage,2.313369
20172018,8474651,3,wins,16.0
20172018,8470594,3,wins,13.0
20172018,8476883,3,wins,11.0
20172018,8476945,3,wins,9.0
20172018,8471469,3,wins,7.0
20172018,8470594,3,shutouts,4.0
20172018,8474889,3,shutouts,2.0
20172018,8476899,3,shutouts,2.0
20172018,8471469,3,shutouts,2.0
20172018,8476945,3,shutouts,2.0
20172018,8471734,3,savePctg,0.946565
20172018,8474889,3,savePctg,0.927632
20172018,8470594,3,savePctg,0.926677
20172018,8474651,3,savePctg,0.921753
20172018,8476945,3,savePctg,0.921722
20172018,8471734,3,goalsAgainstAverage,1.547341
20172018,8474651,3,goalsAgainstAverage,2.164893
20172018,8470594,3,goalsAgainstAverage,2.240614
20172018,8474889,3,goalsAgainstAverage,2.257697
20172018,8476945,3,goalsAgainstAverage,2.36426
20182019,8476883,2,wins,39.0
20182019,8475683,2,wins,37.0
20182019,8475883,2,wins,36.0
20182019,8474889,2,wins,36.0
20182019,8471679,2,wins,35.0
20182019,8475683,2,shutouts,9.0
20182019,8470594,2,shutouts,8.0
20182019,8471750,2,shutouts,7.0
20182019,8475215,2,shutouts,6.0
20182019,8476883,2,shutouts,6.0
20182019,8471750,2,savePctg,0.93424
20182019,8475215,2,savePctg,0.929705
20182019,8475789,2,savePctg,0.927811
20182019,8476412,2,savePctg,0.92689
20182019,8471306,2,savePctg,0.926582
20182019,8476412,2,goalsAgainstAverage,1.886575
20182019,8471750,2,goalsAgainstAverage,1.979297
20182019,8475215,2,goalsAgainstAverage,2.133177
20182019,8471306,2,goalsAgainstAverage,2.275799
20182019,8475789,2,goalsAgainstAverage,2.297888
20182019,8476412,3,wins,16.0
20182019,8471695,3,wins,15.0
20182019,8474889,3,wins,10.0
20182019,8471750,3,wins,7.0
20182019,8475831,3,wins,7.0
20182019,8475852,3,shutouts,2.0
20182019,8471695,3,shutouts,2.0
20182019,8469608,3,shutouts,1.0
20182019,8470594,3,shutouts,1.0
20182019,8474651,3,shutouts,1.0
20182019,8475215,3,savePctg,0.935622
20182019,8471695,3,savePctg,0.933962
20182019,8471750,3,savePctg,0.933036
20182019,8470147,3,savePctg,0.929688
20182019,8475831,3,savePctg,0.924933
20182019,8475215,3,goalsAgainstAverage,2.004454
20182019,8470147,3,goalsAgainstAverage,2.011798
20182019,8471695,3,goalsAgainstAverage,2.015309
20182019,8471750,3,goalsAgainstAverage,2.219528
20182019,8475831,3,goalsAgainstAverage,2.295761
20192020,8476883,2,wins,35.0
20192020,8476945,2,wins,31.0
20192020,8476412,2,wins,30.0
20192020,8475883,2,wins,29.0
20192020,8471679,2,wins,27.0
20192020,8476945,2,shutouts,6.0
20192020,8478007,2,shutouts,5.0
20192020,8471695,2,shutouts,5.0
20192020,8470594,2,shutouts,5.0
20192020,8471774,2,shutouts,4.0
20192020,8471418,2,savePctg,0.93
20192020,8471695,2,savePctg,0.929
20192020,8475311,2,savePctg,0.928
20192020,8474596,2,savePctg,0.927
20192020,8480925,2,savePctg,0.923
20192020,8471695,2,goalsAgainstAverage,2.123422
20192020,8474596,2,goalsAgainstAverage,2.150752
20192020,8471418,2,goalsAgainstAverage,2.217608
20192020,8475311,2,goalsAgainstAverage,2.22425
20192020,8478007,2,goalsAgainstAverage,2.346935
20192020,8476883,3,wins,18.0
20192020,8471418,3,wins,14.0
20192020,8473575,3,wins,11.0
20192020,8475215,3,wins,9.0
20192020,8479394,3,wins,9.0
20192020,8475215,3,shutouts,4.0
20192020,8476914,3,shutouts,2.0
20192020,8471679,3,shutouts,2.0
20192020,8475660,3,shutouts,2.0
20192020,8479394,3,shutouts,2.0
20192020,8476914,3,savePctg,0.940625
20192020,8475883,3,savePctg,0.936306
20192020,8471679,3,savePctg,0.93617
20192020,8474596,3,savePctg,0.934783
20192020,8475852,3,savePctg,0.929032
20192020,8471679,3,goalsAgainstAverage,1.783552
20192020,8475883,3,goalsAgainstAverage,1.838893
20192020,8475831,3,goalsAgainstAverage,1.868512
20192020,8474596,3,goalsAgainstAverage,1.890205
20192020,8476883,3,goalsAgainstAverage,1.896733
20202021,8476883,2,wins,31.0
20202021,8475831,2,wins,30.0
20202021,8470594,2,wins,26.0
20202021,8477465,2,wins,25.0
20202021,8476945,2,wins,24.0
20202021,8473575,2,shutouts,7.0
20202021,8475831,2,shutouts,7.0
20202021,8470594,2,shutouts,6.0
20202021,8476883,2,shutouts,5.0
20202021,8476945,2,shutouts,4.0
20202021,8477968,2,savePctg,0.932
20202021,8473575,2,savePctg,0.929
20202021,8470594,2,savePctg,0.928
20202021,8477424,2,savePctg,0.927
20202021,8476904,2,savePctg,0.927
20202021,8477968,2,goalsAgainstAverage,1.896506
20202021,8475831,2,goalsAgainstAverage,1.951948
20202021,8470594,2,goalsAgainstAverage,1.984534
20202021,8473575,2,goalsAgainstAverage,2.040688
20202021,8476904,2,goalsAgainstAverage,2.071093
20202021,8476883,3,wins,16.0
20202021,8471679,3,wins,13.0
20202021,8470594,3,wins,9.0
20202021,8473575,3,wins,7.0
20202021,8471695,3,wins,6.0
20202021,8476883,3,shutouts,5.0
20202021,8475660,3,shutouts,2.0
20202021,8475789,3,shutouts,1.0
20202021,8476945,3,shutouts,1.0
20202021,8477968,3,shutouts,1.0
20202021,8476883,3,savePctg,0.937053
20202021,8475789,3,savePctg,0.93401
20202021,8476945,3,savePctg,0.930796
20202021,8471679,3,savePctg,0.92422
20202021,8475660,3,savePctg,0.923423
20202021,8475789,3,goalsAgainstAverage,1.810375
20202021,8476883,3,goalsAgainstAverage,1.899896
20202021,8470594,3,goalsAgainstAverage,2.035222
20202021,8477968,3,goalsAgainstAverage,2.17278
20202021,8476945,3,goalsAgainstAverage,2.23152
20212022,8476883,2,wins,39.0
20212022,8475683,2,wins,39.0
20212022,8477424,2,wins,38.0
20212022,8474593,2,wins,37.0
20212022,8475311,2,wins,37.0
20212022,8474593,2,shutouts,9.0
20212022,8478009,2,shutouts,7.0
20212022,8478048,2,shutouts,6.0
20212022,8475789,2,shutouts,5.0
20212022,8475311,2,shutouts,5.0
20212022,8478048,2,savePctg,0.934649
20212022,8478009,2,savePctg,0.925137
20212022,8475883,2,savePctg,0.922432
20212022,8474593,2,savePctg,0.921893
20212022,8475311,2,savePctg,0.921323
20212022,8478048,2,goalsAgainstAverage,2.071301
20212022,8475883,2,goalsAgainstAverage,2.168757
20212022,8474593,2,goalsAgainstAverage,2.224126
20212022,8478009,2,goalsAgainstAverage,2.402122
20212022,8480280,2,goalsAgainstAverage,2.409807
20212022,8476883,3,wins,14.0
20212022,8478048,3,wins,10.0
20212022,8475311,3,wins,10.0
20212022,8469608,3,wins,8.0
20212022,8477293,3,wins,6.0
20212022,8469608,3,shutouts,2.0
20212022,8475789,3,shutouts,1.0
20212022,8478024,3,shutouts,1.0
20212022,8471734,3,shutouts,1.0
20212022,8480925,3,shutouts,1.0
20212022,8479979,3,savePctg,0.954386
20212022,8476412,3,savePctg,0.948864
20212022,8478048,3,savePctg,0.929167
20212022,8477293,3,savePctg,0.92236
20212022,8476883,3,savePctg,0.921543
20212022,8476412,3,goalsAgainstAverage,1.715466
20212022,8479979,3,goalsAgainstAverage,1.814727
20212022,8477293,3,goalsAgainstAverage,2.261022
20212022,8476883,3,goalsAgainstAverage,2.523704
20212022,8475311,3,goalsAgainstAverage,2.5708
20222023,8480382,2,wins,40.0
20222023,8476999,2,wins,40.0
20222023,8479979,2,wins,37.0
20222023,8478048,2,wins,37.0
20222023,8476945,2,wins,37.0
20222023,8478009,2,shutouts,6.0
20222023,8475311,2,shutouts,5.0
20222023,8480382,2,shutouts,5.0
20222023,8479979,2,shutouts,5.0
20222023,8481611,2,shutouts,4.0
20222023,8476999,2,savePctg,0.937543
20222023,8479406,2,savePctg,0.930946
20222023,8478009,2,savePctg,0.924374
20222023,8480280,2,savePctg,0.920252
20222023,8476945,2,savePctg,0.920061
20222023,8476999,2,goalsAgainstAverage,1.894386
20222023,8479406,2,goalsAgainstAverage,2.103046
20222023,8477293,2,goalsAgainstAverage,2.229031
20222023,8480280,2,goalsAgainstAverage,2.265294
20222023,8478492,2,goalsAgainstAverage,2.326709
20222023,8475683,3,wins,12.0
20222023,8478499,3,wins,11.0
20222023,8479979,3,wins,10.0
20222023,8475831,3,wins,7.0
20222023,8479973,3,wins,5.0
20222023,8481033,3,shutouts,2.0
20222023,8478499,3,shutouts,2.0
20222023,8479979,3,shutouts,1.0
20222023,8475683,3,shutouts,1.0
20222023,8478499,3,savePctg,0.932377
20222023,8478048,3,savePctg,0.931034
20222023,8478009,3,savePctg,0.928571
20222023,8475883,3,savePctg,0.926531
20222023,8481033,3,savePctg,0.921397
20222023,8475883,3,goalsAgainstAverage,1.829578
20222023,8478048,3,goalsAgainstAverage,1.9643
20222023,8478499,3,goalsAgainstAverage,2.167883
20222023,8479406,3,goalsAgainstAverage,2.333621
20222023,8481033,3,goalsAgainstAverage,2.349018
20232024,8480382,2,wins,38.0
20232024,8476945,2,wins,37.0
20232024,8479973,2,wins,36.0
20232024,8475683,2,wins,36.0
20232024,8478048,2,wins,36.0
20232024,8479292,2,shutouts,6.0
20232024,8478971,2,shutouts,6.0
20232024,8477465,2,shutouts,6.0
20232024,8475683,2,shutouts,6.0
20232024,8477967,2,shutouts,5.0
20232024,8476932,2,savePctg,0.925439
20232024,8476945,2,savePctg,0.921023
20232024,8473575,2,savePctg,0.917563
20232024,8477967,2,savePctg,0.91756
20232024,8480280,2,savePctg,0.916084
20232024,8476932,2,goalsAgainstAverage,2.031266
20232024,8481611,2,goalsAgainstAverage,2.327657
20232024,8475683,2,goalsAgainstAverage,2.372421
20232024,8476945,2,goalsAgainstAverage,2.388339
20232024,8477967,2,goalsAgainstAverage,2.447044
20232024,8475683,3,wins,16.0
20232024,8479973,3,wins,14.0
20232024,8479979,3,wins,10.0
20232024,8478048,3,wins,10.0
20232024,8480280,3,wins,6.0
20232024,8475683,3,shutouts,2.0
20232024,8478499,3,shutouts,1.0
20232024,8481668,3,shutouts,1.0
20232024,8479973,3,shutouts,1.0
20232024,8480280,3,savePctg,0.932976
20232024,8478048,3,savePctg,0.927481
20232024,8480313,3,savePctg,0.92126
20232024,8479979,3,savePctg,0.914729
20232024,8473575,3,savePctg,0.914474
20232024,8477424,3,goalsAgainstAverage,2.015113
20232024,8480280,3,goalsAgainstAverage,2.150486
20232024,8479979,3,goalsAgainstAverage,2.237353
20232024,8475683,3,goalsAgainstAverage,2.324708
20232024,8478048,3,goalsAgainstAverage,2.340351
