playerID,seasonAssists,seasonGameTypeId,seasonGamesPlayed,seasonGoals,seasonLeagueAbbrev,seasonPIM,seasonPoints,seasonSeason,seasonTeamName,seasonWins,seasonLosses,seasonGAA,seasonSavePct,seasonOTLosses,seasonShotsAgainst,seasonShutouts,seasonGoalsAgainst,seasonTimeOnIce,seasonTies
8484151,0,2,8,0,HEO U14,0,0,20172018,Upper Canada Cyclones U14 AAA,,,,,,,,,,
8484151,19,2,28,2,HEO U14,24,21,20182019,Upper Canada Cyclones U14 AAA,,,,,,,,,,
8484151,4,3,7,0,HEO U14,2,4,20182019,Upper Canada Cyclones U14 AAA,,,,,,,,,,
8484151,9,2,24,4,ETAHL U15,42,13,20192020,Greater Kingston Frontenacs U15,,,,,,,,,,
8484151,4,2,42,0,OHL,59,4,20212022,Kingston Frontenacs,,,,,,,,,,
8484151,27,2,54,2,OHL,106,29,20222023,Kingston Frontenacs,,,,,,,,,,
8484151,0,2,3,0,WJC-18,0,0,20222023,Canada U18,,,,,,,,,,
8484151,29,2,58,6,OHL,120,35,20232024,Kingston Frontenacs,,,,,,,,,,
8484151,0,3,5,1,OHL,8,1,20232024,Kingston Frontenacs,,,,,,,,,,
8484151,41,2,66,8,OHL,100,49,20242025,Kingston Frontenacs,,,,,,,,,,
8484151,5,3,11,1,OHL,19,6,20242025,Kingston Frontenacs,,,,,,,,,,
8484152,0,2,2,0,WSI U12,0,0,20152016,MHC Vancouver Selects U12,,,,,,,,,,
8484152,1,2,4,0,QC Int PW,0,1,20162017,Burnaby Winter Club Bruins,,,,,,,,,,
8484152,0,2,1,0,CSSHL U16,2,0,20182019,Burnaby Winter Club U16 Prep,,,,,,,,,,
8484152,17,2,30,5,CSSHL U15,16,22,20182019,Burnaby Winter Club U15 Prep,,,,,,,,,,
8484152,1,3,3,2,CSSHL U15,0,3,20182019,Burnaby Winter Club U15 Prep,,,,,,,,,,
8484152,1,2,3,0,BCHL,0,1,20192020,Alberni Valley Bulldogs,,,,,,,,,,
8484152,4,2,6,1,CSSHL U18,2,5,20192020,Burnaby Winter Club U18 Prep,,,,,,,,,,
8484152,22,2,34,7,CSSHL U16,24,29,20192020,Burnaby Winter Club U16 Prep,,,,,,,,,,
8484152,1,3,2,0,CSSHL U16,0,1,20192020,Burnaby Winter Club U16 Prep,,,,,,,,,,
8484152,3,2,10,0,WHL,2,3,20202021,Portland Winterhawks,,,,,,,,,,
8484152,2,2,4,1,CSSHL U18,4,3,20202021,Burnaby Winter Club U18 Prep,,,,,,,,,,
8484152,27,2,63,9,WHL,12,36,20212022,Portland Winterhawks,,,,,,,,,,
8484152,2,3,11,1,WHL,6,3,20212022,Portland Winterhawks,,,,,,,,,,
8484152,47,2,67,17,WHL,46,64,20222023,Portland Winterhawks,,,,,,,,,,
8484152,6,3,9,1,WHL,10,7,20222023,Portland Winterhawks,,,,,,,,,,
8484152,72,2,65,18,WHL,34,90,20232024,Portland Winterhawks,,,,,,,,,,
8484152,10,3,13,3,WHL,16,13,20232024,Portland Winterhawks,,,,,,,,,,
8484152,2,2,6,0,NHL,8,2,20242025,San Jose Sharks,,,,,,,,,,
8484152,36,2,64,16,AHL,28,52,20242025,San Jose Barracuda,,,,,,,,,,
8484152,3,3,6,0,AHL,6,3,20242025,San Jose Barracuda,,,,,,,,,,
8484153,1,2,6,3,WSI U12,2,4,20152016,Sweden Selects U12,,,,,,,,,,
8484153,14,2,15,13,U16 Div.1,0,27,20172018,Färjestad BK U16 2,,,,,,,,,,
8484153,0,2,3,1,U16 SM,0,1,20182019,Färjestad BK U16,,,,,,,,,,
8484153,10,2,19,0,U16 Elit,8,10,20182019,Färjestad BK U16,,,,,,,,,,
8484153,0,2,2,1,U16 Div.1,0,1,20182019,Färjestad BK U16 2,,,,,,,,,,
8484153,0,2,2,0,J18 Elit,0,0,20192020,Färjestad BK J18,,,,,,,,,,
8484153,3,2,5,2,TV-Pucken,0,5,20192020,Värmland,,,,,,,,,,
8484153,1,2,3,0,U16 SM,2,1,20192020,Färjestad BK U16,,,,,,,,,,
8484153,9,2,15,8,U16 Elit,4,17,20192020,Färjestad BK U16,,,,,,,,,,
8484153,2,3,3,9,U16 Elit,4,11,20192020,Färjestad BK U16,,,,,,,,,,
8484153,5,2,19,4,J20 Nationell,12,9,20202021,Örebro HK J20,,,,,,,,,,
8484153,0,2,1,0,J18 Region,0,0,20202021,Örebro HK J18,,,,,,,,,,
8484153,6,2,35,3,SHL,4,9,20212022,Örebro HK,,,,,,,,,,
8484153,1,2,2,2,WJC-18,0,3,20212022,Sweden U18,,,,,,,,,,
8484153,17,2,14,10,J20 Nationell,2,27,20212022,Örebro HK J20,,,,,,,,,,
8484153,2,2,2,1,J18 Region,0,3,20212022,Örebro HK J18,,,,,,,,,,
8484153,2,2,5,1,Hlinka Gretzky Cup,0,3,20212022,Sweden U18,,,,,,,,,,
8484153,7,3,4,1,J20 Nationell,2,8,20212022,Örebro HK J20,,,,,,,,,,
8484153,0,3,1,0,J18 Nationell,0,0,20212022,Örebro HK J18,,,,,,,,,,
8484153,15,2,44,10,SHL,6,25,20222023,Örebro HK,,,,,,,,,,
8484153,2,2,8,3,WC,0,5,20222023,Sweden,,,,,,,,,,
8484153,3,2,7,3,WJC-20,2,6,20222023,Sweden U20,,,,,,,,,,
8484153,2,2,2,0,EHT,2,2,20222023,Sweden,,,,,,,,,,
8484153,8,3,13,1,SHL,4,9,20222023,Örebro HK,,,,,,,,,,
8484153,17,2,55,12,NHL,16,29,20232024,Anaheim Ducks,,,,,,,,,,
8484153,25,2,76,20,NHL,14,45,20242025,Anaheim Ducks,,,,,,,,,,
8484153,0,2,1,0,4 Nations,0,0,20242025,Sweden,,,,,,,,,,
8484158,22,2,32,6,ALLIANCE U15,14,28,20192020,Elgin Middlesex Canucks U15 AAA,,,,,,,,,,
8484158,1,2,7,1,OHL,2,2,20212022,London Knights,,,,,,,,,,
8484158,23,2,24,11,GOJHL,30,34,20212022,Komoka Kings,,,,,,,,,,
8484158,2,3,5,0,OHL,0,2,20212022,London Knights,,,,,,,,,,
8484158,33,2,68,20,OHL,47,53,20222023,London Knights,,,,,,,,,,
8484158,12,3,20,9,OHL,16,21,20222023,London Knights,,,,,,,,,,
8484158,62,2,54,34,OHL,64,96,20232024,London Knights,,,,,,,,,,
8484158,5,2,4,3,Memorial Cup,2,8,20232024,London Knights,,,,,,,,,,
8484158,1,2,5,1,WJC-20,2,2,20232024,Canada U20,,,,,,,,,,
8484158,24,3,18,10,OHL,18,34,20232024,London Knights,,,,,,,,,,
8484158,40,2,46,29,OHL,41,69,20242025,London Knights,,,,,,,,,,
8484158,2,2,5,1,WJC-20,4,3,20242025,Canada U20,,,,,,,,,,
8484158,26,3,17,13,OHL,16,39,20242025,London Knights,,,,,,,,,,
8484159,4,2,6,2,Brick Invitational,6,6,20142015,BC Junior Canucks,,,,,,,,,,
8484159,0,3,1,0,Brick Invitational,0,0,20142015,BC Junior Canucks,,,,,,,,,,
8484159,6,2,4,1,QC Int PW,0,7,20162017,Burnaby Winter Club Bruins,,,,,,,,,,
8484159,2,2,4,1,QC Int PW,2,3,20172018,Burnaby Winter Club Bruins,,,,,,,,,,
8484159,27,2,30,25,CSSHL U15,16,52,20182019,St. George's School U15 Prep,,,,,,,,,,
8484159,2,3,3,1,CSSHL U15,2,3,20182019,St. George's School U15 Prep,,,,,,,,,,
8484159,37,2,27,43,CSSHL U15,47,80,20192020,St. George's School U15 Prep,,,,,,,,,,
8484159,0,2,1,1,CSSHL U16,0,1,20192020,St. George's School Elite 15s,,,,,,,,,,
8484159,3,3,2,4,CSSHL U15,2,7,20192020,St. George's School U15 Prep,,,,,,,,,,
8484159,3,2,14,2,WHL,0,5,20202021,Kelowna Rockets,,,,,,,,,,
8484159,1,2,4,3,CSSHL U18,8,4,20202021,St. George's School U18 Prep,,,,,,,,,,
8484159,41,2,61,28,WHL,32,69,20212022,Kelowna Rockets,,,,,,,,,,
8484159,4,3,5,0,WHL,2,4,20212022,Kelowna Rockets,,,,,,,,,,
8484159,56,2,54,39,WHL,50,95,20222023,Kelowna Rockets,,,,,,,,,,
8484159,4,2,7,2,WJC-18,2,6,20222023,Canada U18,,,,,,,,,,
8484159,5,2,5,1,Hlinka Gretzky Cup,6,6,20222023,Canada U18,,,,,,,,,,
8484159,0,3,4,1,WHL,2,1,20222023,Kelowna Rockets,,,,,,,,,,
8484159,71,2,62,40,WHL,46,111,20232024,Kelowna Rockets,,,,,,,,,,
8484159,11,3,11,4,WHL,10,15,20232024,Kelowna Rockets,,,,,,,,,,
8484159,34,2,28,26,WHL,26,60,20242025,Kelowna Rockets,,,,,,,,,,
8484159,50,2,29,22,WHL,8,72,20242025,Spokane Chiefs,,,,,,,,,,
8484159,20,3,19,21,WHL,11,41,20242025,Spokane Chiefs,,,,,,,,,,
8484160,17,2,36,9,AMBHL,10,26,20172018,Red Deer Rebels U15 AAA,,,,,,,,,,
8484160,0,3,2,1,AMBHL,0,1,20172018,Red Deer Rebels U15 AAA,,,,,,,,,,
8484160,33,2,29,26,AMBHL,16,59,20182019,Red Deer Rebels U15 AAA,,,,,,,,,,
8484160,0,2,2,4,AMMHL,0,4,20182019,Red Deer Northstar Chief U17 AAA,,,,,,,,,,
8484160,13,3,12,9,AMBHL,14,22,20182019,Red Deer Rebels U15 AAA,,,,,,,,,,
8484160,1,2,4,2,YOG,0,3,20192020,Canada U16,,,,,,,,,,
8484160,34,2,27,26,CSSHL U18,20,60,20192020,Northern Alberta Xtreme U18 Prep,,,,,,,,,,
8484160,4,3,2,1,CSSHL U18,2,5,20192020,Northern Alberta Xtreme U18 Prep,,,,,,,,,,
8484160,12,2,24,3,WHL,8,15,20202021,Brandon Wheat Kings,,,,,,,,,,
8484160,4,2,5,6,AEHL U18,10,10,20202021,Red Deer Chiefs U18 AAA,,,,,,,,,,
8484160,34,2,53,23,WHL,34,57,20212022,Brandon Wheat Kings,,,,,,,,,,
8484160,2,3,6,1,WHL,2,3,20212022,Brandon Wheat Kings,,,,,,,,,,
8484160,45,2,68,33,WHL,38,78,20222023,Brandon Wheat Kings,,,,,,,,,,
8484160,29,2,28,12,WHL,28,41,20232024,Portland Winterhawks,,,,,,,,,,
8484160,14,2,26,12,WHL,14,26,20232024,Brandon Wheat Kings,,,,,,,,,,
8484160,2,2,5,1,WJC-20,0,3,20232024,Canada U20,,,,,,,,,,
8484160,0,3,2,0,AHL,0,0,20232024,Grand Rapids Griffins,,,,,,,,,,
8484160,17,3,18,7,WHL,16,24,20232024,Portland Winterhawks,,,,,,,,,,
8484160,27,2,71,12,AHL,33,39,20242025,Grand Rapids Griffins,,,,,,,,,,
8484160,0,3,3,1,AHL,9,1,20242025,Grand Rapids Griffins,,,,,,,,,,
8484164,0,2,6,3,WSI U12,14,3,20152016,Slovakia Selects U12,,,,,,,,,,
8484164,0,2,6,4,WSI U12,6,4,20162017,Sweden Selects U12,,,,,,,,,,
8484164,3,2,7,7,WSI U13,,10,20172018,Sweden Selects U13,,,,,,,,,,
8484164,11,2,18,8,U16 Div.1,4,19,20182019,Flemingsbergs IK U16,,,,,,,,,,
8484164,5,2,7,6,WSI U14,,11,20182019,Sweden Selects U14,,,,,,,,,,
8484164,8,2,8,11,Slovakia U18 2,0,19,20192020,HKM Zvolen U18,,,,,,,,,,
8484164,12,2,22,10,U16 Elit,2,22,20192020,Linköping HC U16,,,,,,,,,,
8484164,2,2,2,4,U16 Div.1,0,6,20192020,Linköping HC U16 2,,,,,,,,,,
8484164,10,2,6,4,J18 Region,0,14,20202021,AIK J18,,,,,,,,,,
8484164,2,2,20,2,Slovakia,8,4,20202021,HC Banska Bystrica,,,,,,,,,,
8484164,1,2,17,2,HockeyAllsvenskan,0,3,20212022,AIK,,,,,,,,,,
8484164,20,2,33,20,J20 Nationell,43,40,20212022,AIK J20,,,,,,,,,,
8484164,6,2,5,5,WJC-18 D1A,4,11,20212022,Slovakia U18,,,,,,,,,,
8484164,1,2,4,1,WJC-20,0,2,20212022,Slovakia U20,,,,,,,,,,
8484164,4,2,5,8,Hlinka Gretzky Cup,2,12,20212022,Slovakia U18,,,,,,,,,,
8484164,5,3,6,1,J20 Nationell,2,6,20212022,AIK J20,,,,,,,,,,
8484164,1,3,1,0,J18 Nationell,0,1,20212022,AIK J18,,,,,,,,,,
8484164,8,2,38,6,HockeyAllsvenskan,16,14,20222023,AIK,,,,,,,,,,
8484164,11,2,10,10,J20 Nationell,2,21,20222023,AIK J20,,,,,,,,,,
8484164,5,2,7,8,WJC-18,6,13,20222023,Slovakia U18,,,,,,,,,,
8484164,2,2,5,1,WJC-20,0,3,20222023,Slovakia U20,,,,,,,,,,
8484164,0,3,7,0,HockeyAllsvenskan,0,0,20222023,AIK,,,,,,,,,,
8484164,1,3,3,3,J20 Nationell,0,4,20222023,AIK J20,,,,,,,,,,
8484164,2,3,4,5,J18 Nationell,0,7,20222023,AIK J18,,,,,,,,,,
8484164,0,2,10,0,SHL,0,0,20232024,IK Oskarshamn,,,,,,,,,,
8484164,43,2,52,45,OHL,17,88,20232024,Sudbury Wolves,,,,,,,,,,
8484164,3,2,5,3,WJC-20,0,6,20232024,Slovakia U20,,,,,,,,,,
8484164,7,3,9,3,OHL,2,10,20232024,Sudbury Wolves,,,,,,,,,,
8484164,0,2,2,0,NHL,0,0,20242025,St. Louis Blues,,,,,,,,,,
8484164,4,2,5,5,WJC-20,0,9,20242025,Slovakia U20,,,,,,,,,,
8484164,24,2,61,21,AHL,22,45,20242025,Springfield Thunderbirds,,,,,,,,,,
8484164,2,3,3,0,AHL,0,2,20242025,Springfield Thunderbirds,,,,,,,,,,
8484166,0,2,6,3,Brick Invitational,0,3,20132014,Toronto Pro Hockey,,,,,,,,,,
8484166,0,3,2,0,Brick Invitational,2,0,20132014,Toronto Pro Hockey,,,,,,,,,,
8484166,4,2,9,6,WSI U14,,10,20172018,Draftday Hockey Selects U14 2,,,,,,,,,,
8484166,15,2,32,26,GTHL U16,32,41,20182019,Toronto Red Wings U16 AAA,,,,,,,,,,
8484166,5,2,9,5,WSI U15,10,10,20182019,Draftday Selects U15,,,,,,,,,,
8484166,18,2,26,18,USHS-Prep,0,36,20192020,Kimball Union Academy,,,,,,,,,,
8484166,1,2,4,2,YOG,8,3,20192020,Canada U16,,,,,,,,,,
8484166,1,2,2,2,EHF 18U Elite,2,3,20192020,Top Gun/NE Prep 18U AAA,,,,,,,,,,
8484166,18,2,49,18,USHL,22,36,20202021,Chicago Steel,,,,,,,,,,
8484166,1,3,8,8,USHL,2,9,20202021,Chicago Steel,,,,,,,,,,
8484166,37,2,54,37,USHL,93,74,20212022,Chicago Steel,,,,,,,,,,
8484166,5,2,4,1,WJC-18,0,6,20212022,Canada U18,,,,,,,,,,
8484166,1,3,3,0,USHL,2,1,20212022,Chicago Steel,,,,,,,,,,
8484166,35,2,36,30,NCAA,67,65,20222023,Univ. of Michigan,,,,,,,,,,
8484166,2,2,10,1,WC,29,3,20222023,Canada,,,,,,,,,,
8484166,3,2,7,2,WJC-20,2,5,20222023,Canada U20,,,,,,,,,,
8484166,15,2,49,12,NHL,16,27,20232024,Columbus Blue Jackets,,,,,,,,,,
8484166,23,2,82,31,NHL,18,54,20242025,Columbus Blue Jackets,,,,,,,,,,
8484173,0,2,6,0,Brick Invitational,2,0,20142015,Montréal Ice Storm,,,,,,,,,,
8484173,0,2,2,0,LHPS M15 Majeur,2,0,20162017,Collège St-Bernard M15 D1 R,,,,,,,,,,
8484173,10,2,26,9,LHPS M15 Majeur,18,19,20172018,Collège St-Bernard M15 D1 R,,,,,,,,,,
8484173,8,3,6,4,LHPS M15 Majeur,8,12,20172018,Collège St-Bernard M15 D1 R,,,,,,,,,,
8484173,12,2,30,8,QBAAA,14,20,20182019,Bois-Francs Cascades M15 AAA E,,,,,,,,,,
8484173,0,2,1,0,QMEAA,0,0,20192020,Marie-Rivier Canimex M17 AAA,,,,,,,,,,
8484173,27,2,23,13,QBAAA,22,40,20192020,Bois-Francs Cascades M15 AAA E,,,,,,,,,,
8484173,21,2,65,18,QMJHL,40,39,20212022,Sherbrooke Phoenix,,,,,,,,,,
8484173,3,3,11,1,QMJHL,10,4,20212022,Sherbrooke Phoenix,,,,,,,,,,
8484173,39,2,66,30,QMJHL,47,69,20222023,Sherbrooke Phoenix,,,,,,,,,,
8484173,1,2,5,6,Hlinka Gretzky Cup,4,7,20222023,Canada U18,,,,,,,,,,
8484173,7,3,11,4,QMJHL,14,11,20222023,Sherbrooke Phoenix,,,,,,,,,,
8484173,35,2,64,36,QMJHL,42,71,20232024,Drummondville Voltigeurs,,,,,,,,,,
8484173,1,2,3,0,Memorial Cup,0,1,20232024,Drummondville Voltigeurs,,,,,,,,,,
8484173,11,3,19,14,QMJHL,4,25,20232024,Drummondville Voltigeurs,,,,,,,,,,
8484173,0,2,3,0,AHL,2,0,20242025,Syracuse Crunch,,,,,,,,,,
8484173,37,2,50,25,QMJHL,26,62,20242025,Drummondville Voltigeurs,,,,,,,,,,
8484173,0,2,5,0,WJC-20,4,0,20242025,Canada U20,,,,,,,,,,
8484173,0,3,1,0,AHL,0,0,20242025,Syracuse Crunch,,,,,,,,,,
8484173,6,3,7,6,QMJHL,2,12,20242025,Drummondville Voltigeurs,,,,,,,,,,
8484175,7,2,28,1,CSSHL U15,55,8,20182019,Delta Hockey Academy U15 Prep W,,,,,,,,,,
8484175,15,2,23,4,CSSHL U15,77,19,20192020,Delta Hockey Academy U15 Prep G,,,,,,,,,,
8484175,0,3,1,0,CSSHL U15,2,0,20192020,Delta Hockey Academy U15 Prep,,,,,,,,,,
8484175,0,2,14,2,WHL,14,2,20202021,Prince Albert Raiders,,,,,,,,,,
8484175,2,2,5,0,CSSHL U17,12,2,20202021,Delta Hockey Academy U17 Prep,,,,,,,,,,
8484175,2,2,47,2,WHL,40,4,20212022,Prince Albert Raiders,,,,,,,,,,
8484175,0,3,2,0,WHL,0,0,20212022,Prince Albert Raiders,,,,,,,,,,
8484175,6,2,58,3,WHL,102,9,20222023,Prince Albert Raiders,,,,,,,,,,
8484175,12,2,66,3,WHL,122,15,20232024,Prince Albert Raiders,,,,,,,,,,
8484175,1,3,5,0,WHL,8,1,20232024,Prince Albert Raiders,,,,,,,,,,
8484175,12,2,56,4,WHL,99,16,20242025,Tri-City Americans,,,,,,,,,,
8484176,6,2,12,13,U16 SM-sarja,49,19,20192020,Jokerit/Viikingit U16,,,,,,,,,,
8484176,10,2,17,9,U18 SM-sarja,81,19,20202021,Jokerit U18,,,,,,,,,,
8484176,7,2,5,11,U16 SM-sarja,14,18,20202021,Jokerit U16,,,,,,,,,,
8484176,2,2,6,3,WJC-18,0,5,20212022,Finland U18,,,,,,,,,,
8484176,14,2,41,24,U20 SM-sarja,75,38,20212022,Jokerit U20,,,,,,,,,,
8484176,2,2,4,0,EYOF,0,2,20212022,Finland U18,,,,,,,,,,
8484176,0,2,5,0,Hlinka Gretzky Cup,6,0,20212022,Finland U18,,,,,,,,,,
8484176,2,3,5,3,U18 SM-sarja,6,5,20212022,Jokerit U18,,,,,,,,,,
8484176,0,3,1,1,U20 SM-sarja,25,1,20212022,Jokerit U20,,,,,,,,,,
8484176,1,2,27,0,Liiga,8,1,20222023,HIFK,,,,,,,,,,
8484176,0,2,2,1,Spengler Cup,0,1,20222023,HIFK,,,,,,,,,,
8484176,2,2,3,1,Mestis,2,3,20222023,Kiekko-Vantaa,,,,,,,,,,
8484176,4,2,5,6,WJC-18,6,10,20222023,Finland U18,,,,,,,,,,
8484176,6,2,18,18,U20 SM-sarja,14,24,20222023,HIFK U20,,,,,,,,,,
8484176,2,2,5,1,Hlinka Gretzky Cup,4,3,20222023,Finland U18,,,,,,,,,,
8484176,0,3,1,0,Liiga,0,0,20222023,HIFK,,,,,,,,,,
8484176,1,3,3,1,Mestis,4,2,20222023,Kiekko-Vantaa,,,,,,,,,,
8484176,0,3,3,0,U20 SM-sarja,0,0,20222023,HIFK U20,,,,,,,,,,
8484176,29,2,57,32,OHL,61,61,20232024,London Knights,,,,,,,,,,
8484176,1,2,4,4,Memorial Cup,2,5,20232024,London Knights,,,,,,,,,,
8484176,3,2,7,3,WJC-20,4,6,20232024,Finland U20,,,,,,,,,,
8484176,9,3,18,17,OHL,14,26,20232024,London Knights,,,,,,,,,,
8484176,20,2,38,21,OHL,38,41,20242025,London Knights,,,,,,,,,,
8484176,2,2,5,2,Memorial Cup,0,4,20242025,London Knights,,,,,,,,,,
8484176,3,2,7,1,WJC-20,6,4,20242025,Finland U20,,,,,,,,,,
8484176,2,2,6,2,AHL,2,4,20242025,San Jose Barracuda,,,,,,,,,,
8484176,6,3,17,15,OHL,18,21,20242025,London Knights,,,,,,,,,,
8484178,5,2,6,5,Brick Invitational,6,10,20142015,Saskatchewan Jr. Pats,,,,,,,,,,
8484178,2,3,3,2,Brick Invitational,2,4,20142015,Saskatchewan Jr. Pats,,,,,,,,,,
8484178,32,2,31,22,SAAHL U15,50,54,20172018,Martensville Marauders U15 AA,,,,,,,,,,
8484178,1,3,2,1,SAAHL U15,14,2,20172018,Martensville Marauders U15 AA,,,,,,,,,,
8484178,63,2,31,36,SAAHL U15,38,99,20182019,Martensville Marauders U15 AA,,,,,,,,,,
8484178,17,3,9,7,SAAHL U15,4,24,20182019,Martensville Marauders U15 AA,,,,,,,,,,
8484178,20,2,44,17,SMAAAHL,22,37,20192020,Saskatoon Contacts U18 AAA,,,,,,,,,,
8484178,4,3,6,3,SMAAAHL,2,7,20192020,Saskatoon Contacts U18 AAA,,,,,,,,,,
8484178,6,2,22,2,WHL,12,8,20202021,Prince George Cougars,,,,,,,,,,
8484178,7,2,6,3,SMAAAHL,6,10,20202021,Saskatoon Contacts U18 AAA,,,,,,,,,,
8484178,37,2,65,21,WHL,51,58,20212022,Prince George Cougars,,,,,,,,,,
8484178,2,3,3,1,WHL,12,3,20212022,Prince George Cougars,,,,,,,,,,
8484178,72,2,68,25,WHL,36,97,20222023,Prince George Cougars,,,,,,,,,,
8484178,2,2,5,0,WJC-18,0,2,20222023,Canada U18,,,,,,,,,,
8484178,3,2,5,3,Hlinka Gretzky Cup,0,6,20222023,Canada U18,,,,,,,,,,
8484178,6,3,9,2,WHL,9,8,20222023,Prince George Cougars,,,,,,,,,,
8484178,80,2,66,37,WHL,42,117,20232024,Prince George Cougars,,,,,,,,,,
8484178,16,3,15,3,WHL,18,19,20232024,Prince George Cougars,,,,,,,,,,
8484178,59,2,60,31,WHL,39,90,20242025,Prince George Cougars,,,,,,,,,,
8484178,4,3,6,5,WHL,7,9,20242025,Prince George Cougars,,,,,,,,,,
8484180,1,2,17,2,Slovakia U16,0,3,20172018,HK Dukla Trencin U16,,,,,,,,,,
8484180,28,2,33,17,Slovakia U16,10,45,20182019,HK Dukla Trencin U16,,,,,,,,,,
8484180,18,2,36,16,Slovakia U18,14,34,20192020,HK Dukla Trencin U18,,,,,,,,,,
8484180,11,2,13,15,Slovakia U16,2,26,20192020,HK Dukla Trencin U16,,,,,,,,,,
8484180,0,2,5,0,Slovakia,0,0,20202021,HK Dukla Trencin,,,,,,,,,,
8484180,1,2,8,4,Slovakia2,4,5,20202021,HK Spartak Dubnica,,,,,,,,,,
8484180,1,2,4,1,Slovakia U20,2,2,20202021,HK Dukla Trencin U20,,,,,,,,,,
8484180,0,2,2,1,Slovakia2,0,1,20202021,Team Slovakia U18,,,,,,,,,,
8484180,4,2,49,10,Slovakia,8,14,20212022,HK Dukla Trencin,,,,,,,,,,
8484180,2,2,5,4,WJC-18 D1A,0,6,20212022,Slovakia U18,,,,,,,,,,
8484180,0,2,4,0,WJC-20,4,0,20212022,Slovakia U20,,,,,,,,,,
8484180,6,2,5,1,Slovakia U20,0,7,20212022,HK Dukla Trencin U20,,,,,,,,,,
8484180,0,2,4,0,Hlinka Gretzky Cup,0,0,20212022,Slovakia U18,,,,,,,,,,
8484180,0,3,4,0,Slovakia,0,0,20212022,HK Dukla Trencin,,,,,,,,,,
8484180,1,3,1,0,Slovakia U20,0,1,20212022,HK Dukla Trencin U20,,,,,,,,,,
8484180,33,2,43,23,WHL,16,56,20222023,Vancouver Giants,,,,,,,,,,
8484180,0,2,2,0,WJC-20,2,0,20222023,Slovakia U20,,,,,,,,,,
8484180,3,3,4,1,WHL,0,4,20222023,Vancouver Giants,,,,,,,,,,
8484180,21,2,33,10,WHL,18,31,20232024,Vancouver Giants,,,,,,,,,,
8484180,1,2,5,3,WJC-20,2,4,20232024,Slovakia U20,,,,,,,,,,
8484180,0,2,2,0,AHL,0,0,20232024,Calgary Wranglers,,,,,,,,,,
8484180,0,3,5,2,WHL,2,2,20232024,Vancouver Giants,,,,,,,,,,
8484180,0,3,1,0,AHL,0,0,20232024,Calgary Wranglers,,,,,,,,,,
8484180,0,2,5,0,NHL,2,0,20242025,Calgary Flames,,,,,,,,,,
8484180,13,2,52,8,AHL,18,21,20242025,Calgary Wranglers,,,,,,,,,,
8484180,0,3,2,0,AHL,0,0,20242025,Calgary Wranglers,,,,,,,,,,
8484184,1,2,6,4,WSI U14 AAA,,5,20182019,Finland Selects U14 2,,,,,,,,,,
8484184,19,2,16,7,U16 SM-sarja,4,26,20192020,Pelicans U16,,,,,,,,,,
8484184,2,2,6,0,U20 SM-sarja,2,2,20202021,Pelicans U20,,,,,,,,,,
8484184,14,2,27,6,U18 SM-sarja,0,20,20202021,Pelicans U18,,,,,,,,,,
8484184,9,2,43,8,U20 SM-sarja,2,17,20212022,Pelicans U20,,,,,,,,,,
8484184,13,2,9,8,U18 SM-sarja,2,21,20212022,Pelicans U18,,,,,,,,,,
8484184,0,3,3,0,U20 SM-sarja,0,0,20212022,Pelicans U20,,,,,,,,,,
8484184,2,2,5,3,WJC-18,2,5,20222023,Finland U18,,,,,,,,,,
8484184,23,2,41,11,U20 SM-sarja,26,34,20222023,Pelicans U20,,,,,,,,,,
8484184,0,2,2,0,Mestis,2,0,20222023,Peliitat,,,,,,,,,,
8484184,1,2,3,1,U18 SM-sarja,2,2,20222023,Pelicans U18,,,,,,,,,,
8484184,2,2,5,1,Hlinka Gretzky Cup,0,3,20222023,Finland U18,,,,,,,,,,
8484184,1,3,4,1,U20 SM-sarja,2,2,20222023,Pelicans U20,,,,,,,,,,
8484184,28,2,58,28,OHL,48,56,20232024,Oshawa Generals,,,,,,,,,,
8484184,0,2,7,2,WJC-20,0,2,20232024,Finland U20,,,,,,,,,,
8484184,8,3,21,3,OHL,10,11,20232024,Oshawa Generals,,,,,,,,,,
8484184,8,2,48,8,Liiga,18,16,20242025,Pelicans,,,,,,,,,,
8484184,1,2,6,2,WJC-20,0,3,20242025,Finland U20,,,,,,,,,,
8484184,1,3,9,0,Liiga,4,1,20242025,Pelicans,,,,,,,,,,
8484185,0,2,6,2,Brick Invitational,0,2,20142015,Toronto Pro Hockey,,,,,,,,,,
8484185,0,3,1,0,Brick Invitational,0,0,20142015,Toronto Pro Hockey,,,,,,,,,,
8484185,0,2,2,1,SCTA U16,0,1,20192020,Oakville Rangers U16 AAA,,,,,,,,,,
8484185,34,2,37,40,SCTA U15,12,74,20192020,Oakville Rangers U15 AAA,,,,,,,,,,
8484185,0,3,2,0,SCTA U16,0,0,20192020,Oakville Rangers U16 AAA,,,,,,,,,,
8484185,19,2,63,18,OHL,12,37,20212022,Peterborough Petes,,,,,,,,,,
8484185,0,3,4,0,OHL,2,0,20212022,Peterborough Petes,,,,,,,,,,
8484185,7,2,36,12,OHL,2,19,20222023,Peterborough Petes,,,,,,,,,,
8484185,0,2,7,4,WJC-18,2,4,20222023,Canada U18,,,,,,,,,,
8484185,21,2,33,25,OHL,4,46,20222023,Brantford Bulldogs,,,,,,,,,,
8484185,5,3,6,5,OHL,2,10,20222023,Brantford Bulldogs,,,,,,,,,,
8484185,0,2,1,0,AHL,0,0,20232024,Rockford IceHogs,,,,,,,,,,
8484185,21,2,37,29,OHL,12,50,20232024,Brantford Bulldogs,,,,,,,,,,
8484185,4,3,6,4,OHL,0,8,20232024,Brantford Bulldogs,,,,,,,,,,
8484185,46,2,65,71,OHL,16,117,20242025,Brantford Bulldogs,,,,,,,,,,
8484185,4,3,7,11,OHL,0,15,20242025,Brantford Bulldogs,,,,,,,,,,
8484186,4,2,6,7,Brick Invitational,6,11,20142015,Boston Jr. Bruins,,,,,,,,,,
8484186,0,3,1,0,Brick Invitational,0,0,20142015,Boston Jr. Bruins,,,,,,,,,,
8484186,1,2,6,5,WJC-18,6,6,20212022,USA U18,,,,,,,,,,
8484186,7,2,36,16,NTDP,22,23,20212022,U.S. National U18 Team,,,,,,,,,,
8484186,10,2,26,10,NTDP,43,20,20212022,U.S. National U17 Team,,,,,,,,,,
8484186,5,2,33,10,USHL,22,15,20212022,USNTDP Juniors,,,,,,,,,,
8484186,9,2,7,8,WJC-18,4,17,20222023,USA U18,,,,,,,,,,
8484186,43,2,57,51,NTDP,46,94,20222023,U.S. National U18 Team,,,,,,,,,,
8484186,9,2,17,11,USHL,18,20,20222023,USNTDP Juniors,,,,,,,,,,
8484186,29,2,41,31,NCAA,38,60,20232024,Boston College,,,,,,,,,,
8484186,3,2,7,3,WJC-20,4,6,20232024,USA U20,,,,,,,,,,
8484186,0,2,9,1,NHL,11,1,20242025,Washington Capitals,,,,,,,,,,
8484186,19,2,37,30,NCAA,46,49,20242025,Boston College,,,,,,,,,,
8484186,5,2,7,5,WJC-20,12,10,20242025,USA U20,,,,,,,,,,
8484186,1,3,8,0,NHL,2,1,20242025,Washington Capitals,,,,,,,,,,
8484187,2,2,6,0,Brick Invitational,2,2,20132014,Saskatchewan Jr. Pats,,,,,,,,,,
8484187,5,2,6,7,Brick Invitational,8,12,20142015,Saskatchewan Jr. Pats,,,,,,,,,,
8484187,2,3,3,3,Brick Invitational,2,5,20142015,Saskatchewan Jr. Pats,,,,,,,,,,
8484187,30,2,31,20,SAAHL U15,36,50,20172018,Swift Current Broncos U15 AA,,,,,,,,,,
8484187,1,3,6,5,SAAHL U15,6,6,20172018,Swift Current Broncos U15 AA,,,,,,,,,,
8484187,1,2,7,0,SMAAAHL,6,1,20182019,Swift Current Legionnaires U18,,,,,,,,,,
8484187,33,2,24,24,SAAHL U15,40,57,20182019,Swift Current Broncos U15 AA,,,,,,,,,,
8484187,1,3,3,3,SAAHL U15,2,4,20182019,Swift Current Broncos U15 AA,,,,,,,,,,
8484187,1,2,10,1,SMAAAHL,12,2,20192020,Swift Current Legionnaires U18,,,,,,,,,,
8484187,52,2,27,68,SAAHL U15,90,120,20192020,Swift Current Broncos U15 AA,,,,,,,,,,
8484187,0,3,2,1,SMAAAHL,0,1,20192020,Swift Current Legionnaires U18,,,,,,,,,,
8484187,4,3,3,5,SAAHL U15,10,9,20192020,Swift Current Broncos U15 AA,,,,,,,,,,
8484187,2,2,15,4,WHL,21,6,20202021,Red Deer Rebels,,,,,,,,,,
8484187,7,2,6,7,SMAAAHL,22,14,20202021,Saskatoon Contacts U18 AAA,,,,,,,,,,
8484187,18,2,61,20,WHL,93,38,20212022,Red Deer Rebels,,,,,,,,,,
8484187,5,3,10,1,WHL,12,6,20212022,Red Deer Rebels,,,,,,,,,,
8484187,28,2,43,16,WHL,80,44,20222023,Red Deer Rebels,,,,,,,,,,
8484187,0,2,5,1,Hlinka Gretzky Cup,6,1,20222023,Canada U18,,,,,,,,,,
8484187,3,3,10,2,WHL,14,5,20222023,Red Deer Rebels,,,,,,,,,,
8484187,29,2,46,16,WHL,73,45,20232024,Red Deer Rebels,,,,,,,,,,
8484187,4,3,9,4,WHL,8,8,20232024,Red Deer Rebels,,,,,,,,,,
8484187,0,2,1,0,AHL,2,0,20242025,Milwaukee Admirals,,,,,,,,,,
8484187,15,2,37,12,WHL,55,27,20242025,Red Deer Rebels,,,,,,,,,,
8484189,0,2,6,0,Brick Invitational,2,0,20132014,Western Selects,,,,,,,,,,
8484189,3,2,6,0,QC Int PW,0,3,20162017,Los Angeles Jr. Kings,,,,,,,,,,
8484189,2,2,5,1,T1EHL 13U,0,3,20172018,Anaheim Jr. Ducks 13U AAA,,,,,,,,,,
8484189,18,2,46,18,13U AAA,4,36,20172018,Anaheim Jr. Ducks 13U AAA,,,,,,,,,,
8484189,3,2,12,2,T1EHL 14U,4,5,20182019,Phoenix Jr. Coyotes 14U AAA,,,,,,,,,,
8484189,5,2,8,8,14U AAA,0,13,20182019,Phoenix Jr. Coyotes 14U AAA,,,,,,,,,,
8484189,11,2,19,8,T1EHL 15U,4,19,20192020,Phoenix Jr. Coyotes 15U AAA,,,,,,,,,,
8484189,2,2,8,9,15U AAA,0,11,20192020,Phoenix Jr. Coyotes 15U AAA,,,,,,,,,,
8484189,5,2,17,13,T1EHL 16U,10,18,20202021,Phoenix Jr. Coyotes 16U AAA,,,,,,,,,,
8484189,9,2,68,8,WHL,34,17,20212022,Vancouver Giants,,,,,,,,,,
8484189,3,3,12,1,WHL,14,4,20212022,Vancouver Giants,,,,,,,,,,
8484189,32,2,66,19,WHL,55,51,20222023,Vancouver Giants,,,,,,,,,,
8484189,0,3,4,0,WHL,9,0,20222023,Vancouver Giants,,,,,,,,,,
8484189,42,2,67,24,WHL,55,66,20232024,Vancouver Giants,,,,,,,,,,
8484189,0,2,1,0,AHL,0,0,20232024,Calgary Wranglers,,,,,,,,,,
8484189,3,3,5,0,WHL,6,3,20232024,Vancouver Giants,,,,,,,,,,
8484189,41,2,59,17,WHL,38,58,20242025,Vancouver Giants,,,,,,,,,,
8484189,0,2,2,0,AHL,0,0,20242025,Calgary Wranglers,,,,,,,,,,
8484189,3,3,5,2,WHL,0,5,20242025,Vancouver Giants,,,,,,,,,,
8484195,35,2,32,43,Czechia U16 2,,78,20142015,SHKM Hodonin U16,,,,,,,,,,
8484195,2,2,6,2,WSI U12,0,4,20152016,Slovakia Selects U12,,,,,,,,,,
8484195,5,2,7,3,WSI U13,0,8,20162017,Slovakia Selects U13,,,,,,,,,,
8484195,0,2,2,0,QC Int PW,2,0,20162017,Slovakia HMS Select,,,,,,,,,,
8484195,2,2,5,0,Czechia U16,0,2,20172018,HC Kometa Brno U16,,,,,,,,,,
8484195,7,2,35,8,Czechia U16,10,15,20182019,HC Kometa Brno U16,,,,,,,,,,
8484195,2,3,6,0,Czechia U16,0,2,20182019,HC Kometa Brno U16,,,,,,,,,,
8484195,3,2,14,1,U16 SM-sarja,31,4,20192020,JYP U16,,,,,,,,,,
8484195,2,2,3,1,Slovakia U20,2,3,20202021,Team Slovakia U18,,,,,,,,,,
8484195,4,2,19,3,Slovakia2,8,7,20202021,Team Slovakia U18,,,,,,,,,,
8484195,4,2,5,1,WJC-18 D1A,2,5,20212022,Slovakia U18,,,,,,,,,,
8484195,1,2,3,0,WJC-20,2,1,20212022,Slovakia U20,,,,,,,,,,
8484195,6,2,46,4,Slovakia,4,10,20212022,HC Nove Zamky,,,,,,,,,,
8484195,2,2,3,2,Slovakia2,4,4,20212022,Team Slovakia U18,,,,,,,,,,
8484195,0,2,3,0,WJC-20,2,0,20222023,Slovakia U20,,,,,,,,,,
8484195,9,2,29,1,Slovakia,10,10,20222023,HC Nove Zamky,,,,,,,,,,
8484195,11,2,27,6,USHL,26,17,20222023,Youngstown Phantoms,,,,,,,,,,
8484195,8,3,9,2,USHL,8,10,20222023,Youngstown Phantoms,,,,,,,,,,
8484195,0,2,1,0,AHL,0,0,20232024,Rockford IceHogs,,,,,,,,,,
8484195,24,2,60,23,OHL,33,47,20232024,Erie Otters,,,,,,,,,,
8484195,3,2,5,0,WJC-20,6,3,20232024,Slovakia U20,,,,,,,,,,
8484195,1,3,4,1,OHL,2,2,20232024,Erie Otters,,,,,,,,,,
8484195,36,2,60,23,OHL,14,59,20242025,Erie Otters,,,,,,,,,,
8484195,6,3,8,7,OHL,4,13,20242025,Erie Otters,,,,,,,,,,
8484196,3,2,6,0,Brick Invitational,2,3,20142015,BC Junior Canucks,,,,,,,,,,
8484196,0,3,1,0,Brick Invitational,0,0,20142015,BC Junior Canucks,,,,,,,,,,
8484196,18,2,18,7,U15 AAA,2,25,20182019,Thompson Blazers U15 AAA,,,,,,,,,,
8484196,0,2,1,0,CSSHL U16,0,0,20192020,Yale Hockey Academy Elite 15s,,,,,,,,,,
8484196,46,2,27,9,CSSHL U15,14,55,20192020,Yale Hockey Academy U15 Prep,,,,,,,,,,
8484196,4,3,2,2,CSSHL U15,2,6,20192020,Yale Hockey Academy U15 Prep,,,,,,,,,,
8484196,2,2,17,0,WHL,2,2,20202021,Saskatoon Blades,,,,,,,,,,
8484196,5,2,5,1,CSSHL U18,10,6,20202021,Yale Hockey Academy U18 Prep,,,,,,,,,,
8484196,15,2,55,3,WHL,16,18,20212022,Saskatoon Blades,,,,,,,,,,
8484196,3,3,5,0,WHL,0,3,20212022,Saskatoon Blades,,,,,,,,,,
8484196,28,2,67,9,WHL,37,37,20222023,Saskatoon Blades,,,,,,,,,,
8484196,3,2,5,1,Hlinka Gretzky Cup,0,4,20222023,Canada U18,,,,,,,,,,
8484196,5,3,18,3,WHL,0,8,20222023,Saskatoon Blades,,,,,,,,,,
8484196,46,2,50,10,WHL,18,56,20232024,Saskatoon Blades,,,,,,,,,,
8484196,7,3,16,3,WHL,10,10,20232024,Saskatoon Blades,,,,,,,,,,
8484196,17,2,21,4,WHL,10,21,20242025,Saskatoon Blades,,,,,,,,,,
8484196,21,2,28,5,WHL,8,26,20242025,Medicine Hat Tigers,,,,,,,,,,
8484196,2,2,5,0,WJC-20,4,2,20242025,Canada U20,,,,,,,,,,
8484196,16,3,18,4,WHL,4,20,20242025,Medicine Hat Tigers,,,,,,,,,,
8484197,2,2,6,6,Brick Invitational,0,8,20142015,Team Minnesota,,,,,,,,,,
8484197,28,2,25,7,USHS-MN,6,35,20192020,Totino-Grace High,,,,,,,,,,
8484197,2,2,8,8,MNBEL 14U,,10,20192020,MN Sharks 15U AAA,,,,,,,,,,
8484197,2,2,3,5,MNHP-14,,7,20192020,B14 - District 2,,,,,,,,,,
8484197,1,3,2,0,USHS-MN,0,1,20192020,Totino-Grace High,,,,,,,,,,
8484197,21,2,17,17,USHS-MN,6,38,20202021,Totino-Grace High,,,,,,,,,,
8484197,5,2,11,2,NTDP,0,7,20212022,U.S. National U18 Team,,,,,,,,,,
8484197,15,2,43,24,NTDP,6,39,20212022,U.S. National U17 Team,,,,,,,,,,
8484197,14,2,32,12,USHL,2,26,20212022,USNTDP Juniors,,,,,,,,,,
8484197,5,2,7,4,WJC-18,0,9,20222023,USA U18,,,,,,,,,,
8484197,44,2,61,31,NTDP,26,75,20222023,U.S. National U18 Team,,,,,,,,,,
8484197,17,2,23,8,USHL,12,25,20222023,USNTDP Juniors,,,,,,,,,,
8484197,24,2,39,9,NCAA,8,33,20232024,Univ. of Minnesota,,,,,,,,,,
8484197,2,2,7,1,WJC-20,0,3,20232024,USA U20,,,,,,,,,,
8484197,4,2,9,0,NHL,4,4,20242025,Chicago Blackhawks,,,,,,,,,,
8484197,21,2,38,12,NCAA,6,33,20242025,Univ. of Minnesota,,,,,,,,,,
8484197,4,2,7,1,WJC-20,0,5,20242025,USA U20,,,,,,,,,,
8484198,0,2,6,1,Brick Invitational,4,1,20142015,Montréal Ice Storm,,,,,,,,,,
8484198,3,2,5,2,QC Int PW,4,5,20172018,Montréal Jr. Canadiens,,,,,,,,,,
8484198,2,2,6,0,WSI U13,,2,20172018,Pro Hockey Selects U13,,,,,,,,,,
8484198,12,2,26,7,QBAAA,16,19,20182019,Lac St-Louis Grenadiers M15 AAAE,,,,,,,,,,
8484198,14,2,44,8,HEO U18,28,22,20192020,CIHA White U18 AAA,,,,,,,,,,
8484198,1,3,1,0,HEO U18,0,1,20192020,CIHA White U18 AAA,,,,,,,,,,
8484198,25,2,64,8,QMJHL,34,33,20212022,Moncton Wildcats,,,,,,,,,,
8484198,0,3,3,0,QMJHL,2,0,20212022,Moncton Wildcats,,,,,,,,,,
8484198,51,2,67,21,QMJHL,50,72,20222023,Moncton Wildcats,,,,,,,,,,
8484198,1,2,3,0,WJC-18,2,1,20222023,Canada U18,,,,,,,,,,
8484198,15,3,12,2,QMJHL,8,17,20222023,Moncton Wildcats,,,,,,,,,,
8484198,37,2,58,12,QMJHL,31,49,20232024,Moncton Wildcats,,,,,,,,,,
8484198,0,2,1,0,AHL,0,0,20232024,Calgary Wranglers,,,,,,,,,,
8484198,3,3,4,0,QMJHL,4,3,20232024,Moncton Wildcats,,,,,,,,,,
8484198,44,2,62,14,QMJHL,36,58,20242025,Moncton Wildcats,,,,,,,,,,
8484198,18,3,19,2,QMJHL,4,20,20242025,Moncton Wildcats,,,,,,,,,,
8484200,2,2,5,0,QC Int PW,4,2,20172018,Buffalo Jr. Sabres,,,,,,,,,,
8484200,8,2,14,7,14U AAA,38,15,20192020,Buffalo Jr. Sabres 14U AAA,,,,,,,,,,
8484200,3,2,4,4,AYHL 16U,17,7,20202021,North Jersey Avalanche 16U AAA,,,,,,,,,,
8484200,19,2,50,12,OHL,70,31,20212022,Sudbury Wolves,,,,,,,,,,
8484200,1,2,5,1,USA-S16,0,2,20212022,Team Black,,,,,,,,,,
8484200,52,2,53,26,OHL,71,78,20222023,Sudbury Wolves,,,,,,,,,,
8484200,4,2,4,1,Hlinka Gretzky Cup,4,5,20222023,USA U18,,,,,,,,,,
8484200,3,2,4,4,USA-S17,6,7,20222023,Team Grey,,,,,,,,,,
8484200,3,3,4,1,OHL,6,4,20222023,Sudbury Wolves,,,,,,,,,,
8484200,59,2,53,43,OHL,72,102,20232024,Sudbury Wolves,,,,,,,,,,
8484200,8,3,8,2,OHL,2,10,20232024,Sudbury Wolves,,,,,,,,,,
8484200,29,2,33,30,OHL,14,59,20242025,Sudbury Wolves,,,,,,,,,,
8484200,0,2,3,0,AHL,4,0,20242025,San Jose Barracuda,,,,,,,,,,
8484200,3,3,3,1,OHL,0,4,20242025,Sudbury Wolves,,,,,,,,,,
8484200,0,3,1,0,AHL,0,0,20242025,San Jose Barracuda,,,,,,,,,,
8484201,5,2,9,0,BCEHL U17,8,5,20182019,Cariboo Cougars U17 AAA,,,,,,,,,,
8484201,1,3,1,0,BCEHL U17,0,1,20182019,Cariboo Cougars U17 AAA,,,,,,,,,,
8484201,12,2,37,10,BCEHL U18,22,22,20192020,Cariboo Cougars U18 AAA,,,,,,,,,,
8484201,0,2,12,3,WHL,0,3,20202021,Seattle Thunderbirds,,,,,,,,,,
8484201,24,2,67,4,WHL,21,28,20212022,Seattle Thunderbirds,,,,,,,,,,
8484201,5,3,25,3,WHL,6,8,20212022,Seattle Thunderbirds,,,,,,,,,,
8484201,30,2,68,30,WHL,41,60,20222023,Seattle Thunderbirds,,,,,,,,,,
8484201,3,2,5,1,Memorial Cup,0,4,20222023,Seattle Thunderbirds,,,,,,,,,,
8484201,3,3,19,4,WHL,6,7,20222023,Seattle Thunderbirds,,,,,,,,,,
8484201,21,2,34,9,WHL,20,30,20232024,Seattle Thunderbirds,,,,,,,,,,
8484201,0,2,12,0,AHL,2,0,20232024,San Diego Gulls,,,,,,,,,,
8484201,9,2,64,10,AHL,18,19,20242025,San Diego Gulls,,,,,,,,,,
8484210,4,2,5,3,QC Int PW,4,7,20172018,Chicago Mission Peewee,,,,,,,,,,
8484210,11,2,16,9,HPHL 13U,4,20,20182019,Chicago Mission 13U AAA,,,,,,,,,,
8484210,10,2,17,6,HPHL 14U,0,16,20192020,Chicago Mission 14U AAA,,,,,,,,,,
8484210,1,2,3,3,HPHL 15U,0,4,20202021,Chicago Mission 15U AAA,,,,,,,,,,
8484210,3,2,7,0,NTDP,0,3,20212022,U.S. National U18 Team,,,,,,,,,,
8484210,32,2,51,18,NTDP,12,50,20212022,U.S. National U17 Team,,,,,,,,,,
8484210,17,2,40,10,USHL,10,27,20212022,USNTDP Juniors,,,,,,,,,,
8484210,13,2,7,5,WJC-18,0,18,20222023,USA U18,,,,,,,,,,
8484210,79,2,63,53,NTDP,8,132,20222023,U.S. National U18 Team,,,,,,,,,,
8484210,26,2,23,19,USHL,8,45,20222023,USNTDP Juniors,,,,,,,,,,
8484210,41,2,36,19,NCAA,29,60,20232024,Boston College,,,,,,,,,,
8484210,7,2,7,3,WJC-20,2,10,20232024,USA U20,,,,,,,,,,
8484210,0,2,5,0,NHL,0,0,20242025,New York Rangers,,,,,,,,,,
8484210,32,2,37,16,NCAA,25,48,20242025,Boston College,,,,,,,,,,
8484210,7,2,7,3,WJC-20,0,10,20242025,USA U20,,,,,,,,,,
8484219,0,2,6,4,Brick Invitational,4,4,20142015,Toronto Bulldogs,,,,,,,,,,
8484219,2,3,3,2,Brick Invitational,0,4,20142015,Toronto Bulldogs,,,,,,,,,,
8484219,77,2,72,68,U15 AAA,,145,20192020,Toronto Jr. Canadiens U15 AAA,,,,,,,,,,
8484219,16,2,36,29,GTHL U15,54,45,20192020,Toronto Jr. Canadiens U15 AAA,,,,,,,,,,
8484219,15,2,65,18,OHL,42,33,20212022,Kitchener Rangers,,,,,,,,,,
8484219,2,3,12,4,OHL,4,6,20212022,Kitchener Rangers,,,,,,,,,,
8484219,29,2,68,30,OHL,40,59,20222023,Kitchener Rangers,,,,,,,,,,
8484219,4,2,5,1,Hlinka Gretzky Cup,2,5,20222023,Canada U18,,,,,,,,,,
8484219,4,3,9,2,OHL,8,6,20222023,Kitchener Rangers,,,,,,,,,,
8484219,43,2,60,52,OHL,45,95,20232024,Kitchener Rangers,,,,,,,,,,
8484219,2,2,5,2,WJC-20,0,4,20232024,Canada U20,,,,,,,,,,
8484219,5,3,10,6,OHL,2,11,20232024,Kitchener Rangers,,,,,,,,,,
8484219,0,2,2,0,WJC-20,4,0,20242025,Canada U20,,,,,,,,,,
8484219,44,2,57,42,OHL,22,86,20242025,Brampton Steelheads,,,,,,,,,,
8484219,0,2,2,0,AHL,0,0,20242025,Coachella Valley Firebirds,,,,,,,,,,
8484219,1,3,6,7,OHL,10,8,20242025,Brampton Steelheads,,,,,,,,,,
8484219,0,3,1,0,AHL,0,0,20242025,Coachella Valley Firebirds,,,,,,,,,,
8484220,5,2,6,4,Mini A,4,9,20162017,SC Rheintal II U15,,,,,,,,,,
8484220,0,2,2,0,QC Int PW,2,0,20162017,Swiss Eastern Selects,,,,,,,,,,
8484220,11,2,26,13,Mini Top,32,24,20172018,SC Rheintal U15,,,,,,,,,,
8484220,0,2,1,0,Mini A,0,0,20172018,SC Rheintal II U15,,,,,,,,,,
8484220,13,2,23,15,Mini Top,34,28,20182019,EHC Kloten U15,,,,,,,,,,
8484220,1,2,6,0,Top Novizen,0,1,20182019,EHC Bülach U17,,,,,,,,,,
8484220,1,3,2,2,Mini Top,2,3,20182019,EHC Kloten U15,,,,,,,,,,
8484220,4,2,28,4,U17-Elit,12,8,20192020,EHC Kloten U17,,,,,,,,,,
8484220,0,3,4,0,U17-Elit,6,0,20192020,EHC Kloten U17,,,,,,,,,,
8484220,3,2,25,1,U20-Elit,16,4,20202021,EHC Kloten U20,,,,,,,,,,
8484220,11,2,20,4,U17-Elit,16,15,20202021,EHC Kloten U17,,,,,,,,,,
8484220,10,2,27,1,SL,4,11,20212022,EHC Kloten,,,,,,,,,,
8484220,1,2,5,0,WJC-18 D1B,0,1,20212022,Austria U18,,,,,,,,,,
8484220,2,2,4,0,WJC-20,4,2,20212022,Austria U20,,,,,,,,,,
8484220,13,2,23,9,U20-Elit,12,22,20212022,EHC Kloten U20,,,,,,,,,,
8484220,0,3,14,0,SL,10,0,20212022,EHC Kloten,,,,,,,,,,
8484220,1,3,3,0,U20-Elit,2,1,20212022,EHC Kloten U20,,,,,,,,,,
8484220,19,2,46,3,NL,26,22,20222023,EHC Kloten,,,,,,,,,,
8484220,1,2,4,0,WC,2,1,20222023,Austria,,,,,,,,,,
8484220,2,2,5,0,WJC-20,0,2,20222023,Austria U20,,,,,,,,,,
8484220,1,3,3,1,NL,2,2,20222023,EHC Kloten,,,,,,,,,,
8484220,10,2,35,1,NL,18,11,20232024,EHC Kloten,,,,,,,,,,
8484220,3,2,11,2,AHL,4,5,20232024,Laval Rocket,,,,,,,,,,
8484220,2,2,3,0,OGQ,0,2,20242025,Austria,,,,,,,,,,
8484220,3,2,10,2,AHL,10,5,20242025,Laval Rocket,,,,,,,,,,
8484220,4,3,13,2,AHL,14,6,20242025,Laval Rocket,,,,,,,,,,
8484222,2,2,5,9,WSI U12,2,11,20162017,Slovakia Selects U12,,,,,,,,,,
8484222,8,2,8,7,WSI U13,,15,20172018,Czech Selects U13,,,,,,,,,,
8484222,0,2,5,3,QC Int PW,4,3,20172018,Czech Knights,,,,,,,,,,
8484222,33,2,38,21,Czechia U16,4,54,20182019,HC Kometa Brno U16,,,,,,,,,,
8484222,0,2,6,3,MMCR,2,3,20182019,Jihomoravsky kraj U15,,,,,,,,,,
8484222,1,3,7,4,Czechia U16,10,5,20182019,HC Kometa Brno U16,,,,,,,,,,
8484222,5,2,6,3,ODM,2,8,20192020,Jihomoravsky kraj U15,,,,,,,,,,
8484222,24,2,39,27,Czechia U17,8,51,20192020,HC Kometa Brno U17,,,,,,,,,,
8484222,0,2,7,2,U18 SM-sarja,0,2,20202021,Ilves U18,,,,,,,,,,
8484222,2,2,8,4,Czechia U20,0,6,20202021,HC Kometa Brno U20,,,,,,,,,,
8484222,3,2,1,0,Czechia U17,0,3,20202021,HC Kometa Brno U17,,,,,,,,,,
8484222,1,2,10,2,Czechia,2,3,20212022,HC Kometa Brno,,,,,,,,,,
8484222,8,2,6,1,WJC-18,0,9,20212022,Czechia U18,,,,,,,,,,
8484222,47,2,39,42,Czechia U20,56,89,20212022,HC Kometa Brno U20,,,,,,,,,,
8484222,6,2,4,2,EYOF,0,8,20212022,Czechia U18,,,,,,,,,,
8484222,2,2,4,1,Hlinka Gretzky Cup,2,3,20212022,Czechia U18,,,,,,,,,,
8484222,5,3,5,5,Czechia U20,0,10,20212022,HC Kometa Brno U20,,,,,,,,,,
8484222,7,2,43,7,Czechia,2,14,20222023,HC Kometa Brno,,,,,,,,,,
8484222,2,2,5,4,WJC-18,4,6,20222023,Czechia U18,,,,,,,,,,
8484222,5,2,7,1,WJC-20,2,6,20222023,Czechia U20,,,,,,,,,,
8484222,2,2,5,4,Hlinka Gretzky Cup,0,6,20222023,Czechia U18,,,,,,,,,,
8484222,0,3,6,0,Czechia,0,0,20222023,HC Kometa Brno,,,,,,,,,,
8484222,13,2,25,7,OHL,6,20,20232024,Barrie Colts,,,,,,,,,,
8484222,10,2,24,8,OHL,2,18,20232024,Kitchener Rangers,,,,,,,,,,
8484222,4,2,7,3,WJC-20,0,7,20232024,Czechia U20,,,,,,,,,,
8484222,7,3,10,5,OHL,8,12,20232024,Kitchener Rangers,,,,,,,,,,
8484222,2,2,7,6,WJC-20,4,8,20242025,Czechia U20,,,,,,,,,,
8484222,15,2,51,6,AHL,14,21,20242025,Coachella Valley Firebirds,,,,,,,,,,
8484222,0,3,3,0,AHL,0,0,20242025,Coachella Valley Firebirds,,,,,,,,,,
8484224,1,2,6,2,Brick Invitational,0,3,20142015,Team Brick Alberta,,,,,,,,,,
8484224,0,3,1,0,Brick Invitational,2,0,20142015,Team Brick Alberta,,,,,,,,,,
8484224,4,2,9,8,WSI U12,4,12,20162017,West Coast Selects U12,,,,,,,,,,
8484224,4,2,7,13,WSI U13,,17,20172018,West Coast Selects U13,,,,,,,,,,
8484224,10,2,16,8,MNHP 14U,0,18,20182019,MN Lakers 14U AAA,,,,,,,,,,
8484224,51,2,54,32,14U AAA,61,83,20192020,Shattuck St. Mary's 14U AAA,,,,,,,,,,
8484224,46,2,47,14,16U AAA,58,60,20202021,Shattuck St. Mary's 16U AAA,,,,,,,,,,
8484224,23,2,52,10,NTDP,62,33,20212022,U.S. National U17 Team,,,,,,,,,,
8484224,14,2,35,8,USHL,50,22,20212022,USNTDP Juniors,,,,,,,,,,
8484224,40,2,58,18,WHL,68,58,20222023,Seattle Thunderbirds,,,,,,,,,,
8484224,0,2,5,0,Memorial Cup,2,0,20222023,Seattle Thunderbirds,,,,,,,,,,
8484224,8,3,17,3,WHL,8,11,20222023,Seattle Thunderbirds,,,,,,,,,,
8484224,15,2,17,6,WHL,13,21,20232024,Seattle Thunderbirds,,,,,,,,,,
8484224,30,2,37,13,WHL,31,43,20232024,Edmonton Oil Kings,,,,,,,,,,
8484224,48,2,54,30,WHL,76,78,20242025,Edmonton Oil Kings,,,,,,,,,,
8484224,6,3,7,2,WHL,8,8,20242025,Edmonton Oil Kings,,,,,,,,,,
8484227,3,2,6,5,Brick Invitational,2,8,20142015,Boston Jr. Bruins,,,,,,,,,,
8484227,0,3,1,0,Brick Invitational,0,0,20142015,Boston Jr. Bruins,,,,,,,,,,
8484227,8,2,6,6,QC Int PW,2,14,20172018,Boston Jr. Eagles,,,,,,,,,,
8484227,2,2,4,2,WJC-18,0,4,20212022,USA U18,,,,,,,,,,
8484227,13,2,28,14,NTDP,20,27,20212022,U.S. National U18 Team,,,,,,,,,,
8484227,20,2,35,17,NTDP,8,37,20212022,U.S. National U17 Team,,,,,,,,,,
8484227,14,2,36,14,USHL,28,28,20212022,USNTDP Juniors,,,,,,,,,,
8484227,11,2,7,9,WJC-18,2,20,20222023,USA U18,,,,,,,,,,
8484227,76,2,60,51,NTDP,28,127,20222023,U.S. National U18 Team,,,,,,,,,,
8484227,27,2,20,15,USHL,20,42,20222023,USNTDP Juniors,,,,,,,,,,
8484227,46,2,41,25,NCAA,14,71,20232024,Boston College,,,,,,,,,,
8484227,0,2,5,0,WC,0,0,20232024,USA,,,,,,,,,,
8484227,5,2,7,4,WJC-20,0,9,20232024,USA U20,,,,,,,,,,
8484227,1,2,1,1,International,0,2,20232024,Team USA,,,,,,,,,,
8484227,27,2,74,18,NHL,18,45,20242025,San Jose Sharks,,,,,,,,,,
8484236,3,2,6,2,Brick Invitational,2,5,20142015,Toronto Pro Hockey,,,,,,,,,,
8484236,1,3,1,0,Brick Invitational,0,1,20142015,Toronto Pro Hockey,,,,,,,,,,
8484236,3,2,3,0,HEO U14,2,3,20172018,Eastern Ontario Wild U14 AAA,,,,,,,,,,
8484236,0,3,1,0,HEO U14,0,0,20172018,Eastern Ontario Wild U14 AAA,,,,,,,,,,
8484236,14,2,33,14,GTHL U15,8,28,20192020,Toronto Titans U15 AAA,,,,,,,,,,
8484236,14,2,62,10,OHL,20,24,20212022,Erie Otters,,,,,,,,,,
8484236,3,2,5,0,USA-S16,0,3,20212022,Team White,,,,,,,,,,
8484236,17,2,67,30,OHL,22,47,20222023,Erie Otters,,,,,,,,,,
8484236,4,2,7,2,WJC-18,0,6,20222023,USA U18,,,,,,,,,,
8484236,6,2,8,3,NTDP,2,9,20222023,U.S. National U18 Team,,,,,,,,,,
8484236,2,2,4,1,Hlinka Gretzky Cup,0,3,20222023,USA U18,,,,,,,,,,
8484236,0,2,4,1,USA-S17,0,1,20222023,Team Red,,,,,,,,,,
8484236,23,2,56,29,OHL,25,52,20232024,Erie Otters,,,,,,,,,,
8484236,2,3,6,2,OHL,4,4,20232024,Erie Otters,,,,,,,,,,
8484236,19,2,45,20,OHL,14,39,20242025,Erie Otters,,,,,,,,,,
8484236,0,2,7,2,WJC-20,6,2,20242025,USA U20,,,,,,,,,,
8484241,2,2,6,1,Brick Invitational,0,3,20142015,BC Junior Canucks,,,,,,,,,,
8484241,0,3,1,0,Brick Invitational,0,0,20142015,BC Junior Canucks,,,,,,,,,,
8484241,31,2,30,40,CSSHL U15,6,71,20192020,North Shore Warriors U15 Prep,,,,,,,,,,
8484241,5,3,2,2,CSSHL U15,0,7,20192020,North Shore Warriors U15 Prep,,,,,,,,,,
8484241,8,2,18,5,BCHL,4,13,20202021,Victoria Grizzlies,,,,,,,,,,
8484241,0,2,4,2,WJC-18,0,2,20212022,Canada U18,,,,,,,,,,
8484241,40,2,46,45,BCHL,33,85,20212022,Victoria Grizzlies,,,,,,,,,,
8484241,3,3,5,2,BCHL,10,5,20212022,Victoria Grizzlies,,,,,,,,,,
8484241,23,2,35,11,NCAA,4,34,20222023,Univ. of Connecticut,,,,,,,,,,
8484241,6,2,7,7,WJC-18,6,13,20222023,Canada U18,,,,,,,,,,
8484241,3,2,5,2,Hlinka Gretzky Cup,0,5,20222023,Canada U18,,,,,,,,,,
8484241,12,2,35,16,NCAA,43,28,20232024,Univ. of Connecticut,,,,,,,,,,
8484241,2,2,5,2,WJC-20,0,4,20232024,Canada U20,,,,,,,,,,
8484241,1,2,6,0,NHL,2,1,20242025,Nashville Predators,,,,,,,,,,
8484241,22,2,39,17,NCAA,16,39,20242025,Univ. of Minnesota,,,,,,,,,,
8484242,6,2,6,3,Brick Invitational,0,9,20142015,Saskatchewan Jr. Pats,,,,,,,,,,
8484242,2,3,3,2,Brick Invitational,0,4,20142015,Saskatchewan Jr. Pats,,,,,,,,,,
8484242,24,2,31,35,SAAHL U15,38,59,20172018,Martensville Marauders U15 AA,,,,,,,,,,
8484242,2,3,2,5,SAAHL U15,0,7,20172018,Martensville Marauders U15 AA,,,,,,,,,,
8484242,59,2,31,44,SAAHL U15,22,103,20182019,Martensville Marauders U15 AA,,,,,,,,,,
8484242,15,3,9,13,SAAHL U15,4,28,20182019,Martensville Marauders U15 AA,,,,,,,,,,
8484242,24,2,44,18,SMAAAHL,16,42,20192020,Saskatoon Contacts U18 AAA,,,,,,,,,,
8484242,6,3,6,2,SMAAAHL,2,8,20192020,Saskatoon Contacts U18 AAA,,,,,,,,,,
8484242,11,2,24,7,WHL,4,18,20202021,Moose Jaw Warriors,,,,,,,,,,
8484242,7,2,6,4,SMAAAHL,8,11,20202021,Saskatoon Contacts U18 AAA,,,,,,,,,,
8484242,25,2,63,34,WHL,18,59,20212022,Moose Jaw Warriors,,,,,,,,,,
8484242,4,3,10,3,WHL,8,7,20212022,Moose Jaw Warriors,,,,,,,,,,
8484242,50,2,67,28,WHL,14,78,20222023,Moose Jaw Warriors,,,,,,,,,,
8484242,4,2,5,5,Hlinka Gretzky Cup,0,9,20222023,Canada U18,,,,,,,,,,
8484242,10,3,10,6,WHL,2,16,20222023,Moose Jaw Warriors,,,,,,,,,,
8484242,60,2,57,35,WHL,20,95,20232024,Moose Jaw Warriors,,,,,,,,,,
8484242,3,2,4,3,Memorial Cup,2,6,20232024,Moose Jaw Warriors,,,,,,,,,,
8484242,3,2,5,2,WJC-20,2,5,20232024,Canada U20,,,,,,,,,,
8484242,16,3,20,11,WHL,12,27,20232024,Moose Jaw Warriors,,,,,,,,,,
8484242,19,2,21,11,WHL,4,30,20242025,Moose Jaw Warriors,,,,,,,,,,
8484242,38,2,33,14,WHL,18,52,20242025,Lethbridge Hurricanes,,,,,,,,,,
8484242,3,2,5,0,WJC-20,0,3,20242025,Canada U20,,,,,,,,,,
8484242,6,3,16,8,WHL,2,14,20242025,Lethbridge Hurricanes,,,,,,,,,,
8484243,20,2,36,33,AMBHL,38,53,20172018,PAC Saints U15 AAA,,,,,,,,,,
8484243,1,2,1,0,AMMHL,0,1,20172018,PAC Saints U17 AAA,,,,,,,,,,
8484243,5,3,9,7,AMBHL,0,12,20172018,PAC Saints U15 AAA,,,,,,,,,,
8484243,39,2,29,37,CSSHL U15,16,76,20182019,OHA Edmonton U15 Prep,,,,,,,,,,
8484243,1,3,4,5,CSSHL U15,4,6,20182019,OHA Edmonton U15 Prep,,,,,,,,,,
8484243,0,2,2,0,WHL,0,0,20192020,Prince George Cougars,,,,,,,,,,
8484243,11,2,26,15,AMHL,18,26,20192020,St. Albert Raiders U18 AAA,,,,,,,,,,
8484243,0,2,3,2,AJHL,0,2,20192020,Whitecourt Wolverines,,,,,,,,,,
8484243,6,3,6,5,AMHL,0,11,20192020,St. Albert Raiders U18 AAA,,,,,,,,,,
8484243,3,2,22,9,WHL,4,12,20202021,Prince George Cougars,,,,,,,,,,
8484243,5,2,3,4,AEHL U18,2,9,20202021,St. Albert Raiders U18 AAA,,,,,,,,,,
8484243,27,2,68,30,WHL,32,57,20212022,Prince George Cougars,,,,,,,,,,
8484243,2,3,4,0,WHL,11,2,20212022,Prince George Cougars,,,,,,,,,,
8484243,48,2,68,41,WHL,43,89,20222023,Prince George Cougars,,,,,,,,,,
8484243,4,3,10,3,WHL,7,7,20222023,Prince George Cougars,,,,,,,,,,
8484243,20,2,23,11,WHL,11,31,20232024,Prince George Cougars,,,,,,,,,,
8484243,6,3,15,4,WHL,12,10,20232024,Prince George Cougars,,,,,,,,,,
8484243,34,2,61,37,WHL,44,71,20242025,Prince George Cougars,,,,,,,,,,
8484243,0,2,3,0,AHL,0,0,20242025,Ontario Reign,,,,,,,,,,
8484243,4,3,7,3,WHL,7,7,20242025,Prince George Cougars,,,,,,,,,,
8484248,0,2,2,1,QC Int PW,0,1,20112012,Victory Honda Peewee,,,,,,,,,,
8484248,4,2,18,7,HPHL 16U,16,11,20152016,Honeybaked 16U AAA,,,,,,,,,,
8484248,0,2,1,0,USDP,0,0,20162017,U.S. National U18 Team,,,,,,,,,,
8484248,0,2,2,0,USHL,2,0,20162017,Youngstown Phantoms,,,,,,,,,,
8484248,24,2,31,17,T1EHL 18U,91,41,20162017,Victory Honda 18U AAA,,,,,,,,,,
8484248,3,3,5,2,T1EHL 18U,18,5,20162017,Victory Honda 18U AAA,,,,,,,,,,
8484248,3,2,28,2,USHL,26,5,20172018,Muskegon Lumberjacks,,,,,,,,,,
8484248,0,2,9,0,USHL,8,0,20172018,Youngstown Phantoms,,,,,,,,,,
8484248,0,3,3,0,USHL,2,0,20172018,Muskegon Lumberjacks,,,,,,,,,,
8484248,17,2,53,10,USHL,147,27,20182019,Muskegon Lumberjacks,,,,,,,,,,
8484248,2,3,8,4,USHL,22,6,20182019,Muskegon Lumberjacks,,,,,,,,,,
8484248,5,2,36,2,NCAA,35,7,20192020,Michigan State Univ.,,,,,,,,,,
8484248,1,2,26,4,NCAA,41,5,20202021,Michigan State Univ.,,,,,,,,,,
8484248,6,2,36,2,NCAA,68,8,20212022,Michigan State Univ.,,,,,,,,,,
8484248,0,2,7,0,AHL,15,0,20222023,Wilkes-Barre/Scranton Penguins,,,,,,,,,,
8484248,11,2,37,13,NCAA,92,24,20222023,Michigan State Univ.,,,,,,,,,,
8484248,15,2,63,10,AHL,93,25,20232024,Wilkes-Barre/Scranton Penguins,,,,,,,,,,
8484248,0,3,2,0,AHL,0,0,20232024,Wilkes-Barre/Scranton Penguins,,,,,,,,,,
8484248,4,2,24,1,AHL,76,5,20242025,Rochester Americans,,,,,,,,,,
8484248,1,2,4,0,AHL,2,1,20242025,Wilkes-Barre/Scranton Penguins,,,,,,,,,,
8484248,2,2,8,3,ECHL,4,5,20242025,Wheeling Nailers,,,,,,,,,,
8484253,1,2,4,0,UMHSEHL,4,1,20142015,Team MAP South Hockey,,,,,,,,,,
8484253,8,2,25,3,USHS-MN,14,11,20142015,Hermantown High,,,,,,,,,,
8484253,6,2,5,5,USA-S15,,11,20142015,Team Black,,,,,,,,,,
8484253,3,3,3,0,USHS-MN,2,3,20142015,Hermantown High,,,,,,,,,,
8484253,0,2,5,0,USHL,0,0,20152016,Sioux City Musketeers,,,,,,,,,,
8484253,25,2,24,20,USHS-MN,26,45,20152016,Hermantown High,,,,,,,,,,
8484253,7,2,20,10,UMHSEHL,18,17,20152016,Team The Base,,,,,,,,,,
8484253,2,2,5,2,USA-S16,4,4,20152016,Team Forest,,,,,,,,,,
8484253,0,2,3,0,MNHP-16,,0,20152016,B16 - White (Final 54),,,,,,,,,,
8484253,5,3,3,3,USHS-MN,2,8,20152016,Hermantown High,,,,,,,,,,
8484253,1,3,3,3,UMHSEHL,2,4,20152016,Team The Base,,,,,,,,,,
8484253,36,2,25,27,USHS-MN,36,63,20162017,Hermantown High,,,,,,,,,,
8484253,7,2,20,12,UMHSEHL,28,19,20162017,Team The Base,,,,,,,,,,
8484253,0,2,5,0,USHL,2,0,20162017,Central Illinois Flying Aces,,,,,,,,,,
8484253,2,2,5,2,USA-S17,,4,20162017,Team Red,,,,,,,,,,
8484253,1,2,3,2,MNHP-17,,3,20162017,B17 - Blue (Final 54),,,,,,,,,,
8484253,4,3,3,4,USHS-MN,0,8,20162017,Hermantown High,,,,,,,,,,
8484253,2,3,3,2,UMHSEHL,4,4,20162017,Team The Base,,,,,,,,,,
8484253,13,2,55,8,BCHL,38,21,20172018,Penticton Vees,,,,,,,,,,
8484253,0,3,7,0,BCHL,2,0,20172018,Penticton Vees,,,,,,,,,,
8484253,20,2,51,31,BCHL,24,51,20182019,Penticton Vees,,,,,,,,,,
8484253,3,3,6,1,BCHL,2,4,20182019,Penticton Vees,,,,,,,,,,
8484253,3,2,22,1,NCAA,4,4,20192020,Minnesota State Univ. (Mankato),,,,,,,,,,
8484253,2,2,27,7,NCAA,28,9,20202021,Minnesota State Univ. (Mankato),,,,,,,,,,
8484253,13,2,41,21,NCAA,28,34,20212022,Minnesota State Univ. (Mankato),,,,,,,,,,
8484253,0,2,4,1,AHL,0,1,20222023,Colorado Eagles,,,,,,,,,,
8484253,15,2,38,14,NCAA,33,29,20222023,Minnesota State Univ. (Mankato),,,,,,,,,,
8484253,0,3,1,0,AHL,0,0,20222023,Colorado Eagles,,,,,,,,,,
8484253,3,2,7,3,ECHL,2,6,20232024,Utah Grizzlies,,,,,,,,,,
8484253,3,2,37,6,AHL,18,9,20232024,Colorado Eagles,,,,,,,,,,
8484253,0,3,1,0,AHL,0,0,20232024,Colorado Eagles,,,,,,,,,,
8484253,8,2,50,7,AHL,14,15,20242025,Iowa Wild,,,,,,,,,,
8484253,3,2,3,0,ECHL,0,3,20242025,Iowa Heartlanders,,,,,,,,,,
8484254,40,2,60,19,U15 AAA,43,59,20132014,Calgary Edge School U15 Prep,,,,,,,,,,
8484254,0,2,4,0,CSSHL U18,0,0,20142015,Calgary Edge School U18 Prep,,,,,,,,,,
8484254,15,2,30,12,CSSHL U16,48,27,20142015,Calgary Edge School U16 Prep,,,,,,,,,,
8484254,0,3,3,1,CSSHL U16,4,1,20142015,Calgary Edge School U16 Prep,,,,,,,,,,
8484254,6,2,18,5,MPHL,14,11,20152016,Calgary Edge School U18 Prep,,,,,,,,,,
8484254,15,2,31,12,CSSHL U18,56,27,20152016,Calgary Edge School U18 Prep,,,,,,,,,,
8484254,2,3,3,1,MPHL,2,3,20152016,Calgary Edge School U18 Prep,,,,,,,,,,
8484254,2,3,4,0,CSSHL U18,8,2,20152016,Calgary Edge School U18 Prep,,,,,,,,,,
8484254,8,2,44,2,BCHL,18,10,20162017,Salmon Arm Silverbacks,,,,,,,,,,
8484254,27,2,55,5,BCHL,24,32,20172018,Salmon Arm Silverbacks,,,,,,,,,,
8484254,0,3,4,0,BCHL,4,0,20172018,Salmon Arm Silverbacks,,,,,,,,,,
8484254,25,2,52,4,BCHL,17,29,20182019,Salmon Arm Silverbacks,,,,,,,,,,
8484254,4,3,5,0,BCHL,0,4,20182019,Salmon Arm Silverbacks,,,,,,,,,,
8484254,42,2,57,9,BCHL,18,51,20192020,Salmon Arm Silverbacks,,,,,,,,,,
8484254,3,3,4,0,BCHL,0,3,20192020,Salmon Arm Silverbacks,,,,,,,,,,
8484254,14,2,28,1,NCAA,14,15,20202021,Minnesota State Univ. (Mankato),,,,,,,,,,
8484254,24,2,38,2,NCAA,8,26,20212022,Minnesota State Univ. (Mankato),,,,,,,,,,
8484254,3,2,7,0,NHL,4,3,20222023,Vancouver Canucks,,,,,,,,,,
8484254,23,2,38,4,NCAA,18,27,20222023,Minnesota State Univ. (Mankato),,,,,,,,,,
8484254,0,2,3,0,NHL,0,0,20232024,Vancouver Canucks,,,,,,,,,,
8484254,2,2,33,0,AHL,6,2,20232024,Abbotsford Canucks,,,,,,,,,,
8484254,1,3,6,1,AHL,12,2,20232024,Abbotsford Canucks,,,,,,,,,,
8484254,8,2,34,4,AHL,29,12,20242025,Abbotsford Canucks,,,,,,,,,,
8484254,4,3,16,1,AHL,2,5,20242025,Abbotsford Canucks,,,,,,,,,,
8484255,0,2,4,0,QC Int PW,0,0,20112012,Detroit Little Caesars,,,,,,,,,,
8484255,5,2,19,8,HPHL 13U,20,13,20122013,Honeybaked 13U AAA,,,,,,,,,,
8484255,8,2,16,5,HPHL 14U,0,13,20132014,Honeybaked 14U AAA,,,,,,,,,,
8484255,5,2,26,13,HPHL 16U,4,18,20142015,Compuware 16U AAA,,,,,,,,,,
8484255,13,2,31,21,T1EHL 16U,18,34,20152016,Victory Honda 16U AAA,,,,,,,,,,
8484255,3,2,5,2,USA-S16,0,5,20152016,Team Kelly,,,,,,,,,,
8484255,0,3,4,0,T1EHL 16U,0,0,20152016,Victory Honda 16U AAA,,,,,,,,,,
8484255,5,2,60,8,USHL,12,13,20162017,Cedar Rapids RoughRiders,,,,,,,,,,
8484255,0,2,5,2,USA-S17,,2,20162017,Team Columbia,,,,,,,,,,
8484255,9,2,38,12,USHL,12,21,20172018,Cedar Rapids RoughRiders,,,,,,,,,,
8484255,20,2,59,30,USHL,37,50,20182019,Cedar Rapids RoughRiders,,,,,,,,,,
8484255,4,3,6,5,USHL,4,9,20182019,Cedar Rapids RoughRiders,,,,,,,,,,
8484255,2,2,31,7,NCAA,8,9,20192020,Western Michigan Univ.,,,,,,,,,,
8484255,7,2,23,7,NCAA,4,14,20202021,Western Michigan Univ.,,,,,,,,,,
8484255,10,2,39,16,NCAA,4,26,20212022,Western Michigan Univ.,,,,,,,,,,
8484255,1,2,7,0,AHL,2,1,20222023,Colorado Eagles,,,,,,,,,,
8484255,17,2,39,30,NCAA,13,47,20222023,Western Michigan Univ.,,,,,,,,,,
8484255,0,3,4,0,AHL,2,0,20222023,Colorado Eagles,,,,,,,,,,
8484255,0,2,7,1,NHL,2,1,20232024,Colorado Avalanche,,,,,,,,,,
8484255,6,2,42,4,AHL,21,10,20232024,Colorado Eagles,,,,,,,,,,
8484255,0,3,2,0,AHL,0,0,20232024,Colorado Eagles,,,,,,,,,,
8484255,0,2,2,0,NHL,0,0,20242025,Colorado Avalanche,,,,,,,,,,
8484255,8,2,39,11,AHL,11,19,20242025,Colorado Eagles,,,,,,,,,,
8484255,0,3,7,1,AHL,0,1,20242025,Colorado Eagles,,,,,,,,,,
8484256,2,2,3,0,KIJHL,2,2,20142015,Creston Valley Thunder Cats,,,,,,,,,,
8484256,6,2,40,4,KIJHL,50,10,20152016,Creston Valley Thunder Cats,,,,,,,,,,
8484256,2,3,8,0,KIJHL,4,2,20152016,Creston Valley Thunder Cats,,,,,,,,,,
8484256,0,2,2,0,BCHL,0,0,20162017,Merritt Centennials,,,,,,,,,,
8484256,16,2,20,2,KIJHL,46,18,20162017,Creston Valley Thunder Cats,,,,,,,,,,
8484256,4,2,22,0,BCHL,21,4,20162017,Langley Rivermen,,,,,,,,,,
8484256,0,3,6,0,BCHL,6,0,20162017,Langley Rivermen,,,,,,,,,,
8484256,12,2,53,1,BCHL,85,13,20172018,Langley Rivermen,,,,,,,,,,
8484256,1,3,6,0,BCHL,4,1,20172018,Langley Rivermen,,,,,,,,,,
8484256,28,2,56,10,BCHL,40,38,20182019,Langley Rivermen,,,,,,,,,,
8484256,1,3,7,1,BCHL,8,2,20182019,Langley Rivermen,,,,,,,,,,
8484256,38,2,52,11,BCHL,72,49,20192020,Langley Rivermen,,,,,,,,,,
8484256,4,3,4,0,BCHL,8,4,20192020,Langley Rivermen,,,,,,,,,,
8484256,10,2,28,4,NCAA,16,14,20202021,Minnesota State Univ. (Mankato),,,,,,,,,,
8484256,22,2,44,9,NCAA,32,31,20212022,Minnesota State Univ. (Mankato),,,,,,,,,,
8484256,1,2,5,0,NHL,2,1,20222023,Nashville Predators,,,,,,,,,,
8484256,27,2,39,8,NCAA,30,35,20222023,Minnesota State Univ. (Mankato),,,,,,,,,,
8484256,15,2,68,2,AHL,43,17,20232024,Milwaukee Admirals,,,,,,,,,,
8484256,1,3,2,0,AHL,0,1,20232024,Milwaukee Admirals,,,,,,,,,,
8484256,9,2,59,7,AHL,37,16,20242025,Milwaukee Admirals,,,,,,,,,,
8484256,2,3,6,0,AHL,5,2,20242025,Milwaukee Admirals,,,,,,,,,,
8484257,11,2,25,7,USHS-MN,2,18,20142015,Grand Rapids High,,,,,,,,,,
8484257,0,3,2,0,USHS-MN,0,0,20142015,Grand Rapids High,,,,,,,,,,
8484257,16,2,24,15,USHS-MN,23,31,20152016,Grand Rapids High,,,,,,,,,,
8484257,1,2,9,2,UMHSEHL,0,3,20152016,Team TDS Transportation,,,,,,,,,,
8484257,1,2,10,0,UMHSEHL,0,1,20152016,Team The Base,,,,,,,,,,
8484257,4,3,6,3,USHS-MN,2,7,20152016,Grand Rapids High,,,,,,,,,,
8484257,9,2,23,4,USHL,8,13,20162017,Sioux City Musketeers,,,,,,,,,,
8484257,35,2,25,21,USHS-MN,10,56,20162017,Grand Rapids High,,,,,,,,,,
8484257,0,2,3,1,USHS-MN,2,1,20162017,Sections 4&5 Seniors,,,,,,,,,,
8484257,4,3,13,1,USHL,2,5,20162017,Sioux City Musketeers,,,,,,,,,,
8484257,10,3,6,3,USHS-MN,6,13,20162017,Grand Rapids High,,,,,,,,,,
8484257,12,2,60,24,USHL,22,36,20172018,Sioux City Musketeers,,,,,,,,,,
8484257,3,2,31,4,NCAA,8,7,20182019,St. Cloud State Univ.,,,,,,,,,,
8484257,11,2,31,7,NCAA,12,18,20192020,St. Cloud State Univ.,,,,,,,,,,
8484257,7,2,31,3,NCAA,14,10,20202021,St. Cloud State Univ.,,,,,,,,,,
8484257,9,2,37,10,NCAA,6,19,20212022,St. Cloud State Univ.,,,,,,,,,,
8484257,12,2,41,5,NCAA,18,17,20222023,St. Cloud State Univ.,,,,,,,,,,
8484257,1,2,2,0,AHL,0,1,20222023,Tucson Roadrunners,,,,,,,,,,
8484257,18,2,63,23,ECHL,26,41,20232024,Atlanta Gladiators,,,,,,,,,,
8484257,0,2,3,0,AHL,0,0,20232024,Tucson Roadrunners,,,,,,,,,,
8484257,0,2,2,0,AHL,0,0,20242025,Hershey Bears,,,,,,,,,,
8484257,32,2,69,21,ECHL,14,53,20242025,South Carolina Stingrays,,,,,,,,,,
8484257,3,3,7,0,ECHL,4,3,20242025,South Carolina Stingrays,,,,,,,,,,
8484258,0,2,24,0,USHS-MN,14,0,20142015,Lakeville South High,,,,,,,,,,
8484258,2,3,2,0,USHS-MN,0,2,20142015,Lakeville South High,,,,,,,,,,
8484258,18,2,25,4,USHS-MN,8,22,20152016,Lakeville South High,,,,,,,,,,
8484258,0,3,2,0,USHS-MN,2,0,20152016,Lakeville South High,,,,,,,,,,
8484258,3,2,20,0,UMHSEHL,10,3,20162017,Team MAP South Hockey,,,,,,,,,,
8484258,22,2,24,5,USHS-MN,16,27,20162017,Lakeville South High,,,,,,,,,,
8484258,0,3,2,0,UMHSEHL,0,0,20162017,Team MAP South Hockey,,,,,,,,,,
8484258,2,3,3,1,USHS-MN,0,3,20162017,Lakeville South High,,,,,,,,,,
8484258,1,2,19,2,USHL,4,3,20172018,Cedar Rapids RoughRiders,,,,,,,,,,
8484258,9,2,28,1,NAHL,8,10,20172018,Bismarck Bobcats,,,,,,,,,,
8484258,31,2,59,14,NAHL,24,45,20182019,Bismarck Bobcats,,,,,,,,,,
8484258,0,3,3,0,NAHL,2,0,20182019,Bismarck Bobcats,,,,,,,,,,
8484258,12,2,25,4,NCAA,12,16,20192020,Cornell Univ.,,,,,,,,,,
8484258,18,2,32,5,NCAA,26,23,20212022,Cornell Univ.,,,,,,,,,,
8484258,2,2,7,3,AHL,0,5,20222023,Colorado Eagles,,,,,,,,,,
8484258,18,2,34,8,NCAA,29,26,20222023,Cornell Univ.,,,,,,,,,,
8484258,5,3,7,0,AHL,2,5,20222023,Colorado Eagles,,,,,,,,,,
8484258,7,2,23,3,NHL,6,10,20232024,Colorado Avalanche,,,,,,,,,,
8484258,22,2,46,5,AHL,20,27,20232024,Colorado Eagles,,,,,,,,,,
8484258,2,3,3,0,AHL,0,2,20232024,Colorado Eagles,,,,,,,,,,
8484258,10,2,76,5,NHL,16,15,20242025,Colorado Avalanche,,,,,,,,,,
8484258,1,3,5,0,NHL,4,1,20242025,Colorado Avalanche,,,,,,,,,,
8484259,2,2,8,0,ODM,1,2,20132014,Hlavni mesto Praha U15,,,,,,,,,,
8484259,14,2,27,7,Czechia U18,26,21,20162017,HC Sparta Praha U18,,,,,,,,,,
8484259,0,2,5,3,WHC-17,2,3,20162017,Czechia U17,,,,,,,,,,
8484259,5,2,13,7,T1EHL 16U,4,12,20162017,Oakmoor Academy Patriots 16U AAA,,,,,,,,,,
8484259,1,2,6,3,16U AAA,2,4,20162017,Oakmoor Academy Patriots 16U AAA,,,,,,,,,,
8484259,0,3,4,1,T1EHL 16U,2,1,20162017,Oakmoor Academy Patriots 16U AAA,,,,,,,,,,
8484259,10,2,48,8,NAHL,68,18,20172018,Minot Minotauros,,,,,,,,,,
8484259,0,2,5,0,Ivan Hlinka Memorial,2,0,20172018,Czechia U18,,,,,,,,,,
8484259,4,3,12,2,NAHL,16,6,20172018,Minot Minotauros,,,,,,,,,,
8484259,9,2,58,4,USHL,71,13,20182019,Fargo Force,,,,,,,,,,
8484259,0,3,2,2,USHL,2,2,20182019,Fargo Force,,,,,,,,,,
8484259,9,2,40,11,USHL,51,20,20192020,Fargo Force,,,,,,,,,,
8484259,0,2,5,0,WJC-20,6,0,20192020,Czechia U20,,,,,,,,,,
8484259,4,2,11,0,NCAA,8,4,20202021,Minnesota State Univ. (Mankato),,,,,,,,,,
8484259,10,2,44,12,NCAA,24,22,20212022,Minnesota State Univ. (Mankato),,,,,,,,,,
8484259,0,2,2,0,AHL,0,0,20222023,Colorado Eagles,,,,,,,,,,
8484259,9,2,39,6,NCAA,34,15,20222023,Minnesota State Univ. (Mankato),,,,,,,,,,
8484259,2,3,4,0,AHL,0,2,20222023,Colorado Eagles,,,,,,,,,,
8484259,0,2,2,0,NHL,2,0,20232024,Colorado Avalanche,,,,,,,,,,
8484259,4,2,61,6,AHL,37,10,20232024,Colorado Eagles,,,,,,,,,,
8484259,0,3,2,0,AHL,0,0,20232024,Colorado Eagles,,,,,,,,,,
8484259,10,2,43,8,AHL,49,18,20242025,Milwaukee Admirals,,,,,,,,,,
8484259,2,2,14,0,AHL,16,2,20242025,Colorado Eagles,,,,,,,,,,
8484259,0,3,2,0,AHL,0,0,20242025,Milwaukee Admirals,,,,,,,,,,
8484262,3,2,18,0,HPHL 13U,14,3,20122013,Honeybaked 13U AAA,,,,,,,,,,
8484262,7,2,17,0,HPHL 14U,8,7,20132014,Honeybaked 14U AAA,,,,,,,,,,
8484262,8,2,23,0,HPHL 16U,6,8,20152016,Honeybaked 16U AAA,,,,,,,,,,
8484262,4,2,38,2,USHL,33,6,20162017,Muskegon Lumberjacks,,,,,,,,,,
8484262,1,2,5,0,USA-S17,,1,20162017,Team Columbia,,,,,,,,,,
8484262,0,3,4,0,USHL,0,0,20162017,Muskegon Lumberjacks,,,,,,,,,,
8484262,0,2,3,0,USHL,0,0,20172018,Muskegon Lumberjacks,,,,,,,,,,
8484262,10,2,53,4,USHL,84,14,20172018,Omaha Lancers,,,,,,,,,,
8484262,0,3,4,0,USHL,2,0,20172018,Omaha Lancers,,,,,,,,,,
8484262,26,2,58,3,USHL,53,29,20182019,Omaha Lancers,,,,,,,,,,
8484262,0,2,6,0,WJAC-19,2,0,20182019,USA U19,,,,,,,,,,
8484262,10,2,29,2,NCAA,29,12,20192020,Cornell Univ.,,,,,,,,,,
8484262,13,2,32,3,NCAA,40,16,20212022,Cornell Univ.,,,,,,,,,,
8484262,0,2,6,0,AHL,7,0,20222023,Bridgeport Islanders,,,,,,,,,,
8484262,13,2,34,6,NCAA,20,19,20222023,Cornell Univ.,,,,,,,,,,
8484262,3,2,34,1,AHL,36,4,20232024,Bridgeport Islanders,,,,,,,,,,
8484262,9,2,65,4,AHL,101,13,20242025,Bridgeport Islanders,,,,,,,,,,
8484268,,2,28,,U17-Elit,,,20152016,Gottéron U17,15,9,2.51,,3,,2,70,1672:29,
8484268,,3,5,,U17-Elit,,,20152016,Gottéron U17,1,2,3.15,,2,,0,17,324:02,
8484268,,2,1,,WJC-18,,,20162017,Belarus U18,0,1,37.5,0.6,,5,0,2,3:12,
8484268,,2,4,,Belarus Vysshaya,,,20162017,Team Belarus U18,,,4.22,,,,,,,
8484268,,2,21,,Belarus Vysshaya,,,20162017,Team Belarus U17,,,3.83,,,,,,,
8484268,,2,4,,WJC-18,,,20172018,Belarus U18,1,2,5.3,0.853,,109,0,16,180:59,
8484268,,2,21,,Belarus Vysshaya,,,20172018,Team Belarus U18,,,2.06,,,,,,,
8484268,,2,10,,Belarus,,,20172018,Team Belarus U20,3,4,2.87,0.91,,256,0,23,480:35,
8484268,,3,1,,Belarus Vysshaya,,,20172018,Team Belarus U18,,,7.7,,,,,,,
8484268,,2,3,,WJC-20 D1A,,,20182019,Belarus U20,1,1,2.56,0.881,,59,0,7,164:13,
8484268,,2,42,,Belarus,,,20182019,Team Belarus U20,5,28,3.8,0.891,0,1167,0,127,2003:45,
8484268,,3,4,,Belarus,,,20182019,Team Belarus U20,0,4,5.11,0.863,0,124,0,17,199:45,
8484268,,2,6,,KHL,,,20192020,Dinamo Minsk,2,2,3.64,0.868,0,136,0,18,296:28,
8484268,,2,3,,WJC-20 D1A,,,20192020,Belarus U20,1,1,3.42,0.875,,64,0,8,140:13,
8484268,,2,12,,Belarus,,,20192020,Dinamo-Molodechno,7,5,1.93,0.922,,245,1,19,591:00,
8484268,,3,2,,Belarus,,,20192020,Dinamo-Molodechno,1,1,4.29,0.87,,23,0,3,42:00,
8484268,,2,3,,KHL,,,20202021,Dinamo Minsk,0,3,2.71,0.897,0,78,0,8,176:58,
8484268,,2,28,,Belarus,,,20202021,Dinamo-Molodechno,16,12,2.16,0.916,,711,3,60,1669:00,
8484268,,3,4,,Belarus,,,20202021,Dinamo-Molodechno,2,2,2.49,0.926,,121,0,9,217:00,
8484268,,2,34,,HockeyAllsvenskan,,,20212022,Södertälje SK,11,21,3.27,0.899,,1048,1,106,1946:55,
8484268,,3,6,,HockeyAllsvenskan,,,20212022,Södertälje SK,4,2,1.57,0.951,,204,2,10,382:33,
8484268,,2,45,,HockeyAllsvenskan,,,20222023,Södertälje SK,28,17,2.1,0.924,,1223,4,93,2652:53,
8484268,,3,6,,HockeyAllsvenskan,,,20222023,Södertälje SK,2,4,2.43,0.92,,187,0,15,370:30,
8484268,,2,35,,AHL,,,20232024,Abbotsford Canucks,20,13,2.83,0.905,1,1007,0,96,2038:31,
8484268,0,2,2,0,NHL,0,,20242025,Vancouver Canucks,1,1,2.151823,0.884615,0,26,0,3,83:39,
8484268,,2,36,,AHL,,,20242025,Abbotsford Canucks,20,14,2.66,0.902,2,924,4,91,2052:13,
8484268,,3,1,,AHL,,,20242025,Abbotsford Canucks,0,1,2.68,0.913,2,23,0,2,44:45,
8484271,21,2,25,25,ALLIANCE U18,11,46,20172018,London Jr. Knights U18 AAA,,,,,,,,,,
8484271,4,3,7,3,ALLIANCE U18,0,7,20172018,London Jr. Knights U18 AAA,,,,,,,,,,
8484271,12,2,31,7,GOJHL,4,19,20182019,London Nationals,,,,,,,,,,
8484271,14,2,16,4,GOJHL,10,18,20182019,Komoka Kings,,,,,,,,,,
8484271,4,3,12,4,GOJHL,4,8,20182019,Komoka Kings,,,,,,,,,,
8484271,9,2,19,8,AJHL,4,17,20192020,Brooks Bandits,,,,,,,,,,
8484271,8,2,37,5,BCHL,14,13,20192020,Prince George Spruce Kings,,,,,,,,,,
8484271,8,2,20,5,AJHL,2,13,20202021,Brooks Bandits,,,,,,,,,,
8484271,82,2,60,57,AJHL,38,139,20212022,Brooks Bandits,,,,,,,,,,
8484271,19,3,13,10,AJHL,20,29,20212022,Brooks Bandits,,,,,,,,,,
8484271,4,2,4,1,AHL,0,5,20222023,Charlotte Checkers,,,,,,,,,,
8484271,36,2,39,13,NCAA,14,49,20222023,Western Michigan Univ.,,,,,,,,,,
8484271,1,3,3,1,AHL,2,2,20222023,Charlotte Checkers,,,,,,,,,,
8484271,11,2,37,8,AHL,16,19,20232024,Charlotte Checkers,,,,,,,,,,
8484271,8,2,16,7,AHL,2,15,20242025,Charlotte Checkers,,,,,,,,,,
8484275,117,2,62,122,VIBHL,,239,20132014,Cowichan Valley Capitals U15 A1,,,,,,,,,,
8484275,1,2,1,0,BCHL,0,1,20142015,Cowichan Valley Capitals,,,,,,,,,,
8484275,25,2,40,21,BCEHL U18,24,46,20142015,South Island Royals U18 AAA,,,,,,,,,,
8484275,0,3,1,0,BCEHL U18,0,0,20142015,South Island Royals U18 AAA,,,,,,,,,,
8484275,1,2,5,0,BCHL,0,1,20152016,Cowichan Valley Capitals,,,,,,,,,,
8484275,24,2,36,34,CSSHL U18,32,58,20152016,Shawnigan Lake School U18 Prep,,,,,,,,,,
8484275,0,3,3,3,CSSHL U18,4,3,20152016,Shawnigan Lake School U18 Prep,,,,,,,,,,
8484275,18,2,56,13,BCHL,25,31,20162017,Powell River Kings,,,,,,,,,,
8484275,4,3,11,2,BCHL,6,6,20162017,Powell River Kings,,,,,,,,,,
8484275,38,2,58,29,BCHL,22,67,20172018,Powell River Kings,,,,,,,,,,
8484275,9,3,16,11,BCHL,6,20,20172018,Powell River Kings,,,,,,,,,,
8484275,4,2,15,11,BCHL,4,15,20182019,Powell River Kings,,,,,,,,,,
8484275,3,3,12,4,BCHL,2,7,20182019,Powell River Kings,,,,,,,,,,
8484275,10,2,27,7,NCAA,4,17,20192020,Cornell Univ.,,,,,,,,,,
8484275,9,2,26,14,NCAA,6,23,20212022,Cornell Univ.,,,,,,,,,,
8484275,17,2,34,11,NCAA,8,28,20222023,Cornell Univ.,,,,,,,,,,
8484275,1,2,2,0,AHL,0,1,20222023,Texas Stars,,,,,,,,,,
8484275,3,2,30,1,AHL,6,4,20232024,Texas Stars,,,,,,,,,,
8484275,0,3,7,0,AHL,2,0,20232024,Texas Stars,,,,,,,,,,
8484275,20,2,47,20,ECHL,30,40,20242025,Kalamazoo Wings,,,,,,,,,,
8484275,0,2,4,2,AHL,4,2,20242025,Abbotsford Canucks,,,,,,,,,,
8484276,31,2,51,32,U15 A1,22,63,20142015,Victoria Racquet Club U15 A1,,,,,,,,,,
8484276,14,2,40,9,BCEHL U18,44,23,20152016,North Island Silvertips U18 AAA,,,,,,,,,,
8484276,0,2,10,0,BCHL,0,0,20162017,Alberni Valley Bulldogs,,,,,,,,,,
8484276,18,2,37,22,BCEHL U18,36,40,20162017,North Island Silvertips U18 AAA,,,,,,,,,,
8484276,22,2,58,20,BCHL,24,42,20172018,Alberni Valley Bulldogs,,,,,,,,,,
8484276,2,3,7,0,BCHL,4,2,20172018,Alberni Valley Bulldogs,,,,,,,,,,
8484276,32,2,57,20,BCHL,49,52,20182019,Alberni Valley Bulldogs,,,,,,,,,,
8484276,2,3,4,1,BCHL,0,3,20182019,Alberni Valley Bulldogs,,,,,,,,,,
8484276,7,2,34,10,NCAA,35,17,20192020,Canisius College,,,,,,,,,,
8484276,9,2,17,9,NCAA,4,18,20202021,Canisius College,,,,,,,,,,
8484276,15,2,30,11,NCAA,20,26,20212022,Canisius College,,,,,,,,,,
8484276,20,2,42,16,NCAA,30,36,20222023,Canisius College,,,,,,,,,,
8484276,0,2,2,0,AHL,0,0,20222023,Texas Stars,,,,,,,,,,
8484276,18,2,48,24,ECHL,30,42,20232024,Idaho Steelheads,,,,,,,,,,
8484276,0,2,19,4,AHL,8,4,20232024,Texas Stars,,,,,,,,,,
8484276,5,3,10,4,ECHL,6,9,20232024,Idaho Steelheads,,,,,,,,,,
8484276,30,2,53,19,ECHL,24,49,20242025,Utah Grizzlies,,,,,,,,,,
8484276,0,2,13,0,AHL,6,0,20242025,Colorado Eagles,,,,,,,,,,
8484280,18,2,32,10,T1EHL 18U,22,28,20162017,Belle Tire 18U AAA,,,,,,,,,,
8484280,1,2,7,2,NAHL,0,3,20162017,Amarillo Bulls,,,,,,,,,,
8484280,1,3,4,2,T1EHL 18U,4,3,20162017,Belle Tire 18U AAA,,,,,,,,,,
8484280,23,2,59,17,USHL,22,40,20172018,Omaha Lancers,,,,,,,,,,
8484280,1,3,4,2,USHL,2,3,20172018,Omaha Lancers,,,,,,,,,,
8484280,10,2,16,8,USHL,6,18,20182019,Omaha Lancers,,,,,,,,,,
8484280,26,2,36,13,USHL,14,39,20182019,Tri-City Storm,,,,,,,,,,
8484280,1,3,6,4,USHL,6,5,20182019,Tri-City Storm,,,,,,,,,,
8484280,8,2,28,5,NCAA,19,13,20202021,Minnesota State Univ. (Mankato),,,,,,,,,,
8484280,31,2,44,13,NCAA,20,44,20212022,Minnesota State Univ. (Mankato),,,,,,,,,,
8484280,19,2,39,9,NCAA,15,28,20222023,Minnesota State Univ. (Mankato),,,,,,,,,,
8484280,2,2,3,1,AHL,0,3,20222023,Lehigh Valley Phantoms,,,,,,,,,,
8484280,0,3,3,0,AHL,0,0,20222023,Lehigh Valley Phantoms,,,,,,,,,,
8484280,12,2,57,6,AHL,43,18,20232024,Lehigh Valley Phantoms,,,,,,,,,,
8484280,2,3,6,0,AHL,12,2,20232024,Lehigh Valley Phantoms,,,,,,,,,,
8484280,9,2,61,10,AHL,30,19,20242025,Lehigh Valley Phantoms,,,,,,,,,,
8484287,0,2,2,0,QC Int PW,0,0,20132014,St. Louis Jr. Blues,,,,,,,,,,
8484287,4,2,11,3,T1EHL 14U,4,7,20152016,St. Louis AAA Blues 14U,,,,,,,,,,
8484287,0,3,4,2,T1EHL 14U,0,2,20152016,St. Louis AAA Blues 14U,,,,,,,,,,
8484287,8,2,32,4,T1EHL 16U,8,12,20162017,St. Louis AAA Blues 16U AAA,,,,,,,,,,
8484287,0,3,4,0,T1EHL 16U,4,0,20162017,St. Louis AAA Blues 16U AAA,,,,,,,,,,
8484287,0,2,1,0,USHL,0,0,20172018,Tri-City Storm,,,,,,,,,,
8484287,22,2,36,7,T1EHL 16U,10,29,20172018,St. Louis AAA Blues 16U AAA,,,,,,,,,,
8484287,1,2,5,1,USA-S16,,2,20172018,Team Grey,,,,,,,,,,
8484287,11,2,14,10,USHS-MO,16,21,20172018,Westminster Christian Acad,,,,,,,,,,
8484287,7,3,6,4,USHS-MO,0,11,20172018,Westminster Christian Acad,,,,,,,,,,
8484287,5,2,48,1,USHL,31,6,20182019,Tri-City Storm,,,,,,,,,,
8484287,1,2,5,0,USA-S17,0,1,20182019,Team Kelly,,,,,,,,,,
8484287,1,3,6,0,USHL,2,1,20182019,Tri-City Storm,,,,,,,,,,
8484287,10,2,48,8,USHL,16,18,20192020,Tri-City Storm,,,,,,,,,,
8484287,19,2,52,14,USHL,54,33,20202021,Tri-City Storm,,,,,,,,,,
8484287,1,3,3,1,USHL,2,2,20202021,Tri-City Storm,,,,,,,,,,
8484287,12,2,36,4,NCAA,2,16,20212022,Ohio State Univ.,,,,,,,,,,
8484287,0,2,5,1,NHL,0,1,20222023,Vancouver Canucks,,,,,,,,,,
8484287,12,2,39,9,NCAA,8,21,20222023,Ohio State Univ.,,,,,,,,,,
8484287,0,2,1,0,NHL,0,0,20232024,Vancouver Canucks,,,,,,,,,,
8484287,13,2,57,4,AHL,16,17,20232024,Abbotsford Canucks,,,,,,,,,,
8484287,1,3,6,0,AHL,2,1,20232024,Abbotsford Canucks,,,,,,,,,,
8484287,20,2,67,6,AHL,16,26,20242025,Abbotsford Canucks,,,,,,,,,,
8484287,1,3,12,1,AHL,2,2,20242025,Abbotsford Canucks,,,,,,,,,,
8484290,,2,18,,ALLIANCE U16,,,20172018,Sun County Panthers U16 AAA,,,,,,,,,,
8484290,,3,8,,ALLIANCE U16,,,20172018,Sun County Panthers U16 AAA,,,,,,,,,,
8484290,,2,1,,GOJHL,,,20182019,Leamington Flyers,0,0,3.94,0.857,0,14,0,2,30:28,
8484290,,2,17,,ALLIANCE U18,,,20182019,Windsor Jr. Spitfires U18 AAA,,,1.96,,,,2,33,1010:00,
8484290,,3,7,,ALLIANCE U18,,,20182019,Windsor Jr. Spitfires U18 AAA,,,3.05,,,,0,20,394:00,
8484290,,2,13,,OHL,,,20192020,Owen Sound Attack,6,4,2.88,0.909,1,363,1,33,687:08,
8484290,,2,45,,OHL,,,20212022,Owen Sound Attack,24,13,3.01,0.901,5,1274,3,126,2510:57,
8484290,,3,7,,OHL,,,20212022,Owen Sound Attack,3,4,3.02,0.925,0,267,1,20,396:44,
8484290,,2,35,,OHL,,,20222023,Owen Sound Attack,14,16,3.96,0.873,2,979,0,124,1879:46,
8484290,,3,1,,OHL,,,20222023,Owen Sound Attack,0,0,4.5,0.88,0,25,0,3,40:00,
8484290,,2,18,,USports,,,20232024,Dalhousie Univ.,3,14,5.47,0.868,0,666,,88,965:56,
8484290,,2,15,,USports,,,20242025,Dalhousie Univ.,2,11,5.28,0.887,0,604,,68,773:14,
8484292,,2,25,,ALLIANCE U16,,,20172018,Waterloo Wolves U16 AAA,,,,,,,,,,
8484292,,3,8,,ALLIANCE U16,,,20172018,Waterloo Wolves U16 AAA,,,,,,,,,,
8484292,,2,28,,GOJHL,,,20182019,Kitchener-Waterloo Siskins,19,7,2.69,0.915,0,845,2,72,1608:07,
8484292,,3,27,,GOJHL,,,20182019,Kitchener-Waterloo Siskins,20,6,2.85,0.909,0,814,1,74,1555:26,
8484292,,2,2,,OHL,,,20192020,London Knights,1,1,2.86,0.867,0,30,0,4,83:59,
8484292,,2,26,,GOJHL,,,20192020,St. Thomas Stars,8,16,4.59,0.874,1,905,0,114,1490:22,
8484292,,2,3,,OHL,,,20212022,London Knights,0,2,3.03,0.91,0,67,0,6,118:57,
8484292,,2,26,,OHL,,,20212022,Windsor Spitfires,19,3,3.34,0.882,2,702,0,83,1492:30,
8484292,,3,22,,OHL,,,20212022,Windsor Spitfires,12,6,2.77,0.904,2,595,1,57,1233:02,
8484292,,2,33,,OHL,,,20222023,Windsor Spitfires,17,11,4.44,0.868,4,1034,0,137,1849:47,
8484292,,3,3,,OHL,,,20222023,Windsor Spitfires,0,2,3.45,0.886,0,70,0,8,138:57,
8484292,,2,7,,USports,,,20232024,Univ. of Waterloo,2,5,3.06,0.906,0,,0,20,392:31,
8484292,,2,19,,USports,,,20242025,Univ. of Waterloo,10,8,2.18,0.941,1,706,3,42,1153:56,
8484292,,3,2,,USports,,,20242025,Univ. of Waterloo,0,1,4.49,0.89,1,91,0,10,133:31,
8484293,,2,15,,QM15AAA E,,,20132014,Lac St-Louis Lions M15 AAA E,,,1.86,,,,,,,
8484293,,3,1,,QM15AAA E,,,20132014,Lac St-Louis Lions M15 AAA E,,,0.0,1.0,,,,,,
8484293,,2,20,,QM15AAA E,,,20142015,Lac St-Louis Lions M15 AAA E,13,6,1.9,,2,,2,39,921:00,
8484293,,3,1,,QM15AAA E,,,20142015,Lac St-Louis Lions M15 AAA E,0,1,5.0,,0,,0,5,45:00,
8484293,,2,28,,QM18AAA,,,20152016,Lac St-Louis Lions,,,3.21,0.89,,,,,,
8484293,,3,1,,QM18AAA,,,20152016,Lac St-Louis Lions,,,0.0,1.0,,,,,,
8484293,,2,18,,CCHL,,,20162017,Brockville Braves,8,8,2.54,0.926,1,581,1,43,1017:17,
8484293,,3,1,,CCHL,,,20162017,Brockville Braves,0,0,2.45,0.933,0,15,0,1,24:29,
8484293,,2,6,,CCHL,,,20172018,Brockville Braves,2,4,3.15,0.911,0,214,0,19,362:00,
8484293,,2,24,,NCDC,,,20172018,Boston Jr. Bruins,,,2.48,0.93,,,,,,
8484293,,3,6,,NCDC,,,20172018,Boston Jr. Bruins,,,2.33,0.928,,,,,,
8484293,,2,36,,NCDC,,,20182019,Boston Jr. Bruins,23,10,2.48,0.929,1,1196,3,85,2054:00,
8484293,,3,8,,NCDC,,,20182019,Boston Jr. Bruins,6,1,1.62,0.949,1,255,2,13,482:00,
8484293,,2,37,,BCHL,,,20192020,Penticton Vees,25,8,2.19,0.918,2,960,5,79,2165:07,
8484293,,3,5,,BCHL,,,20192020,Penticton Vees,4,0,1.96,0.921,2,127,0,10,305:32,
8484293,,2,2,,NCAA,,,20202021,Quinnipiac Univ.,0,0,0.0,1.0,0,12,0,0,32:09,
8484293,,2,31,,NCAA,,,20212022,Quinnipiac Univ.,22,5,1.17,0.939,2,595,11,36,1842:00,
8484293,,2,41,,NCAA,,,20222023,Quinnipiac Univ.,34,4,1.49,0.931,3,866,10,60,2417:00,
8484293,0,2,1,0,NHL,0,,20232024,Carolina Hurricanes,0,0,0.0,1.0,0,1,0,0,12:46,
8484293,,2,34,,ECHL,,,20232024,Norfolk Admirals,18,11,2.99,0.889,3,873,2,97,1944:16,
8484293,,3,10,,ECHL,,,20232024,Norfolk Admirals,5,4,3.04,0.888,1,276,0,31,612:04,
8484293,0,2,1,0,NHL,0,,20242025,Carolina Hurricanes,0,0,7.317073,0.857143,0,7,0,1,8:12,
8484293,,2,4,,AHL,,,20242025,Chicago Wolves,1,2,3.93,0.846,1,104,0,16,244:29,
8484293,,2,27,,ECHL,,,20242025,Bloomington Bison,12,12,2.59,0.921,1,832,3,66,1530:13,
8484297,,2,19,,SMAAAHL,,,20142015,Notre Dame Hounds U18 AAA,,,2.4,0.913,,,,,,
8484297,,3,2,,SMAAAHL,,,20142015,Notre Dame Hounds U18 AAA,,,3.58,0.877,,,,,,
8484297,,2,27,,SMAAAHL,,,20152016,Notre Dame Hounds U18 AAA,,,2.52,0.918,,,,,,
8484297,,3,7,,SMAAAHL,,,20152016,Notre Dame Hounds U18 AAA,,,3.17,0.892,,,,,,
8484297,,2,33,,BCHL,,,20162017,Coquitlam Express,5,24,5.11,0.883,0,1368,1,160,1879:34,
8484297,,2,12,,BCHL,,,20172018,Coquitlam Express,1,9,3.94,0.905,0,484,0,46,700:54,
8484297,,2,16,,BCHL,,,20172018,Salmon Arm Silverbacks,8,5,3.32,0.889,0,406,1,45,813:04,
8484297,,3,2,,BCHL,,,20172018,Salmon Arm Silverbacks,0,1,5.77,0.877,0,65,0,8,83:14,
8484297,,2,4,,NCAA,,,20182019,Robert Morris Univ.,0,1,6.29,0.821,0,28,0,5,47:41,
8484297,,2,5,,NCAA,,,20192020,Robert Morris Univ.,1,3,3.56,0.891,1,119,0,13,219:06,
8484297,,2,2,,NCAA,,,20202021,Robert Morris Univ.,1,0,3.35,0.846,0,26,0,4,71:35,
8484297,,2,19,,NCAA III,,,20212022,Curry College,12,5,2.14,0.918,2,490,1,40,1119:58,
8484297,,3,2,,NCAA III,,,20212022,Curry College,1,1,1.43,0.949,2,58,0,3,125:50,
8484297,,2,27,,NCAA III,,,20222023,Curry College,20,6,1.92,0.935,1,802,3,52,1622:32,
8484297,,2,6,,ECHL,,,20232024,South Carolina Stingrays,3,1,2.92,0.866,0,97,0,13,266:59,
8484297,,2,1,,SPHL,,,20232024,Pensacola Ice Flyers,0,1,9.15,0.75,0,16,0,4,26:14,
8484297,,2,1,,SPHL,,,20242025,Pensacola Ice Flyers,0,0,3.0,0.929,0,14,0,1,20:00,
8484297,,2,1,,SPHL,,,20242025,Macon Mayhem,0,0,4.55,0.889,0,18,0,2,26:23,
8484297,,2,2,,SPHL,,,20242025,Evansville Thunderbolts,0,0,3.88,0.906,0,32,0,3,46:23,
8484297,,2,1,,SPHL,,,20242025,Quad City Storm,0,1,11.23,0.7,0,10,0,3,16:02,
8484298,,2,18,,QM15AAA E,,,20142015,CCL Dynamiques M15 AAA E,6,8,2.2,,4,,5,35,715:00,
8484298,,2,19,,QM15AAA E,,,20152016,CCL Dynamiques M15 AAA E,0,15,2.47,,3,,0,47,794:00,
8484298,,3,5,,QM15AAA E,,,20152016,CCL Dynamiques M15 AAA E,3,2,1.2,,0,,2,6,305:00,
8484298,,2,1,,QM18AAA,,,20162017,Coll. Charles-Lemoy. Riverains,,,9.52,0.333,,,,,,
8484298,,2,16,,QM17AAA,,,20162017,CCL Dynamiques M17 AAA,7,6,1.93,,1,,3,29,789:00,
8484298,,2,21,,QM18AAA,,,20172018,Jonquière Élites,,,3.01,0.904,,,,,,
8484298,,3,3,,QM18AAA,,,20172018,Jonquière Élites,,,4.18,0.828,,,,,,
8484298,,2,24,,QJHL,,,20182019,Valleyfield Braves,12,13,3.83,0.888,,,,90,1410:00,
8484298,,3,7,,QJHL,,,20182019,Valleyfield Braves,1,6,4.41,0.888,,,,29,395:00,
8484298,,2,8,,QMJHL,,,20192020,Rouyn-Noranda Huskies,4,3,2.24,0.932,0,251,0,17,456:16,
8484298,,2,20,,QCHL,,,20192020,Cégep de L'Abitibi-Témiscamingue,4,13,3.2,0.896,0,680,0,64,1069:00,
8484298,,2,27,,QMJHL,,,20202021,Rouyn-Noranda Huskies,13,11,3.16,0.907,2,842,2,78,1480:11,
8484298,,3,3,,QMJHL,,,20202021,Rouyn-Noranda Huskies,0,2,3.02,0.901,1,91,0,9,178:34,
8484298,,2,47,,QMJHL,,,20212022,Rouyn-Noranda Huskies,24,18,2.69,0.918,5,1505,5,124,2762:58,
8484298,,3,3,,QMJHL,,,20212022,Rouyn-Noranda Huskies,0,2,3.43,0.902,1,112,0,11,192:17,
8484298,,2,22,,USports,,,20222023,Univ. of New Brunswick,18,4,1.59,0.933,0,526,,35,1319:07,
8484298,,3,7,,USports,,,20222023,Univ. of New Brunswick,5,2,2.51,0.885,0,156,,18,430:20,
8484298,,2,16,,USports,,,20232024,Univ. of New Brunswick,16,0,1.87,0.916,0,358,,30,963:32,
8484298,,3,2,,USports,,,20232024,Univ. of New Brunswick,2,0,1.5,0.935,0,46,,3,120:00,
8484298,,2,23,,USports,,,20242025,Univ. of New Brunswick,21,2,1.48,0.926,0,459,,34,1380:22,
8484298,,3,5,,USports,,,20242025,Univ. of New Brunswick,5,0,1.8,0.916,0,107,,9,300:00,
8484300,4,2,32,2,USHS-Prep,,6,20142015,Kimball Union Academy,,,,,,,,,,
8484300,20,2,35,13,USHS-Prep,,33,20152016,Kimball Union Academy,,,,,,,,,,
8484300,4,2,12,3,18U AAA,,7,20152016,New Hampshire Avalanche 18U AAA,,,,,,,,,,
8484300,32,2,39,19,USHS-Prep,,51,20162017,Kimball Union Academy,,,,,,,,,,
8484300,13,2,14,9,MHSL U18,10,22,20162017,Boston Jr. Bruins 18U AAA 2,,,,,,,,,,
8484300,0,2,1,0,BCHL,0,0,20172018,Chilliwack Chiefs,,,,,,,,,,
8484300,21,2,44,14,BCHL,20,35,20172018,West Kelowna Warriors,,,,,,,,,,
8484300,0,3,4,2,BCHL,0,2,20172018,West Kelowna Warriors,,,,,,,,,,
8484300,4,2,38,5,NCAA,10,9,20182019,Quinnipiac Univ.,,,,,,,,,,
8484300,1,2,28,4,NCAA,4,5,20192020,Quinnipiac Univ.,,,,,,,,,,
8484300,11,2,26,5,NCAA,0,16,20202021,Quinnipiac Univ.,,,,,,,,,,
8484300,13,2,42,14,NCAA,10,27,20212022,Quinnipiac Univ.,,,,,,,,,,
8484300,12,2,41,10,NCAA,16,22,20222023,Quinnipiac Univ.,,,,,,,,,,
8484300,0,2,1,1,AHL,0,1,20222023,Tucson Roadrunners,,,,,,,,,,
8484302,6,2,28,13,AYHL 13U,8,19,20122013,New Jersey Rockets 13U AAA,,,,,,,,,,
8484302,4,2,28,14,AYHL 14U,4,18,20132014,New Jersey Rockets 14U AAA,,,,,,,,,,
8484302,22,2,29,25,AYHL 16U,8,47,20142015,New Jersey Rockets 16U AAA 2,,,,,,,,,,
8484302,1,2,3,0,EJEPL 18U,0,1,20142015,Jersey Wildcats 18U AA,,,,,,,,,,
8484302,9,2,14,27,AYHL 16U,10,36,20152016,New Jersey Rockets 16U AAA 2,,,,,,,,,,
8484302,2,3,4,4,AYHL 16U,0,6,20152016,New Jersey Rockets 16U AAA 2,,,,,,,,,,
8484302,20,2,44,31,EHL,14,51,20162017,New Jersey Rockets,,,,,,,,,,
8484302,22,2,18,15,USPHL 18U,10,37,20162017,New Jersey Rockets 18U AAA,,,,,,,,,,
8484302,9,3,6,4,EHL,2,13,20162017,New Jersey Rockets,,,,,,,,,,
8484302,2,3,3,4,USPHL 18U,2,6,20162017,New Jersey Rockets 18U AAA,,,,,,,,,,
8484302,0,2,6,0,USHL,2,0,20172018,Dubuque Fighting Saints,,,,,,,,,,
8484302,25,2,41,16,NAHL,18,41,20172018,Odessa Jackalopes,,,,,,,,,,
8484302,0,3,3,1,NAHL,0,1,20172018,Odessa Jackalopes,,,,,,,,,,
8484302,27,2,57,30,USHL,10,57,20182019,Des Moines Buccaneers,,,,,,,,,,
8484302,5,2,6,0,WJAC-19,0,5,20182019,USA U19,,,,,,,,,,
8484302,2,3,5,4,USHL,0,6,20182019,Des Moines Buccaneers,,,,,,,,,,
8484302,18,2,33,6,NCAA,10,24,20192020,UMass-Lowell,,,,,,,,,,
8484302,5,2,19,8,NCAA,10,13,20202021,UMass-Lowell,,,,,,,,,,
8484302,10,2,24,7,NCAA,4,17,20212022,Boston Univ.,,,,,,,,,,
8484302,31,2,39,16,NCAA,6,47,20222023,Boston Univ.,,,,,,,,,,
8484302,28,2,38,13,ECHL,12,41,20232024,Reading Royals,,,,,,,,,,
8484302,2,2,13,0,AHL,2,2,20232024,Lehigh Valley Phantoms,,,,,,,,,,
8484302,22,2,54,19,ECHL,8,41,20242025,Reading Royals,,,,,,,,,,
8484302,0,2,6,0,AHL,0,0,20242025,Lehigh Valley Phantoms,,,,,,,,,,
8484302,1,3,4,0,ECHL,0,1,20242025,Reading Royals,,,,,,,,,,
8484304,10,2,26,4,Latvia U16,12,14,20112012,Tukums U17,,,,,,,,,,
8484304,11,2,19,8,Latvia U18,6,19,20122013,Tukums U18,,,,,,,,,,
8484304,19,2,27,11,Jugend-BL,32,30,20132014,Augsburger EV U18,,,,,,,,,,
8484304,1,2,4,1,Junioren-BL,2,2,20132014,Augsburger EV U20,,,,,,,,,,
8484304,0,3,6,1,Jugend-BL,4,1,20132014,Augsburger EV U18,,,,,,,,,,
8484304,14,2,20,5,DNL2,14,19,20142015,Augsburger EV U19,,,,,,,,,,
8484304,0,2,1,0,KHL,0,0,20152016,Dinamo Riga,,,,,,,,,,
8484304,1,2,5,0,WJC-20 D1A,2,1,20152016,Latvia U20,,,,,,,,,,
8484304,4,2,4,1,JCWC,2,5,20152016,HK Riga,,,,,,,,,,
8484304,11,2,36,7,MHL,24,18,20152016,HK Riga,,,,,,,,,,
8484304,3,2,21,2,KHL,6,5,20162017,Dinamo Riga,,,,,,,,,,
8484304,2,2,7,0,WC,4,2,20162017,Latvia,,,,,,,,,,
8484304,4,2,4,2,JCWC,2,6,20162017,HK Riga,,,,,,,,,,
8484304,9,2,30,3,MHL,24,12,20162017,HK Riga,,,,,,,,,,
8484304,3,2,28,2,KHL,4,5,20172018,Dinamo Riga,,,,,,,,,,
8484304,1,2,5,1,WC,0,2,20172018,Latvia,,,,,,,,,,
8484304,1,2,2,0,Latvia,2,1,20172018,Liepaja,,,,,,,,,,
8484304,10,2,37,1,KHL,16,11,20182019,Dinamo Riga,,,,,,,,,,
8484304,1,2,7,0,WC,4,1,20182019,Latvia,,,,,,,,,,
8484304,8,2,48,5,KHL,20,13,20192020,Dinamo Riga,,,,,,,,,,
8484304,12,2,48,5,Czechia,18,17,20202021,HC Litvinov,,,,,,,,,,
8484304,2,2,7,0,WC,4,2,20202021,Latvia,,,,,,,,,,
8484304,0,3,3,0,Czechia,2,0,20202021,HC Litvinov,,,,,,,,,,
8484304,14,2,42,9,Czechia,22,23,20212022,HC Litvinov,,,,,,,,,,
8484304,3,2,4,0,OG,0,3,20212022,Latvia,,,,,,,,,,
8484304,2,2,3,0,OGQ,0,2,20212022,Latvia,,,,,,,,,,
8484304,24,2,50,11,Czechia,22,35,20222023,Bili Tygri Liberec,,,,,,,,,,
8484304,2,2,10,0,WC,4,2,20222023,Latvia,,,,,,,,,,
8484304,6,3,10,1,Czechia,4,7,20222023,Bili Tygri Liberec,,,,,,,,,,
8484304,2,2,26,1,NHL,8,3,20232024,Florida Panthers,,,,,,,,,,
8484304,18,2,37,3,AHL,31,21,20232024,Charlotte Checkers,,,,,,,,,,
8484304,14,2,76,4,NHL,27,18,20242025,Florida Panthers,,,,,,,,,,
8484304,3,2,3,1,OGQ,2,4,20242025,Latvia,,,,,,,,,,
8484304,0,3,5,1,NHL,2,1,20242025,Florida Panthers,,,,,,,,,,
8484305,19,2,29,7,T1EHL 14U,6,26,20122013,Milwaukee Jr. Admirals 14U AAA,,,,,,,,,,
8484305,24,2,35,4,T1EHL 16U,10,28,20132014,Milwaukee Jr. Admirals 16U AAA,,,,,,,,,,
8484305,0,2,2,0,USHL,0,0,20142015,Waterloo Black Hawks,,,,,,,,,,
8484305,27,2,30,4,T1EHL 16U,16,31,20142015,Milwaukee Jr. Admirals 16U AAA,,,,,,,,,,
8484305,39,2,54,9,16U AAA,22,48,20142015,Milwaukee Jr. Admirals 16U AAA,,,,,,,,,,
8484305,1,3,4,1,T1EHL 16U,2,2,20142015,Milwaukee Jr. Admirals 16U AAA,,,,,,,,,,
8484305,0,2,2,0,USHL,0,0,20152016,Sioux Falls Stampede,,,,,,,,,,
8484305,17,2,30,7,T1EHL 18U,6,24,20152016,Milwaukee Jr. Admirals 18U AAA,,,,,,,,,,
8484305,0,3,4,0,T1EHL 18U,4,0,20152016,Milwaukee Jr. Admirals 18U AAA,,,,,,,,,,
8484305,24,2,57,3,BCHL,15,27,20162017,Merritt Centennials,,,,,,,,,,
8484305,5,3,11,0,BCHL,2,5,20162017,Merritt Centennials,,,,,,,,,,
8484305,12,2,37,1,USHL,12,13,20172018,Youngstown Phantoms,,,,,,,,,,
8484305,8,2,23,3,USHL,12,11,20172018,Central Illinois Flying Aces,,,,,,,,,,
8484305,2,2,32,2,NCAA,4,4,20182019,Quinnipiac Univ.,,,,,,,,,,
8484305,12,2,34,5,NCAA,2,17,20192020,Quinnipiac Univ.,,,,,,,,,,
8484305,21,2,29,5,NCAA,8,26,20202021,Quinnipiac Univ.,,,,,,,,,,
8484305,27,2,42,10,NCAA,8,37,20212022,Quinnipiac Univ.,,,,,,,,,,
8484305,28,2,40,9,NCAA,12,37,20222023,Quinnipiac Univ.,,,,,,,,,,
8484305,2,3,13,1,AHL,0,3,20222023,Rochester Americans,,,,,,,,,,
8484305,17,2,54,7,AHL,16,24,20232024,Rochester Americans,,,,,,,,,,
8484305,1,3,5,0,AHL,0,1,20232024,Rochester Americans,,,,,,,,,,
8484305,39,2,69,7,AHL,16,46,20242025,Rochester Americans,,,,,,,,,,
8484305,3,3,8,0,AHL,20,3,20242025,Rochester Americans,,,,,,,,,,
8484310,19,2,28,7,HEO U14,16,26,20152016,Ottawa Myers Automotive U14 AAA,,,,,,,,,,
8484310,2,3,5,0,HEO U14,4,2,20152016,Ottawa Myers Automotive U14 AAA,,,,,,,,,,
8484310,7,2,11,3,HEO U15,2,10,20162017,Ottawa Myers Automotive U15 AAA,,,,,,,,,,
8484310,9,2,40,7,18U AAA,,16,20172018,Northwood School,,,,,,,,,,
8484310,0,2,4,2,PSHF U18,0,2,20182019,Northwood School,,,,,,,,,,
8484310,0,3,3,0,USPHL 18U,2,0,20182019,Northwood School,,,,,,,,,,
8484310,7,2,19,4,France U20,24,11,20192020,Grenoble U20,,,,,,,,,,
8484310,6,2,17,4,France3,22,10,20192020,Vaujany,,,,,,,,,,
8484310,1,3,1,1,France3,0,2,20192020,Vaujany,,,,,,,,,,
8484310,3,2,28,6,QMJHL,6,9,20202021,Gatineau Olympiques,,,,,,,,,,
8484310,0,3,3,1,QMJHL,0,1,20202021,Gatineau Olympiques,,,,,,,,,,
8484310,18,2,68,9,QMJHL,60,27,20212022,Gatineau Olympiques,,,,,,,,,,
8484310,4,3,7,2,QMJHL,6,6,20212022,Gatineau Olympiques,,,,,,,,,,
8484310,50,2,68,27,QMJHL,65,77,20222023,Rouyn-Noranda Huskies,,,,,,,,,,
8484310,0,3,1,0,AHL,0,0,20222023,Syracuse Crunch,,,,,,,,,,
8484310,5,3,9,3,QMJHL,10,8,20222023,Rouyn-Noranda Huskies,,,,,,,,,,
8484310,13,2,63,5,AHL,32,18,20232024,Syracuse Crunch,,,,,,,,,,
8484310,0,3,8,0,AHL,2,0,20232024,Syracuse Crunch,,,,,,,,,,
8484310,9,2,45,7,AHL,36,16,20242025,Syracuse Crunch,,,,,,,,,,
8484310,0,3,3,0,AHL,2,0,20242025,Syracuse Crunch,,,,,,,,,,
8484312,,2,16,,Russia U17,,,20152016,SKA-Yunost Yekaterinburg U17,,,,0.878,,,,,,
8484312,,2,4,,MHL,,,20162017,Avto Yekaterinburg,1,2,1.84,0.94,0,83,0,5,163:21,
8484312,,2,19,,Russia U18,,,20162017,Spartakovets Yekaterinburg U18,,,,0.868,,,,,,
8484312,,2,10,,MHL,,,20172018,Avto Yekaterinburg,1,1,2.26,0.912,1,125,1,11,292:14,
8484312,,2,29,,MHL,,,20182019,Omskie Yastreby,12,8,1.75,0.94,3,684,5,41,1404:49,
8484312,,3,8,,MHL,,,20182019,Omskie Yastreby,5,3,2.44,0.92,3,250,0,20,492:02,
8484312,,2,43,,MHL,,,20192020,Avto Yekaterinburg,23,11,1.91,0.939,7,1244,10,76,2382:49,
8484312,,2,1,,VHL,,,20192020,Gornyak-UGMK,0,1,4.0,0.833,0,24,0,4,60:00,
8484312,,3,2,,MHL,,,20192020,Avto Yekaterinburg,1,1,2.01,0.932,7,59,0,4,119:25,
8484312,,2,9,,VHL,,,20202021,Gornyak-UGMK,4,4,2.18,0.933,0,255,0,17,468:00,
8484312,,2,39,,VHL,,,20212022,Gornyak-UGMK,16,15,2.47,0.919,5,1136,2,92,2235:13,
8484312,,3,1,,VHL,,,20212022,Gornyak-UGMK,0,0,4.5,0.824,5,17,0,3,40:00,
8484312,,2,1,,KHL,,,20222023,Avtomobilist Yekaterinburg,0,0,,,1,,0,,,
8484312,,2,31,,VHL,,,20222023,Gornyak-UGMK,8,13,2.81,0.907,5,755,1,70,1494:07,
8484312,,3,3,,VHL,,,20222023,Gornyak-UGMK,2,1,3.15,0.918,5,122,0,10,190:34,
8484312,0,2,2,0,NHL,0,,20232024,San Jose Sharks,0,0,1.012658,0.966667,0,30,0,1,59:15,
8484312,,2,7,,ECHL,,,20232024,Wichita Thunder,3,3,4.0,0.87,1,216,0,28,419:52,
8484312,,2,29,,AHL,,,20232024,San Jose Barracuda,9,9,3.14,0.904,7,842,0,81,1548:50,
8484312,0,2,8,0,NHL,0,,20242025,San Jose Sharks,0,6,3.885513,0.876712,0,219,0,27,416:56,
8484312,,2,21,,AHL,,,20242025,San Jose Barracuda,11,6,3.1,0.905,3,665,0,63,1218:28,
8484314,6,2,20,1,Czechia U16 2,,7,20092010,Motor Ceske Budejovice B U16,,,,,,,,,,
8484314,16,2,30,9,Czechia U16,22,25,20102011,Motor Ceske Budejovice U16,,,,,,,,,,
8484314,0,3,2,0,Czechia U16,0,0,20102011,Motor Ceske Budejovice U16,,,,,,,,,,
8484314,4,2,15,5,Czechia U18,6,9,20112012,Motor Ceske Budejovice U18,,,,,,,,,,
8484314,48,2,36,37,Czechia U16,20,85,20112012,Motor Ceske Budejovice U16,,,,,,,,,,
8484314,3,3,5,2,Czechia U16,2,5,20112012,Motor Ceske Budejovice U16,,,,,,,,,,
8484314,0,2,1,0,Czechia U20,0,0,20122013,HC Motor Ceske Budejovice U20,,,,,,,,,,
8484314,27,2,37,16,Czechia U18,63,43,20122013,Motor Ceske Budejovice U18,,,,,,,,,,
8484314,0,2,3,3,EYOF,2,3,20122013,Czechia U17,,,,,,,,,,
8484314,1,3,5,2,Czechia U18,14,3,20122013,Motor Ceske Budejovice U18,,,,,,,,,,
8484314,0,2,6,4,WJC-18,0,4,20132014,Czechia U18,,,,,,,,,,
8484314,12,2,28,7,Czechia U20,12,19,20132014,HC Motor Ceske Budejovice U20,,,,,,,,,,
8484314,5,2,7,5,Czechia U18,20,10,20132014,Motor Ceske Budejovice U18,,,,,,,,,,
8484314,5,3,7,5,Czechia U18,4,10,20132014,Motor Ceske Budejovice U18,,,,,,,,,,
8484314,20,2,72,12,WHL,50,32,20142015,Moose Jaw Warriors,,,,,,,,,,
8484314,14,2,28,4,WHL,34,18,20152016,Moose Jaw Warriors,,,,,,,,,,
8484314,8,2,30,1,WHL,18,9,20152016,Kamloops Blazers,,,,,,,,,,
8484314,2,2,5,2,WJC-20,0,4,20152016,Czechia U20,,,,,,,,,,
8484314,1,3,7,0,WHL,2,1,20152016,Kamloops Blazers,,,,,,,,,,
8484314,2,2,9,0,Czechia,0,2,20162017,HC Sparta Praha,,,,,,,,,,
8484314,1,2,26,3,KHL,6,4,20162017,Medvescak Zagreb,,,,,,,,,,
8484314,0,3,1,0,Czechia,0,0,20162017,HC Sparta Praha,,,,,,,,,,
8484314,2,2,26,4,Czechia,16,6,20172018,HC Sparta Praha,,,,,,,,,,
8484314,5,2,17,4,Czechia,24,9,20172018,Pirati Chomutov,,,,,,,,,,
8484314,2,3,5,1,Czechia,2,3,20172018,Pirati Chomutov,,,,,,,,,,
8484314,9,2,47,7,Czechia,20,16,20182019,HC Sparta Praha,,,,,,,,,,
8484314,0,3,4,0,Czechia,2,0,20182019,HC Sparta Praha,,,,,,,,,,
8484314,18,2,47,13,Czechia,51,31,20192020,HC Sparta Praha,,,,,,,,,,
8484314,0,2,2,0,EHT,0,0,20192020,Czechia,,,,,,,,,,
8484314,17,2,48,9,Liiga,28,26,20202021,Tappara,,,,,,,,,,
8484314,1,2,8,1,WC,0,2,20202021,Czechia,,,,,,,,,,
8484314,1,2,6,1,EHT,4,2,20202021,Czechia,,,,,,,,,,
8484314,0,3,9,0,Liiga,29,0,20202021,Tappara,,,,,,,,,,
8484314,20,2,44,25,Liiga,32,45,20212022,Pelicans,,,,,,,,,,
8484314,0,2,4,1,OG,2,1,20212022,Czechia,,,,,,,,,,
8484314,3,2,10,2,WC,0,5,20212022,Czechia,,,,,,,,,,
8484314,2,2,7,1,EHT,0,3,20212022,Czechia,,,,,,,,,,
8484314,1,3,3,1,Liiga,22,2,20212022,Pelicans,,,,,,,,,,
8484314,20,2,49,23,SHL,30,43,20222023,IK Oskarshamn,,,,,,,,,,
8484314,1,2,8,0,WC,2,1,20222023,Czechia,,,,,,,,,,
8484314,2,2,11,4,EHT,0,6,20222023,Czechia,,,,,,,,,,
8484314,1,3,3,1,SHL,0,2,20222023,IK Oskarshamn,,,,,,,,,,
8484314,1,2,20,1,NHL,4,2,20232024,Ottawa Senators,,,,,,,,,,
8484314,13,2,47,9,AHL,16,22,20232024,Belleville Senators,,,,,,,,,,
8484314,0,3,7,0,AHL,2,0,20232024,Belleville Senators,,,,,,,,,,
8484314,2,2,3,2,Champions HL,0,4,20242025,HC Dynamo Pardubice,,,,,,,,,,
8484314,17,2,41,11,Czechia,24,28,20242025,HC Dynamo Pardubice,,,,,,,,,,
8484314,2,3,16,7,Czechia,14,9,20242025,HC Dynamo Pardubice,,,,,,,,,,
8484316,1,2,1,0,U15-Top,0,1,20092010,SC Unterseen-Interlaken U15,,,,,,,,,,
8484316,8,2,29,15,U15-Elit,8,23,20112012,SC Bern Future U15,,,,,,,,,,
8484316,0,3,2,2,U15-Elit,0,2,20112012,SC Bern Future U15,,,,,,,,,,
8484316,26,2,28,34,U15-Elit,6,60,20122013,SC Bern Future U15,,,,,,,,,,
8484316,1,2,5,0,U17-Top,0,1,20122013,SC Lyss U17,,,,,,,,,,
8484316,1,3,2,3,U15-Elit,2,4,20122013,SC Bern Future U15,,,,,,,,,,
8484316,8,2,32,3,U17-Elit,10,11,20132014,SC Bern Future U17,,,,,,,,,,
8484316,2,3,11,3,U17-Elit,14,5,20132014,SC Bern Future U17,,,,,,,,,,
8484316,1,2,5,0,U20-Elit,4,1,20142015,SC Bern Future U20,,,,,,,,,,
8484316,16,2,27,13,U17-Elit,12,29,20142015,SC Bern Future U17,,,,,,,,,,
8484316,5,3,8,5,U17-Elit,4,10,20142015,SC Bern Future U17,,,,,,,,,,
8484316,0,2,5,0,WJC-18,0,0,20152016,Switzerland U18,,,,,,,,,,
8484316,10,2,26,9,Elite Jr. A,4,19,20152016,SC Bern Future U20,,,,,,,,,,
8484316,2,2,4,0,WJAC-19,0,2,20152016,Switzerland U18,,,,,,,,,,
8484316,0,2,4,1,Ivan Hlinka Memorial,2,1,20152016,Switzerland U18,,,,,,,,,,
8484316,3,3,12,3,Elite Jr. A,6,6,20152016,SC Bern Future U20,,,,,,,,,,
8484316,0,2,2,2,NLB,0,2,20162017,EHC Visp,,,,,,,,,,
8484316,26,2,42,25,Elite Jr. A,16,51,20162017,SC Bern Future U20,,,,,,,,,,
8484316,3,3,7,7,Elite Jr. A,0,10,20162017,SC Bern Future U20,,,,,,,,,,
8484316,0,2,9,0,Champions HL,2,0,20172018,SC Bern,,,,,,,,,,
8484316,4,2,34,3,NL,0,7,20172018,SC Bern,,,,,,,,,,
8484316,1,2,7,2,SL,0,3,20172018,EHC Visp,,,,,,,,,,
8484316,2,2,5,0,WJC-20,0,2,20172018,Switzerland U20,,,,,,,,,,
8484316,4,2,4,4,Elite Jr. A,0,8,20172018,SC Bern Future U20,,,,,,,,,,
8484316,0,3,3,0,NL,0,0,20172018,SC Bern,,,,,,,,,,
8484316,1,3,1,0,SL,0,1,20172018,EHC Visp,,,,,,,,,,
8484316,0,3,3,2,Elite Jr. A,2,2,20172018,SC Bern Future U20,,,,,,,,,,
8484316,0,2,8,0,Champions HL,0,0,20182019,SC Bern,,,,,,,,,,
8484316,6,2,49,2,NL,4,8,20182019,SC Bern,,,,,,,,,,
8484316,5,3,18,3,NL,0,8,20182019,SC Bern,,,,,,,,,,
8484316,2,2,6,0,Champions HL,0,2,20192020,SC Bern,,,,,,,,,,
8484316,6,2,40,2,NL,4,8,20192020,SC Bern,,,,,,,,,,
8484316,15,2,45,3,NL,20,18,20202021,SC Bern,,,,,,,,,,
8484316,5,3,9,2,NL,4,7,20202021,SC Bern,,,,,,,,,,
8484316,15,2,52,14,NL,20,29,20212022,HC Ambrì-Piotta,,,,,,,,,,
8484316,0,2,3,0,EHT,2,0,20212022,Switzerland,,,,,,,,,,
8484316,1,3,3,0,NL,2,1,20212022,HC Ambrì-Piotta,,,,,,,,,,
8484316,1,2,4,1,Spengler Cup,0,2,20222023,HC Ambrì-Piotta,,,,,,,,,,
8484316,19,2,42,12,NL,8,31,20222023,HC Ambrì-Piotta,,,,,,,,,,
8484316,0,2,2,0,EHT,2,0,20222023,Switzerland,,,,,,,,,,
8484316,0,2,3,0,Spengler Cup,4,0,20232024,HC Ambrì-Piotta,,,,,,,,,,
8484316,11,2,40,5,NL,8,16,20232024,HC Ambrì-Piotta,,,,,,,,,,
8484316,0,2,5,0,EHT,0,0,20232024,Switzerland,,,,,,,,,,
8484316,1,3,4,0,NL,0,1,20232024,HC Ambrì-Piotta,,,,,,,,,,
8484316,11,2,51,9,NL,8,20,20242025,HC Ambrì-Piotta,,,,,,,,,,
8484316,0,3,4,1,NL,0,1,20242025,HC Ambrì-Piotta,,,,,,,,,,
8484321,4,2,25,0,U16 SM-sarja,12,4,20132014,Kiekko-Espoo U16,,,,,,,,,,
8484321,0,3,6,2,U16 SM-sarja,4,2,20132014,Kiekko-Espoo U16,,,,,,,,,,
8484321,2,2,25,1,U18 SM-sarja,16,3,20142015,Kiekko-Espoo U18 Akatemia,,,,,,,,,,
8484321,11,2,47,9,U18 SM-sarja,75,20,20152016,Kiekko-Espoo U18 Akatemia,,,,,,,,,,
8484321,6,2,33,1,U20 SM-liiga,37,7,20162017,Kiekko-Espoo U20,,,,,,,,,,
8484321,1,2,5,0,U20 Mestis,8,1,20162017,Kiekko-Espoo U20 Ch,,,,,,,,,,
8484321,1,3,2,0,U20 SM-liiga,0,1,20162017,Kiekko-Espoo U20,,,,,,,,,,
8484321,14,2,52,7,U20 SM-liiga,59,21,20172018,Kiekko-Espoo U20,,,,,,,,,,
8484321,1,2,1,1,U20 Mestis,2,2,20172018,Kiekko-Espoo U20 Ch,,,,,,,,,,
8484321,0,3,4,0,U20 SM-liiga,2,0,20172018,Kiekko-Espoo U20,,,,,,,,,,
8484321,4,2,30,2,Liiga,10,6,20182019,Ilves,,,,,,,,,,
8484321,0,2,2,0,Mestis,0,0,20182019,KOOVEE,,,,,,,,,,
8484321,0,3,7,0,Liiga,4,0,20182019,Ilves,,,,,,,,,,
8484321,1,2,33,0,Liiga,47,1,20192020,Ilves,,,,,,,,,,
8484321,2,2,13,1,Mestis,10,3,20192020,KOOVEE,,,,,,,,,,
8484321,0,2,3,0,Suomen Cup,0,0,20192020,KOOVEE,,,,,,,,,,
8484321,0,2,11,0,Liiga,6,0,20202021,Ilves,,,,,,,,,,
8484321,2,2,30,1,Liiga,18,3,20202021,Ässät,,,,,,,,,,
8484321,1,2,1,0,Mestis,0,1,20202021,KOOVEE,,,,,,,,,,
8484321,4,2,50,4,Liiga,20,8,20212022,Ässät,,,,,,,,,,
8484321,9,2,51,7,Liiga,20,16,20222023,Ässät,,,,,,,,,,
8484321,2,2,8,1,WC,0,3,20222023,Finland,,,,,,,,,,
8484321,0,2,5,1,EHT,2,1,20222023,Finland,,,,,,,,,,
8484321,4,3,8,0,Liiga,4,4,20222023,Ässät,,,,,,,,,,
8484321,0,2,4,0,NHL,0,0,20232024,Ottawa Senators,,,,,,,,,,
8484321,10,2,67,4,AHL,26,14,20232024,Belleville Senators,,,,,,,,,,
8484321,0,3,7,0,AHL,4,0,20232024,Belleville Senators,,,,,,,,,,
8484321,3,2,41,1,NHL,20,4,20242025,Ottawa Senators,,,,,,,,,,
8484321,0,2,3,0,4 Nations,2,0,20242025,Finland,,,,,,,,,,
8484321,6,2,24,2,AHL,10,8,20242025,Belleville Senators,,,,,,,,,,
8484321,0,3,6,0,NHL,2,0,20242025,Ottawa Senators,,,,,,,,,,
8484325,27,2,28,8,U17 Mestis,18,35,20132014,Uplakers U17,,,,,,,,,,
8484325,16,2,39,13,U17 SM-sarja,39,29,20142015,Tappara U17,,,,,,,,,,
8484325,1,3,4,4,U17 SM-sarja,4,5,20142015,Tappara U17,,,,,,,,,,
8484325,7,2,43,5,U18 SM-sarja,4,12,20152016,Tappara U18,,,,,,,,,,
8484325,6,2,30,4,U20 SM-liiga,6,10,20162017,Tappara U20,,,,,,,,,,
8484325,0,3,2,0,U20 SM-liiga,0,0,20162017,Tappara U20,,,,,,,,,,
8484325,14,2,36,10,U20 SM-liiga,10,24,20172018,Tappara U20,,,,,,,,,,
8484325,2,3,7,2,U20 SM-liiga,2,4,20172018,Tappara U20,,,,,,,,,,
8484325,1,2,9,0,Liiga,0,1,20182019,Pelicans,,,,,,,,,,
8484325,32,2,32,22,U20 SM-liiga,67,54,20182019,Pelicans U20,,,,,,,,,,
8484325,4,2,9,1,Mestis,0,5,20182019,Peliitat,,,,,,,,,,
8484325,6,3,10,3,U20 SM-liiga,12,9,20182019,Pelicans U20,,,,,,,,,,
8484325,2,2,5,1,Champions HL,6,3,20192020,Pelicans,,,,,,,,,,
8484325,11,2,48,7,Liiga,16,18,20192020,Pelicans,,,,,,,,,,
8484325,2,2,2,1,U20 SM-liiga,6,3,20192020,Pelicans U20,,,,,,,,,,
8484325,4,2,10,3,Mestis,14,7,20192020,Peliitat,,,,,,,,,,
8484325,0,3,1,0,U20 SM-liiga,0,0,20192020,Pelicans U20,,,,,,,,,,
8484325,17,2,57,10,Liiga,55,27,20202021,Pelicans,,,,,,,,,,
8484325,0,3,5,1,Liiga,4,1,20202021,Pelicans,,,,,,,,,,
8484325,4,2,11,3,Champions HL,8,7,20212022,Tappara,,,,,,,,,,
8484325,23,2,57,21,Liiga,38,44,20212022,Tappara,,,,,,,,,,
8484325,0,2,3,1,EHT,0,1,20212022,Finland,,,,,,,,,,
8484325,7,3,15,1,Liiga,8,8,20212022,Tappara,,,,,,,,,,
8484325,2,2,7,2,Champions HL,2,4,20222023,Tappara,,,,,,,,,,
8484325,18,2,41,15,Liiga,47,33,20222023,Tappara,,,,,,,,,,
8484325,0,2,1,1,WC,0,1,20222023,Finland,,,,,,,,,,
8484325,2,2,5,0,EHT,0,2,20222023,Finland,,,,,,,,,,
8484325,6,3,14,8,Liiga,4,14,20222023,Tappara,,,,,,,,,,
8484325,0,2,19,1,NHL,4,1,20232024,Tampa Bay Lightning,,,,,,,,,,
8484325,19,2,55,15,AHL,16,34,20232024,Syracuse Crunch,,,,,,,,,,
8484325,0,3,8,3,AHL,2,3,20232024,Syracuse Crunch,,,,,,,,,,
8484325,26,2,52,21,NL,27,47,20242025,SC Bern,,,,,,,,,,
8484325,2,3,7,2,NL,6,4,20242025,SC Bern,,,,,,,,,,
8484326,4,2,28,1,Czechia U16,59,5,20102011,HC Kometa Brno U16,,,,,,,,,,
8484326,0,2,8,0,Czechia U18,2,0,20112012,HC Kometa Brno U18,,,,,,,,,,
8484326,5,2,30,7,Czechia U16,56,12,20112012,HC Kometa Brno U16,,,,,,,,,,
8484326,10,2,41,12,Czechia U18,74,22,20122013,HC Kometa Brno U18,,,,,,,,,,
8484326,0,2,5,0,WHC-17,6,0,20122013,Slovakia U17,,,,,,,,,,
8484326,0,3,3,1,Czechia U18,14,1,20122013,HC Kometa Brno U18,,,,,,,,,,
8484326,0,2,5,0,WJC-18,4,0,20132014,Slovakia U18,,,,,,,,,,
8484326,1,2,21,0,MHL,12,1,20132014,RB Hockey Juniors,,,,,,,,,,
8484326,6,2,10,1,ICEYSL,10,7,20132014,EC Salzburg U20,,,,,,,,,,
8484326,0,2,4,0,Hlinka Gretzky Cup,6,0,20132014,Slovakia U18,,,,,,,,,,
8484326,4,2,23,3,USHL,35,7,20142015,Des Moines Buccaneers,,,,,,,,,,
8484326,3,2,24,2,NAHL,42,5,20142015,Soo Eagles,,,,,,,,,,
8484326,1,3,7,0,NAHL,2,1,20142015,Soo Eagles,,,,,,,,,,
8484326,0,2,7,0,Czechia,6,0,20152016,HC Kometa Brno,,,,,,,,,,
8484326,0,2,2,0,Czechia2,0,0,20152016,SK Horacka Slavia Trebic,,,,,,,,,,
8484326,0,2,5,1,WJC-20,4,1,20152016,Slovakia U20,,,,,,,,,,
8484326,0,2,20,1,Slovakia,20,1,20152016,Team Slovakia U20,,,,,,,,,,
8484326,0,2,11,3,Slovakia2,10,3,20152016,Team Slovakia U20,,,,,,,,,,
8484326,0,2,24,1,Slovakia,37,1,20162017,HC Kosice,,,,,,,,,,
8484326,0,2,1,0,Czechia,0,0,20162017,HC Kometa Brno,,,,,,,,,,
8484326,0,2,22,3,Czechia2,48,3,20162017,SK Horacka Slavia Trebic,,,,,,,,,,
8484326,0,2,1,0,Slovakia U20,12,0,20162017,HC Kosice U20,,,,,,,,,,
8484326,0,3,4,0,Slovakia,2,0,20162017,HC Kosice,,,,,,,,,,
8484326,3,2,43,0,Slovakia,22,3,20172018,HC Kosice,,,,,,,,,,
8484326,4,2,3,0,Slovakia2,2,4,20172018,HC Presov,,,,,,,,,,
8484326,0,3,5,0,Slovakia,6,0,20172018,HC Kosice,,,,,,,,,,
8484326,13,2,55,4,Slovakia,100,17,20182019,HC Kosice,,,,,,,,,,
8484326,2,2,7,0,WC,4,2,20182019,Slovakia,,,,,,,,,,
8484326,1,3,6,0,Slovakia,0,1,20182019,HC Kosice,,,,,,,,,,
8484326,13,2,51,0,Slovakia,87,13,20192020,HC Kosice,,,,,,,,,,
8484326,5,2,47,1,Czechia,98,6,20202021,HC Vitkovice,,,,,,,,,,
8484326,1,3,5,0,Czechia,6,1,20202021,HC Vitkovice,,,,,,,,,,
8484326,3,2,55,2,Czechia,92,5,20212022,HC Vitkovice,,,,,,,,,,
8484326,2,3,6,0,Czechia,2,2,20212022,HC Vitkovice,,,,,,,,,,
8484326,9,2,46,3,Czechia,69,12,20222023,HC Vitkovice,,,,,,,,,,
8484326,3,2,7,1,WC,4,4,20222023,Slovakia,,,,,,,,,,
8484326,2,3,13,2,Czechia,17,4,20222023,HC Vitkovice,,,,,,,,,,
8484326,0,2,1,0,NHL,10,0,20232024,Arizona Coyotes,,,,,,,,,,
8484326,3,2,8,1,WC,6,4,20232024,Slovakia,,,,,,,,,,
8484326,14,2,63,1,AHL,97,15,20232024,Tucson Roadrunners,,,,,,,,,,
8484326,0,3,2,0,AHL,0,0,20232024,Tucson Roadrunners,,,,,,,,,,
8484326,2,2,27,1,Czechia,28,3,20242025,HC Oceláři Třinec,,,,,,,,,,
8484326,0,2,3,0,OGQ,2,0,20242025,Slovakia,,,,,,,,,,
8484326,2,2,10,0,AHL,18,2,20242025,Tucson Roadrunners,,,,,,,,,,
8484326,0,3,9,1,Czechia,2,1,20242025,HC OcelÃ¡Å™i TÅ™inec,,,,,,,,,,
8484372,,2,24,,U15-Elit,,,20092010,Gottéron U15,,,,,,,,,,
8484372,,2,13,,U17-Top,,,20102011,Gottéron U17,,,,,,,,,,
8484372,,2,18,,U15-Elit,,,20102011,Gottéron U15,,,,,,,,,,
8484372,,2,3,,U20-Elit,,,20112012,Gottéron U20,,,5.51,,,,,,,
8484372,,2,15,,U17-Top,,,20112012,Gottéron U17,,,,,,,,,,
8484372,,3,2,,U17-Top,,,20112012,Gottéron U17,,,1.93,,,,,,,
8484372,,2,1,,NL,,,20122013,Gottéron,,,0.0,1.0,,0,0,0,6:00,
8484372,,2,2,,WJC-18,,,20122013,Switzerland U18,,,10.26,0.737,,,,,,
8484372,,2,23,,U20-Elit,,,20122013,Gottéron U20,,,3.24,,,,,,,
8484372,,2,1,,U17-Elit,,,20122013,Gottéron U17,,,4.0,,,,,,,
8484372,,3,1,,U20-Elit,,,20122013,Gottéron U20,,,6.0,,,,,,,
8484372,,3,2,,U17-Elit,,,20122013,Gottéron U17,,,3.5,,,,,,,
8484372,,2,2,,U20-Elit,,,20132014,Gottéron U20,,,5.0,,,,,,,
8484372,,3,7,,U20-Elit,,,20132014,Gottéron U20,,,3.88,,,,,,,
8484372,,2,2,,WJC-20,,,20142015,Switzerland U20,0,1,5.25,0.857,,49,0,7,80:00,
8484372,,2,30,,U20-Elit,,,20142015,Gottéron U20,18,9,2.56,,2,,2,73,1710:17,
8484372,,3,7,,U20-Elit,,,20142015,Gottéron U20,2,4,3.18,,1,,1,19,358:07,
8484372,,2,1,,WJC-20,,,20152016,Switzerland U20,0,0,6.69,0.783,,23,0,5,44:50,
8484372,,2,22,,SL,,,20152016,Martigny Red Ice,9,11,2.1,0.934,2,685,3,45,1285:22,
8484372,,2,1,,U20-Elit,,,20152016,Gottéron U20,0,1,3.0,,0,,0,3,60:00,
8484372,,3,9,,SL,,,20152016,Martigny Red Ice,3,4,2.1,0.93,2,286,1,20,572:19,
8484372,,2,31,,SL,,,20162017,Ajoie,17,10,2.75,0.9,2,816,0,82,1788:33,
8484372,,3,4,,SL,,,20162017,Ajoie,2,0,3.73,0.891,1,110,0,12,192:59,
8484372,,2,12,,NL,,,20172018,Gottéron,,,3.54,0.87,,,,,,
8484372,,2,7,,NL,,,20182019,HC Fribourg-Gottéron,3,2,2.53,0.906,0,160,1,15,355:04,
8484372,,2,1,,SL,,,20182019,HC Ajoie,,,2.03,0.933,,30,,2,59:10,
8484372,,3,5,,NL,,,20182019,HC Fribourg-Gottéron,,,2.17,0.93,0,156,,11,304:39,
8484372,,2,9,,NL,,,20192020,HC Fribourg-Gottéron,4,2,3.86,0.88,0,209,0,25,388:33,
8484372,,2,1,,SL,,,20192020,HC Ajoie,1,0,0.0,1.0,0,38,1,0,60:00,
8484372,,2,37,,NL,,,20202021,ZSC Lions,24,10,2.4,0.918,1,1078,4,88,2203:42,
8484372,,3,9,,NL,,,20202021,ZSC Lions,4,4,1.95,0.932,1,250,3,17,524:24,
8484372,,2,30,,NL,,,20212022,ZSC Lions,14,10,2.34,0.92,1,799,2,64,1644:31,
8484372,,3,4,,NL,,,20212022,ZSC Lions,3,0,1.57,0.949,1,117,0,6,228:42,
8484372,,2,19,,NL,,,20222023,ZSC Lions,8,9,2.5,0.914,1,526,2,45,1080:23,
8484372,,3,1,,NL,,,20222023,ZSC Lions,0,1,0.0,0.0,1,0,0,0,1:15,
8484372,,2,4,,AHL,,,20232024,Wilkes-Barre/Scranton Penguins,3,1,1.78,0.919,0,86,1,7,235:22,
8484372,,2,15,,AHL,,,20232024,Charlotte Checkers,6,6,3.09,0.887,0,372,1,42,814:32,
8484372,,2,1,,ECHL,,,20232024,Florida Everblades,0,1,5.0,0.762,0,21,0,5,60:00,
8484372,,2,33,,NL,,,20242025,EHC Kloten,14,14,2.79,0.903,0,831,1,81,1742:48,
8484372,,3,8,,NL,,,20242025,EHC Kloten,3,4,2.89,0.905,0,220,0,21,436:26,
8484380,6,2,23,8,U16 Div.1,10,14,20142015,Djurgårdens IF U16,,,,,,,,,,
8484380,3,2,8,1,U16 SM,0,4,20142015,Djurgårdens IF U16,,,,,,,,,,
8484380,0,2,7,1,J20 SuperElit,0,1,20152016,Västerås IK J20,,,,,,,,,,
8484380,15,2,31,6,J18 Elit,14,21,20152016,Västerås IK J18,,,,,,,,,,
8484380,0,3,2,0,J18 Elit,4,0,20152016,Västerås IK J18,,,,,,,,,,
8484380,1,2,15,0,J20 SuperElit,0,1,20162017,Västerås IK J20,,,,,,,,,,
8484380,10,2,20,10,J18 Elit,18,20,20162017,Västerås IK J18,,,,,,,,,,
8484380,11,2,16,5,J18 Allsvenskan,16,16,20162017,Västerås IK J18,,,,,,,,,,
8484380,7,3,9,5,J18 Allsvenskan,4,12,20162017,Västerås IK J18,,,,,,,,,,
8484380,0,2,12,0,HockeyEttan,4,0,20172018,Västerås IK,,,,,,,,,,
8484380,16,2,31,10,J20 SuperElit,34,26,20172018,Västerås IK J20,,,,,,,,,,
8484380,1,3,3,1,J20 SuperElit,0,2,20172018,Västerås IK J20,,,,,,,,,,
8484380,29,2,57,18,NAHL,65,47,20182019,Minot Minotauros,,,,,,,,,,
8484380,2,3,7,2,NAHL,8,4,20182019,Minot Minotauros,,,,,,,,,,
8484380,2,2,17,5,NCAA,20,7,20192020,Boston Univ.,,,,,,,,,,
8484380,18,2,24,15,NAHL,75,33,20192020,Maryland Black Bears,,,,,,,,,,
8484380,4,2,14,4,NCAA,2,8,20202021,Boston Univ.,,,,,,,,,,
8484380,15,2,35,15,NCAA,20,30,20212022,Boston Univ.,,,,,,,,,,
8484380,15,2,37,16,NCAA,28,31,20222023,Boston Univ.,,,,,,,,,,
8484380,9,2,49,22,AHL,12,31,20232024,Charlotte Checkers,,,,,,,,,,
8484380,6,2,20,2,ECHL,6,8,20232024,Florida Everblades,,,,,,,,,,
8484380,0,3,3,0,AHL,0,0,20232024,Charlotte Checkers,,,,,,,,,,
8484380,15,2,72,9,AHL,63,24,20242025,Charlotte Checkers,,,,,,,,,,
8484380,3,3,12,3,AHL,4,6,20242025,Charlotte Checkers,,,,,,,,,,
8484387,3,2,7,7,Russia U16,8,10,20182019,Lokomotiv-2004 Yaroslavl U16,,,,,,,,,,
8484387,5,2,4,9,YOG,2,14,20192020,Russia U16,,,,,,,,,,
8484387,39,2,26,70,Russia U16,26,109,20192020,Lokomotiv-2004 Yaroslavl U16,,,,,,,,,,
8484387,4,2,7,12,WJC-18,4,16,20202021,Russia U18,,,,,,,,,,
8484387,17,2,50,35,MHL,45,52,20202021,SKA-1946 St. Petersburg,,,,,,,,,,
8484387,1,2,6,3,MHL,2,4,20202021,SKA-Varyagi St. Petersburg,,,,,,,,,,
8484387,2,3,5,1,MHL,6,3,20202021,SKA-1946 St. Petersburg,,,,,,,,,,
8484387,3,2,13,2,KHL,0,5,20212022,SKA St. Petersburg,,,,,,,,,,
8484387,16,2,22,22,MHL,22,38,20212022,SKA-1946 St. Petersburg,,,,,,,,,,
8484387,1,2,3,1,EHT,0,2,20212022,Russia,,,,,,,,,,
8484387,5,2,5,8,Hlinka Gretzky Cup,0,13,20212022,Russia U18,,,,,,,,,,
8484387,5,2,6,8,MHL,2,13,20212022,SKA-Varyagi St. Petersburg,,,,,,,,,,
8484387,4,3,17,13,MHL,16,17,20212022,SKA-1946 St. Petersburg,,,,,,,,,,
8484387,0,2,3,0,KHL,2,0,20222023,SKA St. Petersburg,,,,,,,,,,
8484387,4,2,12,10,VHL,4,14,20222023,SKA-Neva St. Petersburg,,,,,,,,,,
8484387,11,2,27,9,KHL,14,20,20222023,HK Sochi,,,,,,,,,,
8484387,3,3,5,4,MHL,27,7,20222023,Kapitan Stupino,,,,,,,,,,
8484387,0,2,1,0,KHL,0,0,20232024,SKA St. Petersburg,,,,,,,,,,
8484387,22,2,47,19,KHL,26,41,20232024,HK Sochi,,,,,,,,,,
8484387,37,2,80,26,NHL,46,63,20242025,Philadelphia Flyers,,,,,,,,,,
8484392,1,2,7,3,WSI U13,,4,20172018,Sweden Selects U13,,,,,,,,,,
8484392,1,2,3,1,U16 Div.1,2,2,20182019,Leksands IF U16 2,,,,,,,,,,
8484392,0,2,3,1,U16 SM,0,1,20192020,Leksands IF U16,,,,,,,,,,
8484392,9,2,20,6,U16 Elit,2,15,20192020,Leksands IF U16,,,,,,,,,,
8484392,12,2,9,6,U16 Div.1,2,18,20192020,Leksands IF U16 2,,,,,,,,,,
8484392,6,2,8,0,U16 Region,6,6,20202021,Leksands IF U16,,,,,,,,,,
8484392,2,2,18,5,J20 Nationell,0,7,20212022,Leksands IF J20,,,,,,,,,,
8484392,9,2,21,7,J18 Region,8,16,20212022,Leksands IF J18,,,,,,,,,,
8484392,4,2,13,7,J18 Nationell,2,11,20212022,Leksands IF J18,,,,,,,,,,
8484392,0,3,2,0,J20 Nationell,0,0,20212022,Leksands IF J20,,,,,,,,,,
8484392,3,3,7,5,J18 Nationell,2,8,20212022,Leksands IF J18,,,,,,,,,,
8484392,0,2,7,0,SHL,0,0,20222023,Leksands IF,,,,,,,,,,
8484392,36,2,42,10,J20 Nationell,4,46,20222023,Leksands IF J20,,,,,,,,,,
8484392,1,2,2,3,J18 Region,0,4,20222023,Leksands IF J18,,,,,,,,,,
8484392,8,2,7,2,WJC-18,4,10,20222023,Sweden U18,,,,,,,,,,
8484392,2,2,6,2,WJAC-19,0,4,20222023,Sweden U18,,,,,,,,,,
8484392,5,3,7,4,J20 Nationell,2,9,20222023,Leksands IF J20,,,,,,,,,,
8484392,3,3,5,3,J18 Nationell,2,6,20222023,Leksands IF J18,,,,,,,,,,
8484392,12,2,35,3,SHL,2,15,20232024,Leksands IF,,,,,,,,,,
8484392,2,2,1,2,J20 Nationell,0,4,20232024,Leksands IF J20,,,,,,,,,,
8484392,5,2,7,1,WJC-20,0,6,20232024,Sweden U20,,,,,,,,,,
8484392,2,3,6,1,SHL,0,3,20232024,Leksands IF,,,,,,,,,,
8484392,15,2,61,5,AHL,12,20,20242025,Chicago Wolves,,,,,,,,,,
8484392,9,2,7,1,WJC-20,0,10,20242025,Sweden U20,,,,,,,,,,
8484392,0,3,2,0,AHL,0,0,20242025,Chicago Wolves,,,,,,,,,,
8484396,14,2,30,10,Belarus Vysshaya,18,24,20192020,Dinamo-Olimpik Minsk,,,,,,,,,,
8484396,0,3,12,0,Belarus Vysshaya,5,0,20192020,Dinamo-Olimpik Minsk,,,,,,,,,,
8484396,5,2,5,0,WJC-18,2,5,20202021,Belarus U18,,,,,,,,,,
8484396,7,2,24,7,Belarus2,10,14,20202021,Team Belarus U18,,,,,,,,,,
8484396,11,2,20,16,Belarus Vysshaya,16,27,20202021,Team Belarus U17,,,,,,,,,,
8484396,4,3,9,6,Belarus Vysshaya,8,10,20202021,Team Belarus U17,,,,,,,,,,
8484396,12,2,58,23,WHL,23,35,20212022,Saskatoon Blades,,,,,,,,,,
8484396,1,2,5,2,WJC-20 D1A,4,3,20212022,Belarus U20,,,,,,,,,,
8484396,2,3,5,1,WHL,2,3,20212022,Saskatoon Blades,,,,,,,,,,
8484396,36,2,53,40,WHL,39,76,20222023,Saskatoon Blades,,,,,,,,,,
8484396,10,3,16,9,WHL,6,19,20222023,Saskatoon Blades,,,,,,,,,,
8484396,38,2,66,50,WHL,66,88,20232024,Saskatoon Blades,,,,,,,,,,
8484396,8,3,16,15,WHL,12,23,20232024,Saskatoon Blades,,,,,,,,,,
8484396,17,2,59,17,AHL,18,34,20242025,San Diego Gulls,,,,,,,,,,
8484406,3,2,6,4,Brick Invitational,0,7,20122013,Team Brick Alberta,,,,,,,,,,
8484406,6,2,9,3,WSI U12,2,9,20142015,Pro Hockey Selects U12,,,,,,,,,,
8484406,18,2,34,18,AMBHL,10,36,20162017,Airdrie Xtreme U15 AAA,,,,,,,,,,
8484406,1,2,7,6,WSI U14,2,7,20162017,Western Canada Selects U14,,,,,,,,,,
8484406,1,3,2,1,AMBHL,0,2,20162017,Airdrie Xtreme U15 AAA,,,,,,,,,,
8484406,17,2,31,20,AMBHL,31,37,20172018,Airdrie Xtreme U15 AAA,,,,,,,,,,
8484406,0,2,8,1,WSI U15,2,1,20172018,Western Canada Selects U15,,,,,,,,,,
8484406,13,3,13,10,AMBHL,14,23,20172018,Airdrie Xtreme U15 AAA,,,,,,,,,,
8484406,0,2,2,1,AJHL,0,1,20182019,Okotoks Oilers,,,,,,,,,,
8484406,24,2,34,10,AMHL,32,34,20182019,Airdrie CFR Bisons U18 AAA,,,,,,,,,,
8484406,24,2,50,6,AJHL,24,30,20192020,Sherwood Park Crusaders,,,,,,,,,,
8484406,3,2,15,8,AJHL,10,11,20202021,Sherwood Park Crusaders,,,,,,,,,,
8484406,5,2,24,8,NCAA,2,13,20212022,Univ. of Nebraska-Omaha,,,,,,,,,,
8484406,13,2,34,12,NCAA,4,25,20222023,Univ. of Nebraska-Omaha,,,,,,,,,,
8484406,15,2,40,11,NCAA,33,26,20232024,Univ. of Nebraska-Omaha,,,,,,,,,,
8484406,0,2,2,0,NHL,2,0,20242025,Vancouver Canucks,,,,,,,,,,
8484406,27,2,64,12,AHL,24,39,20242025,Abbotsford Canucks,,,,,,,,,,
8484406,6,3,18,2,AHL,7,8,20242025,Abbotsford Canucks,,,,,,,,,,
8484420,6,2,30,6,Czechia U16,53,12,20172018,HC Plzen U16,,,,,,,,,,
8484420,0,2,8,1,ODM,5,1,20172018,Plzensky kraj U15,,,,,,,,,,
8484420,1,3,8,1,Czechia U16,8,2,20172018,HC Plzen U16,,,,,,,,,,
8484420,9,2,26,6,Czechia U16,16,15,20182019,HC Plzen U16,,,,,,,,,,
8484420,2,3,4,0,Czechia U16,2,2,20182019,HC Plzen U16,,,,,,,,,,
8484420,4,2,16,0,DHL Cup,4,4,20192020,HC Plzen U20,,,,,,,,,,
8484420,13,2,24,15,Czechia U17,42,28,20192020,HC Plzen U17,,,,,,,,,,
8484420,0,2,1,0,Czechia U20 3,0,0,20192020,HC Plzen B U20,,,,,,,,,,
8484420,1,2,5,0,WJC-18,27,1,20202021,Czechia U18,,,,,,,,,,
8484420,0,2,7,2,Czechia U20,2,2,20202021,HC Plzen U20,,,,,,,,,,
8484420,1,2,18,0,Czechia,6,1,20212022,HC Plzen,,,,,,,,,,
8484420,0,2,1,1,Czechia3,2,1,20212022,HC Klatovy,,,,,,,,,,
8484420,27,2,35,10,Czechia U20,59,37,20212022,HC Plzen U20,,,,,,,,,,
8484420,3,3,15,6,Czechia U20,8,9,20212022,HC Plzen U20,,,,,,,,,,
8484420,4,2,7,2,WJC-20,0,6,20222023,Czechia U20,,,,,,,,,,
8484420,18,2,52,14,QMJHL,53,32,20222023,Gatineau Olympiques,,,,,,,,,,
8484420,5,3,13,3,QMJHL,12,8,20222023,Gatineau Olympiques,,,,,,,,,,
8484420,5,2,26,0,AHL,4,5,20232024,Rockford IceHogs,,,,,,,,,,
8484420,2,2,6,1,ECHL,8,3,20232024,Indy Fuel,,,,,,,,,,
8484420,8,2,41,5,AHL,50,13,20242025,Rockford IceHogs,,,,,,,,,,
8484452,0,2,2,0,QC Int PW,0,0,20162017,Hamilton Huskies PW,,,,,,,,,,
8484452,37,2,72,9,U16 AAA,0,46,20192020,Hamilton Huskies U16 AAA,,,,,,,,,,
8484452,19,2,33,7,ALLIANCE U16,20,26,20192020,Hamilton Huskies U16 AAA,,,,,,,,,,
8484452,7,3,15,1,ALLIANCE U16,6,8,20192020,Hamilton Huskies U16 AAA,,,,,,,,,,
8484452,8,2,60,3,OHL,59,11,20212022,Ottawa 67's,,,,,,,,,,
8484452,1,3,4,0,OHL,2,1,20212022,Ottawa 67's,,,,,,,,,,
8484452,17,2,64,5,OHL,56,22,20222023,Ottawa 67's,,,,,,,,,,
8484452,4,3,11,0,OHL,8,4,20222023,Ottawa 67's,,,,,,,,,,
8484452,18,2,66,6,OHL,77,24,20232024,Ottawa 67's,,,,,,,,,,
8484452,2,3,7,0,OHL,15,2,20232024,Ottawa 67's,,,,,,,,,,
8484452,35,2,66,7,OHL,81,42,20242025,Ottawa 67's,,,,,,,,,,
8484470,1,2,6,4,QC Int PW,4,5,20172018,Charlottetown Islanders PW,,,,,,,,,,
8484470,2,2,5,0,ACC-U14,2,2,20182019,Team PEI U14 (ACC),,,,,,,,,,
8484470,17,2,30,10,PEIBAAA,18,27,20182019,Central Attack Bantam AAA,,,,,,,,,,
8484470,2,3,6,3,PEIBAAA,2,5,20182019,Central Attack U15 AAA,,,,,,,,,,
8484470,0,2,2,1,NBPEIMMHL,0,1,20192020,Charlottetown Knights U18 AAA,,,,,,,,,,
8484470,2,2,5,0,ACC-U15,12,2,20192020,Team PEI U15 (ACC),,,,,,,,,,
8484470,26,2,30,14,PEIBAAA,52,40,20192020,Central Attack Bantam AAA,,,,,,,,,,
8484470,9,2,8,0,NBPEIMU18HL,18,9,20202021,Charlottetown Knights U18 AAA,,,,,,,,,,
8484470,3,3,4,3,NBPEIMU18HL,4,6,20202021,Charlottetown Knights U18 AAA,,,,,,,,,,
8484470,14,2,55,4,QMJHL,18,18,20212022,Rimouski Océanic,,,,,,,,,,
8484470,0,3,2,0,QMJHL,0,0,20212022,Rimouski Océanic,,,,,,,,,,
8484470,14,2,37,5,QMJHL,16,19,20222023,Rimouski Océanic,,,,,,,,,,
8484470,6,3,9,1,QMJHL,8,7,20222023,Rimouski Océanic,,,,,,,,,,
8484470,20,2,42,2,QMJHL,28,22,20232024,Rimouski Océanic,,,,,,,,,,
8484470,20,2,54,4,QMJHL,28,24,20242025,Rimouski Océanic,,,,,,,,,,
8484470,2,3,9,1,QMJHL,4,3,20242025,Rimouski OcÃ©anic,,,,,,,,,,
8484473,4,2,8,1,WSI U14,,5,20182019,Finland Selects U14,,,,,,,,,,
8484473,1,2,5,0,U18 SM-sarja,2,1,20202021,Kärpät U18,,,,,,,,,,
8484473,13,2,19,2,U16 SM-sarja,16,15,20202021,Kärpät U16,,,,,,,,,,
8484473,11,2,42,0,U18 SM-sarja,24,11,20212022,Kärpät U18,,,,,,,,,,
8484473,6,2,40,3,U20 SM-sarja,10,9,20222023,Kärpät U20,,,,,,,,,,
8484473,2,2,6,1,U18 SM-sarja,4,3,20222023,Kärpät U18,,,,,,,,,,
8484473,0,3,7,1,U18 SM-sarja,0,1,20222023,Kärpät U18,,,,,,,,,,
8484473,0,2,2,0,Liiga,0,0,20232024,Kärpät,,,,,,,,,,
8484473,9,2,46,6,U20 SM-sarja,47,15,20232024,Kärpät U20,,,,,,,,,,
8484473,1,3,5,0,U20 SM-sarja,2,1,20232024,Kärpät U20,,,,,,,,,,
8484473,0,2,4,0,Liiga,0,0,20242025,Kärpät,,,,,,,,,,
8484473,0,2,1,0,Spengler Cup,0,0,20242025,KÃ¤rpÃ¤t,,,,,,,,,,
8484473,5,2,31,1,Mestis,8,6,20242025,Hermes,,,,,,,,,,
8484473,3,2,6,1,U20 SM-sarja,0,4,20242025,KÃ¤rpÃ¤t U20,,,,,,,,,,
8484473,0,3,3,0,U20 SM-sarja,4,0,20242025,KÃ¤rpÃ¤t U20,,,,,,,,,,
8484479,9,2,29,4,U15-Elit,20,13,20192020,Genève-Servette U15,,,,,,,,,,
8484479,2,2,4,0,U17-Top,2,2,20192020,Meyrin U17,,,,,,,,,,
8484479,0,2,3,2,Germany U17,0,2,20202021,Eisbären Juniors Berlin U17,,,,,,,,,,
8484479,1,2,6,2,Germany4,2,3,20212022,Eisbären Juniors Berlin,,,,,,,,,,
8484479,3,2,6,0,DNL U20,0,3,20212022,Eisbären Juniors Berlin U20,,,,,,,,,,
8484479,17,2,21,8,Germany U17,4,25,20212022,Eisbären Juniors Berlin U17,,,,,,,,,,
8484479,0,3,2,0,DNL U20,0,0,20212022,Eisbären Juniors Berlin U20,,,,,,,,,,
8484479,0,2,3,0,DEL,0,0,20222023,Eisbären Berlin,,,,,,,,,,
8484479,1,2,5,0,DEL2,0,1,20222023,Lausitzer Füchse,,,,,,,,,,
8484479,1,2,6,2,WJC-18,2,3,20222023,Germany U18,,,,,,,,,,
8484479,16,2,34,6,DNL U20,12,22,20222023,Eisbären Juniors Berlin U20,,,,,,,,,,
8484479,0,2,4,0,Hlinka Gretzky Cup,2,0,20222023,Germany U18,,,,,,,,,,
8484479,3,3,8,2,DNL U20,6,5,20222023,Eisbären Juniors Berlin U20,,,,,,,,,,
8484479,15,2,52,0,QMJHL,28,15,20232024,Chicoutimi Saguenéens,,,,,,,,,,
8484479,0,2,5,1,WJC-20,2,1,20232024,Germany U20,,,,,,,,,,
8484479,1,3,8,0,QMJHL,0,1,20232024,Chicoutimi Saguenéens,,,,,,,,,,
8484479,2,2,16,0,DEL,0,2,20242025,Eisbären Berlin,,,,,,,,,,
8484479,0,2,3,0,WHL,0,0,20242025,Prince Albert Raiders,,,,,,,,,,
8484479,3,2,15,0,USHL,0,3,20242025,Green Bay Gamblers,,,,,,,,,,
8484479,1,2,5,0,WJC-20,0,1,20242025,Germany U20,,,,,,,,,,
8484479,0,3,11,0,DEL,2,0,20242025,EisbÃ¤ren Berlin,,,,,,,,,,
8484484,19,2,31,10,ALLIANCE U15,60,29,20192020,Waterloo Wolves U15 AAA,,,,,,,,,,
8484484,11,2,59,8,OHL,78,19,20212022,Flint Firebirds,,,,,,,,,,
8484484,1,3,19,1,OHL,16,2,20212022,Flint Firebirds,,,,,,,,,,
8484484,11,2,64,17,OHL,61,28,20222023,Flint Firebirds,,,,,,,,,,
8484484,5,3,7,1,OHL,6,6,20222023,Flint Firebirds,,,,,,,,,,
8484484,11,2,58,10,OHL,62,21,20232024,Saginaw Spirit,,,,,,,,,,
8484484,2,2,5,2,Memorial Cup,2,4,20232024,Saginaw Spirit,,,,,,,,,,
8484484,1,2,9,2,OHL,6,3,20232024,Flint Firebirds,,,,,,,,,,
8484484,1,3,17,0,OHL,16,1,20232024,Saginaw Spirit,,,,,,,,,,
8484484,13,2,30,5,OHL,41,18,20242025,Kingston Frontenacs,,,,,,,,,,
8484484,5,2,32,8,OHL,55,13,20242025,Saginaw Spirit,,,,,,,,,,
8484484,5,3,11,0,OHL,24,5,20242025,Kingston Frontenacs,,,,,,,,,,
8484497,0,2,2,1,QC Int PW,0,1,20142015,Slovakia K&B Stars,,,,,,,,,,
8484497,3,2,9,1,WSI U14,0,4,20142015,Slovakia Selects U14,,,,,,,,,,
8484497,1,2,6,3,WSI U13,27,4,20142015,Slovakia Selects U13,,,,,,,,,,
8484497,20,2,38,7,Czechia U16,18,27,20162017,HC Kometa Brno U16,,,,,,,,,,
8484497,2,3,9,0,Czechia U16,6,2,20162017,HC Kometa Brno U16,,,,,,,,,,
8484497,3,2,4,0,Czechia U18,4,3,20172018,AZ Havirov U18,,,,,,,,,,
8484497,12,2,15,8,Czechia U16,10,20,20172018,AZ Havirov U16,,,,,,,,,,
8484497,5,2,21,6,Czechia U16,44,11,20172018,VSK Technika Brno U16,,,,,,,,,,
8484497,3,3,5,0,Czechia U16,0,3,20172018,AZ Havirov U16,,,,,,,,,,
8484497,3,2,30,4,Czechia U19,14,7,20182019,SKLH Zdar nad Sazavou U20,,,,,,,,,,
8484497,23,2,34,6,Slovakia U20,30,29,20192020,HKM Zvolen U20,,,,,,,,,,
8484497,10,2,11,14,Slovakia U18 2,22,24,20192020,HKM Zvolen U18,,,,,,,,,,
8484497,3,2,15,1,Slovakia,2,4,20202021,HKM Zvolen,,,,,,,,,,
8484497,0,2,5,0,WJC-20,0,0,20202021,Slovakia U20,,,,,,,,,,
8484497,1,2,2,4,Slovakia U20,0,5,20202021,HKM Zvolen U20,,,,,,,,,,
8484497,1,3,14,0,Slovakia,12,1,20202021,HKM Zvolen,,,,,,,,,,
8484497,21,2,44,17,Slovakia,59,38,20212022,HKM Zvolen,,,,,,,,,,
8484497,0,2,4,0,WJC-20,2,0,20212022,Slovakia U20,,,,,,,,,,
8484497,0,3,4,0,Slovakia,4,0,20212022,HKM Zvolen,,,,,,,,,,
8484497,18,2,39,17,Slovakia,57,35,20222023,HKM Zvolen,,,,,,,,,,
8484497,6,3,15,3,Slovakia,10,9,20222023,HKM Zvolen,,,,,,,,,,
8484497,2,2,18,3,AHL,4,5,20242025,Colorado Eagles,,,,,,,,,,
8484497,2,2,12,0,Czechia,7,2,20242025,HC Kometa Brno,,,,,,,,,,
8484507,0,2,2,0,Czechia U16,0,0,20152016,AZ Havirov U16,,,,,,,,,,
8484507,4,2,27,3,Czechia U16,2,7,20162017,AZ Havirov U16,,,,,,,,,,
8484507,0,3,3,2,Czechia U16,0,2,20162017,AZ Havirov U16,,,,,,,,,,
8484507,12,2,32,10,Czechia U16,6,22,20172018,AZ Havirov U16,,,,,,,,,,
8484507,5,2,8,2,ODM,0,7,20172018,Moravskoslezsky kraj U15,,,,,,,,,,
8484507,1,3,2,0,Czechia U16,2,1,20172018,AZ Havirov U16,,,,,,,,,,
8484507,27,2,29,21,Czechia U16,24,48,20182019,AZ Havirov U16,,,,,,,,,,
8484507,5,3,5,2,Czechia U16,6,7,20182019,AZ Havirov U16,,,,,,,,,,
8484507,0,2,4,0,Czechia,2,0,20192020,BK Mlada Boleslav,,,,,,,,,,
8484507,12,2,20,5,DHL Cup,0,17,20192020,BK Mlada Boleslav U20,,,,,,,,,,
8484507,4,2,6,0,WHC-17,2,4,20192020,Czechia U17,,,,,,,,,,
8484507,7,2,12,10,Czechia U17,8,17,20192020,BK Mlada Boleslav U17,,,,,,,,,,
8484507,0,2,9,0,Czechia,2,0,20202021,BK Mlada Boleslav,,,,,,,,,,
8484507,5,2,16,1,Czechia2,8,6,20202021,HC Slovan Ustecti Lvi,,,,,,,,,,
8484507,1,2,5,3,WJC-18,0,4,20202021,Czechia U18,,,,,,,,,,
8484507,4,2,11,2,Czechia U20,10,6,20202021,BK Mlada Boleslav U20,,,,,,,,,,
8484507,25,2,67,16,WHL,6,41,20212022,Kelowna Rockets,,,,,,,,,,
8484507,0,2,7,1,WJC-20,6,1,20212022,Czechia U20,,,,,,,,,,
8484507,1,3,5,2,WHL,0,3,20212022,Kelowna Rockets,,,,,,,,,,
8484507,55,2,56,24,WHL,44,79,20222023,Kelowna Rockets,,,,,,,,,,
8484507,3,2,7,5,WJC-20,4,8,20222023,Czechia U20,,,,,,,,,,
8484507,0,3,4,0,WHL,4,0,20222023,Kelowna Rockets,,,,,,,,,,
8484507,50,2,62,33,WHL,48,83,20232024,Kelowna Rockets,,,,,,,,,,
8484507,0,3,1,0,AHL,0,0,20232024,Syracuse Crunch,,,,,,,,,,
8484507,5,3,11,7,WHL,2,12,20232024,Kelowna Rockets,,,,,,,,,,
8484507,12,2,54,7,AHL,16,19,20242025,Syracuse Crunch,,,,,,,,,,
8484507,0,3,3,0,AHL,0,0,20242025,Syracuse Crunch,,,,,,,,,,
8484510,,2,23,,Schler-BL,,,20142015,EV Regensburg U16,,,3.15,,,,,,,
8484510,,2,15,,Schler-BL,,,20152016,EV Regensburg U16,,,2.25,,,,,,,
8484510,,2,1,,DNL,,,20152016,EV Regensburg U19,,,2.77,0.897,,,,,,
8484510,,3,4,,Schler-BL,,,20152016,EV Regensburg U16,,,3.27,0.0,,,,,,
8484510,,3,3,,DNL,,,20152016,EV Regensburg U19,,,4.63,0.815,,,,,,
8484510,,2,5,,ICEJL,,,20162017,RB Hockey Academy U18,3,2,2.43,0.903,0,124,1,12,296:00,
8484510,,2,14,,DNL,,,20162017,Eisbären Juniors Berlin U19,,,2.44,,,,,,,
8484510,,3,5,,DNL,,,20162017,Eisbären Juniors Berlin U19,,,3.0,,,,,,,
8484510,,2,3,,WJC-18 D1A,,,20172018,Germany U18,2,0,1.86,0.857,0,21,0,3,97:00,
8484510,,2,1,,Germany3,,,20172018,ECC Preussen Berlin,,,4.08,,,,,,,
8484510,,2,21,,DNL,,,20172018,Eisbären Juniors Berlin U19,,,2.65,,,,,,,
8484510,,3,6,,DNL,,,20172018,Eisbären Juniors Berlin U19,,,3.43,,,,,,,
8484510,,2,2,,DEL2,,,20182019,Lausitzer Füchse,1,1,2.93,0.923,0,78,0,6,123:00,
8484510,,2,4,,WJC-18 D1A,,,20182019,Germany U18,4,0,2.25,0.895,0,86,0,9,240:00,
8484510,,2,31,,DNL U20,,,20182019,Eisbären Juniors Berlin U20,,,3.36,,,,,93,1662:00,
8484510,,3,5,,DNL U20,,,20182019,Eisbären Juniors Berlin U20,,,3.16,,,,,16,303:00,
8484510,,2,2,,WJC-20,,,20192020,Germany U20,0,1,5.25,0.794,0,34,0,7,80:00,
8484510,,2,27,,U20 SM-liiga,,,20192020,Lukko U20,,,,0.918,,781,,64,,
8484510,,2,13,,DEL,,,20202021,Eisbären Berlin,5,6,2.34,0.917,0,326,1,27,691:00,
8484510,,2,11,,DEL2,,,20202021,Lausitzer Füchse,4,7,3.33,0.91,0,400,1,36,649:00,
8484510,,2,16,,DEL,,,20212022,Eisbären Berlin,8,8,2.79,0.902,0,458,2,45,967:00,
8484510,,2,11,,DEL2,,,20212022,Lausitzer Füchse,2,8,3.27,0.905,0,356,0,34,623:00,
8484510,,2,39,,DEL,,,20222023,Eisbären Berlin,17,21,2.66,0.911,0,1132,1,101,2280:00,
8484510,,2,38,,DEL,,,20232024,Kölner Haie,23,15,2.51,0.912,,1091,3,96,2293:48,
8484510,,3,3,,DEL,,,20232024,Kölner Haie,1,2,2.37,0.908,,76,0,7,177:20,
8484510,,2,9,,DEL,,,20242025,Kölner Haie,5,3,2.66,0.913,,242,1,21,473:19,
8484510,,3,4,,DEL,,,20242025,KÃ¶lner Haie,0,4,4.84,0.84,,94,,15,186:06,
8484534,0,2,6,0,QC Int PW,0,0,20152016,Lac St-Louis Lions Sud,,,,,,,,,,
8484534,3,2,28,1,QBAAA R,8,4,20162017,Lac St-Louis Lions Nord M15AAA R,,,,,,,,,,
8484534,11,2,30,4,QBAAA R,52,15,20172018,Lac St-Louis Lions Nord M15AAA R,,,,,,,,,,
8484534,0,2,2,0,QMAAA,0,0,20182019,Lac St-Louis Lions,,,,,,,,,,
8484534,11,2,30,1,QMEAA,50,12,20182019,Lac St-Louis Lions Black M17 AAA,,,,,,,,,,
8484534,4,2,39,1,QMAAA,18,5,20192020,Lac St-Louis Lions,,,,,,,,,,
8484534,0,3,6,0,QMAAA,2,0,20192020,Lac St-Louis Lions,,,,,,,,,,
8484534,8,2,23,0,CCHL,24,8,20212022,Hawkesbury Hawks,,,,,,,,,,
8484534,4,2,22,2,CCHL,52,6,20212022,Carleton Place Canadians,,,,,,,,,,
8484534,5,3,15,0,CCHL,16,5,20212022,Hawkesbury Hawks,,,,,,,,,,
8484534,11,2,57,5,OHL,91,16,20222023,Sudbury Wolves,,,,,,,,,,
8484534,1,3,4,0,OHL,12,1,20222023,Sudbury Wolves,,,,,,,,,,
8484534,6,2,24,6,OHL,35,12,20232024,Sudbury Wolves,,,,,,,,,,
8484534,4,2,21,2,OHL,34,6,20232024,Windsor Spitfires,,,,,,,,,,
8484534,7,2,24,1,ECHL,41,8,20242025,Orlando Solar Bears,,,,,,,,,,
8484534,4,2,36,2,AHL,57,6,20242025,Belleville Senators,,,,,,,,,,
8484534,3,3,10,1,ECHL,18,4,20242025,Orlando Solar Bears,,,,,,,,,,
8484556,0,2,5,0,NAHL U15,6,0,20172018,CAC Canadians U15 AA 1,,,,,,,,,,
8484556,18,2,33,9,AMBHL,44,27,20182019,CAC Canadians U15 AAA,,,,,,,,,,
8484556,0,2,3,0,AMMHL,2,0,20182019,CAC Canadians U17 AAA,,,,,,,,,,
8484556,16,2,23,4,CSSHL U15,32,20,20192020,Northern Alberta Xtreme U15 Prep,,,,,,,,,,
8484556,0,3,2,0,CSSHL U15,2,0,20192020,Northern Alberta Xtreme U15 Prep,,,,,,,,,,
8484556,0,2,5,0,WHL,2,0,20202021,Spokane Chiefs,,,,,,,,,,
8484556,3,2,6,0,AEHL U18,4,3,20202021,CAC Canadians U18 AAA,,,,,,,,,,
8484556,13,2,59,1,WHL,77,14,20212022,Spokane Chiefs,,,,,,,,,,
8484556,0,3,4,0,WHL,2,0,20212022,Spokane Chiefs,,,,,,,,,,
8484556,14,2,57,4,WHL,96,18,20222023,Spokane Chiefs,,,,,,,,,,
8484556,1,2,5,0,Hlinka Gretzky Cup,4,1,20222023,Canada U18,,,,,,,,,,
8484556,15,2,63,10,WHL,62,25,20232024,Spokane Chiefs,,,,,,,,,,
8484556,1,3,4,0,WHL,8,1,20232024,Spokane Chiefs,,,,,,,,,,
8484556,24,2,65,3,WHL,74,27,20242025,Spokane Chiefs,,,,,,,,,,
8484556,8,3,20,2,WHL,32,10,20242025,Spokane Chiefs,,,,,,,,,,
8484620,,2,17,,SCAHL U15,,,20162017,Lethbridge Hurricanes U15 AA,,,2.79,0.89,,,,,,
8484620,,3,5,,SCAHL U15,,,20162017,Lethbridge Hurricanes U15 AA,,,3.23,0.85,,,,,,
8484620,,2,18,,AEHL U15,,,20172018,Lethbridge Golden Hawks U15 AAA,9,7,2.4,0.916,2,510,2,43,1074:00,
8484620,,3,4,,AEHL U15,,,20172018,Lethbridge Golden Hawks U15 AAA,,,3.28,0.888,,,,,,
8484620,,2,19,,CSSHL U16,,,20182019,Northern Alberta Xtreme U16 Prep,13,6,2.19,0.924,0,527,1,40,1096:00,
8484620,,2,1,,CSSHL U18,,,20182019,Northern Alberta Xtreme U18 Prep,1,0,2.0,0.938,0,32,0,2,60:00,
8484620,,3,5,,CSSHL U16,,,20182019,Northern Alberta Xtreme U16 Prep,4,1,2.34,0.929,0,170,0,12,307:00,
8484620,,2,4,,AJHL,,,20192020,Spruce Grove Saints,2,1,1.91,0.914,0,70,0,6,189:00,
8484620,,2,17,,CSSHL U18,,,20192020,Northern Alberta Xtreme U18 Prep,15,2,2.4,0.914,0,466,1,40,1000:00,
8484620,,3,1,,CSSHL U18,,,20192020,Northern Alberta Xtreme U18 Prep,1,0,7.94,0.765,0,17,0,4,30:00,
8484620,,2,13,,AJHL,,,20202021,Spruce Grove Saints,6,7,3.68,0.892,0,416,1,45,733:00,
8484620,,2,45,,WHL,,,20212022,Victoria Royals,17,23,3.49,0.908,2,1609,3,148,2547:03,
8484620,,2,33,,WHL,,,20222023,Everett Silvertips,16,14,3.37,0.9,1,1015,1,102,1814:40,
8484620,,2,16,,WHL,,,20222023,Victoria Royals,3,10,4.22,0.876,3,525,0,65,924:40,
8484620,,3,5,,WHL,,,20222023,Everett Silvertips,1,3,3.15,0.901,1,162,1,16,304:31,
8484620,,2,46,,WHL,,,20232024,Everett Silvertips,30,9,2.57,0.907,2,1198,1,112,2615:07,
8484620,,3,9,,WHL,,,20232024,Everett Silvertips,4,3,3.4,0.897,2,273,1,28,493:43,
8484620,,2,18,,USports,,,20242025,Univ. of Alberta,13,4,2.11,0.915,1,445,3,38,1078:38,
8484620,,3,6,,USports,,,20242025,Univ. of Alberta,3,2,1.75,0.936,1,173,1,11,376:52,
8484621,,2,15,,QM15AAA,,,20172018,Mille-Îles Seigneurs M15 AAA,9,4,1.93,,1,,1,29,623:00,
8484621,,2,15,,QM15AAA E,,,20182019,Mille-Îles Seigneurs M15 AAA E,5,7,2.07,,2,,2,31,619:00,
8484621,,2,26,,QMAAA,,,20192020,Saint-Eustache Vikings,15,9,2.77,0.909,1,716,1,65,1409:00,
8484621,,3,7,,QMAAA,,,20192020,Saint-Eustache Vikings,3,3,2.33,0.922,1,192,1,15,386:00,
8484621,,2,32,,QMJHL,,,20212022,Halifax Mooseheads,17,12,3.43,0.901,0,1002,1,99,1732:00,
8484621,,3,5,,QMJHL,,,20212022,Halifax Mooseheads,2,3,3.77,0.905,,222,0,21,334:00,
8484621,,2,49,,QMJHL,,,20222023,Halifax Mooseheads,36,7,2.48,0.912,2,1356,4,119,2878:00,
8484621,,3,21,,QMJHL,,,20222023,Halifax Mooseheads,14,7,2.44,0.921,,661,3,52,1280:00,
8484621,,2,44,,QMJHL,,,20232024,Halifax Mooseheads,31,8,2.27,0.925,4,1312,5,99,2615:29,
8484621,,2,5,,WJC-20,,,20232024,Canada U20,3,2,2.0,0.912,0,114,1,10,299:39,
8484621,,3,4,,QMJHL,,,20232024,Halifax Mooseheads,0,2,3.45,0.89,2,127,0,14,243:23,
8484621,,2,30,,QMJHL,,,20242025,Halifax Mooseheads,9,16,3.16,0.906,5,990,0,93,1763:02,
8484621,,2,15,,QMJHL,,,20242025,Moncton Wildcats,11,4,2.33,0.903,0,362,2,35,900:09,
8484621,,3,11,,QMJHL,,,20242025,Moncton Wildcats,8,2,2.53,0.915,0,318,1,27,639:57,
8484783,1,2,7,3,WSI U13,,4,20172018,Dynamo Minsk Selects U13,,,,,,,,,,
8484783,2,2,6,4,WSI U14,,6,20182019,Dynamo Minsk Selects U14,,,,,,,,,,
8484783,16,2,46,10,Belarus Vysshaya,28,26,20202021,Team Belarus U17,,,,,,,,,,
8484783,3,3,7,2,Belarus Vysshaya,0,5,20202021,Team Belarus U17,,,,,,,,,,
8484783,2,2,5,0,WJC-20 D1A,4,2,20212022,Belarus U20,,,,,,,,,,
8484783,38,2,46,25,Belarus Vysshaya,28,63,20212022,Team Belarus U18,,,,,,,,,,
8484783,10,3,13,7,Belarus Vysshaya,2,17,20212022,Team Belarus U18,,,,,,,,,,
8484783,29,2,62,13,USHL,38,42,20222023,Green Bay Gamblers,,,,,,,,,,
8484783,1,3,3,0,USHL,0,1,20222023,Green Bay Gamblers,,,,,,,,,,
8484783,26,2,38,9,NCAA,44,35,20232024,Michigan State Univ.,,,,,,,,,,
8484783,6,2,18,0,NHL,8,6,20242025,Chicago Blackhawks,,,,,,,,,,
8484783,17,2,52,5,AHL,59,22,20242025,Rockford IceHogs,,,,,,,,,,
8484783,0,3,7,1,AHL,10,1,20242025,Rockford IceHogs,,,,,,,,,,
8484801,2,2,6,2,Brick Invitational,2,4,20152016,BC Junior Canucks,,,,,,,,,,
8484801,0,3,2,1,Brick Invitational,0,1,20152016,BC Junior Canucks,,,,,,,,,,
8484801,9,2,9,5,WSI U12,,14,20172018,Western Canada Selects U12,,,,,,,,,,
8484801,0,2,2,0,QC Int PW,2,0,20172018,North Shore Winter Club,,,,,,,,,,
8484801,9,2,9,13,WSI U13,,22,20182019,Western Canada Selects U13,,,,,,,,,,
8484801,2,2,7,5,T1EHL 14U,6,7,20192020,San Jose Jr. Sharks 14U AAA,,,,,,,,,,
8484801,45,2,54,49,14U AAA,50,94,20192020,San Jose Jr. Sharks 14U AAA,,,,,,,,,,
8484801,90,2,50,51,14U AAA,58,141,20202021,Shattuck St. Mary's 14U AAA,,,,,,,,,,
8484801,67,2,52,50,USHS-Prep,44,117,20212022,Shattuck St. Mary's 18U Prep,,,,,,,,,,
8484801,12,2,11,8,PHC,12,20,20212022,Shattuck St. Mary's 18U Prep,,,,,,,,,,
8484801,2,3,2,1,PHC,6,3,20212022,Shattuck St. Mary's 18U Prep,,,,,,,,,,
8484801,40,2,50,46,USHL,62,86,20222023,Chicago Steel,,,,,,,,,,
8484801,9,2,7,6,WJC-18,6,15,20222023,Canada U18,,,,,,,,,,
8484801,1,2,4,1,WHC-17,0,2,20222023,Canada Black U17,,,,,,,,,,
8484801,0,3,2,0,USHL,2,0,20222023,Chicago Steel,,,,,,,,,,
8484801,1,2,1,0,International,0,1,20232024,Team Canada,,,,,,,,,,
8484801,32,2,38,32,NCAA,18,64,20232024,Boston Univ.,,,,,,,,,,
8484801,4,2,5,4,WJC-20,0,8,20232024,Canada U20,,,,,,,,,,
8484801,38,2,70,25,NHL,28,63,20242025,San Jose Sharks,,,,,,,,,,
8484829,3,2,32,5,QM15AAA E,2,8,20142015,Lac St-Louis Lions M15 AAA E,,,,,,,,,,
8484829,0,3,4,0,QM15AAA E,0,0,20142015,Lac St-Louis Lions M15 AAA E,,,,,,,,,,
8484829,3,2,6,3,WSI U15,0,6,20152016,Jr Lions U15,,,,,,,,,,
8484829,1,2,3,1,QMEAA,0,2,20152016,Lac St-Louis Lions Black M17 AAA,,,,,,,,,,
8484829,25,2,33,14,QBAAA,18,39,20152016,Lac St-Louis Lions M15 AAA E,,,,,,,,,,
8484829,18,2,40,8,QMAAA,18,26,20162017,Lac St-Louis Lions,,,,,,,,,,
8484829,2,3,4,2,QMAAA,0,4,20162017,Lac St-Louis Lions,,,,,,,,,,
8484829,41,2,40,34,QMAAA,16,75,20172018,Lac St-Louis Lions,,,,,,,,,,
8484829,4,3,5,3,QMAAA,0,7,20172018,Lac St-Louis Lions,,,,,,,,,,
8484829,28,2,26,17,USHS-Prep,,45,20182019,Salisbury School,,,,,,,,,,
8484829,10,2,17,4,USHL,19,14,20192020,Cedar Rapids RoughRiders,,,,,,,,,,
8484829,21,2,44,17,USHL,36,38,20202021,Sioux City Musketeers,,,,,,,,,,
8484829,0,3,4,1,USHL,0,1,20202021,Sioux City Musketeers,,,,,,,,,,
8484829,15,2,27,7,NCAA,14,22,20212022,Northeastern Univ.,,,,,,,,,,
8484829,21,2,35,15,NCAA,26,36,20222023,Northeastern Univ.,,,,,,,,,,
8484829,30,2,32,13,NCAA,8,43,20232024,Northeastern Univ.,,,,,,,,,,
8484829,2,2,12,1,AHL,18,3,20232024,Texas Stars,,,,,,,,,,
8484829,2,3,7,2,AHL,2,4,20232024,Texas Stars,,,,,,,,,,
8484829,1,2,5,0,NHL,0,1,20242025,Dallas Stars,,,,,,,,,,
8484829,38,2,67,22,AHL,27,60,20242025,Texas Stars,,,,,,,,,,
8484829,9,3,14,9,AHL,10,18,20242025,Texas Stars,,,,,,,,,,
8484887,,2,18,,HEO U14,,,20132014,Eastern Ontario Wild U14 AAA,,,3.93,,,,,,,
8484887,,2,17,,HEO U15,,,20142015,Eastern Ontario Wild U15 AAA,,,2.77,,,,,,,
8484887,,3,2,,HEO U15,,,20142015,Eastern Ontario Wild U15 AAA,,,4.5,,,,,,,
8484887,,2,23,,HEO U18,,,20162017,Ottawa Senators U18 AAA,,,1.64,0.934,,,,,,
8484887,,3,2,,HEO U18,,,20162017,Ottawa Senators U18 AAA,,,2.42,0.889,,,,,,
8484887,,2,11,,CCHL,,,20172018,Ottawa Jr. Senators,,,2.56,0.907,,,,,,
8484887,,2,21,,CCHL,,,20172018,Renfrew Wolves,,,2.38,0.923,,,,,,
8484887,,3,3,,CCHL,,,20172018,Renfrew Wolves,,,2.71,0.914,,,,,,
8484887,,2,42,,CCHL,,,20182019,Renfrew Wolves,18,19,3.19,0.915,4,1532,2,130,2445:00,
8484887,,3,5,,CCHL,,,20182019,Renfrew Wolves,1,4,2.99,0.928,4,221,0,16,321:00,
8484887,,2,34,,USHL,,,20192020,Waterloo Black Hawks,21,8,2.57,0.905,2,855,2,81,1889:00,
8484887,,2,6,,NCAA,,,20202021,Univ. of Vermont,0,5,2.53,0.925,0,159,0,12,284:00,
8484887,,2,23,,NCAA,,,20212022,Univ. of Vermont,6,14,2.88,0.905,2,632,3,60,1252:00,
8484887,,2,26,,NCAA,,,20222023,Univ. of Vermont,9,13,2.67,0.91,3,746,1,67,1506:00,
8484887,,2,34,,NCAA,,,20232024,Univ. of Vermont,13,18,2.77,0.906,3,990,0,93,2018:00,
8484887,,2,1,,AHL,,,20232024,San Jose Barracuda,1,0,3.89,0.818,0,22,0,4,61:45,
8484887,,2,25,,ECHL,,,20242025,Wichita Thunder,14,9,2.6,0.922,2,844,3,66,1521:48,
8484887,,2,22,,AHL,,,20242025,San Jose Barracuda,10,9,3.06,0.894,3,583,2,62,1214:44,
8484887,,3,1,,AHL,,,20242025,San Jose Barracuda,0,1,20.69,0.667,3,3,0,1,2:54,
8484901,13,2,33,10,NSU15MHL,16,23,20142015,Dartmouth Whalers U15,,,,,,,,,,
8484901,1,3,2,0,NSU15MHL,0,1,20142015,Dartmouth Whalers U15,,,,,,,,,,
8484901,5,2,5,3,ACC-U14,0,8,20152016,Team Nova Scotia U14 (ACC),,,,,,,,,,
8484901,5,2,27,5,PSHF U16,0,10,20152016,Newbridge Academy U16,,,,,,,,,,
8484901,20,2,36,8,NSMMHL,8,28,20162017,Steele Subaru U18,,,,,,,,,,
8484901,2,2,5,2,ACC-U15,2,4,20162017,Team Nova Scotia U15 (ACC),,,,,,,,,,
8484901,7,3,11,1,NSMMHL,6,8,20162017,Steele Subaru U18,,,,,,,,,,
8484901,30,2,35,14,NSMMHL,16,44,20172018,Steele Subaru U18,,,,,,,,,,
8484901,2,2,5,0,QGC-16,2,2,20172018,Team Nova Scotia,,,,,,,,,,
8484901,11,3,14,5,NSMMHL,4,16,20172018,Steele Subaru U18,,,,,,,,,,
8484901,18,2,30,15,USHS-Prep,,33,20182019,Salisbury School,,,,,,,,,,
8484901,0,2,4,1,BEAST 16U,0,1,20182019,Yale Jr. Bulldogs 16U AAA,,,,,,,,,,
8484901,20,2,28,17,USHS-Prep,,37,20192020,Salisbury School,,,,,,,,,,
8484901,0,2,4,0,BEAST 18U,2,0,20192020,Yale Jr. Bulldogs 18U AAA,,,,,,,,,,
8484901,1,3,1,1,BEAST 18U,0,2,20192020,Yale Jr. Bulldogs 18U AAA,,,,,,,,,,
8484901,14,2,20,13,BCHL,2,27,20202021,Penticton Vees,,,,,,,,,,
8484901,7,2,36,2,NCAA,24,9,20212022,Quinnipiac Univ.,,,,,,,,,,
8484901,19,2,41,19,NCAA,12,38,20222023,Quinnipiac Univ.,,,,,,,,,,
8484901,1,2,7,0,AHL,2,1,20232024,Toronto Marlies,,,,,,,,,,
8484901,29,2,39,17,NCAA,16,46,20232024,Quinnipiac Univ.,,,,,,,,,,
8484901,0,3,3,0,AHL,2,0,20232024,Toronto Marlies,,,,,,,,,,
8484901,0,2,1,0,NHL,0,0,20242025,Toronto Maple Leafs,,,,,,,,,,
8484901,19,2,67,18,AHL,38,37,20242025,Toronto Marlies,,,,,,,,,,
8484901,0,3,2,0,AHL,0,0,20242025,Toronto Marlies,,,,,,,,,,
8484910,,2,4,,U16 Div.2,,,20132014,SDE HF U16 2,,,0.8,0.963,,,,,,
8484910,,2,1,,J20 Div.1,,,20152016,SDE HF J20,,,1.0,0.969,,,,,,
8484910,,2,13,,J18 Region,,,20152016,SDE HF J18,,,2.8,0.91,,,,,,
8484910,,2,4,,U16 Div.1,,,20152016,SDE HF U16,,,3.5,0.905,,,,,,
8484910,,2,14,,J18 Region,,,20162017,HV71 J18,,,3.3,0.874,,,,,,
8484910,,2,7,,J18 Nationell,,,20162017,HV71 J18,,,2.37,0.918,,,,,,
8484910,,3,4,,J18 Nationell,,,20162017,HV71 J18,,,2.66,0.907,,,,,,
8484910,,2,17,,J20 Nationell,,,20172018,HV71 J20,,,3.28,0.889,,,,,,
8484910,,2,3,,J18 Region,,,20172018,HV71 J18,,,4.81,0.818,,,,,,
8484910,,2,21,,J20 Nationell,,,20182019,HV71 J20,15,6,2.89,0.887,0,538,2,61,1267:00,
8484910,,2,30,,USHL,,,20192020,Chicago Steel,25,4,2.34,0.913,0,781,2,68,1742:00,
8484910,,2,11,,NCAA,,,20202021,Univ. of Maine,3,6,3.77,0.902,1,386,0,38,605:00,
8484910,,2,21,,NCAA,,,20212022,Univ. of Maine,5,14,3.31,0.9,1,678,0,68,1234:00,
8484910,,2,33,,NCAA,,,20222023,Univ. of Maine,14,12,2.21,0.918,4,842,5,69,1875:00,
8484910,,2,21,,NCAA,,,20232024,Univ. of Maine,13,6,2.8,0.892,1,518,0,56,1198:00,
8484910,0,2,1,0,NHL,0,,20242025,Seattle Kraken,0,0,0.0,1.0,0,12,0,0,20:00,
8484910,,2,32,,ECHL,,,20242025,Kansas City Mavericks,21,7,2.52,0.903,4,818,2,79,1880:39,
8484910,,2,5,,AHL,,,20242025,Coachella Valley Firebirds,2,1,2.38,0.916,2,143,1,12,302:38,
8484911,3,2,6,2,Brick Invitational,0,5,20112012,Boston Jr. Bruins,,,,,,,,,,
8484911,3,2,6,1,WSI U13,2,4,20142015,Pro Hockey Selects U13,,,,,,,,,,
8484911,1,2,3,1,QC Int PW,0,2,20142015,Long Island Stars,,,,,,,,,,
8484911,20,2,28,7,USPHL 16U,8,27,20162017,Boston Jr. Bruins 16U AAA,,,,,,,,,,
8484911,2,2,6,1,WSI U15,0,3,20162017,East Coast Canadians Selects U15,,,,,,,,,,
8484911,2,3,3,0,USPHL 16U,2,2,20162017,Boston Jr. Bruins 16U AAA,,,,,,,,,,
8484911,25,2,27,10,USPHL 16U,4,35,20172018,Boston Jr. Bruins 16U AAA,,,,,,,,,,
8484911,3,2,3,1,USA-S15,,4,20172018,Team Forest,,,,,,,,,,
8484911,4,3,2,1,USPHL 16U,0,5,20172018,Boston Jr. Bruins 16U AAA,,,,,,,,,,
8484911,20,2,27,6,USPHL 18U,16,26,20182019,Boston Jr. Bruins 18U AAA,,,,,,,,,,
8484911,5,2,4,0,USPHL 16U,2,5,20182019,Boston Jr. Bruins 16U AAA,,,,,,,,,,
8484911,0,3,3,3,USPHL 18U,2,3,20182019,Boston Jr. Bruins 18U AAA,,,,,,,,,,
8484911,3,2,9,1,EHF 18U Elite,12,4,20192020,Boston Little Bruins 18U AAA,,,,,,,,,,
8484911,31,2,49,16,NCDC,33,47,20192020,Boston Jr. Bruins,,,,,,,,,,
8484911,35,2,42,19,NCDC,24,54,20202021,Boston Jr. Bruins,,,,,,,,,,
8484911,5,3,6,3,NCDC,2,8,20202021,Boston Jr. Bruins,,,,,,,,,,
8484911,11,2,37,11,NCAA,10,22,20212022,Union College,,,,,,,,,,
8484911,38,2,41,21,NCAA,4,59,20222023,Quinnipiac Univ.,,,,,,,,,,
8484911,2,2,7,0,NHL,0,2,20232024,San Jose Sharks,,,,,,,,,,
8484911,27,2,34,22,NCAA,4,49,20232024,Quinnipiac Univ.,,,,,,,,,,
8484911,6,2,33,5,NHL,8,11,20242025,San Jose Sharks,,,,,,,,,,
8484911,27,2,40,8,AHL,12,35,20242025,San Jose Barracuda,,,,,,,,,,
8484911,3,3,6,2,AHL,2,5,20242025,San Jose Barracuda,,,,,,,,,,
8484929,12,2,31,3,U16 SM-sarja,10,15,20122013,HIFK U16,,,,,,,,,,
8484929,2,3,7,0,U16 SM-sarja,2,2,20122013,HIFK U16,,,,,,,,,,
8484929,5,2,9,2,U18 SM-sarja,2,7,20132014,HIFK U18,,,,,,,,,,
8484929,5,2,2,2,U18 Mestis,0,7,20132014,HJK U18,,,,,,,,,,
8484929,13,2,9,4,U16 SM-sarja,12,17,20132014,HIFK U16,,,,,,,,,,
8484929,0,3,1,0,U16 SM-sarja,0,0,20132014,HIFK U16,,,,,,,,,,
8484929,33,2,43,9,U18 SM-sarja,20,42,20142015,HIFK U18,,,,,,,,,,
8484929,2,2,3,0,EYOF,0,2,20142015,Finland U17,,,,,,,,,,
8484929,2,2,6,0,WHC-17,2,2,20142015,Finland U17,,,,,,,,,,
8484929,8,3,12,2,U18 SM-sarja,4,10,20142015,HIFK U18,,,,,,,,,,
8484929,0,2,1,0,Liiga,0,0,20152016,HIFK,,,,,,,,,,
8484929,1,2,7,0,WJC-18,8,1,20152016,Finland U18,,,,,,,,,,
8484929,3,2,7,8,U18 SM-sarja,4,11,20152016,HIFK U18,,,,,,,,,,
8484929,16,2,39,8,U20 SM-liiga,24,24,20152016,HIFK U20,,,,,,,,,,
8484929,0,2,5,2,Ivan Hlinka Memorial,4,2,20152016,Finland U18,,,,,,,,,,
8484929,0,3,1,0,U18 SM-sarja,0,0,20152016,HIFK U18,,,,,,,,,,
8484929,1,3,4,0,U20 SM-liiga,2,1,20152016,HIFK U20,,,,,,,,,,
8484929,0,2,2,0,Champions HL,2,0,20162017,HIFK,,,,,,,,,,
8484929,2,2,13,0,Liiga,2,2,20162017,HIFK,,,,,,,,,,
8484929,0,2,3,0,Mestis,16,0,20162017,RoKi,,,,,,,,,,
8484929,9,2,25,15,U20 SM-liiga,32,24,20162017,HIFK U20,,,,,,,,,,
8484929,0,3,8,1,Liiga,0,1,20162017,HIFK,,,,,,,,,,
8484929,5,3,7,4,U20 SM-liiga,8,9,20162017,HIFK U20,,,,,,,,,,
8484929,1,2,4,1,Champions HL,33,2,20172018,HIFK,,,,,,,,,,
8484929,4,2,26,1,Liiga,10,5,20172018,HIFK,,,,,,,,,,
8484929,1,2,5,0,WJC-20,2,1,20172018,Finland U20,,,,,,,,,,
8484929,12,2,10,6,U20 SM-liiga,10,18,20172018,HIFK U20,,,,,,,,,,
8484929,0,3,13,2,Liiga,2,2,20172018,HIFK,,,,,,,,,,
8484929,6,3,7,2,U20 SM-liiga,6,8,20172018,HIFK U20,,,,,,,,,,
8484929,0,2,2,0,Champions HL,0,0,20182019,HIFK,,,,,,,,,,
8484929,17,2,47,4,Liiga,16,21,20182019,HIFK,,,,,,,,,,
8484929,2,3,13,1,Liiga,6,3,20182019,HIFK,,,,,,,,,,
8484929,8,2,28,2,Liiga,10,10,20192020,HIFK,,,,,,,,,,
8484929,4,2,40,10,Liiga,26,14,20202021,HIFK,,,,,,,,,,
8484929,3,3,8,2,Liiga,0,5,20202021,HIFK,,,,,,,,,,
8484929,2,2,6,0,Champions HL,4,2,20212022,HIFK,,,,,,,,,,
8484929,11,2,42,12,Liiga,30,23,20212022,HIFK,,,,,,,,,,
8484929,25,2,56,12,Liiga,26,37,20222023,HIFK,,,,,,,,,,
8484929,1,2,3,0,Spengler Cup,2,1,20222023,HIFK,,,,,,,,,,
8484929,1,2,3,1,EHT,0,2,20222023,Finland,,,,,,,,,,
8484929,4,3,6,0,Liiga,4,4,20222023,HIFK,,,,,,,,,,
8484929,20,2,57,10,Liiga,40,30,20232024,HIFK,,,,,,,,,,
8484929,1,2,8,0,WC,8,1,20232024,Finland,,,,,,,,,,
8484929,3,2,8,2,EHT,0,5,20232024,Finland,,,,,,,,,,
8484929,2,3,7,5,Liiga,4,7,20232024,HIFK,,,,,,,,,,
8484929,4,2,18,0,NHL,9,4,20242025,Carolina Hurricanes,,,,,,,,,,
8484929,21,2,53,12,AHL,38,33,20242025,Chicago Wolves,,,,,,,,,,
8484929,0,3,2,1,AHL,2,1,20242025,Chicago Wolves,,,,,,,,,,
8484938,6,2,13,10,U16 Mestis,2,16,20162017,KKP U16,,,,,,,,,,
8484938,0,3,2,1,U16 Mestis,0,1,20162017,KKP U16,,,,,,,,,,
8484938,7,2,42,14,U18 SM-sarja,16,21,20172018,Kiekko-Laser U18,,,,,,,,,,
8484938,10,2,49,14,U18 SM-sarja,8,24,20182019,Kärpät U18,,,,,,,,,,
8484938,1,3,7,6,U18 SM-sarja,0,7,20182019,Kärpät U18,,,,,,,,,,
8484938,0,2,5,2,JCWC,2,2,20192020,Kärpät U20,,,,,,,,,,
8484938,6,2,48,12,U20 SM-liiga,4,18,20192020,Kärpät U20,,,,,,,,,,
8484938,0,3,1,0,U20 SM-liiga,2,0,20192020,Kärpät U20,,,,,,,,,,
8484938,0,2,3,0,Liiga,0,0,20202021,Kärpät,,,,,,,,,,
8484938,10,2,36,10,U20 SM-sarja,2,20,20202021,Kärpät U20,,,,,,,,,,
8484938,0,3,1,0,Liiga,0,0,20202021,Kärpät,,,,,,,,,,
8484938,0,3,5,1,U20 SM-sarja,0,1,20202021,Kärpät U20,,,,,,,,,,
8484938,5,2,43,4,Liiga,4,9,20212022,Kärpät,,,,,,,,,,
8484938,0,2,2,0,Mestis,0,0,20212022,Hermes,,,,,,,,,,
8484938,0,2,4,1,Suomen Cup,0,1,20212022,Hermes,,,,,,,,,,
8484938,0,3,7,2,Liiga,0,2,20212022,Kärpät,,,,,,,,,,
8484938,4,2,46,9,Liiga,8,13,20222023,Kärpät,,,,,,,,,,
8484938,0,3,3,0,Liiga,0,0,20222023,Kärpät,,,,,,,,,,
8484938,17,2,55,14,Liiga,6,31,20232024,Kärpät,,,,,,,,,,
8484938,1,2,8,2,WC,2,3,20232024,Finland,,,,,,,,,,
8484938,4,2,9,3,EHT,0,7,20232024,Finland,,,,,,,,,,
8484938,0,3,12,3,Liiga,0,3,20232024,Kärpät,,,,,,,,,,
8484938,1,2,5,0,NHL,0,1,20242025,Dallas Stars,,,,,,,,,,
8484938,25,2,67,24,AHL,12,49,20242025,Texas Stars,,,,,,,,,,
8484938,5,3,14,1,AHL,6,6,20242025,Texas Stars,,,,,,,,,,
8484958,20,2,35,10,Russia U17,50,30,20142015,Spartak Moskva U17,,,,,,,,,,
8484958,4,2,24,3,MHL,26,7,20152016,MHK Spartak Moskva,,,,,,,,,,
8484958,0,3,1,0,MHL,0,0,20152016,MHK Spartak Moskva,,,,,,,,,,
8484958,3,2,11,1,VHL,4,4,20162017,Khimik Voskresensk,,,,,,,,,,
8484958,9,2,34,7,MHL,24,16,20162017,MHK Spartak Moskva,,,,,,,,,,
8484958,0,2,1,1,Russia U18,0,1,20162017,Spartak Moskva U18,,,,,,,,,,
8484958,1,3,3,1,MHL,2,2,20162017,MHK Spartak Moskva,,,,,,,,,,
8484958,0,2,20,0,KHL,4,0,20172018,Spartak Moskva,,,,,,,,,,
8484958,0,2,5,1,VHL,2,1,20172018,Khimik Voskresensk,,,,,,,,,,
8484958,5,2,20,7,MHL,14,12,20172018,MHK Spartak Moskva,,,,,,,,,,
8484958,0,3,2,0,KHL,6,0,20172018,Spartak Moskva,,,,,,,,,,
8484958,0,3,5,3,MHL,2,3,20172018,MHK Spartak Moskva,,,,,,,,,,
8484958,5,2,31,4,KHL,29,9,20182019,Spartak Moskva,,,,,,,,,,
8484958,4,2,15,1,VHL,2,5,20182019,Khimik Voskresensk,,,,,,,,,,
8484958,0,2,5,1,MHL,2,1,20182019,MHK Spartak Moskva,,,,,,,,,,
8484958,0,3,2,0,MHL,0,0,20182019,MHK Spartak Moskva,,,,,,,,,,
8484958,6,2,52,5,KHL,18,11,20192020,Spartak Moskva,,,,,,,,,,
8484958,2,3,5,0,KHL,4,2,20192020,Spartak Moskva,,,,,,,,,,
8484958,8,2,58,9,KHL,32,17,20202021,Spartak Moskva,,,,,,,,,,
8484958,0,2,1,0,VHL,0,0,20202021,Khimik Voskresensk,,,,,,,,,,
8484958,0,3,4,0,KHL,4,0,20202021,Spartak Moskva,,,,,,,,,,
8484958,1,3,2,0,VHL,2,1,20202021,Khimik Voskresensk,,,,,,,,,,
8484958,8,2,38,4,KHL,28,12,20212022,Spartak Moskva,,,,,,,,,,
8484958,0,2,1,0,VHL,4,0,20212022,Khimik Voskresensk,,,,,,,,,,
8484958,1,3,5,0,KHL,4,1,20212022,Spartak Moskva,,,,,,,,,,
8484958,2,3,4,2,VHL,2,4,20212022,Khimik Voskresensk,,,,,,,,,,
8484958,15,2,63,10,KHL,26,25,20222023,Spartak Moskva,,,,,,,,,,
8484958,16,2,65,31,KHL,35,47,20232024,Spartak Moskva,,,,,,,,,,
8484958,2,3,11,2,KHL,14,4,20232024,Spartak Moskva,,,,,,,,,,
8484958,25,2,77,10,NHL,39,35,20242025,New York Islanders,,,,,,,,,,
8484976,1,2,2,1,U16 Suomi-sarja,0,2,20122013,KOOVEE U16,,,,,,,,,,
8484976,19,2,31,21,U16 SM-sarja,24,40,20132014,HPK U16,,,,,,,,,,
8484976,5,2,33,7,U18 SM-sarja,4,12,20142015,HPK U18,,,,,,,,,,
8484976,10,2,15,16,U17 SM-sarja,14,26,20142015,HPK U17,,,,,,,,,,
8484976,0,3,1,0,U18 SM-sarja,0,0,20142015,HPK U18,,,,,,,,,,
8484976,9,2,15,15,U18 SM-sarja,8,24,20152016,HPK U18,,,,,,,,,,
8484976,17,2,40,18,U20 SM-liiga,20,35,20152016,HPK U20,,,,,,,,,,
8484976,0,3,2,1,U18 SM-sarja,2,1,20152016,HPK U18,,,,,,,,,,
8484976,1,3,7,0,U20 SM-liiga,4,1,20152016,HPK U20,,,,,,,,,,
8484976,2,2,29,3,Liiga,4,5,20162017,HPK,,,,,,,,,,
8484976,0,2,1,0,Mestis,0,0,20162017,LeKi,,,,,,,,,,
8484976,14,2,32,17,U20 SM-liiga,24,31,20162017,HPK U20,,,,,,,,,,
8484976,0,3,1,0,Liiga,0,0,20162017,HPK,,,,,,,,,,
8484976,2,3,9,3,U20 SM-liiga,4,5,20162017,HPK U20,,,,,,,,,,
8484976,7,2,48,4,Liiga,6,11,20172018,HPK,,,,,,,,,,
8484976,0,2,2,0,Mestis,0,0,20172018,LeKi,,,,,,,,,,
8484976,0,2,5,0,WJC-20,0,0,20172018,Finland U20,,,,,,,,,,
8484976,3,3,5,0,U20 SM-liiga,0,3,20172018,HPK U20,,,,,,,,,,
8484976,21,2,60,24,Liiga,16,45,20182019,HPK,,,,,,,,,,
8484976,9,3,18,2,Liiga,4,11,20182019,HPK,,,,,,,,,,
8484976,2,2,4,3,Champions HL,0,5,20192020,HPK,,,,,,,,,,
8484976,18,2,57,17,Liiga,14,35,20192020,HPK,,,,,,,,,,
8484976,0,2,3,0,EHT,0,0,20192020,Finland,,,,,,,,,,
8484976,17,2,42,20,Liiga,42,37,20202021,HPK,,,,,,,,,,
8484976,3,2,10,2,WC,2,5,20202021,Finland,,,,,,,,,,
8484976,2,2,9,1,EHT,0,3,20202021,Finland,,,,,,,,,,
8484976,2,2,6,1,Champions HL,0,3,20212022,HIFK,,,,,,,,,,
8484976,30,2,54,18,Liiga,30,48,20212022,HIFK,,,,,,,,,,
8484976,1,2,4,0,WC,2,1,20212022,Finland,,,,,,,,,,
8484976,2,2,7,3,EHT,2,5,20212022,Finland,,,,,,,,,,
8484976,5,3,6,3,Liiga,2,8,20212022,HIFK,,,,,,,,,,
8484976,4,2,12,5,Champions HL,4,9,20222023,Frölunda HC,,,,,,,,,,
8484976,16,2,52,10,SHL,14,26,20222023,Frölunda HC,,,,,,,,,,
8484976,2,2,6,1,EHT,4,3,20222023,Finland,,,,,,,,,,
8484976,3,3,10,2,SHL,0,5,20222023,Frölunda HC,,,,,,,,,,
8484976,12,2,42,16,SHL,14,28,20232024,Frölunda HC,,,,,,,,,,
8484976,4,2,4,1,Spengler Cup,0,5,20232024,Frölunda HC,,,,,,,,,,
8484976,3,2,8,2,WC,0,5,20232024,Finland,,,,,,,,,,
8484976,1,2,5,2,EHT,2,3,20232024,Finland,,,,,,,,,,
8484976,4,3,14,11,SHL,8,15,20232024,Frölunda HC,,,,,,,,,,
8484976,0,2,17,0,NHL,2,0,20242025,Colorado Avalanche,,,,,,,,,,
8484976,11,2,43,17,AHL,14,28,20242025,Colorado Eagles,,,,,,,,,,
8484984,4,2,7,5,WSI U13,,9,20172018,ProKhorkins Selects U13,,,,,,,,,,
8484984,5,2,7,11,WSI U14,,16,20182019,ProKhorkins Selects U14,,,,,,,,,,
8484984,0,2,1,0,Russia U16,0,0,20192020,Vityaz Podolsk U16,,,,,,,,,,
8484984,13,2,10,11,Russia U17,4,24,20202021,Vityaz Podolsk U17,,,,,,,,,,
8484984,12,2,11,14,Russia U17,18,26,20212022,SKA St. Petersburg U17,,,,,,,,,,
8484984,3,2,13,4,MHL,8,7,20212022,SKA-1946 St. Petersburg,,,,,,,,,,
8484984,1,2,4,1,EYOF,0,2,20212022,Russia U18,,,,,,,,,,
8484984,3,2,5,2,Hlinka Gretzky Cup,4,5,20212022,Russia U18,,,,,,,,,,
8484984,8,2,12,6,MHL,13,14,20212022,SKA-Varyagi St. Petersburg,,,,,,,,,,
8484984,0,2,2,0,KHL,0,0,20222023,SKA St. Petersburg,,,,,,,,,,
8484984,43,2,41,19,MHL,16,62,20222023,SKA-1946 St. Petersburg,,,,,,,,,,
8484984,2,2,3,0,MHL,4,2,20222023,SKA-Varyagi St. Petersburg,,,,,,,,,,
8484984,8,3,10,5,MHL,6,13,20222023,SKA-1946 St. Petersburg,,,,,,,,,,
8484984,0,2,4,0,KHL,0,0,20232024,SKA St. Petersburg,,,,,,,,,,
8484984,0,2,1,0,VHL,0,0,20232024,SKA-Neva St. Petersburg,,,,,,,,,,
8484984,37,2,30,23,MHL,20,60,20232024,SKA-1946 St. Petersburg,,,,,,,,,,
8484984,17,3,17,11,MHL,37,28,20232024,SKA-1946 St. Petersburg,,,,,,,,,,
8484984,1,2,2,1,NHL,0,2,20242025,Montréal Canadiens,,,,,,,,,,
8484984,30,2,65,19,KHL,22,49,20242025,SKA St. Petersburg,,,,,,,,,,
8484984,2,3,5,0,NHL,0,2,20242025,Montréal Canadiens,,,,,,,,,,
8484984,2,3,6,3,KHL,4,5,20242025,SKA St. Petersburg,,,,,,,,,,
8485105,0,2,3,2,Russia U16,0,2,20182019,Ak Bars-Neftyanik Almetievsk U16,,,,,,,,,,
8485105,4,2,7,5,WSI U15,2,9,20182019,Vityaz Podolsk Selects U15,,,,,,,,,,
8485105,13,2,26,16,Russia U16,24,29,20192020,Vityaz Podolsk U16,,,,,,,,,,
8485105,9,2,11,12,Russia U18,14,21,20192020,Vityaz Podolsk U18,,,,,,,,,,
8485105,3,3,5,2,Russia U18,2,5,20192020,Vityaz Podolsk U18,,,,,,,,,,
8485105,9,2,37,2,MHL,18,11,20202021,Russkie Vityazi,,,,,,,,,,
8485105,5,2,6,2,Russia U17,35,7,20202021,Vityaz Podolsk U17,,,,,,,,,,
8485105,18,2,65,9,QMJHL,56,27,20212022,Victoriaville Tigres,,,,,,,,,,
8485105,27,2,63,14,QMJHL,63,41,20222023,Victoriaville Tigres,,,,,,,,,,
8485105,2,3,5,2,QMJHL,6,4,20222023,Victoriaville Tigres,,,,,,,,,,
8485105,45,2,63,22,QMJHL,70,67,20232024,Victoriaville Tigres,,,,,,,,,,
8485105,8,3,14,3,QMJHL,20,11,20232024,Victoriaville Tigres,,,,,,,,,,
8485105,0,2,10,0,NHL,0,0,20242025,Colorado Avalanche,,,,,,,,,,
8485105,14,2,51,9,AHL,38,23,20242025,Colorado Eagles,,,,,,,,,,
8485105,0,3,3,0,AHL,2,0,20242025,Colorado Eagles,,,,,,,,,,
8485483,11,2,29,11,T1EHL 16U,6,22,20182019,San Jose Jr. Sharks 16U AAA,,,,,,,,,,
8485483,27,2,44,22,16U AAA,14,49,20182019,San Jose Jr. Sharks 16U AAA,,,,,,,,,,
8485483,0,2,5,0,USA-S16,2,0,20182019,Team Orange,,,,,,,,,,
8485483,6,2,7,12,USHS-CA,6,18,20182019,Willow Glen High,,,,,,,,,,
8485483,14,2,26,12,USHS-Prep,8,26,20192020,Hotchkiss School,,,,,,,,,,
8485483,1,2,5,1,USA-S17,2,2,20192020,Team Navy,,,,,,,,,,
8485483,4,2,7,3,BEAST 18U,0,7,20192020,Springfield Rifles 19U AAA,,,,,,,,,,
8485483,0,3,2,0,BEAST 18U,4,0,20192020,Springfield Rifles 19U AAA,,,,,,,,,,
8485483,16,2,61,9,USHL,6,25,20212022,Sioux Falls Stampede,,,,,,,,,,
8485483,17,2,38,10,NCAA,8,27,20222023,Michigan State Univ.,,,,,,,,,,
8485483,19,2,38,15,NCAA,28,34,20232024,Michigan State Univ.,,,,,,,,,,
8485483,0,2,5,0,NHL,2,0,20242025,Philadelphia Flyers,,,,,,,,,,
8485483,18,2,35,13,NCAA,12,31,20242025,Michigan State Univ.,,,,,,,,,,
8485511,15,2,22,19,AYHL 16U,38,34,20182019,North Jersey Avalanche 16U AAA,,,,,,,,,,
8485511,11,2,25,16,T1EHL 16U,10,27,20182019,North Jersey Avalanche 16U AAA,,,,,,,,,,
8485511,20,2,23,31,AYHL 18U,28,51,20192020,North Jersey Avalanche 18U AAA,,,,,,,,,,
8485511,6,2,9,2,BEAST 18U,6,8,20192020,North Jersey Avalanche 18U AAA,,,,,,,,,,
8485511,1,3,1,0,BEAST 18U,0,1,20192020,North Jersey Avalanche 18U AAA,,,,,,,,,,
8485511,26,2,45,16,USHL,49,42,20202021,Muskegon Lumberjacks,,,,,,,,,,
8485511,3,3,4,0,USHL,0,3,20202021,Muskegon Lumberjacks,,,,,,,,,,
8485511,40,2,59,33,USHL,83,73,20212022,Muskegon Lumberjacks,,,,,,,,,,
8485511,0,2,2,1,NTDP,4,1,20212022,U.S. National U18 Team,,,,,,,,,,
8485511,9,3,9,7,USHL,8,16,20212022,Muskegon Lumberjacks,,,,,,,,,,
8485511,13,2,39,15,NCAA,24,28,20222023,Boston Univ.,,,,,,,,,,
8485511,18,2,40,18,NCAA,35,36,20232024,Boston Univ.,,,,,,,,,,
8485511,0,2,2,0,NHL,2,0,20242025,Edmonton Oilers,,,,,,,,,,
8485511,27,2,38,23,NCAA,33,50,20242025,Boston Univ.,,,,,,,,,,
