seasonID,playerID,seasonType,statCategory,statValue
19171918,8445874,2,assists,10.0
19171918,8448013,2,assists,10.0
19171918,8445873,2,assists,10.0
19171918,8445314,2,assists,10.0
19171918,8447832,2,assists,9.0
19171918,8448246,2,penaltyMins,116.0
19171918,8446669,2,penaltyMins,100.0
19171918,8445874,2,penaltyMins,80.0
19171918,8445802,2,penaltyMins,66.0
19171918,8447013,2,penaltyMins,65.0
19171918,8447594,2,goals,44.0
19171918,8445874,2,goals,36.0
19171918,8448013,2,goals,29.0
19171918,8447289,2,goals,23.0
19171918,8445873,2,goals,20.0
19171918,8447594,2,points,48.0
19171918,8445874,2,points,46.0
19171918,8448013,2,points,39.0
19171918,8447289,2,points,30.0
19171918,8445873,2,points,30.0
19171918,8447907,3,assists,7.0
19171918,8449049,3,assists,3.0
19171918,8445314,3,assists,3.0
19171918,8447289,3,assists,2.0
19171918,8447832,3,assists,2.0
19171918,8447907,3,penaltyMins,38.0
19171918,8448246,3,penaltyMins,33.0
19171918,8449049,3,penaltyMins,27.0
19171918,8447832,3,penaltyMins,24.0
19171918,8448013,3,penaltyMins,21.0
19171918,8449049,3,goals,8.0
19171918,8445314,3,goals,4.0
19171918,8447289,3,goals,4.0
19171918,8447832,3,goals,4.0
19171918,8448013,3,goals,3.0
19171918,8449049,3,points,11.0
19171918,8447907,3,points,8.0
19171918,8445314,3,points,7.0
19171918,8447289,3,points,6.0
19171918,8447832,3,points,6.0
19181919,8447289,2,assists,9.0
19181919,8448011,2,assists,9.0
19181919,8446581,2,assists,9.0
19181919,8445497,2,assists,8.0
19181919,8445496,2,assists,6.0
19181919,8446669,2,penaltyMins,130.0
19181919,8445874,2,penaltyMins,55.0
19181919,8445571,2,penaltyMins,54.0
19181919,8445802,2,penaltyMins,49.0
19181919,8448246,2,penaltyMins,47.0
19181919,8447289,2,goals,23.0
19181919,8445496,2,goals,21.0
19181919,8448011,2,goals,19.0
19181919,8445874,2,goals,18.0
19181919,8448154,2,goals,14.0
19181919,8447289,2,points,32.0
19181919,8448011,2,points,28.0
19181919,8445496,2,points,27.0
19181919,8445874,2,points,24.0
19181919,8448154,2,points,18.0
19181919,8448154,3,assists,6.0
19181919,8445071,3,assists,4.0
19181919,8447761,3,assists,4.0
19181919,8447289,3,assists,2.0
19181919,8447594,3,assists,2.0
19181919,8446669,3,penaltyMins,32.0
19181919,8445168,3,penaltyMins,28.0
19181919,8445571,3,penaltyMins,20.0
19181919,8447289,3,penaltyMins,18.0
19181919,8445496,3,penaltyMins,12.0
19181919,8447289,3,goals,17.0
19181919,8445496,3,goals,9.0
19181919,8447594,3,goals,5.0
19181919,8445314,3,goals,4.0
19181919,8445874,3,goals,3.0
19181919,8447289,3,points,19.0
19181919,8445496,3,points,10.0
19181919,8448154,3,points,8.0
19181919,8447594,3,points,7.0
19181919,8445874,3,points,5.0
19191920,8448011,2,assists,16.0
19191920,8445844,2,assists,14.0
19191920,8445873,2,assists,12.0
19191920,8448154,2,assists,12.0
19191920,8447594,2,assists,10.0
19191920,8449551,2,penaltyMins,86.0
19191920,8445497,2,penaltyMins,83.0
19191920,8445744,2,penaltyMins,65.0
19191920,8445571,2,penaltyMins,65.0
19191920,8445135,2,penaltyMins,55.0
19191920,8447594,2,goals,39.0
19191920,8447289,2,goals,37.0
19191920,8448011,2,goals,26.0
19191920,8445873,2,goals,24.0
19191920,8448013,2,goals,24.0
19191920,8447594,2,points,49.0
19191920,8447289,2,points,47.0
19191920,8448011,2,points,42.0
19191920,8445844,2,points,37.0
19191920,8445873,2,points,36.0
19191920,8445844,3,assists,2.0
19191920,8445874,3,assists,2.0
19191920,8448011,3,assists,1.0
19191920,8446581,3,assists,1.0
19191920,8445497,3,assists,1.0
19191920,8445497,3,penaltyMins,4.0
19191920,8445168,3,penaltyMins,2.0
19191920,8445135,3,penaltyMins,2.0
19191920,8445844,3,penaltyMins,2.0
19191920,8445874,3,penaltyMins,2.0
19191920,8448011,3,goals,6.0
19191920,8445844,3,goals,5.0
19191920,8446581,3,goals,2.0
19191920,8445135,3,goals,2.0
19191920,8448011,3,points,7.0
19191920,8445844,3,points,7.0
19191920,8446581,3,points,3.0
19191920,8445135,3,points,2.0
19191920,8445874,3,points,2.0
19201921,8445844,2,assists,14.0
19201921,8447289,2,assists,10.0
19201921,8448011,2,assists,10.0
19201921,8447594,2,assists,9.0
19201921,8445314,2,assists,9.0
19201921,8445744,2,penaltyMins,117.0
19201921,8445571,2,penaltyMins,84.0
19201921,8448246,2,penaltyMins,74.0
19201921,8447907,2,penaltyMins,67.0
19201921,8448013,2,penaltyMins,54.0
19201921,8445972,2,goals,35.0
19201921,8445874,2,goals,34.0
19201921,8447289,2,goals,33.0
19201921,8447594,2,goals,28.0
19201921,8448011,2,goals,19.0
19201921,8447289,2,points,43.0
19201921,8445874,2,points,41.0
19201921,8445972,2,points,40.0
19201921,8447594,2,points,37.0
19201921,8448011,2,points,29.0
19201921,8448011,3,assists,4.0
19201921,8445874,3,assists,2.0
19201921,8445168,3,assists,2.0
19201921,8445497,3,assists,2.0
19201921,8446581,3,penaltyMins,42.0
19201921,8445497,3,penaltyMins,34.0
19201921,8445874,3,penaltyMins,17.0
19201921,8445135,3,penaltyMins,16.0
19201921,8445844,3,penaltyMins,14.0
19201921,8445135,3,goals,5.0
19201921,8445844,3,goals,5.0
19201921,8445874,3,goals,4.0
19201921,8445168,3,goals,2.0
19201921,8448011,3,goals,1.0
19201921,8445874,3,points,6.0
19201921,8445135,3,points,5.0
19201921,8445844,3,points,5.0
19201921,8448011,3,points,5.0
19201921,8445168,3,points,4.0
19211922,8445314,2,assists,17.0
19211922,8445168,2,assists,14.0
19211922,8448315,2,assists,14.0
19211922,8445874,2,assists,12.0
19211922,8445135,2,assists,12.0
19211922,8445497,2,penaltyMins,80.0
19211922,8447907,2,penaltyMins,40.0
19211922,8445972,2,penaltyMins,39.0
19211922,8448246,2,penaltyMins,32.0
19211922,8445168,2,penaltyMins,28.0
19211922,8445168,2,goals,31.0
19211922,8445972,2,goals,31.0
19211922,8445874,2,goals,28.0
19211922,8447594,2,goals,24.0
19211922,8445496,2,goals,21.0
19211922,8445168,2,points,45.0
19211922,8445874,2,points,40.0
19211922,8445972,2,points,38.0
19211922,8445314,2,points,35.0
19211922,8447594,2,points,31.0
19211922,8445314,3,assists,4.0
19211922,8449090,3,assists,3.0
19211922,8449199,3,assists,3.0
19211922,8445873,3,assists,2.0
19211922,8445972,3,assists,1.0
19211922,8448246,3,penaltyMins,24.0
19211922,8445314,3,penaltyMins,20.0
19211922,8448013,3,penaltyMins,18.0
19211922,8445168,3,penaltyMins,8.0
19211922,8446581,3,penaltyMins,8.0
19211922,8445972,3,goals,11.0
19211922,8445873,3,goals,4.0
19211922,8448011,3,goals,2.0
19211922,8445874,3,goals,2.0
19211922,8448246,3,goals,2.0
19211922,8445972,3,points,12.0
19211922,8445873,3,points,6.0
19211922,8449090,3,points,4.0
19211922,8449199,3,points,4.0
19211922,8445314,3,points,4.0
19221923,8445131,2,assists,15.0
19221923,8445972,2,assists,12.0
19221923,8445874,2,assists,12.0
19221923,8444861,2,assists,12.0
19221923,8448013,2,assists,12.0
19221923,8444861,2,penaltyMins,66.0
19221923,8445135,2,penaltyMins,60.0
19221923,8448246,2,penaltyMins,58.0
19221923,8445133,2,penaltyMins,55.0
19221923,8449551,2,penaltyMins,46.0
19221923,8445972,2,goals,27.0
19221923,8445133,2,goals,23.0
19221923,8445874,2,goals,21.0
19221923,8445496,2,goals,19.0
19221923,8444861,2,goals,18.0
19221923,8445972,2,points,39.0
19221923,8445874,2,points,33.0
19221923,8444861,2,points,30.0
19221923,8445133,2,points,29.0
19221923,8445496,2,points,27.0
19221923,8445874,3,assists,2.0
19221923,8445135,3,assists,2.0
19221923,8448011,3,assists,2.0
19221923,8445071,3,assists,2.0
19221923,8445168,3,assists,1.0
19221923,8445744,3,penaltyMins,42.0
19221923,8445168,3,penaltyMins,12.0
19221923,8445874,3,penaltyMins,12.0
19221923,8447110,3,penaltyMins,11.0
19221923,8448011,3,penaltyMins,10.0
19221923,8445168,3,goals,6.0
19221923,8445874,3,goals,3.0
19221923,8445135,3,goals,2.0
19221923,8448011,3,goals,1.0
19221923,8445133,3,goals,1.0
19221923,8445168,3,points,7.0
19221923,8445874,3,points,5.0
19221923,8445135,3,points,4.0
19221923,8448011,3,points,3.0
19221923,8445071,3,points,2.0
19231924,8445471,2,assists,10.0
19231924,8446886,2,assists,10.0
19231924,8445135,2,assists,9.0
19231924,8445571,2,assists,8.0
19231924,8445133,2,assists,7.0
19231924,8448013,2,penaltyMins,79.0
19231924,8448246,2,penaltyMins,64.0
19231924,8445571,2,penaltyMins,61.0
19231924,8444861,2,penaltyMins,51.0
19231924,8445168,2,penaltyMins,48.0
19231924,8445874,2,goals,22.0
19231924,8445972,2,goals,17.0
19231924,8445133,2,goals,16.0
19231924,8445255,2,goals,16.0
19231924,8447110,2,goals,15.0
19231924,8445874,2,points,24.0
19231924,8445133,2,points,23.0
19231924,8445255,2,points,22.0
19231924,8445135,2,points,22.0
19231924,8445972,2,points,21.0
19231924,8447888,3,assists,3.0
19231924,8447110,3,assists,2.0
19231924,8445496,3,assists,2.0
19231924,8445133,3,assists,1.0
19231924,8445497,3,assists,1.0
19231924,8445133,3,penaltyMins,15.0
19231924,8447888,3,penaltyMins,10.0
19231924,8445319,3,penaltyMins,6.0
19231924,8445471,3,penaltyMins,6.0
19231924,8447110,3,penaltyMins,6.0
19231924,8447888,3,goals,7.0
19231924,8445133,3,goals,6.0
19231924,8447110,3,goals,4.0
19231924,8445497,3,goals,2.0
19231924,8445874,3,goals,2.0
19231924,8447888,3,points,10.0
19231924,8445133,3,points,7.0
19231924,8447110,3,points,6.0
19231924,8445497,3,points,3.0
19231924,8445874,3,points,2.0
19241925,8445854,2,assists,17.0
19241925,8446643,2,assists,16.0
19241925,8445874,2,assists,14.0
19241925,8444861,2,assists,14.0
19241925,8449077,2,assists,14.0
19241925,8445133,2,penaltyMins,92.0
19241925,8445135,2,penaltyMins,90.0
19241925,8445497,2,penaltyMins,87.0
19241925,8449077,2,penaltyMins,87.0
19241925,8445168,2,penaltyMins,83.0
19241925,8445972,2,goals,38.0
19241925,8447110,2,goals,30.0
19241925,8445874,2,goals,27.0
19241925,8447888,2,goals,27.0
19241925,8444861,2,goals,21.0
19241925,8445972,2,points,46.0
19241925,8447110,2,points,42.0
19241925,8445874,2,points,41.0
19241925,8447888,2,points,39.0
19241925,8444861,2,points,35.0
19241925,8445497,3,assists,2.0
19241925,8447888,3,assists,1.0
19241925,8445133,3,assists,1.0
19241925,8445496,3,assists,1.0
19241925,8447606,3,assists,1.0
19241925,8447110,3,penaltyMins,21.0
19241925,8445133,3,penaltyMins,17.0
19241925,8445744,3,penaltyMins,14.0
19241925,8445571,3,penaltyMins,10.0
19241925,8447888,3,penaltyMins,8.0
19241925,8447888,3,goals,7.0
19241925,8445133,3,goals,2.0
19241925,8447110,3,goals,2.0
19241925,8445497,3,goals,1.0
19241925,8444861,3,goals,1.0
19241925,8447888,3,points,8.0
19241925,8445133,3,points,3.0
19241925,8445497,3,points,3.0
19241925,8447110,3,points,2.0
19241925,8444861,3,points,1.0
19251926,8448011,2,assists,14.0
19251926,8445874,2,assists,12.0
19251926,8446785,2,assists,9.0
19251926,8447110,2,assists,9.0
19251926,8449077,2,assists,9.0
19251926,8445571,2,penaltyMins,125.0
19251926,8449189,2,penaltyMins,121.0
19251926,8445133,2,penaltyMins,118.0
19251926,8445168,2,penaltyMins,116.0
19251926,8449038,2,penaltyMins,110.0
19251926,8449189,2,goals,34.0
19251926,8445541,2,goals,28.0
19251926,8446785,2,goals,26.0
19251926,8445874,2,goals,24.0
19251926,8447888,2,goals,23.0
19251926,8449189,2,points,42.0
19251926,8445541,2,points,36.0
19251926,8445874,2,points,36.0
19251926,8446785,2,points,35.0
19251926,8444861,2,points,29.0
19251926,8449189,3,assists,3.0
19251926,8449038,3,assists,2.0
19251926,8447741,3,assists,2.0
19251926,8449141,3,assists,2.0
19251926,8448141,3,assists,1.0
19251926,8445168,3,penaltyMins,36.0
19251926,8449189,3,penaltyMins,26.0
19251926,8449077,3,penaltyMins,14.0
19251926,8445135,3,penaltyMins,10.0
19251926,8448013,3,penaltyMins,10.0
19251926,8449189,3,goals,6.0
19251926,8448141,3,goals,4.0
19251926,8445168,3,goals,3.0
19251926,8449038,3,goals,2.0
19251926,8448013,3,goals,1.0
19251926,8449189,3,points,9.0
19251926,8448141,3,points,5.0
19251926,8449038,3,points,4.0
19251926,8445168,3,points,3.0
19251926,8448013,3,points,2.0
19261927,8447020,2,assists,18.0
19261927,8445134,2,assists,15.0
19261927,8446493,2,assists,13.0
19261927,8444998,2,assists,13.0
19261927,8445535,2,assists,11.0
19261927,8449024,2,penaltyMins,136.0
19261927,8449077,2,penaltyMins,135.0
19261927,8449189,2,penaltyMins,129.0
19261927,8449038,2,penaltyMins,118.0
19261927,8445135,2,penaltyMins,115.0
19261927,8445529,2,goals,33.0
19261927,8447888,2,goals,25.0
19261927,8445972,2,goals,25.0
19261927,8445255,2,goals,19.0
19261927,8447020,2,goals,18.0
19261927,8445529,2,points,37.0
19261927,8447020,2,points,36.0
19261927,8447888,2,points,32.0
19261927,8446493,2,points,31.0
19261927,8445972,2,points,30.0
19261927,8446558,3,assists,3.0
19261927,8448055,3,assists,2.0
19261927,8446493,3,assists,2.0
19261927,8445471,3,assists,1.0
19261927,8447181,3,assists,1.0
19261927,8449024,3,penaltyMins,46.0
19261927,8445135,3,penaltyMins,38.0
19261927,8446886,3,penaltyMins,26.0
19261927,8446493,3,penaltyMins,20.0
19261927,8449077,3,penaltyMins,16.0
19261927,8445874,3,goals,5.0
19261927,8448055,3,goals,4.0
19261927,8446558,3,goals,3.0
19261927,8446298,3,goals,3.0
19261927,8446785,3,goals,3.0
19261927,8448055,3,points,6.0
19261927,8446558,3,points,6.0
19261927,8445874,3,points,5.0
19261927,8446493,3,points,4.0
19261927,8446298,3,points,3.0
19271928,8447888,2,assists,18.0
19271928,8445535,2,assists,14.0
19271928,8446750,2,assists,13.0
19271928,8445134,2,assists,12.0
19271928,8447110,2,assists,11.0
19271928,8449024,2,penaltyMins,165.0
19271928,8447098,2,penaltyMins,146.0
19271928,8445143,2,penaltyMins,131.0
19271928,8449038,2,penaltyMins,119.0
19271928,8449189,2,penaltyMins,106.0
19271928,8447888,2,goals,33.0
19271928,8447110,2,goals,28.0
19271928,8449189,2,goals,27.0
19271928,8445134,2,goals,23.0
19271928,8446750,2,goals,22.0
19271928,8447888,2,points,51.0
19271928,8447110,2,points,39.0
19271928,8445134,2,points,35.0
19271928,8446750,2,points,35.0
19271928,8449189,2,points,34.0
19271928,8445134,3,assists,3.0
19271928,8445529,3,assists,3.0
19271928,8449189,3,assists,2.0
19271928,8447908,3,assists,2.0
19271928,8445535,3,assists,1.0
19271928,8447098,3,penaltyMins,46.0
19271928,8447306,3,penaltyMins,34.0
19271928,8449232,3,penaltyMins,32.0
19271928,8445969,3,penaltyMins,27.0
19271928,8445529,3,penaltyMins,26.0
19271928,8445134,3,goals,7.0
19271928,8445529,3,goals,2.0
19271928,8449189,3,goals,2.0
19271928,8445535,3,goals,2.0
19271928,8447913,3,goals,2.0
19271928,8445134,3,points,10.0
19271928,8445529,3,points,5.0
19271928,8449189,3,points,4.0
19271928,8445535,3,points,3.0
19271928,8447913,3,points,3.0
19281929,8445134,2,assists,16.0
19281929,8445093,2,assists,15.0
19281929,8447523,2,assists,12.0
19281929,8445345,2,assists,11.0
19281929,8444998,2,assists,10.0
19281929,8445969,2,penaltyMins,141.0
19281929,8445514,2,penaltyMins,136.0
19281929,8449077,2,penaltyMins,124.0
19281929,8449024,2,penaltyMins,98.0
19281929,8449059,2,penaltyMins,96.0
19281929,8444998,2,goals,22.0
19281929,8449189,2,goals,21.0
19281929,8445541,2,goals,18.0
19281929,8447888,2,goals,17.0
19281929,8448055,2,goals,17.0
19281929,8444998,2,points,32.0
19281929,8449189,2,points,29.0
19281929,8445541,2,points,27.0
19281929,8447888,2,points,27.0
19281929,8445093,2,points,27.0
19281929,8444998,3,assists,2.0
19281929,8449232,3,assists,2.0
19281929,8447110,3,assists,1.0
19281929,8449060,3,assists,1.0
19281929,8448055,3,assists,1.0
19281929,8449024,3,penaltyMins,28.0
19281929,8447098,3,penaltyMins,26.0
19281929,8446886,3,penaltyMins,22.0
19281929,8446514,3,penaltyMins,12.0
19281929,8445535,3,penaltyMins,12.0
19281929,8445093,3,goals,3.0
19281929,8447144,3,goals,3.0
19281929,8445345,3,goals,2.0
19281929,8446557,3,goals,2.0
19281929,8449381,3,goals,2.0
19281929,8445093,3,points,3.0
19281929,8447144,3,points,3.0
19281929,8444998,3,points,3.0
19281929,8445345,3,points,2.0
19281929,8446557,3,points,2.0
19291930,8445134,2,assists,36.0
19291930,8446557,2,assists,31.0
19291930,8449381,2,assists,30.0
19291930,8445529,2,assists,30.0
19291930,8445471,2,assists,23.0
19291930,8447306,2,penaltyMins,119.0
19291930,8449024,2,penaltyMins,109.0
19291930,8447606,2,penaltyMins,108.0
19291930,8445969,2,penaltyMins,102.0
19291930,8448428,2,penaltyMins,101.0
19291930,8449381,2,goals,43.0
19291930,8445474,2,goals,41.0
19291930,8447888,2,goals,40.0
19291930,8449189,2,goals,39.0
19291930,8447181,2,goals,36.0
19291930,8449381,2,points,73.0
19291930,8445134,2,points,62.0
19291930,8445474,2,points,61.0
19291930,8445529,2,points,59.0
19291930,8447181,2,points,58.0
19291930,8449381,3,assists,5.0
19291930,8445026,3,assists,3.0
19291930,8446558,3,assists,3.0
19291930,8447371,3,assists,3.0
19291930,8447144,3,assists,3.0
19291930,8449024,3,penaltyMins,26.0
19291930,8447606,3,penaltyMins,18.0
19291930,8448315,3,penaltyMins,16.0
19291930,8447098,3,penaltyMins,14.0
19291930,8449077,3,penaltyMins,14.0
19291930,8445474,3,goals,4.0
19291930,8445026,3,goals,3.0
19291930,8447913,3,goals,3.0
19291930,8447888,3,goals,3.0
19291930,8447466,3,goals,2.0
19291930,8445026,3,points,6.0
19291930,8449381,3,points,6.0
19291930,8445474,3,points,4.0
19291930,8447466,3,points,4.0
19291930,8449366,3,points,4.0
19301931,8448197,2,assists,32.0
19301931,8445134,2,assists,27.0
19301931,8447888,2,assists,23.0
19301931,8446612,2,assists,23.0
19301931,8447110,2,assists,22.0
19301931,8448428,2,penaltyMins,124.0
19301931,8449024,2,penaltyMins,107.0
19301931,8445262,2,penaltyMins,104.0
19301931,8445741,2,penaltyMins,103.0
19301931,8449019,2,penaltyMins,102.0
19301931,8445512,2,goals,31.0
19301931,8445529,2,goals,30.0
19301931,8447888,2,goals,28.0
19301931,8446612,2,goals,25.0
19301931,8449189,2,goals,25.0
19301931,8447888,2,points,51.0
19301931,8446612,2,points,48.0
19301931,8445512,2,points,43.0
19301931,8445529,2,points,42.0
19301931,8444998,2,points,42.0
19301931,8445474,3,assists,4.0
19301931,8447888,3,assists,4.0
19301931,8447110,3,assists,4.0
19301931,8449381,3,assists,3.0
19301931,8444863,3,assists,3.0
19301931,8447606,3,penaltyMins,26.0
19301931,8449024,3,penaltyMins,22.0
19301931,8445127,3,penaltyMins,16.0
19301931,8446631,3,penaltyMins,14.0
19301931,8449383,3,penaltyMins,14.0
19301931,8449381,3,goals,6.0
19301931,8446553,3,goals,6.0
19301931,8447604,3,goals,5.0
19301931,8447466,3,goals,4.0
19301931,8444863,3,goals,3.0
19301931,8449381,3,points,9.0
19301931,8446553,3,points,8.0
19301931,8447604,3,points,6.0
19301931,8447466,3,points,6.0
19301931,8444863,3,points,6.0
19311932,8448197,2,assists,37.0
19311932,8449077,2,assists,33.0
19311932,8447025,2,assists,25.0
19311932,8447888,2,assists,25.0
19311932,8447110,2,assists,24.0
19311932,8445969,2,penaltyMins,111.0
19311932,8446915,2,penaltyMins,109.0
19311932,8447098,2,penaltyMins,106.0
19311932,8449024,2,penaltyMins,98.0
19311932,8449264,2,penaltyMins,94.0
19311932,8445512,2,goals,34.0
19311932,8445529,2,goals,33.0
19311932,8447025,2,goals,28.0
19311932,8449264,2,goals,26.0
19311932,8447888,2,goals,24.0
19311932,8447025,2,points,53.0
19311932,8448197,2,points,50.0
19311932,8447888,2,points,49.0
19311932,8445512,2,points,48.0
19311932,8445529,2,points,47.0
19311932,8445134,3,assists,6.0
19311932,8448197,3,assists,6.0
19311932,8445529,3,assists,3.0
19311932,8445854,3,assists,3.0
19311932,8446298,3,assists,3.0
19311932,8447098,3,penaltyMins,24.0
19311932,8446915,3,penaltyMins,20.0
19311932,8445471,3,penaltyMins,14.0
19311932,8448951,3,penaltyMins,14.0
19311932,8447025,3,penaltyMins,13.0
19311932,8445512,3,goals,6.0
19311932,8445535,3,goals,6.0
19311932,8447025,3,goals,5.0
19311932,8445134,3,goals,3.0
19311932,8445529,3,goals,3.0
19311932,8445134,3,points,9.0
19311932,8445512,3,points,8.0
19311932,8445535,3,points,8.0
19311932,8447025,3,points,7.0
19311932,8445529,3,points,6.0
19321933,8445134,2,assists,28.0
19321933,8449024,2,assists,27.0
19321933,8446753,2,assists,25.0
19321933,8446877,2,assists,25.0
19321933,8446553,2,assists,23.0
19321933,8446915,2,penaltyMins,144.0
19321933,8447098,2,penaltyMins,127.0
19321933,8449019,2,penaltyMins,119.0
19321933,8449024,2,penaltyMins,112.0
19321933,8448951,2,penaltyMins,92.0
19321933,8445529,2,goals,28.0
19321933,8447025,2,goals,27.0
19321933,8445026,2,goals,24.0
19321933,8448034,2,goals,22.0
19321933,8445535,2,goals,22.0
19321933,8445529,2,points,50.0
19321933,8447025,2,points,44.0
19321933,8448034,2,points,43.0
19321933,8449077,2,points,41.0
19321933,8446753,2,points,41.0
19321933,8447913,3,assists,4.0
19321933,8449126,3,assists,4.0
19321933,8447888,3,assists,3.0
19321933,8445471,3,assists,3.0
19321933,8445648,3,assists,3.0
19321933,8445854,3,penaltyMins,21.0
19321933,8448951,3,penaltyMins,16.0
19321933,8449024,3,penaltyMins,14.0
19321933,8445471,3,penaltyMins,14.0
19321933,8447473,3,penaltyMins,14.0
19321933,8445908,3,goals,8.0
19321933,8445940,3,goals,5.0
19321933,8445529,3,goals,3.0
19321933,8447025,3,goals,3.0
19321933,8446766,3,goals,3.0
19321933,8445908,3,points,10.0
19321933,8447913,3,points,6.0
19321933,8445940,3,points,5.0
19321933,8445529,3,points,5.0
19321933,8449126,3,points,5.0
19331934,8445471,2,goalsSh,3.0
19331934,8445908,2,goalsSh,2.0
19331934,8447328,2,goalsSh,2.0
19331934,8446600,2,goalsSh,1.0
19331934,8447888,2,goalsSh,1.0
19331934,8448197,2,assists,32.0
19331934,8445134,2,assists,30.0
19331934,8445908,2,assists,26.0
19331934,8448440,2,assists,21.0
19331934,8445512,2,assists,20.0
19331934,8449128,2,goalsPp,10.0
19331934,8445529,2,goalsPp,6.0
19331934,8446612,2,goalsPp,6.0
19331934,8446915,2,goalsPp,5.0
19331934,8446553,2,goalsPp,5.0
19331934,8446915,2,penaltyMins,156.0
19331934,8445514,2,penaltyMins,87.0
19331934,8447098,2,penaltyMins,86.0
19331934,8445146,2,penaltyMins,71.0
19331934,8449189,2,penaltyMins,68.0
19331934,8445512,2,goals,32.0
19331934,8445026,2,goals,27.0
19331934,8449189,2,goals,22.0
19331934,8447110,2,goals,21.0
19331934,8449128,2,goals,21.0
19331934,8445512,2,points,52.0
19331934,8448197,2,points,46.0
19331934,8445134,2,points,44.0
19331934,8445026,2,points,39.0
19331934,8449189,2,points,39.0
19331934,8447888,3,goalsSh,1.0
19331934,8446617,3,goalsSh,1.0
19331934,8444987,3,assists,7.0
19331934,8448440,3,assists,7.0
19331934,8448197,3,assists,4.0
19331934,8446617,3,assists,3.0
19331934,8449232,3,assists,3.0
19331934,8447484,3,goalsPp,3.0
19331934,8445512,3,goalsPp,2.0
19331934,8445940,3,goalsPp,2.0
19331934,8448197,3,goalsPp,2.0
19331934,8446612,3,goalsPp,2.0
19331934,8445093,3,penaltyMins,16.0
19331934,8446612,3,penaltyMins,12.0
19331934,8449479,3,penaltyMins,10.0
19331934,8445742,3,penaltyMins,10.0
19331934,8449666,3,penaltyMins,10.0
19331934,8447484,3,goals,6.0
19331934,8446617,3,goals,4.0
19331934,8449232,3,goals,4.0
19331934,8446612,3,goals,4.0
19331934,8444987,3,goals,3.0
19331934,8444987,3,points,10.0
19331934,8448440,3,points,9.0
19331934,8447484,3,points,8.0
19331934,8446617,3,points,7.0
19331934,8449232,3,points,7.0
19341935,8445908,2,goalsSh,6.0
19341935,8448372,2,goalsSh,3.0
19341935,8447913,2,goalsSh,2.0
19341935,8447560,2,goalsSh,1.0
19341935,8444931,2,goalsSh,1.0
19341935,8445362,2,assists,34.0
19341935,8445134,2,assists,32.0
19341935,8444987,2,assists,29.0
19341935,8447484,2,assists,27.0
19341935,8447888,2,assists,26.0
19341935,8446612,2,goalsPp,7.0
19341935,8445512,2,goalsPp,6.0
19341935,8449128,2,goalsPp,6.0
19341935,8448197,2,goalsPp,5.0
19341935,8447025,2,goalsPp,5.0
19341935,8446915,2,penaltyMins,125.0
19341935,8446502,2,penaltyMins,89.0
19341935,8448951,2,penaltyMins,86.0
19341935,8449038,2,penaltyMins,80.0
19341935,8445146,2,penaltyMins,72.0
19341935,8445512,2,goals,36.0
19341935,8445908,2,goals,25.0
19341935,8446924,2,goals,22.0
19341935,8447025,2,goals,22.0
19341935,8445474,2,goals,22.0
19341935,8445512,2,points,57.0
19341935,8446924,2,points,47.0
19341935,8444987,2,points,46.0
19341935,8445134,2,points,45.0
19341935,8447025,2,points,44.0
19341935,8447025,3,goalsSh,1.0
19341935,8449341,3,goalsSh,1.0
19341935,8445512,3,assists,4.0
19341935,8445134,3,assists,3.0
19341935,8448197,3,assists,3.0
19341935,8447025,3,assists,2.0
19341935,8449383,3,assists,2.0
19341935,8446607,3,goalsPp,1.0
19341935,8447777,3,goalsPp,1.0
19341935,8445037,3,goalsPp,1.0
19341935,8445529,3,goalsPp,1.0
19341935,8448096,3,goalsPp,1.0
19341935,8445824,3,penaltyMins,22.0
19341935,8445648,3,penaltyMins,17.0
19341935,8449077,3,penaltyMins,14.0
19341935,8445514,3,penaltyMins,14.0
19341935,8448061,3,penaltyMins,9.0
19341935,8448034,3,goals,4.0
19341935,8447025,3,goals,3.0
19341935,8449383,3,goals,3.0
19341935,8448096,3,goals,2.0
19341935,8445099,3,goals,2.0
19341935,8448034,3,points,5.0
19341935,8447025,3,points,5.0
19341935,8449383,3,points,5.0
19341935,8445512,3,points,5.0
19341935,8448096,3,points,4.0
19351936,8445099,2,goalsSh,2.0
19351936,8445093,2,goalsSh,2.0
19351936,8449383,2,goalsSh,2.0
19351936,8448187,2,goalsSh,1.0
19351936,8447850,2,goalsSh,1.0
19351936,8445362,2,assists,28.0
19351936,8448946,2,assists,26.0
19351936,8448440,2,assists,25.0
19351936,8449232,2,assists,23.0
19351936,8447484,2,assists,23.0
19351936,8449232,2,goalsPp,8.0
19351936,8446617,2,goalsPp,6.0
19351936,8445026,2,goalsPp,6.0
19351936,8445908,2,goalsPp,5.0
19351936,8444987,2,goalsPp,4.0
19351936,8446915,2,penaltyMins,167.0
19351936,8449019,2,penaltyMins,77.0
19351936,8449077,2,penaltyMins,75.0
19351936,8445512,2,penaltyMins,74.0
19351936,8445969,2,penaltyMins,69.0
19351936,8445512,2,goals,23.0
19351936,8449233,2,goals,23.0
19351936,8445026,2,goals,21.0
19351936,8448946,2,goals,19.0
19351936,8449077,2,goals,19.0
19351936,8448946,2,points,45.0
19351936,8445026,2,points,40.0
19351936,8449232,2,points,40.0
19351936,8445512,2,points,38.0
19351936,8449233,2,points,38.0
19351936,8447484,3,goalsSh,1.0
19351936,8447746,3,goalsSh,1.0
19351936,8449233,3,assists,5.0
19351936,8449128,3,assists,4.0
19351936,8448197,3,assists,4.0
19351936,8445026,3,assists,4.0
19351936,8445113,3,assists,3.0
19351936,8445512,3,goalsPp,2.0
19351936,8447609,3,goalsPp,1.0
19351936,8448061,3,goalsPp,1.0
19351936,8448951,3,goalsPp,1.0
19351936,8449024,3,goalsPp,1.0
19351936,8446915,3,penaltyMins,22.0
19351936,8449024,3,penaltyMins,12.0
19351936,8445512,3,penaltyMins,12.0
19351936,8447746,3,penaltyMins,10.0
19351936,8445471,3,penaltyMins,10.0
19351936,8445113,3,goals,7.0
19351936,8449233,3,goals,3.0
19351936,8449128,3,goals,3.0
19351936,8448197,3,goals,3.0
19351936,8446924,3,goals,3.0
19351936,8445113,3,points,10.0
19351936,8449233,3,points,8.0
19351936,8449128,3,points,7.0
19351936,8448197,3,points,7.0
19351936,8446924,3,points,6.0
19361937,8448951,2,goalsSh,2.0
19361937,8448034,2,goalsSh,2.0
19361937,8448372,2,goalsSh,2.0
19361937,8447163,2,goalsSh,1.0
19361937,8447328,2,goalsSh,1.0
19361937,8444954,2,assists,29.0
19361937,8445026,2,assists,27.0
19361937,8448946,2,assists,25.0
19361937,8446628,2,assists,25.0
19361937,8445362,2,assists,23.0
19361937,8449189,2,goalsPp,10.0
19361937,8448372,2,goalsPp,7.0
19361937,8449018,2,goalsPp,6.0
19361937,8445908,2,goalsPp,5.0
19361937,8445950,2,goalsPp,4.0
19361937,8446915,2,penaltyMins,134.0
19361937,8449019,2,penaltyMins,68.0
19361937,8445514,2,penaltyMins,64.0
19361937,8448179,2,penaltyMins,58.0
19361937,8447056,2,penaltyMins,57.0
19361937,8444987,2,goals,23.0
19361937,8449189,2,goals,23.0
19361937,8447144,2,goals,22.0
19361937,8448946,2,goals,21.0
19361937,8447025,2,goals,21.0
19361937,8448946,2,points,46.0
19361937,8444954,2,points,45.0
19361937,8445026,2,points,44.0
19361937,8444987,2,points,42.0
19361937,8447025,2,points,40.0
19361937,8446612,3,goalsSh,1.0
19361937,8445026,3,assists,7.0
19361937,8446924,3,assists,5.0
19361937,8449128,3,assists,4.0
19361937,8449018,3,assists,4.0
19361937,8447484,3,assists,3.0
19361937,8446582,3,goalsPp,1.0
19361937,8448034,3,goalsPp,1.0
19361937,8448096,3,goalsPp,1.0
19361937,8445026,3,goalsPp,1.0
19361937,8449128,3,goalsPp,1.0
19361937,8446559,3,penaltyMins,17.0
19361937,8445742,3,penaltyMins,15.0
19361937,8446612,3,penaltyMins,14.0
19361937,8445884,3,penaltyMins,12.0
19361937,8445543,3,penaltyMins,12.0
19361937,8445026,3,goals,4.0
19361937,8447484,3,goals,4.0
19361937,8445509,3,goals,3.0
19361937,8447144,3,goals,3.0
19361937,8448187,3,goals,3.0
19361937,8445026,3,points,11.0
19361937,8447484,3,points,7.0
19361937,8446924,3,points,7.0
19361937,8445509,3,points,6.0
19361937,8449128,3,points,6.0
19371938,8447150,2,goalsSh,2.0
19371938,8445113,2,goalsSh,2.0
19371938,8445742,2,goalsSh,1.0
19371938,8448931,2,goalsSh,1.0
19371938,8445509,2,goalsSh,1.0
19371938,8444954,2,assists,29.0
19371938,8445362,2,assists,27.0
19371938,8445950,2,assists,26.0
19371938,8449372,2,assists,25.0
19371938,8449233,2,assists,24.0
19371938,8449232,2,goalsPp,7.0
19371938,8445099,2,goalsPp,5.0
19371938,8447604,2,goalsPp,5.0
19371938,8445950,2,goalsPp,5.0
19371938,8446617,2,goalsPp,5.0
19371938,8445742,2,penaltyMins,90.0
19371938,8446915,2,penaltyMins,82.0
19371938,8446766,2,penaltyMins,68.0
19371938,8449019,2,penaltyMins,67.0
19371938,8446182,2,penaltyMins,59.0
19371938,8445950,2,goals,26.0
19371938,8447604,2,goals,23.0
19371938,8449232,2,goals,22.0
19371938,8444954,2,goals,21.0
19371938,8445908,2,goals,21.0
19371938,8445950,2,points,52.0
19371938,8444954,2,points,50.0
19371938,8449232,2,points,44.0
19371938,8447604,2,points,42.0
19371938,8445908,2,points,39.0
19371938,8447052,3,assists,6.0
19371938,8447609,3,assists,4.0
19371938,8448440,3,assists,4.0
19371938,8444931,3,assists,4.0
19371938,8444954,3,assists,4.0
19371938,8445098,3,goalsPp,1.0
19371938,8447604,3,goalsPp,1.0
19371938,8444931,3,goalsPp,1.0
19371938,8445333,3,goalsPp,1.0
19371938,8448946,3,goalsPp,1.0
19371938,8449022,3,penaltyMins,15.0
19371938,8446915,3,penaltyMins,14.0
19371938,8447609,3,penaltyMins,14.0
19371938,8445474,3,penaltyMins,12.0
19371938,8448951,3,penaltyMins,12.0
19371938,8445950,3,goals,7.0
19371938,8446617,3,goals,5.0
19371938,8448951,3,goals,5.0
19371938,8449232,3,goals,4.0
19371938,8449128,3,goals,4.0
19371938,8445950,3,points,8.0
19371938,8446617,3,points,8.0
19371938,8448951,3,points,7.0
19371938,8449232,3,points,7.0
19371938,8447609,3,points,6.0
19381939,8445950,2,goalsSh,2.0
19381939,8447850,2,goalsSh,2.0
19381939,8446924,2,goalsSh,2.0
19381939,8447023,2,goalsSh,2.0
19381939,8448139,2,goalsSh,2.0
19381939,8445754,2,assists,34.0
19381939,8448946,2,assists,32.0
19381939,8446753,2,assists,32.0
19381939,8445026,2,assists,28.0
19381939,8444931,2,assists,27.0
19381939,8445333,2,goalsPp,9.0
19381939,8447609,2,goalsPp,6.0
19381939,8449593,2,goalsPp,6.0
19381939,8445026,2,goalsPp,6.0
19381939,8447850,2,goalsPp,5.0
19381939,8446915,2,penaltyMins,85.0
19381939,8448097,2,penaltyMins,70.0
19381939,8446182,2,penaltyMins,58.0
19381939,8445742,2,penaltyMins,58.0
19381939,8448951,2,penaltyMins,57.0
19381939,8445517,2,goals,26.0
19381939,8445098,2,goals,24.0
19381939,8449018,2,goals,24.0
19381939,8449068,2,goals,21.0
19381939,8446850,2,goals,20.0
19381939,8445098,2,points,47.0
19381939,8448946,2,points,45.0
19381939,8445754,2,points,42.0
19381939,8449068,2,points,41.0
19381939,8445026,2,points,41.0
19381939,8448096,3,goalsSh,1.0
19381939,8445754,3,assists,11.0
19381939,8445950,3,assists,6.0
19381939,8444954,3,assists,6.0
19381939,8445517,3,assists,5.0
19381939,8445512,3,assists,5.0
19381939,8445026,3,goalsPp,3.0
19381939,8446924,3,goalsPp,3.0
19381939,8445950,3,goalsPp,3.0
19381939,8449018,3,goalsPp,2.0
19381939,8447850,3,goalsPp,2.0
19381939,8446915,3,penaltyMins,26.0
19381939,8448946,3,penaltyMins,20.0
19381939,8447133,3,penaltyMins,20.0
19381939,8449024,3,penaltyMins,19.0
19381939,8448097,3,penaltyMins,17.0
19381939,8445950,3,goals,7.0
19381939,8445517,3,goals,6.0
19381939,8446860,3,goals,6.0
19381939,8445754,3,goals,3.0
19381939,8447850,3,goals,3.0
19381939,8445754,3,points,14.0
19381939,8445950,3,points,13.0
19381939,8445517,3,points,11.0
19381939,8446860,3,points,9.0
19381939,8444954,3,points,8.0
19391940,8445509,2,goalsSh,4.0
19391940,8446924,2,goalsSh,2.0
19391940,8446850,2,goalsSh,2.0
19391940,8449372,2,goalsSh,2.0
19391940,8445439,2,goalsSh,1.0
19391940,8448931,2,assists,30.0
19391940,8449372,2,assists,28.0
19391940,8445754,2,assists,27.0
19391940,8445034,2,assists,26.0
19391940,8446924,2,assists,23.0
19391940,8445950,2,goalsPp,4.0
19391940,8446924,2,goalsPp,4.0
19391940,8445098,2,goalsPp,4.0
19391940,8445512,2,goalsPp,3.0
19391940,8444871,2,goalsPp,3.0
19391940,8446915,2,penaltyMins,87.0
19391940,8445742,2,penaltyMins,68.0
19391940,8445358,2,penaltyMins,63.0
19391940,8445467,2,penaltyMins,62.0
19391940,8449372,2,penaltyMins,62.0
19391940,8446850,2,goals,24.0
19391940,8448931,2,goals,22.0
19391940,8445961,2,goals,22.0
19391940,8445950,2,goals,21.0
19391940,8445307,2,goals,21.0
19391940,8448931,2,points,52.0
19391940,8445961,2,points,43.0
19391940,8445034,2,points,43.0
19391940,8445950,2,points,41.0
19391940,8446850,2,points,40.0
19391940,8445508,3,goalsSh,2.0
19391940,8447609,3,goalsSh,1.0
19391940,8445307,3,goalsSh,1.0
19391940,8449018,3,goalsSh,1.0
19391940,8445509,3,assists,7.0
19391940,8449372,3,assists,6.0
19391940,8449018,3,assists,5.0
19391940,8446861,3,assists,4.0
19391940,8446850,3,assists,3.0
19391940,8445343,3,goalsPp,1.0
19391940,8445194,3,goalsPp,1.0
19391940,8446895,3,goalsPp,1.0
19391940,8447904,3,goalsPp,1.0
19391940,8445961,3,goalsPp,1.0
19391940,8446915,3,penaltyMins,55.0
19391940,8447133,3,penaltyMins,28.0
19391940,8447614,3,penaltyMins,23.0
19391940,8444857,3,penaltyMins,21.0
19391940,8445742,3,penaltyMins,21.0
19391940,8444954,3,goals,5.0
19391940,8446610,3,goals,5.0
19391940,8446850,3,goals,4.0
19391940,8449372,3,goals,3.0
19391940,8445194,3,goals,3.0
19391940,8449372,3,points,9.0
19391940,8445509,3,points,9.0
19391940,8444954,3,points,7.0
19391940,8446850,3,points,7.0
19391940,8449018,3,points,7.0
19401941,8448096,2,goalsSh,3.0
19401941,8447150,2,goalsSh,2.0
19401941,8449372,2,goalsSh,2.0
19401941,8448784,2,goalsSh,2.0
19401941,8445333,2,goalsSh,2.0
19401941,8445754,2,assists,47.0
19401941,8445509,2,assists,28.0
19401941,8449216,2,assists,26.0
19401941,8448931,2,assists,25.0
19401941,8449372,2,assists,25.0
19401941,8444954,2,goalsPp,5.0
19401941,8448239,2,goalsPp,5.0
19401941,8447850,2,goalsPp,4.0
19401941,8447904,2,goalsPp,4.0
19401941,8449359,2,goalsPp,3.0
19401941,8448066,2,penaltyMins,99.0
19401941,8446621,2,penaltyMins,81.0
19401941,8445543,2,penaltyMins,76.0
19401941,8445358,2,penaltyMins,75.0
19401941,8446135,2,penaltyMins,61.0
19401941,8446850,2,goals,26.0
19401941,8445517,2,goals,24.0
19401941,8448946,2,goals,24.0
19401941,8445950,2,goals,23.0
19401941,8444954,2,goals,20.0
19401941,8445754,2,points,64.0
19401941,8446850,2,points,47.0
19401941,8445950,2,points,44.0
19401941,8444954,2,points,44.0
19401941,8446924,2,points,44.0
19401941,8446924,3,assists,7.0
19401941,8448931,3,assists,6.0
19401941,8445517,3,assists,5.0
19401941,8445474,3,assists,5.0
19401941,8447850,3,assists,4.0
19401941,8445059,3,goalsPp,1.0
19401941,8448096,3,goalsPp,1.0
19401941,8448187,3,goalsPp,1.0
19401941,8445062,3,goalsPp,1.0
19401941,8445838,3,goalsPp,1.0
19401941,8448066,3,penaltyMins,31.0
19401941,8447613,3,penaltyMins,16.0
19401941,8447023,3,penaltyMins,16.0
19401941,8445742,3,penaltyMins,14.0
19401941,8448096,3,penaltyMins,14.0
19401941,8449593,3,goals,6.0
19401941,8448931,3,goals,5.0
19401941,8447501,3,goals,4.0
19401941,8445059,3,goals,4.0
19401941,8447850,3,goals,3.0
19401941,8448931,3,points,11.0
19401941,8449593,3,points,8.0
19401941,8446924,3,points,8.0
19401941,8447501,3,points,7.0
19401941,8447850,3,points,7.0
19411942,8446766,2,goalsSh,2.0
19411942,8448946,2,goalsSh,2.0
19411942,8447614,2,goalsSh,1.0
19411942,8449239,2,goalsSh,1.0
19411942,8445344,2,goalsSh,1.0
19411942,8449372,2,assists,37.0
19411942,8446850,2,assists,32.0
19411942,8444857,2,assists,31.0
19411942,8446651,2,assists,30.0
19411942,8449233,2,assists,30.0
19411942,8445059,2,goalsPp,7.0
19411942,8448258,2,goalsPp,5.0
19411942,8445063,2,goalsPp,5.0
19411942,8446686,2,goalsPp,5.0
19411942,8446860,2,goalsPp,5.0
19411942,8448066,2,penaltyMins,141.0
19411942,8446135,2,penaltyMins,124.0
19411942,8448257,2,penaltyMins,93.0
19411942,8449184,2,penaltyMins,93.0
19411942,8449071,2,penaltyMins,80.0
19411942,8448096,2,goals,32.0
19411942,8446850,2,goals,24.0
19411942,8445517,2,goals,24.0
19411942,8446686,2,goals,24.0
19411942,8446651,2,goals,23.0
19411942,8446850,2,points,56.0
19411942,8448096,2,points,55.0
19411942,8446651,2,points,53.0
19411942,8449372,2,points,52.0
19411942,8444857,2,points,49.0
19411942,8447849,3,goalsSh,1.0
19411942,8444954,3,assists,8.0
19411942,8449157,3,assists,8.0
19411942,8449216,3,assists,8.0
19411942,8446651,3,assists,6.0
19411942,8447501,3,assists,6.0
19411942,8445508,3,goalsPp,2.0
19411942,8446659,3,goalsPp,1.0
19411942,8447902,3,goalsPp,1.0
19411942,8448151,3,goalsPp,1.0
19411942,8449018,3,goalsPp,1.0
19411942,8448066,3,penaltyMins,45.0
19411942,8446603,3,penaltyMins,31.0
19411942,8448187,3,penaltyMins,24.0
19411942,8445295,3,penaltyMins,23.0
19411942,8449359,3,penaltyMins,20.0
19411942,8446651,3,goals,8.0
19411942,8447501,3,goals,6.0
19411942,8448946,3,goals,6.0
19411942,8444954,3,goals,5.0
19411942,8445194,3,goals,5.0
19411942,8446651,3,points,14.0
19411942,8444954,3,points,13.0
19411942,8447501,3,points,12.0
19411942,8449157,3,points,10.0
19411942,8449216,3,points,10.0
19421943,8444954,2,goalsSh,1.0
19421943,8445194,2,goalsSh,1.0
19421943,8446686,2,goalsSh,1.0
19421943,8446895,2,goalsSh,1.0
19421943,8448096,2,goalsSh,1.0
19421943,8445754,2,assists,45.0
19421943,8445063,2,assists,44.0
19421943,8448042,2,assists,43.0
19421943,8449216,2,assists,42.0
19421943,8445062,2,assists,40.0
19421943,8445754,2,goalsPp,9.0
19421943,8445098,2,goalsPp,7.0
19421943,8444954,2,goalsPp,5.0
19421943,8448946,2,goalsPp,5.0
19421943,8445113,2,goalsPp,5.0
19421943,8448066,2,penaltyMins,109.0
19421943,8449184,2,penaltyMins,68.0
19421943,8446689,2,penaltyMins,68.0
19421943,8445358,2,penaltyMins,67.0
19421943,8447972,2,penaltyMins,57.0
19421943,8445062,2,goals,33.0
19421943,8445059,2,goals,30.0
19421943,8445950,2,goals,28.0
19421943,8446686,2,goals,28.0
19421943,8445754,2,goals,27.0
19421943,8445062,2,points,73.0
19421943,8445754,2,points,72.0
19421943,8445063,2,points,70.0
19421943,8448096,2,points,61.0
19421943,8445333,2,points,60.0
19421943,8447025,3,goalsSh,1.0
19421943,8444857,3,goalsSh,1.0
19421943,8446895,3,assists,9.0
19421943,8447501,3,assists,8.0
19421943,8444857,3,assists,8.0
19421943,8445754,3,assists,7.0
19421943,8448042,3,assists,5.0
19421943,8448167,3,goalsPp,2.0
19421943,8444857,3,goalsPp,2.0
19421943,8447501,3,goalsPp,2.0
19421943,8448946,3,goalsPp,1.0
19421943,8448042,3,goalsPp,1.0
19421943,8449184,3,penaltyMins,35.0
19421943,8447804,3,penaltyMins,14.0
19421943,8448066,3,penaltyMins,14.0
19421943,8445358,3,penaltyMins,12.0
19421943,8446656,3,penaltyMins,12.0
19421943,8447501,3,goals,6.0
19421943,8447023,3,goals,6.0
19421943,8445349,3,goals,6.0
19421943,8444857,3,goals,5.0
19421943,8445194,3,goals,5.0
19421943,8447501,3,points,14.0
19421943,8444857,3,points,13.0
19421943,8447023,3,points,9.0
19421943,8445194,3,points,9.0
19421943,8448042,3,points,9.0
19431944,8446582,2,goalsSh,2.0
19431944,8445098,2,goalsSh,1.0
19431944,8445358,2,goalsSh,1.0
19431944,8446656,2,goalsSh,1.0
19431944,8445307,2,goalsSh,1.0
19431944,8449068,2,assists,49.0
19431944,8447271,2,assists,48.0
19431944,8445307,2,assists,46.0
19431944,8448042,2,assists,42.0
19431944,8445754,2,assists,41.0
19431944,8445062,2,goalsPp,8.0
19431944,8445333,2,goalsPp,8.0
19431944,8447590,2,goalsPp,6.0
19431944,8447271,2,goalsPp,5.0
19431944,8447166,2,goalsPp,5.0
19431944,8445358,2,penaltyMins,105.0
19431944,8446135,2,penaltyMins,95.0
19431944,8447804,2,penaltyMins,86.0
19431944,8447024,2,penaltyMins,76.0
19431944,8449372,2,penaltyMins,71.0
19431944,8445062,2,goals,38.0
19431944,8445307,2,goals,36.0
19431944,8445333,2,goals,36.0
19431944,8447501,2,goals,36.0
19431944,8445194,2,goals,35.0
19431944,8445307,2,points,82.0
19431944,8445062,2,points,77.0
19431944,8445333,2,points,74.0
19431944,8447501,2,points,73.0
19431944,8447271,2,points,72.0
19431944,8445098,3,goalsSh,1.0
19431944,8445358,3,goalsSh,1.0
19431944,8445098,3,assists,11.0
19431944,8447271,3,assists,11.0
19431944,8449068,3,assists,8.0
19431944,8448321,3,assists,5.0
19431944,8449372,3,assists,5.0
19431944,8446924,3,goalsPp,2.0
19431944,8445358,3,goalsPp,2.0
19431944,8446700,3,goalsPp,1.0
19431944,8445124,3,goalsPp,1.0
19431944,8446689,3,goalsPp,1.0
19431944,8445543,3,penaltyMins,18.0
19431944,8447804,3,penaltyMins,16.0
19431944,8446582,3,penaltyMins,16.0
19431944,8449372,3,penaltyMins,16.0
19431944,8449376,3,penaltyMins,12.0
19431944,8448321,3,goals,12.0
19431944,8445062,3,goals,8.0
19431944,8445098,3,goals,7.0
19431944,8444871,3,goals,5.0
19431944,8446582,3,goals,5.0
19431944,8445098,3,points,18.0
19431944,8448321,3,points,17.0
19431944,8447271,3,points,13.0
19431944,8445062,3,points,12.0
19431944,8449068,3,points,12.0
19441945,8445307,2,goalsSh,2.0
19441945,8445242,2,goalsSh,1.0
19441945,8445364,2,goalsSh,1.0
19441945,8447901,2,goalsSh,1.0
19441945,8446699,2,goalsSh,1.0
19441945,8447271,2,assists,54.0
19441945,8445754,2,assists,40.0
19441945,8445098,2,assists,38.0
19441945,8446924,2,assists,36.0
19441945,8445105,2,assists,36.0
19441945,8448321,2,goalsPp,11.0
19441945,8447902,2,goalsPp,8.0
19441945,8445098,2,goalsPp,5.0
19441945,8448187,2,goalsPp,5.0
19441945,8449068,2,goalsPp,5.0
19441945,8446135,2,penaltyMins,86.0
19441945,8445904,2,penaltyMins,69.0
19441945,8447309,2,penaltyMins,62.0
19441945,8445846,2,penaltyMins,59.0
19441945,8445543,2,penaltyMins,50.0
19441945,8448321,2,goals,50.0
19441945,8445307,2,goals,32.0
19441945,8445098,2,goals,29.0
19441945,8447166,2,goals,29.0
19441945,8447902,2,goals,28.0
19441945,8447271,2,points,80.0
19441945,8448321,2,points,73.0
19441945,8445098,2,points,67.0
19441945,8445754,2,points,65.0
19441945,8447166,2,points,54.0
19441945,8445132,3,goalsSh,1.0
19441945,8446230,3,goalsSh,1.0
19441945,8445193,3,goalsSh,1.0
19441945,8445349,3,assists,6.0
19441945,8445767,3,assists,5.0
19441945,8447271,3,assists,4.0
19441945,8445132,3,assists,4.0
19441945,8449081,3,assists,4.0
19441945,8447166,3,goalsPp,3.0
19441945,8445132,3,goalsPp,1.0
19441945,8446230,3,goalsPp,1.0
19441945,8447271,3,goalsPp,1.0
19441945,8445307,3,goalsPp,1.0
19441945,8447893,3,penaltyMins,14.0
19441945,8445358,3,penaltyMins,10.0
19441945,8448321,3,penaltyMins,10.0
19441945,8447024,3,penaltyMins,10.0
19441945,8446570,3,penaltyMins,8.0
19441945,8447166,3,goals,7.0
19441945,8448321,3,goals,6.0
19441945,8445349,3,goals,5.0
19441945,8445307,3,goals,5.0
19441945,8445193,3,goals,5.0
19441945,8445349,3,points,11.0
19441945,8447166,3,points,9.0
19441945,8448321,3,points,8.0
19441945,8447271,3,points,8.0
19441945,8445307,3,points,7.0
19451946,8447799,2,goalsSh,1.0
19451946,8447104,2,goalsSh,1.0
19451946,8447024,2,goalsSh,1.0
19451946,8445358,2,goalsSh,1.0
19451946,8446688,2,goalsSh,1.0
19451946,8447271,2,assists,34.0
19451946,8445063,2,assists,30.0
19451946,8447902,2,assists,30.0
19451946,8445866,2,assists,27.0
19451946,8447131,2,assists,27.0
19451946,8445063,2,goalsPp,10.0
19451946,8448321,2,goalsPp,6.0
19451946,8449068,2,goalsPp,6.0
19451946,8445062,2,goalsPp,5.0
19451946,8445961,2,goalsPp,5.0
19451946,8449184,2,penaltyMins,73.0
19451946,8446656,2,penaltyMins,62.0
19451946,8447613,2,penaltyMins,58.0
19451946,8445132,2,penaltyMins,52.0
19451946,8448321,2,penaltyMins,50.0
19451946,8449183,2,goals,37.0
19451946,8445063,2,goals,31.0
19451946,8445098,2,goals,29.0
19451946,8448321,2,goals,27.0
19451946,8449068,2,goals,26.0
19451946,8445063,2,points,61.0
19451946,8449183,2,points,52.0
19451946,8445098,2,points,50.0
19451946,8449068,2,points,50.0
19451946,8448321,2,points,49.0
19451946,8445358,3,goalsSh,1.0
19451946,8446135,3,goalsSh,1.0
19451946,8447271,3,assists,12.0
19451946,8445098,3,assists,6.0
19451946,8448931,3,assists,5.0
19451946,8448321,3,assists,4.0
19451946,8446561,3,assists,4.0
19451946,8445098,3,goalsPp,2.0
19451946,8446575,3,goalsPp,1.0
19451946,8447902,3,goalsPp,1.0
19451946,8449068,3,goalsPp,1.0
19451946,8445132,3,goalsPp,1.0
19451946,8445358,3,penaltyMins,18.0
19451946,8446651,3,penaltyMins,17.0
19451946,8445132,3,penaltyMins,17.0
19451946,8448321,3,penaltyMins,15.0
19451946,8445543,3,penaltyMins,14.0
19451946,8445098,3,goals,7.0
19451946,8448321,3,goals,7.0
19451946,8447271,3,goals,5.0
19451946,8446656,3,goals,5.0
19451946,8446230,3,goals,4.0
19451946,8447271,3,points,17.0
19451946,8445098,3,points,13.0
19451946,8448321,3,points,11.0
19451946,8448931,3,points,8.0
19451946,8446656,3,points,7.0
19461947,8447326,2,goalsSh,2.0
19461947,8447899,2,goalsSh,2.0
19461947,8447532,2,goalsSh,1.0
19461947,8444871,2,goalsSh,1.0
19461947,8447223,2,goalsSh,1.0
19461947,8449216,2,assists,46.0
19461947,8445063,2,assists,43.0
19461947,8448931,2,assists,35.0
19461947,8445062,2,assists,34.0
19461947,8447166,2,assists,32.0
19461947,8448321,2,goalsPp,12.0
19461947,8445063,2,goalsPp,10.0
19461947,8445517,2,goalsPp,10.0
19461947,8449363,2,goalsPp,9.0
19461947,8445034,2,goalsPp,7.0
19461947,8447899,2,penaltyMins,133.0
19461947,8447613,2,penaltyMins,110.0
19461947,8445358,2,penaltyMins,97.0
19461947,8449236,2,penaltyMins,97.0
19461947,8446184,2,penaltyMins,93.0
19461947,8448321,2,goals,45.0
19461947,8445034,2,goals,30.0
19461947,8445517,2,goals,30.0
19461947,8445063,2,goals,29.0
19461947,8447166,2,goals,28.0
19461947,8445063,2,points,72.0
19461947,8448321,2,points,71.0
19461947,8449216,2,points,63.0
19461947,8448931,2,points,62.0
19461947,8447166,2,points,60.0
19461947,8446573,3,goalsSh,1.0
19461947,8447850,3,goalsSh,1.0
19461947,8447223,3,goalsSh,1.0
19461947,8445098,3,assists,7.0
19461947,8447374,3,assists,6.0
19461947,8448321,3,assists,5.0
19461947,8447166,3,assists,5.0
19461947,8449183,3,assists,5.0
19461947,8447532,3,goalsPp,2.0
19461947,8448262,3,goalsPp,2.0
19461947,8449369,3,goalsPp,2.0
19461947,8444857,3,goalsPp,1.0
19461947,8445513,3,goalsPp,1.0
19461947,8448321,3,penaltyMins,44.0
19461947,8446184,3,penaltyMins,30.0
19461947,8447899,3,penaltyMins,22.0
19461947,8449236,3,penaltyMins,22.0
19461947,8445132,3,penaltyMins,21.0
19461947,8448321,3,goals,6.0
19461947,8448262,3,goals,6.0
19461947,8444954,3,goals,5.0
19461947,8447166,3,goals,4.0
19461947,8445517,3,goals,4.0
19461947,8448321,3,points,11.0
19461947,8447166,3,points,9.0
19461947,8445098,3,points,9.0
19461947,8445517,3,points,8.0
19461947,8448262,3,points,7.0
19471948,8447500,2,goalsSh,3.0
19471948,8446728,2,goalsSh,2.0
19471948,8447374,2,goalsSh,2.0
19471948,8448321,2,goalsSh,2.0
19471948,8447901,2,goalsSh,1.0
19471948,8445062,2,assists,37.0
19471948,8448042,2,assists,36.0
19471948,8447326,2,assists,34.0
19471948,8447271,2,assists,31.0
19471948,8444857,2,assists,30.0
19471948,8444954,2,goalsPp,11.0
19471948,8447271,2,goalsPp,11.0
19471948,8449369,2,goalsPp,8.0
19471948,8448167,2,goalsPp,8.0
19471948,8449363,2,goalsPp,6.0
19471948,8445019,2,penaltyMins,147.0
19471948,8448257,2,penaltyMins,129.0
19471948,8447899,2,penaltyMins,118.0
19471948,8446184,2,penaltyMins,97.0
19471948,8447500,2,penaltyMins,95.0
19471948,8447500,2,goals,33.0
19471948,8447271,2,goals,30.0
19471948,8448321,2,goals,28.0
19471948,8449183,2,goals,27.0
19471948,8445063,2,goals,26.0
19471948,8447271,2,points,61.0
19471948,8448042,2,points,60.0
19471948,8445062,2,points,57.0
19471948,8449183,2,points,56.0
19471948,8445063,2,points,54.0
19471948,8445107,3,goalsSh,1.0
19471948,8449369,3,goalsSh,1.0
19471948,8446573,3,goalsSh,1.0
19471948,8445063,3,assists,7.0
19471948,8446913,3,assists,7.0
19471948,8447166,3,assists,6.0
19471948,8448931,3,assists,5.0
19471948,8447532,3,assists,5.0
19471948,8447166,3,goalsPp,3.0
19471948,8447149,3,goalsPp,2.0
19471948,8444992,3,goalsPp,1.0
19471948,8445637,3,goalsPp,1.0
19471948,8448128,3,goalsPp,1.0
19471948,8447532,3,penaltyMins,20.0
19471948,8447471,3,penaltyMins,18.0
19471948,8445019,3,penaltyMins,17.0
19471948,8444857,3,penaltyMins,16.0
19471948,8447831,3,penaltyMins,15.0
19471948,8447166,3,goals,8.0
19471948,8447769,3,goals,5.0
19471948,8449369,3,goals,5.0
19471948,8445063,3,goals,4.0
19471948,8444954,3,goals,4.0
19471948,8447166,3,points,14.0
19471948,8445063,3,points,11.0
19471948,8446913,3,points,10.0
19471948,8447769,3,points,8.0
19471948,8444954,3,points,8.0
19481949,8447901,2,goalsSh,3.0
19481949,8447166,2,goalsSh,2.0
19481949,8449081,2,goalsSh,2.0
19481949,8445019,2,goalsSh,2.0
19481949,8447831,2,goalsSh,1.0
19481949,8445062,2,assists,43.0
19481949,8445517,2,assists,42.0
19481949,8448446,2,assists,29.0
19481949,8447500,2,assists,28.0
19481949,8444857,2,assists,26.0
19481949,8444857,2,goalsPp,8.0
19481949,8445517,2,goalsPp,8.0
19481949,8447166,2,goalsPp,7.0
19481949,8449081,2,goalsPp,7.0
19481949,8448262,2,goalsPp,7.0
19481949,8446184,2,penaltyMins,143.0
19481949,8446656,2,penaltyMins,116.0
19481949,8445358,2,penaltyMins,111.0
19481949,8448321,2,penaltyMins,110.0
19481949,8448257,2,penaltyMins,103.0
19481949,8444857,2,goals,28.0
19481949,8445517,2,goals,26.0
19481949,8447500,2,goals,26.0
19481949,8445513,2,goals,26.0
19481949,8449369,2,goals,26.0
19481949,8445517,2,points,68.0
19481949,8445062,2,points,66.0
19481949,8444857,2,points,54.0
19481949,8447500,2,points,54.0
19481949,8445513,2,points,49.0
19481949,8445961,3,goalsSh,1.0
19481949,8447899,3,goalsSh,1.0
19481949,8447149,3,goalsSh,1.0
19481949,8448000,3,goalsSh,1.0
19481949,8448317,3,goalsSh,1.0
19481949,8447166,3,assists,6.0
19481949,8447500,3,assists,6.0
19481949,8446565,3,assists,5.0
19481949,8448262,3,assists,5.0
19481949,8449236,3,assists,5.0
19481949,8449084,3,goalsPp,4.0
19481949,8448158,3,goalsPp,3.0
19481949,8448128,3,goalsPp,2.0
19481949,8449241,3,goalsPp,2.0
19481949,8448446,3,goalsPp,1.0
19481949,8449184,3,penaltyMins,32.0
19481949,8447500,3,penaltyMins,29.0
19481949,8446575,3,penaltyMins,22.0
19481949,8445019,3,penaltyMins,20.0
19481949,8446184,3,penaltyMins,20.0
19481949,8448000,3,goals,8.0
19481949,8449084,3,goals,5.0
19481949,8448158,3,goals,5.0
19481949,8445063,3,goals,4.0
19481949,8449369,3,goals,4.0
19481949,8448000,3,points,11.0
19481949,8447166,3,points,8.0
19481949,8447500,3,points,8.0
19481949,8449084,3,points,7.0
19481949,8445063,3,points,7.0
19491950,8446686,2,goalsSh,1.0
19491950,8447271,2,goalsSh,1.0
19491950,8445105,2,goalsSh,1.0
19491950,8447500,2,assists,55.0
19491950,8448446,2,assists,36.0
19491950,8444857,2,assists,35.0
19491950,8446656,2,assists,34.0
19491950,8448000,2,assists,33.0
19491950,8448321,2,goalsPp,13.0
19491950,8444857,2,goalsPp,11.0
19491950,8445349,2,goalsPp,10.0
19491950,8448223,2,goalsPp,8.0
19491950,8447149,2,goalsPp,7.0
19491950,8447257,2,penaltyMins,143.0
19491950,8446184,2,penaltyMins,142.0
19491950,8447500,2,penaltyMins,141.0
19491950,8446513,2,penaltyMins,138.0
19491950,8447899,2,penaltyMins,125.0
19491950,8448321,2,goals,43.0
19491950,8448000,2,goals,35.0
19491950,8444857,2,goals,34.0
19491950,8448223,2,goals,29.0
19491950,8448128,2,goals,27.0
19491950,8447500,2,points,78.0
19491950,8444857,2,points,69.0
19491950,8448000,2,points,68.0
19491950,8448321,2,points,65.0
19491950,8448446,2,points,59.0
19491950,8447716,3,goalsSh,1.0
19491950,8446575,3,assists,6.0
19491950,8449054,3,assists,6.0
19491950,8447526,3,assists,5.0
19491950,8448243,3,assists,5.0
19491950,8447326,3,assists,5.0
19491950,8445745,3,goalsPp,3.0
19491950,8445967,3,goalsPp,2.0
19491950,8447526,3,goalsPp,2.0
19491950,8448321,3,goalsPp,1.0
19491950,8445019,3,goalsPp,1.0
19491950,8447257,3,penaltyMins,30.0
19491950,8446699,3,penaltyMins,21.0
19491950,8449184,3,penaltyMins,20.0
19491950,8445019,3,penaltyMins,18.0
19491950,8447899,3,penaltyMins,18.0
19491950,8447526,3,goals,6.0
19491950,8444857,3,goals,6.0
19491950,8445745,3,goals,5.0
19491950,8448243,3,goals,4.0
19491950,8447500,3,goals,4.0
19491950,8447526,3,points,11.0
19491950,8445745,3,points,9.0
19491950,8448243,3,points,9.0
19491950,8446575,3,points,9.0
19491950,8444857,3,points,8.0
19501951,8448321,2,goalsSh,2.0
19501951,8447901,2,goalsSh,2.0
19501951,8446941,2,goalsSh,1.0
19501951,8445062,2,goalsSh,1.0
19501951,8449157,2,goalsSh,1.0
19501951,8448000,2,assists,43.0
19501951,8447166,2,assists,43.0
19501951,8445063,2,assists,41.0
19501951,8448931,2,assists,39.0
19501951,8444857,2,assists,38.0
19501951,8449084,2,goalsPp,12.0
19501951,8449052,2,goalsPp,10.0
19501951,8448321,2,goalsPp,9.0
19501951,8447166,2,goalsPp,8.0
19501951,8445063,2,goalsPp,7.0
19501951,8447899,2,penaltyMins,142.0
19501951,8447101,2,penaltyMins,128.0
19501951,8446184,2,penaltyMins,119.0
19501951,8447471,2,penaltyMins,112.0
19501951,8447500,2,penaltyMins,110.0
19501951,8448000,2,goals,43.0
19501951,8448321,2,goals,42.0
19501951,8449052,2,goals,31.0
19501951,8449084,2,goals,30.0
19501951,8445517,2,goals,26.0
19501951,8448000,2,points,86.0
19501951,8448321,2,points,66.0
19501951,8445063,2,points,62.0
19501951,8444857,2,points,61.0
19501951,8448931,2,points,61.0
19501951,8447223,3,goalsSh,1.0
19501951,8448262,3,goalsSh,1.0
19501951,8445063,3,assists,11.0
19501951,8447166,3,assists,5.0
19501951,8449052,3,assists,5.0
19501951,8446728,3,assists,5.0
19501951,8448321,3,assists,4.0
19501951,8449084,3,goalsPp,3.0
19501951,8446318,3,goalsPp,1.0
19501951,8447166,3,goalsPp,1.0
19501951,8447271,3,goalsPp,1.0
19501951,8448057,3,goalsPp,1.0
19501951,8449236,3,penaltyMins,34.0
19501951,8445019,3,penaltyMins,31.0
19501951,8446184,3,penaltyMins,18.0
19501951,8449052,3,penaltyMins,18.0
19501951,8447831,3,penaltyMins,14.0
19501951,8448321,3,goals,9.0
19501951,8449084,3,goals,7.0
19501951,8447166,3,goals,4.0
19501951,8449052,3,goals,4.0
19501951,8444857,3,goals,4.0
19501951,8448321,3,points,13.0
19501951,8445063,3,points,13.0
19501951,8449084,3,points,10.0
19501951,8447166,3,points,9.0
19501951,8449052,3,points,9.0
19511952,8445833,2,goalsSh,2.0
19511952,8447149,2,goalsSh,2.0
19511952,8449203,2,goalsSh,2.0
19511952,8449046,2,goalsSh,2.0
19511952,8446575,2,goalsSh,2.0
19511952,8447271,2,assists,50.0
19511952,8448243,2,assists,42.0
19511952,8448000,2,assists,39.0
19511952,8447500,2,assists,39.0
19511952,8444857,2,assists,36.0
19511952,8446579,2,goalsPp,10.0
19511952,8449052,2,goalsPp,10.0
19511952,8448321,2,goalsPp,9.0
19511952,8447500,2,goalsPp,9.0
19511952,8448243,2,goalsPp,9.0
19511952,8447257,2,penaltyMins,127.0
19511952,8447500,2,penaltyMins,123.0
19511952,8446318,2,penaltyMins,110.0
19511952,8447899,2,penaltyMins,106.0
19511952,8445888,2,penaltyMins,99.0
19511952,8448000,2,goals,47.0
19511952,8447902,2,goals,31.0
19511952,8447500,2,goals,30.0
19511952,8446579,2,goals,30.0
19511952,8449084,2,goals,27.0
19511952,8448000,2,points,86.0
19511952,8447500,2,points,69.0
19511952,8447271,2,points,65.0
19511952,8448243,2,points,61.0
19511952,8449084,2,points,57.0
19511952,8448000,3,assists,5.0
19511952,8448223,3,assists,5.0
19511952,8449050,3,assists,4.0
19511952,8445833,3,assists,3.0
19511952,8448235,3,assists,3.0
19511952,8447500,3,goalsPp,3.0
19511952,8444857,3,goalsPp,1.0
19511952,8447471,3,goalsPp,1.0
19511952,8448000,3,goalsPp,1.0
19511952,8448223,3,goalsPp,1.0
19511952,8448317,3,penaltyMins,27.0
19511952,8449236,3,penaltyMins,25.0
19511952,8447471,3,penaltyMins,22.0
19511952,8446318,3,penaltyMins,18.0
19511952,8449050,3,penaltyMins,16.0
19511952,8447500,3,goals,5.0
19511952,8445833,3,goals,4.0
19511952,8448321,3,goals,4.0
19511952,8449556,3,goals,4.0
19511952,8447471,3,goals,3.0
19511952,8447500,3,points,7.0
19511952,8445833,3,points,7.0
19511952,8448000,3,points,7.0
19511952,8448223,3,points,7.0
19511952,8448321,3,points,6.0
19521953,8447769,2,goalsSh,3.0
19521953,8447547,2,goalsSh,2.0
19521953,8445105,2,goalsSh,2.0
19521953,8445833,2,goalsSh,2.0
19521953,8447471,2,goalsSh,2.0
19521953,8448000,2,assists,46.0
19521953,8445865,2,assists,43.0
19521953,8447500,2,assists,39.0
19521953,8448446,2,assists,38.0
19521953,8448223,2,assists,34.0
19521953,8448000,2,goalsPp,11.0
19521953,8447500,2,goalsPp,9.0
19521953,8447271,2,goalsPp,8.0
19521953,8448057,2,goalsPp,8.0
19521953,8446840,2,goalsPp,7.0
19521953,8448321,2,penaltyMins,112.0
19521953,8447500,2,penaltyMins,111.0
19521953,8446318,2,penaltyMins,110.0
19521953,8446575,2,penaltyMins,99.0
19521953,8445888,2,penaltyMins,97.0
19521953,8448000,2,goals,49.0
19521953,8447500,2,goals,32.0
19521953,8446840,2,goals,30.0
19521953,8448321,2,goals,28.0
19521953,8447547,2,goals,27.0
19521953,8448000,2,points,95.0
19521953,8447500,2,points,71.0
19521953,8448321,2,points,61.0
19521953,8446840,2,points,59.0
19521953,8445865,2,points,59.0
19521953,8447547,3,assists,7.0
19521953,8448128,3,assists,6.0
19521953,8447271,3,assists,6.0
19521953,8445805,3,assists,5.0
19521953,8448000,3,assists,5.0
19521953,8448931,3,goalsPp,2.0
19521953,8446579,3,goalsPp,2.0
19521953,8446941,3,goalsPp,1.0
19521953,8448000,3,goalsPp,1.0
19521953,8447901,3,goalsPp,1.0
19521953,8447260,3,penaltyMins,19.0
19521953,8447886,3,penaltyMins,13.0
19521953,8446579,3,penaltyMins,12.0
19521953,8447471,3,penaltyMins,11.0
19521953,8448783,3,penaltyMins,11.0
19521953,8448783,3,goals,8.0
19521953,8448321,3,goals,7.0
19521953,8446579,3,goals,6.0
19521953,8448931,3,goals,5.0
19521953,8445805,3,goals,4.0
19521953,8448783,3,points,11.0
19521953,8446579,3,points,10.0
19521953,8445805,3,points,9.0
19521953,8448128,3,points,9.0
19521953,8447547,3,points,9.0
19531954,8449192,2,goalsSh,2.0
19531954,8445371,2,goalsSh,1.0
19531954,8447769,2,goalsSh,1.0
19531954,8447716,2,goalsSh,1.0
19531954,8449142,2,goalsSh,1.0
19531954,8448000,2,assists,48.0
19531954,8448057,2,assists,37.0
19531954,8447500,2,assists,36.0
19531954,8447149,2,assists,33.0
19531954,8448305,2,assists,33.0
19531954,8446784,2,goalsPp,20.0
19531954,8448321,2,goalsPp,17.0
19531954,8448000,2,goalsPp,15.0
19531954,8447500,2,goalsPp,11.0
19531954,8446579,2,goalsPp,9.0
19531954,8447899,2,penaltyMins,132.0
19531954,8448321,2,penaltyMins,112.0
19531954,8446728,2,penaltyMins,110.0
19531954,8447500,2,penaltyMins,110.0
19531954,8447022,2,penaltyMins,109.0
19531954,8448321,2,goals,37.0
19531954,8448000,2,goals,33.0
19531954,8446579,2,goals,29.0
19531954,8446840,2,goals,27.0
19531954,8447500,2,goals,26.0
19531954,8448000,2,points,81.0
19531954,8448321,2,points,67.0
19531954,8447500,2,points,62.0
19531954,8446579,2,points,54.0
19531954,8448057,2,points,52.0
19531954,8447101,3,goalsSh,1.0
19531954,8447149,3,goalsSh,1.0
19531954,8448103,3,goalsSh,1.0
19531954,8447886,3,assists,8.0
19531954,8445408,3,assists,8.0
19531954,8445865,3,assists,7.0
19531954,8446579,3,assists,5.0
19531954,8448000,3,assists,5.0
19531954,8447886,3,goalsPp,2.0
19531954,8448321,3,goalsPp,2.0
19531954,8447500,3,goalsPp,2.0
19531954,8446691,3,goalsPp,1.0
19531954,8448305,3,goalsPp,1.0
19531954,8448000,3,penaltyMins,31.0
19531954,8447101,3,penaltyMins,30.0
19531954,8447260,3,penaltyMins,28.0
19531954,8449052,3,penaltyMins,24.0
19531954,8448321,3,penaltyMins,22.0
19531954,8446579,3,goals,6.0
19531954,8447886,3,goals,5.0
19531954,8447149,3,goals,5.0
19531954,8448000,3,goals,4.0
19531954,8447500,3,goals,4.0
19531954,8447886,3,points,13.0
19531954,8446579,3,points,11.0
19531954,8445408,3,points,10.0
19531954,8448000,3,points,9.0
19531954,8445865,3,points,9.0
19541955,8445105,2,goalsSh,3.0
19541955,8445833,2,goalsSh,3.0
19541955,8447149,2,goalsSh,3.0
19541955,8447998,2,goalsSh,2.0
19541955,8448000,2,goalsSh,2.0
19541955,8448057,2,assists,48.0
19541955,8446728,2,assists,43.0
19541955,8449203,2,assists,42.0
19541955,8447166,2,assists,42.0
19541955,8448305,2,assists,41.0
19541955,8445408,2,goalsPp,14.0
19541955,8446579,2,goalsPp,13.0
19541955,8448321,2,goalsPp,11.0
19541955,8449084,2,goalsPp,11.0
19541955,8449203,2,goalsPp,9.0
19541955,8446318,2,penaltyMins,150.0
19541955,8447471,2,penaltyMins,137.0
19541955,8446896,2,penaltyMins,135.0
19541955,8447899,2,penaltyMins,133.0
19541955,8448321,2,penaltyMins,125.0
19541955,8446579,2,goals,38.0
19541955,8448321,2,goals,38.0
19541955,8445408,2,goals,37.0
19541955,8449084,2,goals,33.0
19541955,8448000,2,goals,29.0
19541955,8446579,2,points,75.0
19541955,8448321,2,points,74.0
19541955,8445408,2,points,73.0
19541955,8448305,2,points,66.0
19541955,8448000,2,points,62.0
19541955,8448000,3,goalsSh,1.0
19541955,8448103,3,goalsSh,1.0
19541955,8448214,3,goalsSh,1.0
19541955,8447361,3,goalsSh,1.0
19541955,8447620,3,goalsSh,1.0
19541955,8447500,3,assists,12.0
19541955,8448000,3,assists,11.0
19541955,8445865,3,assists,8.0
19541955,8447544,3,assists,8.0
19541955,8447901,3,assists,8.0
19541955,8446579,3,goalsPp,4.0
19541955,8445865,3,goalsPp,3.0
19541955,8447500,3,goalsPp,3.0
19541955,8448000,3,goalsPp,3.0
19541955,8445408,3,goalsPp,2.0
19541955,8445132,3,penaltyMins,37.0
19541955,8447886,3,penaltyMins,32.0
19541955,8448000,3,penaltyMins,24.0
19541955,8447101,3,penaltyMins,22.0
19541955,8448057,3,penaltyMins,21.0
19541955,8448000,3,goals,9.0
19541955,8446579,3,goals,8.0
19541955,8445833,3,goals,8.0
19541955,8447500,3,goals,7.0
19541955,8445865,3,goals,7.0
19541955,8448000,3,points,20.0
19541955,8447500,3,points,19.0
19541955,8445865,3,points,15.0
19541955,8446579,3,points,13.0
19541955,8445408,3,points,13.0
19551956,8449192,2,goalsSh,3.0
19551956,8447547,2,goalsSh,2.0
19551956,8446603,2,goalsSh,2.0
19551956,8448214,2,goalsSh,2.0
19551956,8449244,2,goalsSh,2.0
19551956,8448057,2,assists,56.0
19551956,8445032,2,assists,47.0
19551956,8446513,2,assists,42.0
19551956,8445408,2,assists,41.0
19551956,8448000,2,assists,41.0
19551956,8445408,2,goalsPp,19.0
19551956,8447500,2,goalsPp,14.0
19551956,8448000,2,goalsPp,14.0
19551956,8448321,2,goalsPp,13.0
19551956,8446579,2,goalsPp,12.0
19551956,8446343,2,penaltyMins,206.0
19551956,8447500,2,penaltyMins,161.0
19551956,8445408,2,penaltyMins,143.0
19551956,8444970,2,penaltyMins,122.0
19551956,8449176,2,penaltyMins,118.0
19551956,8445408,2,goals,47.0
19551956,8448000,2,goals,38.0
19551956,8448321,2,goals,38.0
19551956,8449052,2,goals,37.0
19551956,8446579,2,goals,29.0
19551956,8445408,2,points,88.0
19551956,8448000,2,points,79.0
19551956,8448321,2,points,71.0
19551956,8448057,2,points,70.0
19551956,8449052,2,points,66.0
19551956,8447041,3,goalsSh,1.0
19551956,8447620,3,goalsSh,1.0
19551956,8448057,3,assists,10.0
19551956,8446579,3,assists,9.0
19551956,8448321,3,assists,9.0
19551956,8448000,3,assists,9.0
19551956,8445408,3,assists,7.0
19551956,8445408,3,goalsPp,3.0
19551956,8445865,3,goalsPp,3.0
19551956,8444971,3,goalsPp,2.0
19551956,8446728,3,goalsPp,2.0
19551956,8448321,3,goalsPp,2.0
19551956,8448321,3,penaltyMins,24.0
19551956,8445408,3,penaltyMins,22.0
19551956,8447500,3,penaltyMins,22.0
19551956,8448320,3,penaltyMins,21.0
19551956,8446173,3,penaltyMins,18.0
19551956,8445408,3,goals,12.0
19551956,8445865,3,goals,7.0
19551956,8447500,3,goals,6.0
19551956,8446579,3,goals,5.0
19551956,8448321,3,goals,5.0
19551956,8445408,3,points,19.0
19551956,8446579,3,points,14.0
19551956,8448321,3,points,14.0
19551956,8448057,3,points,14.0
19551956,8448000,3,points,12.0
19561957,8447620,2,goalsSh,3.0
19561957,8447855,2,goalsSh,2.0
19561957,8448177,2,goalsSh,2.0
19561957,8445032,2,goalsSh,2.0
19561957,8446197,2,goalsSh,2.0
19561957,8447500,2,assists,55.0
19561957,8445408,2,assists,51.0
19561957,8445032,2,assists,50.0
19561957,8448000,2,assists,45.0
19561957,8446728,2,assists,44.0
19561957,8448000,2,goalsPp,15.0
19561957,8447886,2,goalsPp,13.0
19561957,8448321,2,goalsPp,12.0
19561957,8445408,2,goalsPp,12.0
19561957,8446760,2,goalsPp,11.0
19561957,8447899,2,penaltyMins,147.0
19561957,8446343,2,penaltyMins,139.0
19561957,8447260,2,penaltyMins,130.0
19561957,8448152,2,penaltyMins,119.0
19561957,8446173,2,penaltyMins,116.0
19561957,8448000,2,goals,44.0
19561957,8445408,2,goals,33.0
19561957,8448321,2,goals,33.0
19561957,8447502,2,goals,32.0
19561957,8445371,2,goals,31.0
19561957,8448000,2,points,89.0
19561957,8447500,2,points,85.0
19561957,8445408,2,points,84.0
19561957,8445032,2,points,77.0
19561957,8447502,2,points,64.0
19561957,8448223,3,goalsSh,1.0
19561957,8445833,3,goalsSh,1.0
19561957,8448057,3,assists,9.0
19561957,8446579,3,assists,7.0
19561957,8447886,3,assists,7.0
19561957,8446728,3,assists,7.0
19561957,8445408,3,assists,6.0
19561957,8446579,3,goalsPp,3.0
19561957,8448321,3,goalsPp,3.0
19561957,8445865,3,goalsPp,2.0
19561957,8447547,3,goalsPp,2.0
19561957,8445855,3,goalsPp,1.0
19561957,8446318,3,penaltyMins,19.0
19561957,8445111,3,penaltyMins,16.0
19561957,8447101,3,penaltyMins,16.0
19561957,8445408,3,penaltyMins,15.0
19561957,8445081,3,penaltyMins,14.0
19561957,8446579,3,goals,11.0
19561957,8448321,3,goals,8.0
19561957,8445408,3,goals,6.0
19561957,8447547,3,goals,5.0
19561957,8447886,3,goals,3.0
19561957,8446579,3,points,18.0
19561957,8445408,3,points,12.0
19561957,8448321,3,points,11.0
19561957,8447886,3,points,10.0
19561957,8448057,3,points,9.0
19571958,8449244,2,goalsSh,8.0
19571958,8445865,2,goalsSh,4.0
19571958,8448000,2,goalsSh,3.0
19571958,8447547,2,goalsSh,3.0
19571958,8447855,2,goalsSh,2.0
19571958,8448320,2,assists,52.0
19571958,8447886,2,assists,48.0
19571958,8445032,2,assists,48.0
19571958,8448000,2,assists,44.0
19571958,8447547,2,assists,40.0
19571958,8446784,2,goalsPp,19.0
19571958,8447886,2,goalsPp,14.0
19571958,8446579,2,goalsPp,10.0
19571958,8448000,2,goalsPp,10.0
19571958,8446513,2,goalsPp,8.0
19571958,8446343,2,penaltyMins,152.0
19571958,8447164,2,penaltyMins,135.0
19571958,8446728,2,penaltyMins,131.0
19571958,8447500,2,penaltyMins,110.0
19571958,8446173,2,penaltyMins,108.0
19571958,8447886,2,goals,36.0
19571958,8448000,2,goals,33.0
19571958,8447502,2,goals,32.0
19571958,8446784,2,goals,32.0
19571958,8445032,2,goals,30.0
19571958,8447886,2,points,84.0
19571958,8448320,2,points,80.0
19571958,8445032,2,points,78.0
19571958,8448000,2,points,77.0
19571958,8446918,2,points,66.0
19571958,8449244,3,goalsSh,2.0
19571958,8445032,3,goalsSh,1.0
19571958,8446760,3,goalsSh,1.0
19571958,8448191,3,goalsSh,1.0
19571958,8444853,3,goalsSh,1.0
19571958,8447547,3,assists,14.0
19571958,8447880,3,assists,10.0
19571958,8446728,3,assists,9.0
19571958,8447792,3,assists,8.0
19571958,8445408,3,assists,8.0
19571958,8447886,3,goalsPp,4.0
19571958,8447792,3,goalsPp,4.0
19571958,8446579,3,goalsPp,3.0
19571958,8448321,3,goalsPp,3.0
19571958,8445032,3,goalsPp,2.0
19571958,8445111,3,penaltyMins,21.0
19571958,8446601,3,penaltyMins,18.0
19571958,8447880,3,penaltyMins,18.0
19571958,8446173,3,penaltyMins,17.0
19571958,8445001,3,penaltyMins,16.0
19571958,8448321,3,goals,11.0
19571958,8447792,3,goals,9.0
19571958,8449244,3,goals,9.0
19571958,8446579,3,goals,6.0
19571958,8447547,3,goals,5.0
19571958,8447547,3,points,19.0
19571958,8447792,3,points,17.0
19571958,8448321,3,points,15.0
19571958,8447880,3,points,13.0
19571958,8449244,3,points,12.0
19581959,8448227,2,goalsSh,5.0
19581959,8447547,2,goalsSh,3.0
19581959,8447854,2,goalsSh,3.0
19581959,8447149,2,goalsSh,2.0
19581959,8445510,2,goalsSh,2.0
19581959,8447886,2,assists,55.0
19581959,8445032,2,assists,48.0
19581959,8445408,2,assists,46.0
19581959,8448000,2,assists,46.0
19581959,8446513,2,assists,46.0
19581959,8446760,2,goalsPp,15.0
19581959,8445408,2,goalsPp,13.0
19581959,8447886,2,goalsPp,13.0
19581959,8449052,2,goalsPp,11.0
19581959,8446784,2,goalsPp,10.0
19581959,8447500,2,penaltyMins,184.0
19581959,8446343,2,penaltyMins,149.0
19581959,8445696,2,penaltyMins,123.0
19581959,8445028,2,penaltyMins,118.0
19581959,8446601,2,penaltyMins,109.0
19581959,8445408,2,goals,45.0
19581959,8447886,2,goals,41.0
19581959,8445032,2,goals,40.0
19581959,8447502,2,goals,33.0
19581959,8446760,2,goals,33.0
19581959,8447886,2,points,96.0
19581959,8445408,2,points,91.0
19581959,8445032,2,points,88.0
19581959,8448000,2,points,78.0
19581959,8447502,2,points,77.0
19581959,8447998,3,goalsSh,1.0
19581959,8447351,3,goalsSh,1.0
19581959,8448215,3,goalsSh,1.0
19581959,8445957,3,goalsSh,1.0
19581959,8448227,3,goalsSh,1.0
19581959,8447886,3,assists,12.0
19581959,8446728,3,assists,11.0
19581959,8446579,3,assists,8.0
19581959,8448320,3,assists,8.0
19581959,8446142,3,assists,7.0
19581959,8445116,3,goalsPp,5.0
19581959,8446579,3,goalsPp,3.0
19581959,8449052,3,goalsPp,2.0
19581959,8449176,3,goalsPp,2.0
19581959,8447886,3,goalsPp,2.0
19581959,8445696,3,penaltyMins,38.0
19581959,8444955,3,penaltyMins,26.0
19581959,8445036,3,penaltyMins,24.0
19581959,8446728,3,penaltyMins,22.0
19581959,8449270,3,penaltyMins,20.0
19581959,8445116,3,goals,10.0
19581959,8446142,3,goals,6.0
19581959,8449044,3,goals,6.0
19581959,8448215,3,goals,6.0
19581959,8447886,3,goals,5.0
19581959,8447886,3,points,17.0
19581959,8445116,3,points,15.0
19581959,8446142,3,points,13.0
19581959,8446579,3,points,13.0
19581959,8446728,3,points,12.0
19591960,8448227,2,goalsSh,6.0
19591960,8445289,2,goalsSh,2.0
19591960,8448000,2,goalsSh,2.0
19591960,8448215,2,goalsSh,2.0
19591960,8449556,2,goalsSh,2.0
19591960,8446728,2,plusMinus,37.0
19591960,8447322,2,plusMinus,32.0
19591960,8445116,2,plusMinus,28.0
19591960,8447886,2,plusMinus,27.0
19591960,8448108,2,plusMinus,27.0
19591960,8447792,2,assists,49.0
19591960,8445032,2,assists,48.0
19591960,8448000,2,assists,45.0
19591960,8448320,2,assists,43.0
19591960,8448108,2,assists,42.0
19591960,8446918,2,goalsPp,20.0
19591960,8445408,2,goalsPp,12.0
19591960,8447886,2,goalsPp,10.0
19591960,8446760,2,goalsPp,8.0
19591960,8449176,2,goalsPp,7.0
19591960,8445696,2,penaltyMins,150.0
19591960,8446343,2,penaltyMins,134.0
19591960,8449176,2,penaltyMins,121.0
19591960,8449602,2,penaltyMins,119.0
19591960,8446318,2,penaltyMins,112.0
19591960,8448108,2,goals,39.0
19591960,8446918,2,goals,39.0
19591960,8445408,2,goals,34.0
19591960,8448191,2,goals,32.0
19591960,8448320,2,goals,30.0
19591960,8448108,2,points,81.0
19591960,8446918,2,points,80.0
19591960,8445408,2,points,74.0
19591960,8445032,2,points,74.0
19591960,8448320,2,points,73.0
19591960,8446728,3,plusMinus,13.0
19591960,8447322,3,plusMinus,13.0
19591960,8446579,3,plusMinus,9.0
19591960,8445408,3,plusMinus,7.0
19591960,8445116,3,plusMinus,6.0
19591960,8446579,3,assists,10.0
19591960,8448320,3,assists,9.0
19591960,8447149,3,assists,8.0
19591960,8445865,3,assists,6.0
19591960,8448000,3,assists,5.0
19591960,8447886,3,goalsPp,3.0
19591960,8449274,3,goalsPp,2.0
19591960,8448057,3,goalsPp,2.0
19591960,8447527,3,goalsPp,1.0
19591960,8447837,3,goalsPp,1.0
19591960,8449044,3,penaltyMins,27.0
19591960,8447322,3,penaltyMins,18.0
19591960,8445036,3,penaltyMins,17.0
19591960,8445696,3,penaltyMins,16.0
19591960,8446601,3,penaltyMins,13.0
19591960,8447886,3,goals,6.0
19591960,8445408,3,goals,5.0
19591960,8448227,3,goals,4.0
19591960,8448320,3,goals,3.0
19591960,8447149,3,goals,3.0
19591960,8448320,3,points,12.0
19591960,8446579,3,points,12.0
19591960,8447149,3,points,11.0
19591960,8447886,3,points,10.0
19591960,8445865,3,points,8.0
19601961,8445289,2,goalsSh,4.0
19601961,8448215,2,goalsSh,3.0
19601961,8447620,2,goalsSh,3.0
19601961,8448299,2,goalsSh,2.0
19601961,8448000,2,goalsSh,2.0
19601961,8446917,2,plusMinus,31.0
19601961,8449385,2,plusMinus,30.0
19601961,8449303,2,plusMinus,29.0
19601961,8448152,2,plusMinus,29.0
19601961,8449602,2,plusMinus,27.0
19601961,8445408,2,assists,58.0
19601961,8447149,2,assists,50.0
19601961,8448000,2,assists,49.0
19601961,8445032,2,assists,48.0
19601961,8446749,2,assists,48.0
19601961,8446579,2,goalsPp,16.0
19601961,8447886,2,goalsPp,13.0
19601961,8445408,2,goalsPp,13.0
19601961,8448057,2,goalsPp,9.0
19601961,8446784,2,goalsPp,8.0
19601961,8448152,2,penaltyMins,169.0
19601961,8446324,2,penaltyMins,143.0
19601961,8449214,2,penaltyMins,143.0
19601961,8449044,2,penaltyMins,131.0
19601961,8447998,2,penaltyMins,127.0
19601961,8446579,2,goals,50.0
19601961,8449044,2,goals,48.0
19601961,8447886,2,goals,35.0
19601961,8445408,2,goals,32.0
19601961,8448108,2,goals,31.0
19601961,8446579,2,points,95.0
19601961,8445408,2,points,90.0
19601961,8449044,2,points,84.0
19601961,8445032,2,points,77.0
19601961,8448000,2,points,72.0
19601961,8447260,3,goalsSh,1.0
19601961,8448000,3,goalsSh,1.0
19601961,8446324,3,goalsSh,1.0
19601961,8448152,3,plusMinus,11.0
19601961,8448108,3,plusMinus,10.0
19601961,8449303,3,plusMinus,9.0
19601961,8447998,3,plusMinus,6.0
19601961,8449385,3,plusMinus,6.0
19601961,8448152,3,assists,12.0
19601961,8448000,3,assists,11.0
19601961,8448108,3,assists,10.0
19601961,8449602,3,assists,5.0
19601961,8445005,3,assists,5.0
19601961,8447527,3,goalsPp,2.0
19601961,8445865,3,goalsPp,2.0
19601961,8448108,3,goalsPp,2.0
19601961,8449602,3,goalsPp,2.0
19601961,8447149,3,goalsPp,1.0
19601961,8449667,3,penaltyMins,32.0
19601961,8445116,3,penaltyMins,29.0
19601961,8449303,3,penaltyMins,23.0
19601961,8448320,3,penaltyMins,22.0
19601961,8449602,3,penaltyMins,21.0
19601961,8449602,3,goals,6.0
19601961,8445005,3,goals,5.0
19601961,8448000,3,goals,4.0
19601961,8448108,3,goals,4.0
19601961,8445865,3,goals,4.0
19601961,8448000,3,points,15.0
19601961,8448152,3,points,15.0
19601961,8448108,3,points,14.0
19601961,8449602,3,points,11.0
19601961,8445005,3,points,10.0
19611962,8448464,2,goalsSh,4.0
19611962,8445289,2,goalsSh,3.0
19611962,8448468,2,goalsSh,2.0
19611962,8446173,2,goalsSh,2.0
19611962,8448000,2,goalsSh,2.0
19611962,8446343,2,plusMinus,55.0
19611962,8444971,2,plusMinus,48.0
19611962,8451960,2,plusMinus,48.0
19611962,8445696,2,plusMinus,47.0
19611962,8448468,2,plusMinus,40.0
19611962,8445032,2,assists,56.0
19611962,8449602,2,assists,52.0
19611962,8446749,2,assists,52.0
19611962,8448000,2,assists,44.0
19611962,8445865,2,assists,43.0
19611962,8448191,2,goalsPp,10.0
19611962,8448000,2,goalsPp,10.0
19611962,8447744,2,goalsPp,9.0
19611962,8448108,2,goalsPp,9.0
19611962,8449602,2,goalsPp,9.0
19611962,8446343,2,penaltyMins,167.0
19611962,8447406,2,penaltyMins,116.0
19611962,8448152,2,penaltyMins,97.0
19611962,8447998,2,penaltyMins,97.0
19611962,8449602,2,penaltyMins,97.0
19611962,8448108,2,goals,50.0
19611962,8448000,2,goals,33.0
19611962,8449044,2,goals,33.0
19611962,8448215,2,goals,33.0
19611962,8449256,2,goals,32.0
19611962,8448108,2,points,84.0
19611962,8445032,2,points,84.0
19611962,8448000,2,points,77.0
19611962,8449602,2,points,77.0
19611962,8449044,2,points,71.0
19611962,8446917,3,goalsSh,1.0
19611962,8448227,3,goalsSh,1.0
19611962,8449270,3,goalsSh,1.0
19611962,8449602,3,goalsSh,1.0
19611962,8445696,3,plusMinus,9.0
19611962,8449602,3,plusMinus,9.0
19611962,8445036,3,plusMinus,8.0
19611962,8444971,3,plusMinus,6.0
19611962,8445957,3,plusMinus,6.0
19611962,8449602,3,assists,15.0
19611962,8446917,3,assists,13.0
19611962,8445957,3,assists,10.0
19611962,8446749,3,assists,7.0
19611962,8448152,3,assists,7.0
19611962,8448108,3,goalsPp,4.0
19611962,8447149,3,goalsPp,3.0
19611962,8447744,3,goalsPp,3.0
19611962,8445408,3,goalsPp,2.0
19611962,8447886,3,goalsPp,2.0
19611962,8449044,3,penaltyMins,29.0
19611962,8446324,3,penaltyMins,27.0
19611962,8446173,3,penaltyMins,26.0
19611962,8448227,3,penaltyMins,24.0
19611962,8446343,3,penaltyMins,23.0
19611962,8448108,3,goals,8.0
19611962,8444971,3,goals,7.0
19611962,8448227,3,goals,7.0
19611962,8449602,3,goals,6.0
19611962,8447744,3,goals,6.0
19611962,8449602,3,points,21.0
19611962,8446917,3,points,16.0
19611962,8448108,3,points,14.0
19611962,8445957,3,points,13.0
19611962,8444971,3,points,12.0
19621963,8447620,2,goalsSh,4.0
19621963,8449244,2,goalsSh,3.0
19621963,8448468,2,goalsSh,3.0
19621963,8444971,2,goalsSh,3.0
19621963,8447496,2,goalsSh,2.0
19621963,8445696,2,plusMinus,32.0
19621963,8447580,2,plusMinus,30.0
19621963,8451960,2,plusMinus,28.0
19621963,8449385,2,plusMinus,27.0
19621963,8449214,2,plusMinus,27.0
19621963,8448320,2,assists,50.0
19621963,8445408,2,assists,49.0
19621963,8448000,2,assists,48.0
19621963,8445032,2,assists,46.0
19621963,8449602,2,assists,45.0
19621963,8447537,2,goalsPp,16.0
19621963,8446784,2,goalsPp,13.0
19621963,8448000,2,goalsPp,13.0
19621963,8449602,2,goalsPp,9.0
19621963,8449044,2,goalsPp,9.0
19621963,8449667,2,penaltyMins,273.0
19621963,8445696,2,penaltyMins,168.0
19621963,8446343,2,penaltyMins,141.0
19621963,8447406,2,penaltyMins,117.0
19621963,8446513,2,penaltyMins,116.0
19621963,8448000,2,goals,38.0
19621963,8446784,2,goals,37.0
19621963,8449044,2,goals,36.0
19621963,8445032,2,goals,35.0
19621963,8447537,2,goals,33.0
19621963,8448000,2,points,86.0
19621963,8445032,2,points,81.0
19621963,8449602,2,points,76.0
19621963,8449044,2,points,73.0
19621963,8448320,2,points,73.0
19621963,8448468,3,goalsSh,2.0
19621963,8448001,3,goalsSh,1.0
19621963,8444971,3,plusMinus,10.0
19621963,8446917,3,plusMinus,10.0
19621963,8448468,3,plusMinus,10.0
19621963,8449155,3,plusMinus,9.0
19621963,8445957,3,plusMinus,8.0
19621963,8449274,3,assists,12.0
19621963,8448000,3,assists,9.0
19621963,8448152,3,assists,8.0
19621963,8444971,3,assists,6.0
19621963,8445865,3,assists,6.0
19621963,8448108,3,goalsPp,3.0
19621963,8449274,3,goalsPp,3.0
19621963,8449256,3,goalsPp,2.0
19621963,8447744,3,goalsPp,2.0
19621963,8449602,3,goalsPp,2.0
19621963,8446513,3,penaltyMins,36.0
19621963,8446324,3,penaltyMins,27.0
19621963,8448000,3,penaltyMins,22.0
19621963,8449667,3,penaltyMins,16.0
19621963,8445020,3,penaltyMins,16.0
19621963,8448108,3,goals,8.0
19621963,8448000,3,goals,7.0
19621963,8448468,3,goals,7.0
19621963,8446195,3,goals,5.0
19621963,8449274,3,goals,4.0
19621963,8448000,3,points,16.0
19621963,8449274,3,points,16.0
19621963,8448468,3,points,12.0
19621963,8448108,3,points,10.0
19621963,8444971,3,points,9.0
19631964,8448108,2,goalsSh,4.0
19631964,8448227,2,goalsSh,4.0
19631964,8445067,2,goalsSh,3.0
19631964,8449192,2,goalsSh,2.0
19631964,8447591,2,goalsSh,2.0
19631964,8448152,2,plusMinus,31.0
19631964,8447325,2,plusMinus,25.0
19631964,8449385,2,plusMinus,25.0
19631964,8447568,2,plusMinus,24.0
19631964,8448464,2,plusMinus,24.0
19631964,8445032,2,assists,58.0
19631964,8449602,2,assists,50.0
19631964,8445408,2,assists,50.0
19631964,8448000,2,assists,47.0
19631964,8448152,2,assists,46.0
19631964,8449385,2,goalsPp,14.0
19631964,8449602,2,goalsPp,14.0
19631964,8445408,2,goalsPp,13.0
19631964,8448000,2,goalsPp,12.0
19631964,8448108,2,goalsPp,12.0
19631964,8446658,2,penaltyMins,151.0
19631964,8447568,2,penaltyMins,151.0
19631964,8449602,2,penaltyMins,146.0
19631964,8447406,2,penaltyMins,145.0
19631964,8446324,2,penaltyMins,140.0
19631964,8448108,2,goals,43.0
19631964,8449602,2,goals,39.0
19631964,8449385,2,goals,39.0
19631964,8446784,2,goals,29.0
19631964,8445408,2,goals,28.0
19631964,8449602,2,points,89.0
19631964,8448108,2,points,87.0
19631964,8445408,2,points,78.0
19631964,8445032,2,points,77.0
19631964,8448000,2,points,73.0
19631964,8448227,3,goalsSh,2.0
19631964,8448464,3,goalsSh,1.0
19631964,8448213,3,goalsSh,1.0
19631964,8448468,3,goalsSh,1.0
19631964,8449274,3,goalsSh,1.0
19631964,8444971,3,plusMinus,7.0
19631964,8447325,3,plusMinus,6.0
19631964,8445036,3,plusMinus,6.0
19631964,8451960,3,plusMinus,5.0
19631964,8445696,3,plusMinus,5.0
19631964,8449044,3,assists,11.0
19631964,8448000,3,assists,10.0
19631964,8449274,3,assists,10.0
19631964,8447149,3,assists,9.0
19631964,8444971,3,assists,8.0
19631964,8444971,3,goalsPp,3.0
19631964,8447537,3,goalsPp,3.0
19631964,8448000,3,goalsPp,3.0
19631964,8445032,3,goalsPp,2.0
19631964,8447540,3,goalsPp,2.0
19631964,8445036,3,penaltyMins,42.0
19631964,8445020,3,penaltyMins,33.0
19631964,8445696,3,penaltyMins,30.0
19631964,8447051,3,penaltyMins,28.0
19631964,8448213,3,penaltyMins,26.0
19631964,8448000,3,goals,9.0
19631964,8449274,3,goals,7.0
19631964,8448468,3,goals,7.0
19631964,8444971,3,goals,5.0
19631964,8445032,3,goals,5.0
19631964,8448000,3,points,19.0
19631964,8449274,3,points,17.0
19631964,8449044,3,points,15.0
19631964,8444971,3,points,13.0
19631964,8447149,3,points,13.0
19641965,8447998,2,goalsSh,6.0
19641965,8447164,2,goalsSh,4.0
19641965,8448227,2,goalsSh,4.0
19641965,8447620,2,goalsSh,3.0
19641965,8448000,2,goalsSh,3.0
19641965,8445696,2,plusMinus,33.0
19641965,8445036,2,plusMinus,31.0
19641965,8447580,2,plusMinus,30.0
19641965,8449602,2,plusMinus,29.0
19641965,8448152,2,plusMinus,25.0
19641965,8449602,2,assists,59.0
19641965,8448000,2,assists,47.0
19641965,8448152,2,assists,45.0
19641965,8445865,2,assists,42.0
19641965,8449274,2,assists,41.0
19641965,8446784,2,goalsPp,16.0
19641965,8448000,2,goalsPp,13.0
19641965,8448215,2,goalsPp,12.0
19641965,8447921,2,goalsPp,10.0
19641965,8448108,2,goalsPp,10.0
19641965,8445696,2,penaltyMins,177.0
19641965,8447500,2,penaltyMins,173.0
19641965,8448152,2,penaltyMins,162.0
19641965,8445036,2,penaltyMins,160.0
19641965,8446812,2,penaltyMins,156.0
19641965,8449274,2,goals,42.0
19641965,8448108,2,goals,39.0
19641965,8448000,2,goals,29.0
19641965,8449602,2,goals,28.0
19641965,8448215,2,goals,27.0
19641965,8449602,2,points,87.0
19641965,8449274,2,points,83.0
19641965,8448000,2,points,76.0
19641965,8448108,2,points,71.0
19641965,8445865,2,points,67.0
19641965,8447149,3,goalsSh,1.0
19641965,8448468,3,goalsSh,1.0
19641965,8448000,3,goalsSh,1.0
19641965,8451960,3,goalsSh,1.0
19641965,8446749,3,goalsSh,1.0
19641965,8449303,3,plusMinus,10.0
19641965,8445036,3,plusMinus,7.0
19641965,8445696,3,plusMinus,7.0
19641965,8447591,3,plusMinus,6.0
19641965,8446668,3,plusMinus,4.0
19641965,8447591,3,assists,9.0
19641965,8451960,3,assists,9.0
19641965,8445408,3,assists,8.0
19641965,8448464,3,assists,8.0
19641965,8448108,3,assists,7.0
19641965,8445408,3,goalsPp,5.0
19641965,8448320,3,goalsPp,4.0
19641965,8448464,3,goalsPp,4.0
19641965,8448108,3,goalsPp,4.0
19641965,8446200,3,goalsPp,3.0
19641965,8449602,3,penaltyMins,53.0
19641965,8446717,3,penaltyMins,45.0
19641965,8447500,3,penaltyMins,34.0
19641965,8445408,3,penaltyMins,34.0
19641965,8447580,3,penaltyMins,34.0
19641965,8448108,3,goals,10.0
19641965,8445408,3,goals,8.0
19641965,8448320,3,goals,7.0
19641965,8449274,3,goals,6.0
19641965,8448464,3,goals,5.0
19641965,8448108,3,points,17.0
19641965,8445408,3,points,16.0
19641965,8448464,3,points,13.0
19641965,8447591,3,points,12.0
19641965,8448320,3,points,11.0
19651966,8445865,2,goalsSh,4.0
19651966,8446749,2,goalsSh,2.0
19651966,8447591,2,goalsSh,2.0
19651966,8444971,2,goalsSh,2.0
19651966,8448227,2,goalsSh,2.0
19651966,8446717,2,plusMinus,34.0
19651966,8449155,2,plusMinus,30.0
19651966,8446917,2,plusMinus,30.0
19651966,8447568,2,plusMinus,27.0
19651966,8445020,2,plusMinus,26.0
19651966,8449602,2,assists,48.0
19651966,8448464,2,assists,48.0
19651966,8445408,2,assists,48.0
19651966,8448000,2,assists,46.0
19651966,8448108,2,assists,43.0
19651966,8448108,2,goalsPp,22.0
19651966,8446200,2,goalsPp,16.0
19651966,8445408,2,goalsPp,13.0
19651966,8449602,2,goalsPp,11.0
19651966,8448227,2,goalsPp,11.0
19651966,8446324,2,penaltyMins,166.0
19651966,8446812,2,penaltyMins,153.0
19651966,8449367,2,penaltyMins,133.0
19651966,8446658,2,penaltyMins,117.0
19651966,8447406,2,penaltyMins,113.0
19651966,8448108,2,goals,54.0
19651966,8449044,2,goals,32.0
19651966,8449274,2,goals,31.0
19651966,8445865,2,goals,31.0
19651966,8449602,2,goals,30.0
19651966,8448108,2,points,97.0
19651966,8449602,2,points,78.0
19651966,8448464,2,points,78.0
19651966,8445408,2,points,77.0
19651966,8448000,2,points,75.0
19651966,8448356,3,goalsSh,1.0
19651966,8446342,3,goalsSh,1.0
19651966,8447568,3,plusMinus,6.0
19651966,8448215,3,plusMinus,6.0
19651966,8449256,3,plusMinus,6.0
19651966,8447744,3,plusMinus,5.0
19651966,8448427,3,plusMinus,4.0
19651966,8445865,3,assists,11.0
19651966,8449274,3,assists,9.0
19651966,8451960,3,assists,9.0
19651966,8448000,3,assists,6.0
19651966,8445408,3,assists,5.0
19651966,8445032,3,goalsPp,6.0
19651966,8449256,3,goalsPp,3.0
19651966,8448464,3,goalsPp,2.0
19651966,8451960,3,goalsPp,2.0
19651966,8449074,3,goalsPp,2.0
19651966,8446812,3,penaltyMins,44.0
19651966,8446717,3,penaltyMins,38.0
19651966,8448974,3,penaltyMins,33.0
19651966,8447330,3,penaltyMins,31.0
19651966,8449367,3,penaltyMins,30.0
19651966,8449274,3,goals,6.0
19651966,8445032,3,goals,6.0
19651966,8445408,3,goals,5.0
19651966,8448191,3,goals,5.0
19651966,8449074,3,goals,5.0
19651966,8449274,3,points,15.0
19651966,8451960,3,points,11.0
19651966,8445865,3,points,11.0
19651966,8445408,3,points,10.0
19651966,8448191,3,points,10.0
19661967,8447998,2,goalsSh,3.0
19661967,8448923,2,goalsSh,2.0
19661967,8447880,2,goalsSh,2.0
19661967,8448108,2,goalsSh,2.0
19661967,8446668,2,goalsSh,2.0
19661967,8448152,2,plusMinus,54.0
19661967,8447045,2,plusMinus,43.0
19661967,8449602,2,plusMinus,40.0
19661967,8449385,2,plusMinus,35.0
19661967,8446722,2,plusMinus,34.0
19661967,8449602,2,assists,62.0
19661967,8446623,2,assists,49.0
19661967,8448152,2,assists,46.0
19661967,8449274,2,assists,44.0
19661967,8448464,2,assists,44.0
19661967,8446200,2,goalsPp,20.0
19661967,8448108,2,goalsPp,18.0
19661967,8448000,2,goalsPp,8.0
19661967,8447540,2,goalsPp,8.0
19661967,8447620,2,goalsPp,8.0
19661967,8446812,2,penaltyMins,177.0
19661967,8446324,2,penaltyMins,146.0
19661967,8445070,2,penaltyMins,129.0
19661967,8447617,2,penaltyMins,112.0
19661967,8449299,2,penaltyMins,111.0
19661967,8448108,2,goals,52.0
19661967,8449602,2,goals,35.0
19661967,8449385,2,goals,31.0
19661967,8447540,2,goals,28.0
19661967,8447172,2,goals,28.0
19661967,8449602,2,points,97.0
19661967,8448108,2,points,80.0
19661967,8449274,2,points,70.0
19661967,8449385,2,points,65.0
19661967,8448000,2,points,65.0
19661967,8449159,3,goalsSh,1.0
19661967,8448214,3,goalsSh,1.0
19661967,8448468,3,goalsSh,1.0
19661967,8451960,3,plusMinus,8.0
19661967,8446717,3,plusMinus,6.0
19661967,8447568,3,plusMinus,6.0
19661967,8447330,3,plusMinus,5.0
19661967,8447045,3,plusMinus,4.0
19661967,8448227,3,assists,10.0
19661967,8448085,3,assists,8.0
19661967,8449179,3,assists,7.0
19661967,8449044,3,assists,7.0
19661967,8448464,3,assists,7.0
19661967,8448085,3,goalsPp,3.0
19661967,8449044,3,goalsPp,3.0
19661967,8449337,3,goalsPp,3.0
19661967,8446579,3,goalsPp,2.0
19661967,8447172,3,goalsPp,2.0
19661967,8445408,3,penaltyMins,26.0
19661967,8446917,3,penaltyMins,25.0
19661967,8446812,3,penaltyMins,22.0
19661967,8445511,3,penaltyMins,21.0
19661967,8449179,3,penaltyMins,20.0
19661967,8448085,3,goals,7.0
19661967,8445408,3,goals,6.0
19661967,8449179,3,goals,5.0
19661967,8444996,3,goals,5.0
19661967,8448320,3,goals,4.0
19661967,8448085,3,points,15.0
19661967,8449179,3,points,12.0
19661967,8445408,3,points,11.0
19661967,8448227,3,points,11.0
19661967,8448320,3,points,10.0
19671968,8447717,2,goalsSh,4.0
19671968,8447234,2,goalsSh,3.0
19671968,8448215,2,goalsSh,3.0
19671968,8448227,2,goalsSh,3.0
19671968,8448049,2,goalsSh,2.0
19671968,8449069,2,plusMinus,33.0
19671968,8451960,2,plusMinus,29.0
19671968,8450070,2,plusMinus,28.0
19671968,8449256,2,plusMinus,28.0
19671968,8447996,2,plusMinus,27.0
19671968,8446722,2,assists,49.0
19671968,8447172,2,assists,48.0
19671968,8445865,2,assists,48.0
19671968,8449602,2,assists,47.0
19671968,8450646,2,assists,46.0
19671968,8445521,2,goalsPp,14.0
19671968,8449602,2,goalsPp,13.0
19671968,8446856,2,goalsPp,12.0
19671968,8445827,2,goalsPp,11.0
19671968,8449337,2,goalsPp,11.0
19671968,8448155,2,penaltyMins,153.0
19671968,8444988,2,penaltyMins,153.0
19671968,8448147,2,penaltyMins,142.0
19671968,8449299,2,penaltyMins,138.0
19671968,8445943,2,penaltyMins,134.0
19671968,8448108,2,goals,44.0
19671968,8449602,2,goals,40.0
19671968,8448000,2,goals,39.0
19671968,8446722,2,goals,35.0
19671968,8449274,2,goals,35.0
19671968,8449602,2,points,87.0
19671968,8446722,2,points,84.0
19671968,8448000,2,points,82.0
19671968,8450646,2,points,78.0
19671968,8447172,2,points,77.0
19671968,8451150,3,goalsSh,2.0
19671968,8447717,3,goalsSh,2.0
19671968,8447164,3,goalsSh,1.0
19671968,8448108,3,goalsSh,1.0
19671968,8451960,3,goalsSh,1.0
19671968,8451960,3,plusMinus,14.0
19671968,8447807,3,plusMinus,12.0
19671968,8447710,3,plusMinus,11.0
19671968,8446717,3,plusMinus,10.0
19671968,8445505,3,plusMinus,7.0
19671968,8445007,3,assists,9.0
19671968,8446200,3,assists,8.0
19671968,8449143,3,assists,8.0
19671968,8448215,3,assists,8.0
19671968,8446605,3,assists,7.0
19671968,8449143,3,goalsPp,4.0
19671968,8447117,3,goalsPp,3.0
19671968,8445408,3,goalsPp,3.0
19671968,8449602,3,goalsPp,3.0
19671968,8446200,3,goalsPp,3.0
19671968,8448155,3,penaltyMins,73.0
19671968,8448156,3,penaltyMins,69.0
19671968,8448147,3,penaltyMins,46.0
19671968,8448613,3,penaltyMins,30.0
19671968,8449371,3,penaltyMins,28.0
19671968,8446605,3,goals,8.0
19671968,8445521,3,goals,8.0
19671968,8447608,3,goals,7.0
19671968,8447886,3,goals,7.0
19671968,8448756,3,goals,7.0
19671968,8446605,3,points,15.0
19671968,8447608,3,points,14.0
19671968,8447886,3,points,14.0
19671968,8446200,3,points,14.0
19671968,8448756,3,points,13.0
19681969,8448468,2,goalsSh,6.0
19681969,8449384,2,goalsSh,4.0
19681969,8448671,2,goalsSh,3.0
19681969,8447540,2,goalsSh,3.0
19681969,8447998,2,goalsSh,3.0
19681969,8450070,2,plusMinus,55.0
19681969,8446722,2,plusMinus,55.0
19681969,8447892,2,plusMinus,50.0
19681969,8448000,2,plusMinus,45.0
19681969,8449069,2,plusMinus,44.0
19681969,8446722,2,assists,77.0
19681969,8449602,2,assists,67.0
19681969,8448000,2,assists,59.0
19681969,8445865,2,assists,58.0
19681969,8449159,2,assists,50.0
19681969,8448108,2,goalsPp,20.0
19681969,8446200,2,goalsPp,14.0
19681969,8448612,2,goalsPp,13.0
19681969,8449274,2,goalsPp,13.0
19681969,8445240,2,goalsPp,11.0
19681969,8447164,2,penaltyMins,219.0
19681969,8446444,2,penaltyMins,200.0
19681969,8446812,2,penaltyMins,185.0
19681969,8452140,2,penaltyMins,151.0
19681969,8444988,2,penaltyMins,149.0
19681969,8448108,2,goals,58.0
19681969,8446722,2,goals,49.0
19681969,8449044,2,goals,49.0
19681969,8447892,2,goals,45.0
19681969,8448000,2,goals,44.0
19681969,8446722,2,points,126.0
19681969,8448108,2,points,107.0
19681969,8448000,2,points,103.0
19681969,8449602,2,points,97.0
19681969,8447892,2,points,90.0
19681969,8448671,3,goalsSh,3.0
19681969,8449384,3,goalsSh,2.0
19681969,8448135,3,goalsSh,1.0
19681969,8448468,3,goalsSh,1.0
19681969,8445316,3,goalsSh,1.0
19681969,8449069,3,plusMinus,10.0
19681969,8450070,3,plusMinus,9.0
19681969,8448356,3,plusMinus,9.0
19681969,8449214,3,plusMinus,9.0
19681969,8448671,3,plusMinus,8.0
19681969,8446722,3,assists,10.0
19681969,8445408,3,assists,10.0
19681969,8445957,3,assists,8.0
19681969,8447892,3,assists,7.0
19681969,8446200,3,assists,7.0
19681969,8446722,3,goalsPp,5.0
19681969,8445957,3,goalsPp,3.0
19681969,8447496,3,goalsPp,2.0
19681969,8445240,3,goalsPp,2.0
19681969,8447892,3,goalsPp,2.0
19681969,8446812,3,penaltyMins,80.0
19681969,8448156,3,penaltyMins,47.0
19681969,8447164,3,penaltyMins,38.0
19681969,8446959,3,penaltyMins,37.0
19681969,8448671,3,penaltyMins,36.0
19681969,8446722,3,goals,8.0
19681969,8448671,3,goals,8.0
19681969,8445067,3,goals,7.0
19681969,8445957,3,goals,6.0
19681969,8448613,3,goals,6.0
19681969,8446722,3,points,18.0
19681969,8445408,3,points,15.0
19681969,8445957,3,points,14.0
19681969,8447892,3,points,12.0
19681969,8448613,3,points,11.0
19691970,8445505,2,goalsSh,6.0
19691970,8448671,2,goalsSh,5.0
19691970,8448000,2,goalsSh,4.0
19691970,8449192,2,goalsSh,4.0
19691970,8450070,2,goalsSh,4.0
19691970,8450070,2,plusMinus,54.0
19691970,8445696,2,plusMinus,43.0
19691970,8445007,2,plusMinus,40.0
19691970,8448963,2,plusMinus,40.0
19691970,8449032,2,plusMinus,38.0
19691970,8450070,2,assists,87.0
19691970,8446722,2,assists,56.0
19691970,8449481,2,assists,52.0
19691970,8451916,2,assists,50.0
19691970,8446623,2,assists,49.0
19691970,8446722,2,goalsPp,18.0
19691970,8445067,2,goalsPp,16.0
19691970,8449044,2,goalsPp,14.0
19691970,8445240,2,goalsPp,14.0
19691970,8447352,2,goalsPp,14.0
19691970,8449032,2,penaltyMins,213.0
19691970,8452140,2,penaltyMins,212.0
19691970,8449367,2,penaltyMins,189.0
19691970,8447154,2,penaltyMins,182.0
19691970,8446765,2,penaltyMins,171.0
19691970,8446722,2,goals,43.0
19691970,8452086,2,goals,42.0
19691970,8449602,2,goals,39.0
19691970,8449044,2,goals,38.0
19691970,8448108,2,goals,38.0
19691970,8450070,2,points,120.0
19691970,8446722,2,points,99.0
19691970,8449602,2,points,86.0
19691970,8446623,2,points,78.0
19691970,8451916,2,points,77.0
19691970,8448671,3,goalsSh,2.0
19691970,8447016,3,goalsSh,1.0
19691970,8449179,3,goalsSh,1.0
19691970,8447591,3,goalsSh,1.0
19691970,8449138,3,goalsSh,1.0
19691970,8450070,3,plusMinus,24.0
19691970,8444988,3,plusMinus,19.0
19691970,8445240,3,plusMinus,13.0
19691970,8446722,3,plusMinus,12.0
19691970,8449069,3,plusMinus,12.0
19691970,8446722,3,assists,14.0
19691970,8449494,3,assists,12.0
19691970,8449149,3,assists,12.0
19691970,8450070,3,assists,11.0
19691970,8446623,3,assists,11.0
19691970,8445240,3,goalsPp,4.0
19691970,8446722,3,goalsPp,4.0
19691970,8447145,3,goalsPp,4.0
19691970,8446605,3,goalsPp,3.0
19691970,8447172,3,goalsPp,3.0
19691970,8448671,3,penaltyMins,72.0
19691970,8448147,3,penaltyMins,65.0
19691970,8448190,3,penaltyMins,51.0
19691970,8446002,3,penaltyMins,50.0
19691970,8445998,3,penaltyMins,48.0
19691970,8446722,3,goals,13.0
19691970,8445240,3,goals,11.0
19691970,8450070,3,goals,9.0
19691970,8447145,3,goals,7.0
19691970,8445067,3,goals,7.0
19691970,8446722,3,points,27.0
19691970,8450070,3,points,20.0
19691970,8445240,3,points,19.0
19691970,8449494,3,points,17.0
19691970,8449149,3,points,16.0
19701971,8448468,2,goalsSh,8.0
19701971,8449138,2,goalsSh,7.0
19701971,8449384,2,goalsSh,7.0
19701971,8448671,2,goalsSh,6.0
19701971,8447496,2,goalsSh,4.0
19701971,8450070,2,plusMinus,124.0
19701971,8449069,2,plusMinus,98.0
19701971,8446722,2,plusMinus,69.0
19701971,8447892,2,plusMinus,69.0
19701971,8446002,2,plusMinus,59.0
19701971,8450070,2,assists,102.0
19701971,8446722,2,assists,76.0
19701971,8445240,2,assists,65.0
19701971,8447892,2,assists,62.0
19701971,8446002,2,assists,58.0
19701971,8446722,2,goalsPp,24.0
19701971,8445240,2,goalsPp,22.0
19701971,8446200,2,goalsPp,18.0
19701971,8450308,2,goalsPp,14.0
19701971,8447352,2,goalsPp,12.0
19701971,8449032,2,penaltyMins,289.0
19701971,8447774,2,penaltyMins,217.0
19701971,8446444,2,penaltyMins,198.0
19701971,8449062,2,penaltyMins,181.0
19701971,8448190,2,penaltyMins,179.0
19701971,8446722,2,goals,76.0
19701971,8445240,2,goals,51.0
19701971,8448108,2,goals,44.0
19701971,8447892,2,goals,43.0
19701971,8446967,2,goals,40.0
19701971,8446722,2,points,152.0
19701971,8450070,2,points,139.0
19701971,8445240,2,points,116.0
19701971,8447892,2,points,105.0
19701971,8448108,2,points,96.0
19701971,8452086,3,goalsSh,1.0
19701971,8449384,3,goalsSh,1.0
19701971,8450070,3,goalsSh,1.0
19701971,8449192,3,goalsSh,1.0
19701971,8449159,3,goalsSh,1.0
19701971,8449389,3,plusMinus,14.0
19701971,8446200,3,plusMinus,14.0
19701971,8445408,3,plusMinus,13.0
19701971,8449159,3,plusMinus,11.0
19701971,8447325,3,plusMinus,11.0
19701971,8445408,3,assists,16.0
19701971,8448108,3,assists,14.0
19701971,8449159,3,assists,14.0
19701971,8451960,3,assists,14.0
19701971,8449044,3,assists,13.0
19701971,8448108,3,goalsPp,6.0
19701971,8448756,3,goalsPp,4.0
19701971,8447352,3,goalsPp,3.0
19701971,8448526,3,goalsPp,3.0
19701971,8449044,3,goalsPp,3.0
19701971,8449032,3,penaltyMins,63.0
19701971,8447154,3,penaltyMins,47.0
19701971,8446658,3,penaltyMins,46.0
19701971,8449062,3,penaltyMins,43.0
19701971,8450206,3,penaltyMins,42.0
19701971,8449044,3,goals,14.0
19701971,8448108,3,goals,11.0
19701971,8446200,3,goals,10.0
19701971,8449062,3,goals,10.0
19701971,8448085,3,goals,10.0
19701971,8449044,3,points,27.0
19701971,8448108,3,points,25.0
19701971,8446200,3,points,22.0
19701971,8445408,3,points,22.0
19701971,8448756,3,points,19.0
19711972,8448671,2,goalsSh,7.0
19711972,8445816,2,goalsSh,6.0
19711972,8448356,2,goalsSh,5.0
19711972,8447099,2,goalsSh,4.0
19711972,8449062,2,goalsSh,4.0
19711972,8450070,2,plusMinus,83.0
19711972,8450206,2,plusMinus,63.0
19711972,8450646,2,plusMinus,61.0
19711972,8446658,2,plusMinus,60.0
19711972,8446722,2,plusMinus,54.0
19711972,8450070,2,assists,80.0
19711972,8446722,2,assists,67.0
19711972,8450646,2,assists,63.0
19711972,8446658,2,assists,56.0
19711972,8449149,2,assists,56.0
19711972,8446722,2,goalsPp,27.0
19711972,8446658,2,goalsPp,23.0
19711972,8449275,2,goalsPp,19.0
19711972,8446200,2,goalsPp,17.0
19711972,8449044,2,goalsPp,14.0
19711972,8449367,2,penaltyMins,212.0
19711972,8449032,2,penaltyMins,201.0
19711972,8445943,2,penaltyMins,183.0
19711972,8448155,2,penaltyMins,176.0
19711972,8446336,2,penaltyMins,168.0
19711972,8446722,2,goals,66.0
19711972,8446658,2,goals,50.0
19711972,8448108,2,goals,50.0
19711972,8446200,2,goals,47.0
19711972,8450646,2,goals,46.0
19711972,8446722,2,points,133.0
19711972,8450070,2,points,117.0
19711972,8450646,2,points,109.0
19711972,8446658,2,points,106.0
19711972,8447172,2,points,97.0
19711972,8449384,3,goalsSh,2.0
19711972,8450566,3,goalsSh,1.0
19711972,8449476,3,goalsSh,1.0
19711972,8448085,3,goalsSh,1.0
19711972,8448108,3,goalsSh,1.0
19711972,8449069,3,plusMinus,21.0
19711972,8450070,3,plusMinus,20.0
19711972,8446722,3,plusMinus,16.0
19711972,8446002,3,plusMinus,10.0
19711972,8447892,3,plusMinus,10.0
19711972,8450070,3,assists,19.0
19711972,8446722,3,assists,15.0
19711972,8449494,3,assists,12.0
19711972,8445240,3,assists,11.0
19711972,8448464,3,assists,11.0
19711972,8445240,3,goalsPp,5.0
19711972,8447172,3,goalsPp,4.0
19711972,8448353,3,goalsPp,3.0
19711972,8449494,3,goalsPp,3.0
19711972,8450070,3,goalsPp,3.0
19711972,8447892,3,penaltyMins,62.0
19711972,8446434,3,penaltyMins,46.0
19711972,8444988,3,penaltyMins,45.0
19711972,8448671,3,penaltyMins,44.0
19711972,8452140,3,penaltyMins,43.0
19711972,8446722,3,goals,9.0
19711972,8445240,3,goals,9.0
19711972,8447892,3,goals,9.0
19711972,8449149,3,goals,7.0
19711972,8446658,3,goals,7.0
19711972,8446722,3,points,24.0
19711972,8450070,3,points,24.0
19711972,8445240,3,points,20.0
19711972,8447892,3,points,17.0
19711972,8448464,3,points,17.0
19721973,8446722,2,goalsSh,5.0
19721973,8449062,2,goalsSh,4.0
19721973,8446866,2,goalsSh,3.0
19721973,8444997,2,goalsSh,3.0
19721973,8448892,2,goalsSh,3.0
19721973,8447325,2,plusMinus,77.0
19721973,8451150,2,plusMinus,70.0
19721973,8448756,2,plusMinus,59.0
19721973,8450070,2,plusMinus,55.0
19721973,8448694,2,plusMinus,52.0
19721973,8446722,2,assists,75.0
19721973,8450070,2,assists,72.0
19721973,8446098,2,assists,67.0
19721973,8447627,2,assists,61.0
19721973,8450308,2,assists,60.0
19721973,8448982,2,goalsPp,21.0
19721973,8446722,2,goalsPp,19.0
19721973,8447892,2,goalsPp,16.0
19721973,8450736,2,goalsPp,15.0
19721973,8445072,2,goalsPp,14.0
19721973,8451245,2,penaltyMins,259.0
19721973,8448444,2,penaltyMins,238.0
19721973,8445965,2,penaltyMins,231.0
19721973,8446530,2,penaltyMins,215.0
19721973,8451100,2,penaltyMins,205.0
19721973,8446722,2,goals,55.0
19721973,8450736,2,goals,52.0
19721973,8448982,2,goals,50.0
19721973,8448756,2,goals,44.0
19721973,8446866,2,goals,43.0
19721973,8446722,2,points,130.0
19721973,8446098,2,points,104.0
19721973,8450070,2,points,101.0
19721973,8448982,2,points,100.0
19721973,8448756,2,points,95.0
19721973,8451335,3,goalsSh,1.0
19721973,8446866,3,goalsSh,1.0
19721973,8449602,3,goalsSh,1.0
19721973,8444996,3,goalsSh,1.0
19721973,8449389,3,goalsSh,1.0
19721973,8445612,3,plusMinus,14.0
19721973,8448694,3,plusMinus,14.0
19721973,8448756,3,plusMinus,10.0
19721973,8448735,3,plusMinus,9.0
19721973,8451856,3,plusMinus,7.0
19721973,8446967,3,assists,15.0
19721973,8449159,3,assists,15.0
19721973,8449044,3,assists,14.0
19721973,8449602,3,assists,13.0
19721973,8448756,3,assists,13.0
19721973,8447627,3,goalsPp,4.0
19721973,8446967,3,goalsPp,4.0
19721973,8446200,3,goalsPp,3.0
19721973,8448756,3,goalsPp,3.0
19721973,8449275,3,goalsPp,2.0
19721973,8451245,3,penaltyMins,51.0
19721973,8451075,3,penaltyMins,49.0
19721973,8448040,3,penaltyMins,38.0
19721973,8446530,3,penaltyMins,29.0
19721973,8448085,3,penaltyMins,24.0
19721973,8446200,3,goals,15.0
19721973,8447627,3,goals,10.0
19721973,8446967,3,goals,9.0
19721973,8449044,3,goals,9.0
19721973,8448085,3,goals,8.0
19721973,8446200,3,points,25.0
19721973,8446967,3,points,24.0
19721973,8449044,3,points,23.0
19721973,8449602,3,points,20.0
19721973,8448756,3,points,20.0
19731974,8449191,2,goalsSh,5.0
19731974,8446098,2,goalsSh,5.0
19731974,8445022,2,goalsSh,4.0
19731974,8450566,2,goalsSh,4.0
19731974,8446722,2,goalsSh,4.0
19731974,8450070,2,plusMinus,84.0
19731974,8451364,2,plusMinus,63.0
19731974,8444980,2,plusMinus,53.0
19731974,8449389,2,plusMinus,51.0
19731974,8446722,2,plusMinus,51.0
19731974,8450070,2,assists,90.0
19731974,8446722,2,assists,77.0
19731974,8447774,2,assists,62.0
19731974,8445022,2,assists,61.0
19731974,8446002,2,assists,59.0
19731974,8450736,2,goalsPp,21.0
19731974,8447172,2,goalsPp,16.0
19731974,8447892,2,goalsPp,15.0
19731974,8446722,2,goalsPp,14.0
19731974,8448982,2,goalsPp,13.0
19731974,8451245,2,penaltyMins,348.0
19731974,8445965,2,penaltyMins,284.0
19731974,8449367,2,penaltyMins,255.0
19731974,8446530,2,penaltyMins,216.0
19731974,8447995,2,penaltyMins,204.0
19731974,8446722,2,goals,68.0
19731974,8449275,2,goals,52.0
19731974,8450736,2,goals,51.0
19731974,8447892,2,goals,50.0
19731974,8446605,2,goals,48.0
19731974,8446722,2,points,145.0
19731974,8450070,2,points,122.0
19731974,8447892,2,points,105.0
19731974,8446002,2,points,89.0
19731974,8446098,2,points,87.0
19731974,8451335,3,goalsSh,2.0
19731974,8445943,3,goalsSh,1.0
19731974,8448882,3,goalsSh,1.0
19731974,8451204,3,plusMinus,13.0
19731974,8451335,3,plusMinus,13.0
19731974,8445240,3,plusMinus,10.0
19731974,8449069,3,plusMinus,9.0
19731974,8451100,3,plusMinus,9.0
19731974,8450070,3,assists,14.0
19731974,8452140,3,assists,12.0
19731974,8446098,3,assists,11.0
19731974,8445240,3,assists,10.0
19731974,8447892,3,assists,10.0
19731974,8448982,3,goalsPp,5.0
19731974,8446722,3,goalsPp,4.0
19731974,8445240,3,goalsPp,3.0
19731974,8445520,3,goalsPp,3.0
19731974,8450206,3,goalsPp,2.0
19731974,8451245,3,penaltyMins,139.0
19731974,8446530,3,penaltyMins,67.0
19731974,8446002,3,penaltyMins,46.0
19731974,8451204,3,penaltyMins,44.0
19731974,8445943,3,penaltyMins,43.0
19731974,8448982,3,goals,13.0
19731974,8451335,3,goals,11.0
19731974,8446722,3,goals,9.0
19731974,8445240,3,goals,8.0
19731974,8447892,3,goals,6.0
19731974,8448982,3,points,22.0
19731974,8451335,3,points,19.0
19731974,8445240,3,points,18.0
19731974,8450070,3,points,18.0
19731974,8447892,3,points,16.0
19741975,8446430,2,goalsSh,10.0
19741975,8448892,2,goalsSh,8.0
19741975,8451335,2,goalsSh,7.0
19741975,8450640,2,goalsSh,7.0
19741975,8445252,2,goalsSh,5.0
19741975,8450070,2,plusMinus,80.0
19741975,8446098,2,plusMinus,79.0
19741975,8451150,2,plusMinus,72.0
19741975,8448892,2,plusMinus,61.0
19741975,8450936,2,plusMinus,60.0
19741975,8450070,2,assists,89.0
19741975,8446098,2,assists,89.0
19741975,8449062,2,assists,82.0
19741975,8446430,2,assists,74.0
19741975,8446722,2,assists,66.0
19741975,8446722,2,goalsPp,27.0
19741975,8449275,2,goalsPp,21.0
19741975,8447352,2,goalsPp,19.0
19741975,8447892,2,goalsPp,16.0
19741975,8450646,2,goalsPp,16.0
19741975,8451245,2,penaltyMins,472.0
19741975,8446530,2,penaltyMins,276.0
19741975,8451075,2,penaltyMins,260.0
19741975,8449367,2,penaltyMins,238.0
19741975,8446569,2,penaltyMins,222.0
19741975,8446722,2,goals,61.0
19741975,8448624,2,goals,53.0
19741975,8449275,2,goals,52.0
19741975,8447352,2,goals,50.0
19741975,8446430,2,goals,47.0
19741975,8450070,2,points,135.0
19741975,8446722,2,points,127.0
19741975,8446430,2,points,121.0
19741975,8448624,2,points,119.0
19741975,8449062,2,points,117.0
19741975,8446187,3,goalsSh,1.0
19741975,8450070,3,goalsSh,1.0
19741975,8445893,3,goalsSh,1.0
19741975,8446658,3,goalsSh,1.0
19741975,8448694,3,goalsSh,1.0
19741975,8448982,3,plusMinus,17.0
19741975,8449299,3,plusMinus,16.0
19741975,8452319,3,plusMinus,16.0
19741975,8445943,3,plusMinus,11.0
19741975,8449062,3,plusMinus,10.0
19741975,8446482,3,assists,12.0
19741975,8446098,3,assists,12.0
19741975,8449062,3,assists,10.0
19741975,8449384,3,assists,10.0
19741975,8448982,3,assists,9.0
19741975,8449275,3,goalsPp,5.0
19741975,8448624,3,goalsPp,4.0
19741975,8448982,3,goalsPp,4.0
19741975,8450196,3,goalsPp,4.0
19741975,8450308,3,goalsPp,4.0
19741975,8451245,3,penaltyMins,83.0
19741975,8447995,3,penaltyMins,59.0
19741975,8446530,3,penaltyMins,49.0
19741975,8447666,3,penaltyMins,42.0
19741975,8451241,3,penaltyMins,38.0
19741975,8448624,3,goals,12.0
19741975,8448982,3,goals,11.0
19741975,8450196,3,goals,8.0
19741975,8448729,3,goals,8.0
19741975,8449275,3,goals,7.0
19741975,8448982,3,points,20.0
19741975,8448624,3,points,19.0
19741975,8446482,3,points,18.0
19741975,8450196,3,points,16.0
19741975,8449062,3,points,16.0
19751976,8448735,2,goalsSh,8.0
19751976,8448671,2,goalsSh,6.0
19751976,8449423,2,goalsSh,5.0
19751976,8447296,2,goalsSh,5.0
19751976,8449284,2,goalsSh,5.0
19751976,8446098,2,plusMinus,83.0
19751976,8445252,2,plusMinus,74.0
19751976,8451354,2,plusMinus,73.0
19751976,8448729,2,plusMinus,72.0
19751976,8449062,2,plusMinus,72.0
19751976,8446098,2,assists,89.0
19751976,8449062,2,assists,71.0
19751976,8448624,2,assists,69.0
19751976,8450308,2,assists,69.0
19751976,8450646,2,assists,69.0
19751976,8446722,2,goalsPp,19.0
19751976,8448707,2,goalsPp,18.0
19751976,8450505,2,goalsPp,18.0
19751976,8448624,2,goalsPp,18.0
19751976,8449275,2,goalsPp,18.0
19751976,8445965,2,penaltyMins,370.0
19751976,8449367,2,penaltyMins,322.0
19751976,8451245,2,penaltyMins,307.0
19751976,8446569,2,penaltyMins,306.0
19751976,8450495,2,penaltyMins,302.0
19751976,8448729,2,goals,61.0
19751976,8448624,2,goals,56.0
19751976,8448707,2,goals,53.0
19751976,8450566,2,goals,52.0
19751976,8445252,2,goals,50.0
19751976,8448624,2,points,125.0
19751976,8446098,2,points,119.0
19751976,8450308,2,points,113.0
19751976,8445252,2,points,112.0
19751976,8448707,2,points,111.0
19751976,8447300,3,goalsSh,1.0
19751976,8448735,3,goalsSh,1.0
19751976,8450640,3,goalsSh,1.0
19751976,8451892,3,goalsSh,1.0
19751976,8450206,3,goalsSh,1.0
19751976,8451150,3,plusMinus,15.0
19751976,8446530,3,plusMinus,14.0
19751976,8448729,3,plusMinus,14.0
19751976,8450936,3,plusMinus,11.0
19751976,8446098,3,plusMinus,11.0
19751976,8450505,3,assists,14.0
19751976,8446098,3,assists,14.0
19751976,8447293,3,assists,11.0
19751976,8448624,3,assists,10.0
19751976,8446482,3,assists,9.0
19751976,8450646,3,goalsPp,5.0
19751976,8447892,3,goalsPp,4.0
19751976,8446430,3,goalsPp,3.0
19751976,8451354,3,goalsPp,3.0
19751976,8445252,3,goalsPp,3.0
19751976,8451245,3,penaltyMins,90.0
19751976,8452457,3,penaltyMins,75.0
19751976,8451100,3,penaltyMins,47.0
19751976,8446530,3,penaltyMins,46.0
19751976,8448811,3,penaltyMins,44.0
19751976,8448729,3,goals,19.0
19751976,8450646,3,goals,8.0
19751976,8448624,3,goals,7.0
19751976,8451354,3,goals,7.0
19751976,8446482,3,goals,6.0
19751976,8448729,3,points,24.0
19751976,8450505,3,points,19.0
19751976,8448624,3,points,17.0
19751976,8450646,3,points,16.0
19751976,8446098,3,points,16.0
19761977,8446098,2,goalsSh,6.0
19761977,8447740,2,goalsSh,6.0
19761977,8446100,2,goalsSh,5.0
19761977,8450107,2,goalsSh,5.0
19761977,8449423,2,goalsSh,4.0
19761977,8450936,2,plusMinus,120.0
19761977,8448624,2,plusMinus,89.0
19761977,8451354,2,plusMinus,89.0
19761977,8451150,2,plusMinus,79.0
19761977,8448694,2,plusMinus,70.0
19761977,8448624,2,assists,80.0
19761977,8446430,2,assists,69.0
19761977,8452574,2,assists,66.0
19761977,8450936,2,assists,66.0
19761977,8451102,2,assists,66.0
19761977,8449423,2,goalsPp,16.0
19761977,8446722,2,goalsPp,15.0
19761977,8449483,2,goalsPp,15.0
19761977,8446430,2,goalsPp,14.0
19761977,8448624,2,goalsPp,14.0
19761977,8452457,2,penaltyMins,338.0
19761977,8450495,2,penaltyMins,274.0
19761977,8446569,2,penaltyMins,254.0
19761977,8451075,2,penaltyMins,233.0
19761977,8451245,2,penaltyMins,232.0
19761977,8451354,2,goals,60.0
19761977,8448624,2,goals,56.0
19761977,8446430,2,goals,53.0
19761977,8448982,2,goals,49.0
19761977,8449423,2,goals,46.0
19761977,8448624,2,points,136.0
19761977,8446430,2,points,122.0
19761977,8451354,2,points,105.0
19761977,8448982,2,points,97.0
19761977,8450308,2,points,95.0
19761977,8446100,3,goalsSh,1.0
19761977,8445685,3,goalsSh,1.0
19761977,8449384,3,goalsSh,1.0
19761977,8446998,3,goalsSh,1.0
19761977,8448356,3,goalsSh,1.0
19761977,8448624,3,plusMinus,20.0
19761977,8451354,3,plusMinus,18.0
19761977,8450936,3,plusMinus,14.0
19761977,8450505,3,plusMinus,12.0
19761977,8448756,3,plusMinus,12.0
19761977,8448624,3,assists,17.0
19761977,8451386,3,assists,16.0
19761977,8448756,3,assists,12.0
19761977,8450646,3,assists,12.0
19761977,8451354,3,assists,10.0
19761977,8451990,3,goalsPp,4.0
19761977,8451204,3,goalsPp,4.0
19761977,8447296,3,goalsPp,3.0
19761977,8449423,3,goalsPp,3.0
19761977,8451386,3,goalsPp,3.0
19761977,8449617,3,penaltyMins,47.0
19761977,8451245,3,penaltyMins,45.0
19761977,8446530,3,penaltyMins,35.0
19761977,8451323,3,penaltyMins,33.0
19761977,8452457,3,penaltyMins,29.0
19761977,8451204,3,goals,11.0
19761977,8449423,3,goals,10.0
19761977,8448624,3,goals,9.0
19761977,8451354,3,goals,8.0
19761977,8448756,3,goals,7.0
19761977,8448624,3,points,26.0
19761977,8451386,3,points,21.0
19761977,8448756,3,points,19.0
19761977,8451354,3,points,18.0
19761977,8449423,3,points,17.0
19771978,8450640,2,goalsSh,5.0
19771978,8450490,2,goalsSh,4.0
19771978,8451100,2,goalsSh,4.0
19771978,8445252,2,goalsSh,4.0
19771978,8451204,2,goalsSh,3.0
19771978,8448624,2,plusMinus,73.0
19771978,8450936,2,plusMinus,71.0
19771978,8450206,2,plusMinus,69.0
19771978,8451538,2,plusMinus,68.0
19771978,8451150,2,plusMinus,62.0
19771978,8451965,2,assists,77.0
19771978,8448624,2,assists,72.0
19771978,8451386,2,assists,72.0
19771978,8446098,2,assists,68.0
19771978,8450505,2,assists,64.0
19771978,8445611,2,goalsPp,25.0
19771978,8446722,2,goalsPp,21.0
19771978,8451354,2,goalsPp,16.0
19771978,8448624,2,goalsPp,15.0
19771978,8449337,2,goalsPp,14.0
19771978,8451245,2,penaltyMins,405.0
19771978,8452457,2,penaltyMins,351.0
19771978,8450495,2,penaltyMins,254.0
19771978,8447941,2,penaltyMins,249.0
19771978,8446530,2,penaltyMins,225.0
19771978,8448624,2,goals,60.0
19771978,8445611,2,goals,53.0
19771978,8451354,2,goals,49.0
19771978,8449423,2,goals,47.0
19771978,8451965,2,goals,46.0
19771978,8448624,2,points,132.0
19771978,8451965,2,points,123.0
19771978,8451386,2,points,117.0
19771978,8448756,2,points,97.0
19771978,8450505,2,points,94.0
19771978,8447774,3,goalsSh,1.0
19771978,8446998,3,goalsSh,1.0
19771978,8450845,3,goalsSh,1.0
19771978,8450936,3,plusMinus,21.0
19771978,8451150,3,plusMinus,21.0
19771978,8448756,3,plusMinus,13.0
19771978,8450206,3,plusMinus,13.0
19771978,8450075,3,plusMinus,11.0
19771978,8450936,3,assists,17.0
19771978,8448624,3,assists,11.0
19771978,8450206,3,assists,11.0
19771978,8449525,3,assists,11.0
19771978,8451990,3,assists,10.0
19771978,8450206,3,goalsPp,4.0
19771978,8448982,3,goalsPp,3.0
19771978,8446002,3,goalsPp,3.0
19771978,8448624,3,goalsPp,3.0
19771978,8451354,3,goalsPp,3.0
19771978,8452457,3,penaltyMins,63.0
19771978,8447995,3,penaltyMins,62.0
19771978,8452368,3,penaltyMins,54.0
19771978,8445618,3,penaltyMins,40.0
19771978,8450075,3,penaltyMins,40.0
19771978,8448624,3,goals,10.0
19771978,8450206,3,goals,9.0
19771978,8451354,3,goals,9.0
19771978,8449525,3,goals,8.0
19771978,8448982,3,goals,7.0
19771978,8448624,3,points,21.0
19771978,8450936,3,points,21.0
19771978,8450206,3,points,20.0
19771978,8449525,3,points,19.0
19771978,8451354,3,points,17.0
19781979,8445252,2,goalsSh,6.0
19781979,8448982,2,goalsSh,5.0
19781979,8449138,2,goalsSh,4.0
19781979,8447296,2,goalsSh,4.0
19781979,8450505,2,goalsSh,3.0
19781979,8451965,2,plusMinus,76.0
19781979,8450505,2,plusMinus,71.0
19781979,8445611,2,plusMinus,63.0
19781979,8449676,2,plusMinus,58.0
19781979,8447193,2,plusMinus,57.0
19781979,8451965,2,assists,87.0
19781979,8448624,2,assists,77.0
19781979,8446430,2,assists,71.0
19781979,8448991,2,assists,71.0
19781979,8450505,2,assists,70.0
19781979,8445611,2,goalsPp,27.0
19781979,8446430,2,goalsPp,19.0
19781979,8447047,2,goalsPp,16.0
19781979,8449423,2,goalsPp,16.0
19781979,8451965,2,goalsPp,15.0
19781979,8452457,2,penaltyMins,298.0
19781979,8447941,2,penaltyMins,282.0
19781979,8451245,2,penaltyMins,241.0
19781979,8456667,2,penaltyMins,235.0
19781979,8450474,2,penaltyMins,213.0
19781979,8445611,2,goals,69.0
19781979,8446430,2,goals,59.0
19781979,8448624,2,goals,52.0
19781979,8446057,2,goals,50.0
19781979,8451965,2,goals,47.0
19781979,8451965,2,points,134.0
19781979,8446430,2,points,130.0
19781979,8448624,2,points,129.0
19781979,8445611,2,points,126.0
19781979,8448991,2,points,108.0
19781979,8449440,3,goalsSh,1.0
19781979,8447740,3,goalsSh,1.0
19781979,8450737,3,goalsSh,1.0
19781979,8448326,3,goalsSh,1.0
19781979,8449103,3,goalsSh,1.0
19781979,8452140,3,plusMinus,17.0
19781979,8450936,3,plusMinus,16.0
19781979,8449103,3,plusMinus,11.0
19781979,8447714,3,plusMinus,9.0
19781979,8448885,3,plusMinus,8.0
19781979,8448624,3,assists,13.0
19781979,8449102,3,assists,13.0
19781979,8448756,3,assists,12.0
19781979,8446722,3,assists,12.0
19781979,8449420,3,assists,11.0
19781979,8448756,3,goalsPp,6.0
19781979,8447409,3,goalsPp,4.0
19781979,8448729,3,goalsPp,3.0
19781979,8449735,3,goalsPp,3.0
19781979,8451386,3,goalsPp,2.0
19781979,8452457,3,penaltyMins,48.0
19781979,8449103,3,penaltyMins,45.0
19781979,8450845,3,penaltyMins,32.0
19781979,8445893,3,penaltyMins,30.0
19781979,8450474,3,penaltyMins,29.0
19781979,8448756,3,goals,11.0
19781979,8448624,3,goals,10.0
19781979,8446722,3,goals,8.0
19781979,8449102,3,goals,7.0
19781979,8450646,3,goals,7.0
19781979,8448756,3,points,23.0
19781979,8448624,3,points,23.0
19781979,8446722,3,points,20.0
19781979,8449102,3,points,20.0
19781979,8446998,3,points,16.0
19791980,8448403,2,goalsSh,4.0
19791980,8448729,2,goalsSh,4.0
19791980,8446531,2,goalsSh,3.0
19791980,8446809,2,goalsSh,3.0
19791980,8448991,2,goalsSh,3.0
19791980,8451241,2,plusMinus,60.0
19791980,8452319,2,plusMinus,52.0
19791980,8445621,2,plusMinus,52.0
19791980,8447062,2,plusMinus,48.0
19791980,8451365,2,plusMinus,47.0
19791980,8447400,2,assists,86.0
19791980,8446430,2,assists,84.0
19791980,8448624,2,assists,75.0
19791980,8450308,2,assists,66.0
19791980,8451965,2,assists,62.0
19791980,8451365,2,goalsPp,21.0
19791980,8451386,2,goalsPp,17.0
19791980,8447062,2,goalsPp,17.0
19791980,8451354,2,goalsPp,17.0
19791980,8446430,2,goalsPp,17.0
19791980,8449119,2,penaltyMins,287.0
19791980,8452457,2,penaltyMins,278.0
19791980,8447934,2,penaltyMins,267.0
19791980,8450075,2,penaltyMins,265.0
19791980,8451065,2,penaltyMins,252.0
19791980,8451365,2,goals,56.0
19791980,8451770,2,goals,56.0
19791980,8447062,2,goals,56.0
19791980,8446430,2,goals,53.0
19791980,8447400,2,goals,51.0
19791980,8446430,2,points,137.0
19791980,8447400,2,points,137.0
19791980,8448624,2,points,125.0
19791980,8450308,2,points,106.0
19791980,8450981,2,points,105.0
19791980,8445252,3,goalsSh,3.0
19791980,8447740,3,goalsSh,3.0
19791980,8452577,3,goalsSh,2.0
19791980,8445617,3,goalsSh,2.0
19791980,8451965,3,goalsSh,2.0
19791980,8446530,3,plusMinus,21.0
19791980,8445798,3,plusMinus,17.0
19791980,8452319,3,plusMinus,16.0
19791980,8447934,3,plusMinus,15.0
19791980,8448857,3,plusMinus,13.0
19791980,8448857,3,assists,18.0
19791980,8451965,3,assists,17.0
19791980,8445611,3,assists,13.0
19791980,8450505,3,assists,13.0
19791980,8446291,3,assists,13.0
19791980,8445611,3,goalsPp,6.0
19791980,8445617,3,goalsPp,5.0
19791980,8448911,3,goalsPp,4.0
19791980,8447062,3,goalsPp,4.0
19791980,8450314,3,goalsPp,4.0
19791980,8448649,3,penaltyMins,85.0
19791980,8447995,3,penaltyMins,84.0
19791980,8451800,3,penaltyMins,74.0
19791980,8445685,3,penaltyMins,70.0
19791980,8450075,3,penaltyMins,69.0
19791980,8451965,3,goals,12.0
19791980,8445252,3,goals,12.0
19791980,8445611,3,goals,10.0
19791980,8450308,3,goals,10.0
19791980,8447934,3,goals,10.0
19791980,8451965,3,points,29.0
19791980,8445611,3,points,23.0
19791980,8448857,3,points,22.0
19791980,8445252,3,points,21.0
19791980,8450308,3,points,21.0
19801981,8450215,2,goalsSh,8.0
19801981,8445617,2,goalsSh,7.0
19801981,8449616,2,goalsSh,6.0
19801981,8448403,2,goalsSh,6.0
19801981,8449102,2,goalsSh,5.0
19801981,8446679,2,plusMinus,63.0
19801981,8446430,2,plusMinus,54.0
19801981,8448651,2,plusMinus,52.0
19801981,8451965,2,plusMinus,50.0
19801981,8451866,2,plusMinus,48.0
19801981,8447400,2,assists,109.0
19801981,8449887,2,assists,82.0
19801981,8446430,2,assists,77.0
19801981,8446803,2,assists,73.0
19801981,8451965,2,assists,72.0
19801981,8445611,2,goalsPp,28.0
19801981,8451365,2,goalsPp,23.0
19801981,8446430,2,goalsPp,23.0
19801981,8448420,2,goalsPp,20.0
19801981,8449887,2,goalsPp,20.0
19801981,8452457,2,penaltyMins,343.0
19801981,8447934,2,penaltyMins,306.0
19801981,8449883,2,penaltyMins,262.0
19801981,8448523,2,penaltyMins,246.0
19801981,8450474,2,penaltyMins,239.0
19801981,8445611,2,goals,68.0
19801981,8446430,2,goals,58.0
19801981,8451365,2,goals,56.0
19801981,8447400,2,goals,55.0
19801981,8448420,2,goals,55.0
19801981,8447400,2,points,164.0
19801981,8446430,2,points,135.0
19801981,8449887,2,points,131.0
19801981,8445611,2,points,119.0
19801981,8451866,2,points,112.0
19801981,8448640,3,goalsSh,2.0
19801981,8448403,3,goalsSh,2.0
19801981,8447296,3,goalsSh,2.0
19801981,8451965,3,goalsSh,2.0
19801981,8450133,3,goalsSh,2.0
19801981,8449713,3,plusMinus,20.0
19801981,8450505,3,plusMinus,18.0
19801981,8451965,3,plusMinus,18.0
19801981,8445611,3,plusMinus,14.0
19801981,8445983,3,plusMinus,14.0
19801981,8445611,3,assists,18.0
19801981,8451965,3,assists,18.0
19801981,8450505,3,assists,17.0
19801981,8451476,3,assists,17.0
19801981,8448857,3,assists,16.0
19801981,8445611,3,goalsPp,9.0
19801981,8450505,3,goalsPp,6.0
19801981,8450259,3,goalsPp,6.0
19801981,8450474,3,goalsPp,5.0
19801981,8447990,3,goalsPp,5.0
19801981,8447980,3,penaltyMins,93.0
19801981,8450474,3,penaltyMins,89.0
19801981,8451799,3,penaltyMins,77.0
19801981,8448857,3,penaltyMins,67.0
19801981,8448529,3,penaltyMins,63.0
19801981,8445611,3,goals,17.0
19801981,8450259,3,goals,17.0
19801981,8446063,3,goals,14.0
19801981,8451965,3,goals,11.0
19801981,8445252,3,goals,11.0
19801981,8445611,3,points,35.0
19801981,8450259,3,points,29.0
19801981,8451965,3,points,29.0
19801981,8450505,3,points,25.0
19801981,8451476,3,points,25.0
19811982,8447310,2,goalsSh,6.0
19811982,8447400,2,goalsSh,6.0
19811982,8447296,2,goalsSh,5.0
19811982,8452152,2,goalsSh,5.0
19811982,8447039,2,goalsSh,4.0
19811982,8447400,2,plusMinus,80.0
19811982,8446679,2,plusMinus,78.0
19811982,8451965,2,plusMinus,70.0
19811982,8445611,2,plusMinus,69.0
19811982,8448651,2,plusMinus,66.0
19811982,8447400,2,assists,120.0
19811982,8451689,2,assists,93.0
19811982,8451146,2,assists,87.0
19811982,8445611,2,assists,83.0
19811982,8451965,2,assists,79.0
19811982,8447047,2,goalsPp,21.0
19811982,8446063,2,goalsPp,20.0
19811982,8449284,2,goalsPp,20.0
19811982,8451476,2,goalsPp,20.0
19811982,8449587,2,goalsPp,19.0
19811982,8445338,2,penaltyMins,409.0
19811982,8452457,2,penaltyMins,341.0
19811982,8446111,2,penaltyMins,329.0
19811982,8450554,2,penaltyMins,322.0
19811982,8451253,2,penaltyMins,303.0
19811982,8447400,2,goals,92.0
19811982,8445611,2,goals,64.0
19811982,8449284,2,goals,60.0
19811982,8446063,2,goals,55.0
19811982,8452152,2,goals,54.0
19811982,8447400,2,points,212.0
19811982,8445611,2,points,147.0
19811982,8451689,2,points,139.0
19811982,8449284,2,points,136.0
19811982,8451965,2,points,129.0
19811982,8447310,3,goalsSh,2.0
19811982,8445983,3,goalsSh,2.0
19811982,8445252,3,goalsSh,1.0
19811982,8446098,3,goalsSh,1.0
19811982,8446871,3,goalsSh,1.0
19811982,8448649,3,plusMinus,14.0
19811982,8449713,3,plusMinus,11.0
19811982,8445617,3,plusMinus,10.0
19811982,8446737,3,plusMinus,9.0
19811982,8448399,3,plusMinus,9.0
19811982,8451965,3,assists,23.0
19811982,8450505,3,assists,16.0
19811982,8446803,3,assists,15.0
19811982,8451687,3,assists,14.0
19811982,8450314,3,assists,14.0
19811982,8445611,3,goalsPp,6.0
19811982,8451146,3,goalsPp,5.0
19811982,8446430,3,goalsPp,4.0
19811982,8446978,3,goalsPp,4.0
19811982,8451689,3,goalsPp,4.0
19811982,8452457,3,penaltyMins,116.0
19811982,8446957,3,penaltyMins,98.0
19811982,8445893,3,penaltyMins,89.0
19811982,8449884,3,penaltyMins,67.0
19811982,8451253,3,penaltyMins,61.0
19811982,8445611,3,goals,17.0
19811982,8451146,3,goals,11.0
19811982,8447335,3,goals,9.0
19811982,8451566,3,goals,9.0
19811982,8445617,3,goals,9.0
19811982,8451965,3,points,29.0
19811982,8445611,3,points,27.0
19811982,8450505,3,points,21.0
19811982,8447335,3,points,19.0
19811982,8451146,3,points,18.0
19821983,8447400,2,goalsSh,6.0
19821983,8450981,2,goalsSh,5.0
19821983,8449744,2,goalsSh,5.0
19821983,8446541,2,goalsSh,5.0
19821983,8447296,2,goalsSh,5.0
19821983,8448038,2,plusMinus,61.0
19821983,8447400,2,plusMinus,61.0
19821983,8446117,2,plusMinus,52.0
19821983,8445621,2,plusMinus,49.0
19821983,8448569,2,plusMinus,48.0
19821983,8447400,2,assists,125.0
19821983,8451146,2,assists,86.0
19821983,8451689,2,assists,77.0
19821983,8446117,2,assists,67.0
19821983,8446098,2,assists,62.0
19821983,8447047,2,goalsPp,20.0
19821983,8451253,2,goalsPp,20.0
19821983,8445611,2,goalsPp,19.0
19821983,8452152,2,goalsPp,18.0
19821983,8447400,2,goalsPp,18.0
19821983,8447941,2,penaltyMins,275.0
19821983,8452457,2,penaltyMins,265.0
19821983,8451799,2,penaltyMins,254.0
19821983,8445338,2,penaltyMins,238.0
19821983,8446111,2,penaltyMins,237.0
19821983,8447400,2,goals,71.0
19821983,8449423,2,goals,66.0
19821983,8445611,2,goals,60.0
19821983,8447310,2,goals,57.0
19821983,8446430,2,goals,56.0
19821983,8447400,2,points,196.0
19821983,8451689,2,points,124.0
19821983,8451146,2,points,121.0
19821983,8445611,2,points,118.0
19821983,8446430,2,points,107.0
19821983,8447400,3,goalsSh,3.0
19821983,8449573,3,goalsSh,2.0
19821983,8446117,3,goalsSh,2.0
19821983,8448569,3,goalsSh,2.0
19821983,8448117,3,goalsSh,1.0
19821983,8447400,3,plusMinus,20.0
19821983,8450505,3,plusMinus,20.0
19821983,8445617,3,plusMinus,19.0
19821983,8449713,3,plusMinus,18.0
19821983,8451794,3,plusMinus,18.0
19821983,8447400,3,assists,26.0
19821983,8449587,3,assists,22.0
19821983,8445617,3,assists,20.0
19821983,8450271,3,assists,18.0
19821983,8448569,3,assists,15.0
19821983,8445611,3,goalsPp,6.0
19821983,8450795,3,goalsPp,4.0
19821983,8449573,3,goalsPp,4.0
19821983,8449587,3,goalsPp,4.0
19821983,8450505,3,goalsPp,4.0
19821983,8448118,3,penaltyMins,70.0
19821983,8451298,3,penaltyMins,69.0
19821983,8451253,3,penaltyMins,66.0
19821983,8448116,3,penaltyMins,60.0
19821983,8446242,3,penaltyMins,54.0
19821983,8445611,3,goals,17.0
19821983,8449573,3,goals,15.0
19821983,8450271,3,goals,14.0
19821983,8447400,3,goals,12.0
19821983,8449587,3,goals,11.0
19821983,8447400,3,points,38.0
19821983,8449587,3,points,33.0
19821983,8450271,3,points,32.0
19821983,8445617,3,points,28.0
19821983,8445611,3,points,26.0
19831984,8447400,2,goalsSh,12.0
19831984,8449887,2,goalsSh,9.0
19831984,8446036,2,goalsSh,8.0
19831984,8448569,2,goalsSh,5.0
19831984,8447296,2,goalsSh,5.0
19831984,8447400,2,plusMinus,78.0
19831984,8451965,2,plusMinus,68.0
19831984,8445611,2,plusMinus,65.0
19831984,8447310,2,plusMinus,62.0
19831984,8450505,2,plusMinus,54.0
19831984,8447400,2,assists,118.0
19831984,8446117,2,assists,86.0
19831984,8450271,2,assists,77.0
19831984,8451689,2,assists,73.0
19831984,8451965,2,assists,71.0
19831984,8447400,2,goalsPp,20.0
19831984,8449972,2,goalsPp,19.0
19831984,8448707,2,goalsPp,19.0
19831984,8451858,2,goalsPp,19.0
19831984,8451988,2,goalsPp,18.0
19831984,8449883,2,penaltyMins,338.0
19831984,8450474,2,penaltyMins,316.0
19831984,8450848,2,penaltyMins,297.0
19831984,8452457,2,penaltyMins,294.0
19831984,8448523,2,penaltyMins,257.0
19831984,8447400,2,goals,87.0
19831984,8447310,2,goals,56.0
19831984,8444945,2,goals,54.0
19831984,8448471,2,goals,54.0
19831984,8448569,2,goals,52.0
19831984,8447400,2,points,205.0
19831984,8446117,2,points,126.0
19831984,8447310,2,points,122.0
19831984,8451689,2,points,119.0
19831984,8445611,2,points,118.0
19831984,8451144,3,goalsSh,2.0
19831984,8449122,3,goalsSh,1.0
19831984,8448616,3,goalsSh,1.0
19831984,8450217,3,goalsSh,1.0
19831984,8450251,3,goalsSh,1.0
19831984,8448038,3,plusMinus,18.0
19831984,8446117,3,plusMinus,18.0
19831984,8447400,3,plusMinus,18.0
19831984,8447398,3,plusMinus,15.0
19831984,8449354,3,plusMinus,14.0
19831984,8447400,3,assists,22.0
19831984,8449573,3,assists,18.0
19831984,8448569,3,assists,14.0
19831984,8446117,3,assists,14.0
19831984,8448960,3,assists,12.0
19831984,8448569,3,goalsPp,4.0
19831984,8449423,3,goalsPp,3.0
19831984,8449795,3,goalsPp,3.0
19831984,8449796,3,goalsPp,3.0
19831984,8448857,3,goalsPp,3.0
19831984,8449883,3,penaltyMins,81.0
19831984,8448106,3,penaltyMins,69.0
19831984,8448857,3,penaltyMins,65.0
19831984,8450474,3,penaltyMins,51.0
19831984,8451965,3,penaltyMins,49.0
19831984,8448569,3,goals,14.0
19831984,8447400,3,goals,13.0
19831984,8447193,3,goals,12.0
19831984,8448857,3,goals,10.0
19831984,8446838,3,goals,9.0
19831984,8447400,3,points,35.0
19831984,8448569,3,points,28.0
19831984,8449573,3,points,26.0
19831984,8446117,3,points,22.0
19831984,8447193,3,points,19.0
19841985,8447400,2,goalsSh,11.0
19841985,8450595,2,goalsSh,7.0
19841985,8449573,2,goalsSh,5.0
19841985,8446363,2,goalsSh,5.0
19841985,8451965,2,goalsSh,5.0
19841985,8447400,2,plusMinus,100.0
19841985,8448569,2,plusMinus,78.0
19841985,8448566,2,plusMinus,60.0
19841985,8446117,2,plusMinus,57.0
19841985,8449403,2,plusMinus,52.0
19841985,8447400,2,assists,135.0
19841985,8446117,2,assists,84.0
19841985,8446430,2,assists,80.0
19841985,8447685,2,assists,77.0
19841985,8446803,2,assists,73.0
19841985,8448471,2,goalsPp,21.0
19841985,8447310,2,goalsPp,17.0
19841985,8447067,2,goalsPp,17.0
19841985,8447685,2,goalsPp,17.0
19841985,8446430,2,goalsPp,16.0
19841985,8449883,2,penaltyMins,358.0
19841985,8450920,2,penaltyMins,337.0
19841985,8445559,2,penaltyMins,263.0
19841985,8448118,2,penaltyMins,259.0
19841985,8449442,2,penaltyMins,250.0
19841985,8447400,2,goals,73.0
19841985,8448569,2,goals,71.0
19841985,8445611,2,goals,58.0
19841985,8449972,2,goals,55.0
19841985,8447310,2,goals,55.0
19841985,8447400,2,points,208.0
19841985,8448569,2,points,135.0
19841985,8447685,2,points,130.0
19841985,8446430,2,points,126.0
19841985,8446117,2,points,121.0
19841985,8448860,3,goalsSh,2.0
19841985,8450512,3,goalsSh,2.0
19841985,8447400,3,goalsSh,2.0
19841985,8448569,3,goalsSh,2.0
19841985,8450642,3,goalsSh,1.0
19841985,8447400,3,plusMinus,27.0
19841985,8446117,3,plusMinus,23.0
19841985,8448569,3,plusMinus,23.0
19841985,8448038,3,plusMinus,21.0
19841985,8447398,3,plusMinus,18.0
19841985,8447400,3,assists,30.0
19841985,8446117,3,assists,25.0
19841985,8451146,3,assists,20.0
19841985,8451689,3,assists,19.0
19841985,8448038,3,assists,17.0
19841985,8447310,3,goalsPp,7.0
19841985,8448703,3,goalsPp,5.0
19841985,8448471,3,goalsPp,4.0
19841985,8447400,3,goalsPp,4.0
19841985,8450595,3,goalsPp,4.0
19841985,8448117,3,penaltyMins,99.0
19841985,8449883,3,penaltyMins,81.0
19841985,8449354,3,penaltyMins,75.0
19841985,8447192,3,penaltyMins,73.0
19841985,8451925,3,penaltyMins,72.0
19841985,8448569,3,goals,19.0
19841985,8447400,3,goals,17.0
19841985,8446117,3,goals,12.0
19841985,8449573,3,goals,12.0
19841985,8451801,3,goals,12.0
19841985,8447400,3,points,47.0
19841985,8446117,3,points,37.0
19841985,8448569,3,points,31.0
19841985,8451146,3,points,29.0
19841985,8444945,3,points,26.0
19851986,8446117,2,goalsSh,9.0
19851986,8448002,2,goalsSh,7.0
19851986,8448569,2,goalsSh,6.0
19851986,8450512,2,goalsSh,6.0
19851986,8449573,2,goalsSh,5.0
19851986,8448002,2,plusMinus,87.0
19851986,8449403,2,plusMinus,86.0
19851986,8447400,2,plusMinus,71.0
19851986,8446117,2,plusMinus,61.0
19851986,8446871,2,plusMinus,46.0
19851986,8447400,2,assists,163.0
19851986,8448782,2,assists,93.0
19851986,8446117,2,assists,90.0
19851986,8451689,2,assists,81.0
19851986,8445724,2,assists,76.0
19851986,8448471,2,goalsPp,34.0
19851986,8447310,2,goalsPp,28.0
19851986,8451327,2,goalsPp,21.0
19851986,8445611,2,goalsPp,21.0
19851986,8446242,2,goalsPp,20.0
19851986,8448519,2,penaltyMins,377.0
19851986,8450920,2,penaltyMins,358.0
19851986,8452457,2,penaltyMins,320.0
19851986,8448118,2,penaltyMins,291.0
19851986,8451925,2,penaltyMins,284.0
19851986,8448569,2,goals,68.0
19851986,8445611,2,goals,61.0
19851986,8448471,2,goals,58.0
19851986,8444945,2,goals,54.0
19851986,8447310,2,goals,53.0
19851986,8447400,2,points,215.0
19851986,8448782,2,points,141.0
19851986,8446117,2,points,138.0
19851986,8448569,2,points,131.0
19851986,8445611,2,points,123.0
19851986,8449573,3,goalsSh,2.0
19851986,8445690,3,goalsSh,2.0
19851986,8447206,3,goalsSh,2.0
19851986,8446036,3,goalsSh,2.0
19851986,8448848,3,goalsSh,2.0
19851986,8451102,3,plusMinus,13.0
19851986,8448124,3,plusMinus,12.0
19851986,8449905,3,plusMinus,12.0
19851986,8448960,3,plusMinus,10.0
19851986,8449535,3,plusMinus,9.0
19851986,8448960,3,assists,15.0
19851986,8446803,3,assists,14.0
19851986,8450795,3,assists,13.0
19851986,8450936,3,assists,13.0
19851986,8447206,3,assists,12.0
19851986,8450635,3,goalsPp,5.0
19851986,8447400,3,goalsPp,4.0
19851986,8448707,3,goalsPp,4.0
19851986,8450107,3,goalsPp,4.0
19851986,8448772,3,goalsPp,4.0
19851986,8449883,3,penaltyMins,141.0
19851986,8445623,3,penaltyMins,116.0
19851986,8448118,3,penaltyMins,108.0
19851986,8450303,3,penaltyMins,107.0
19851986,8450088,3,penaltyMins,80.0
19851986,8449743,3,goals,12.0
19851986,8449423,3,goals,11.0
19851986,8450200,3,goals,10.0
19851986,8448772,3,goals,10.0
19851986,8447206,3,goals,9.0
19851986,8447206,3,points,21.0
19851986,8446803,3,points,21.0
19851986,8449743,3,points,19.0
19851986,8447400,3,points,19.0
19851986,8449796,3,points,19.0
19861987,8447067,2,goalsSh,7.0
19861987,8447400,2,goalsSh,7.0
19861987,8451429,2,goalsSh,6.0
19861987,8446208,2,goalsSh,6.0
19861987,8450595,2,goalsSh,5.0
19861987,8447400,2,plusMinus,69.0
19861987,8448002,2,plusMinus,57.0
19861987,8449749,2,plusMinus,50.0
19861987,8450512,2,plusMinus,47.0
19861987,8449403,2,plusMinus,45.0
19861987,8447400,2,assists,121.0
19861987,8445621,2,assists,72.0
19861987,8449573,2,assists,70.0
19861987,8451965,2,assists,64.0
19861987,8447206,2,assists,63.0
19861987,8448471,2,goalsPp,26.0
19861987,8446063,2,goalsPp,22.0
19861987,8448782,2,goalsPp,19.0
19861987,8448626,2,goalsPp,19.0
19861987,8450941,2,goalsPp,18.0
19861987,8448118,2,penaltyMins,361.0
19861987,8452457,2,penaltyMins,358.0
19861987,8446263,2,penaltyMins,356.0
19861987,8449498,2,penaltyMins,342.0
19861987,8451925,2,penaltyMins,288.0
19861987,8447400,2,goals,62.0
19861987,8448471,2,goals,58.0
19861987,8448569,2,goals,54.0
19861987,8448782,2,goals,54.0
19861987,8446063,2,goals,52.0
19861987,8447400,2,points,183.0
19861987,8448569,2,points,108.0
19861987,8448782,2,points,107.0
19861987,8449573,2,points,107.0
19861987,8447206,2,points,105.0
19861987,8448884,3,goalsSh,2.0
19861987,8449573,3,goalsSh,2.0
19861987,8449587,3,goalsSh,1.0
19861987,8448848,3,goalsSh,1.0
19861987,8451567,3,goalsSh,1.0
19861987,8448002,3,plusMinus,15.0
19861987,8447402,3,plusMinus,13.0
19861987,8444945,3,plusMinus,13.0
19861987,8449573,3,plusMinus,13.0
19861987,8448038,3,plusMinus,12.0
19861987,8447400,3,assists,29.0
19861987,8446618,3,assists,20.0
19861987,8450936,3,assists,17.0
19861987,8449573,3,assists,16.0
19861987,8450595,3,assists,16.0
19861987,8448471,3,goalsPp,5.0
19861987,8450595,3,goalsPp,5.0
19861987,8447310,3,goalsPp,4.0
19861987,8449796,3,goalsPp,4.0
19861987,8444945,3,goalsPp,4.0
19861987,8449498,3,penaltyMins,99.0
19861987,8449883,3,penaltyMins,75.0
19861987,8451925,3,penaltyMins,72.0
19861987,8448519,3,penaltyMins,71.0
19861987,8447192,3,penaltyMins,65.0
19861987,8448569,3,goals,15.0
19861987,8444945,3,goals,14.0
19861987,8449573,3,goals,12.0
19861987,8450595,3,goals,12.0
19861987,8451925,3,goals,11.0
19861987,8447400,3,points,34.0
19861987,8449573,3,points,28.0
19861987,8450595,3,points,28.0
19861987,8444945,3,points,27.0
19861987,8446618,3,points,27.0
19871988,8448782,2,goalsSh,10.0
19871988,8448848,2,goalsSh,8.0
19871988,8449881,2,goalsSh,7.0
19871988,8448703,2,goalsSh,7.0
19871988,8451146,2,goalsSh,7.0
19871988,8449403,2,plusMinus,48.0
19871988,8451789,2,plusMinus,46.0
19871988,8448848,2,plusMinus,41.0
19871988,8451558,2,plusMinus,40.0
19871988,8447400,2,plusMinus,39.0
19871988,8447400,2,assists,109.0
19871988,8448782,2,assists,98.0
19871988,8451146,2,assists,87.0
19871988,8447685,2,assists,77.0
19871988,8449573,2,assists,74.0
19871988,8449893,2,goalsPp,31.0
19871988,8447310,2,goalsPp,29.0
19871988,8446430,2,goalsPp,22.0
19871988,8448782,2,goalsPp,22.0
19871988,8448981,2,goalsPp,22.0
19871988,8450561,2,penaltyMins,398.0
19871988,8449498,2,penaltyMins,382.0
19871988,8448118,2,penaltyMins,337.0
19871988,8452687,2,penaltyMins,307.0
19871988,8449883,2,penaltyMins,305.0
19871988,8448782,2,goals,70.0
19871988,8451376,2,goals,56.0
19871988,8445979,2,goals,55.0
19871988,8450941,2,goals,53.0
19871988,8449893,2,goals,51.0
19871988,8448782,2,points,168.0
19871988,8447400,2,points,149.0
19871988,8451146,2,points,131.0
19871988,8447685,2,points,121.0
19871988,8450941,2,points,111.0
19871988,8448848,3,goalsSh,2.0
19871988,8447305,3,goalsSh,2.0
19871988,8448870,3,goalsSh,2.0
19871988,8447180,3,goalsSh,1.0
19871988,8449326,3,goalsSh,1.0
19871988,8447398,3,plusMinus,17.0
19871988,8451558,3,plusMinus,16.0
19871988,8445621,3,plusMinus,16.0
19871988,8448569,3,plusMinus,15.0
19871988,8452583,3,plusMinus,14.0
19871988,8447400,3,assists,31.0
19871988,8449573,3,assists,23.0
19871988,8445621,3,assists,18.0
19871988,8448569,3,assists,17.0
19871988,8451905,3,assists,17.0
19871988,8449573,3,goalsPp,7.0
19871988,8452152,3,goalsPp,5.0
19871988,8450561,3,goalsPp,5.0
19871988,8448304,3,goalsPp,5.0
19871988,8447400,3,goalsPp,5.0
19871988,8449624,3,penaltyMins,124.0
19871988,8444947,3,penaltyMins,113.0
19871988,8448117,3,penaltyMins,98.0
19871988,8446309,3,penaltyMins,83.0
19871988,8449095,3,penaltyMins,80.0
19871988,8448569,3,goals,14.0
19871988,8451376,3,goals,13.0
19871988,8447400,3,goals,12.0
19871988,8449573,3,goals,11.0
19871988,8448857,3,goals,11.0
19871988,8447400,3,points,43.0
19871988,8449573,3,points,34.0
19871988,8448569,3,points,31.0
19871988,8451905,3,points,27.0
19871988,8448857,3,points,25.0
19881989,8448782,2,goalsSh,13.0
19881989,8447345,2,goalsSh,10.0
19881989,8451905,2,goalsSh,8.0
19881989,8449881,2,goalsSh,8.0
19881989,8449573,2,goalsSh,6.0
19881989,8449743,2,plusMinus,51.0
19881989,8447206,2,plusMinus,45.0
19881989,8450234,2,plusMinus,44.0
19881989,8449749,2,plusMinus,43.0
19881989,8449403,2,plusMinus,43.0
19881989,8448782,2,assists,114.0
19881989,8447400,2,assists,114.0
19881989,8452578,2,assists,90.0
19881989,8446117,2,assists,83.0
19881989,8449881,2,assists,80.0
19881989,8448782,2,goalsPp,31.0
19881989,8448471,2,goalsPp,25.0
19881989,8445689,2,goalsPp,24.0
19881989,8449881,2,goalsPp,21.0
19881989,8446423,2,goalsPp,20.0
19881989,8448118,2,penaltyMins,375.0
19881989,8449498,2,penaltyMins,365.0
19881989,8449123,2,penaltyMins,352.0
19881989,8449516,2,penaltyMins,350.0
19881989,8447673,2,penaltyMins,316.0
19881989,8448782,2,goals,85.0
19881989,8449881,2,goals,70.0
19881989,8452578,2,goals,65.0
19881989,8447400,2,goals,54.0
19881989,8449743,2,goals,51.0
19881989,8448782,2,points,199.0
19881989,8447400,2,points,168.0
19881989,8452578,2,points,155.0
19881989,8449881,2,points,150.0
19881989,8445689,2,points,115.0
19881989,8450523,3,goalsSh,3.0
19881989,8450512,3,goalsSh,2.0
19881989,8451517,3,goalsSh,2.0
19881989,8448848,3,goalsSh,2.0
19881989,8446743,3,goalsSh,1.0
19881989,8448002,3,plusMinus,14.0
19881989,8451105,3,plusMinus,13.0
19881989,8446208,3,plusMinus,12.0
19881989,8447206,3,plusMinus,12.0
19881989,8449009,3,plusMinus,11.0
19881989,8448960,3,assists,24.0
19881989,8447400,3,assists,17.0
19881989,8446053,3,assists,15.0
19881989,8448002,3,assists,15.0
19881989,8450088,3,assists,13.0
19881989,8448471,3,goalsPp,8.0
19881989,8448782,3,goalsPp,7.0
19881989,8448520,3,goalsPp,6.0
19881989,8449743,3,goalsPp,6.0
19881989,8449893,3,goalsPp,6.0
19881989,8449123,3,penaltyMins,84.0
19881989,8450303,3,penaltyMins,75.0
19881989,8451925,3,penaltyMins,69.0
19881989,8445629,3,penaltyMins,66.0
19881989,8446050,3,penaltyMins,65.0
19881989,8449743,3,goals,16.0
19881989,8448471,3,goals,14.0
19881989,8450595,3,goals,14.0
19881989,8448782,3,goals,12.0
19881989,8447206,3,goals,11.0
19881989,8448960,3,points,31.0
19881989,8448471,3,points,25.0
19881989,8449743,3,points,24.0
19881989,8450595,3,points,23.0
19881989,8447206,3,points,22.0
19891990,8452578,2,goalsSh,7.0
19891990,8449488,2,goalsSh,7.0
19891990,8449573,2,goalsSh,6.0
19891990,8449020,2,goalsSh,6.0
19891990,8446311,2,goalsSh,4.0
19891990,8446014,2,plusMinus,38.0
19891990,8450825,2,plusMinus,35.0
19891990,8449009,2,plusMinus,34.0
19891990,8446167,2,plusMinus,33.0
19891990,8449163,2,plusMinus,33.0
19891990,8447400,2,assists,102.0
19891990,8449573,2,assists,84.0
19891990,8449951,2,assists,79.0
19891990,8448782,2,assists,78.0
19891990,8446117,2,assists,74.0
19891990,8448091,2,goalsPp,27.0
19891990,8449812,2,goalsPp,25.0
19891990,8447067,2,goalsPp,21.0
19891990,8445417,2,goalsPp,21.0
19891990,8450941,2,goalsPp,20.0
19891990,8449498,2,penaltyMins,351.0
19891990,8449297,2,penaltyMins,339.0
19891990,8449516,2,penaltyMins,322.0
19891990,8449094,2,penaltyMins,305.0
19891990,8452159,2,penaltyMins,303.0
19891990,8448091,2,goals,72.0
19891990,8452578,2,goals,62.0
19891990,8445417,2,goals,55.0
19891990,8449812,2,goals,55.0
19891990,8448626,2,goals,54.0
19891990,8447400,2,points,142.0
19891990,8449573,2,points,129.0
19891990,8452578,2,points,127.0
19891990,8448782,2,points,123.0
19891990,8448091,2,points,113.0
19891990,8448703,3,goalsSh,2.0
19891990,8451905,3,goalsSh,2.0
19891990,8444914,3,goalsSh,1.0
19891990,8447345,3,goalsSh,1.0
19891990,8450073,3,goalsSh,1.0
19891990,8451558,3,plusMinus,15.0
19891990,8448569,3,plusMinus,13.0
19891990,8451056,3,plusMinus,13.0
19891990,8444945,3,plusMinus,12.0
19891990,8448641,3,plusMinus,12.0
19891990,8449573,3,assists,22.0
19891990,8448222,3,assists,19.0
19891990,8449812,3,assists,16.0
19891990,8451376,3,assists,15.0
19891990,8448569,3,assists,15.0
19891990,8446487,3,goalsPp,8.0
19891990,8448091,3,goalsPp,7.0
19891990,8448569,3,goalsPp,6.0
19891990,8451376,3,goalsPp,6.0
19891990,8452152,3,goalsPp,4.0
19891990,8451319,3,penaltyMins,92.0
19891990,8449094,3,penaltyMins,81.0
19891990,8449669,3,penaltyMins,63.0
19891990,8448117,3,penaltyMins,61.0
19891990,8446226,3,penaltyMins,59.0
19891990,8451376,3,goals,16.0
19891990,8446487,3,goals,14.0
19891990,8451905,3,goals,13.0
19891990,8448091,3,goals,13.0
19891990,8449812,3,goals,12.0
19891990,8451376,3,points,31.0
19891990,8449573,3,points,31.0
19891990,8449812,3,points,28.0
19891990,8448569,3,points,25.0
19891990,8451905,3,points,24.0
19901991,8450773,2,goalsSh,8.0
19901991,8446847,2,goalsSh,7.0
19901991,8447345,2,goalsSh,6.0
19901991,8449020,2,goalsSh,6.0
19901991,8452578,2,goalsSh,6.0
19901991,8449516,2,plusMinus,48.0
19901991,8446847,2,plusMinus,48.0
19901991,8448960,2,plusMinus,42.0
19901991,8450978,2,plusMinus,38.0
19901991,8448703,2,plusMinus,37.0
19901991,8447400,2,assists,122.0
19901991,8449951,2,assists,90.0
19901991,8448960,2,assists,75.0
19901991,8450725,2,assists,73.0
19901991,8445621,2,assists,73.0
19901991,8448091,2,goalsPp,29.0
19901991,8447067,2,goalsPp,22.0
19901991,8449893,2,goalsPp,22.0
19901991,8446997,2,goalsPp,20.0
19901991,8449499,2,goalsPp,19.0
19901991,8450678,2,penaltyMins,350.0
19901991,8450293,2,penaltyMins,320.0
19901991,8450561,2,penaltyMins,315.0
19901991,8449961,2,penaltyMins,296.0
19901991,8445440,2,penaltyMins,293.0
19901991,8448091,2,goals,86.0
19901991,8452578,2,goals,51.0
19901991,8446847,2,goals,51.0
19901991,8449812,2,goals,51.0
19901991,8447067,2,goals,49.0
19901991,8447400,2,points,163.0
19901991,8448091,2,points,131.0
19901991,8449951,2,points,115.0
19901991,8450725,2,points,113.0
19901991,8446251,2,points,110.0
19901991,8446208,3,goalsSh,2.0
19901991,8448782,3,goalsSh,2.0
19901991,8448824,3,goalsSh,1.0
19901991,8451080,3,goalsSh,1.0
19901991,8451596,3,goalsSh,1.0
19901991,8449743,3,plusMinus,17.0
19901991,8449745,3,plusMinus,17.0
19901991,8448782,3,plusMinus,14.0
19901991,8451711,3,plusMinus,14.0
19901991,8446951,3,plusMinus,13.0
19901991,8448782,3,assists,28.0
19901991,8450725,3,assists,24.0
19901991,8445417,3,assists,19.0
19901991,8445621,3,assists,18.0
19901991,8449745,3,assists,18.0
19901991,8449812,3,goalsPp,9.0
19901991,8450595,3,goalsPp,8.0
19901991,8451711,3,goalsPp,7.0
19901991,8445417,3,goalsPp,6.0
19901991,8446997,3,goalsPp,6.0
19901991,8449498,3,penaltyMins,94.0
19901991,8446071,3,penaltyMins,90.0
19901991,8451869,3,penaltyMins,78.0
19901991,8450905,3,penaltyMins,63.0
19901991,8449883,3,penaltyMins,62.0
19901991,8451711,3,goals,17.0
19901991,8448782,3,goals,16.0
19901991,8449812,3,goals,16.0
19901991,8446997,3,goals,12.0
19901991,8451905,3,goals,12.0
19901991,8448782,3,points,44.0
19901991,8450725,3,points,34.0
19901991,8451711,3,points,33.0
19901991,8445417,3,points,29.0
19901991,8446997,3,points,27.0
19911992,8452578,2,goalsSh,8.0
19911992,8448091,2,goalsSh,5.0
19911992,8450832,2,goalsSh,5.0
19911992,8448782,2,goalsSh,4.0
19911992,8451793,2,goalsSh,4.0
19911992,8452571,2,plusMinus,44.0
19911992,8449403,2,plusMinus,39.0
19911992,8457063,2,plusMinus,36.0
19911992,8450223,2,plusMinus,34.0
19911992,8447569,2,plusMinus,33.0
19911992,8447400,2,assists,90.0
19911992,8448782,2,assists,87.0
19911992,8448769,2,assists,80.0
19911992,8449951,2,assists,79.0
19911992,8447685,2,assists,75.0
19911992,8445000,2,goalsPp,28.0
19911992,8450941,2,goalsPp,26.0
19911992,8448626,2,goalsPp,23.0
19911992,8450978,2,goalsPp,22.0
19911992,8448489,2,goalsPp,21.0
19911992,8450293,2,penaltyMins,408.0
19911992,8450678,2,penaltyMins,354.0
19911992,8449961,2,penaltyMins,348.0
19911992,8451709,2,penaltyMins,338.0
19911992,8446989,2,penaltyMins,326.0
19911992,8448091,2,goals,70.0
19911992,8451711,2,goals,54.0
19911992,8450978,2,goals,53.0
19911992,8450900,2,goals,53.0
19911992,8448626,2,goals,46.0
19911992,8448782,2,points,131.0
19911992,8451711,2,points,123.0
19911992,8447400,2,points,121.0
19911992,8448091,2,points,109.0
19911992,8450941,2,points,107.0
19911992,8446788,3,goalsSh,2.0
19911992,8449573,3,goalsSh,2.0
19911992,8448782,3,goalsSh,2.0
19911992,8448091,3,goalsSh,1.0
19911992,8446129,3,goalsSh,1.0
19911992,8446053,3,plusMinus,19.0
19911992,8451558,3,plusMinus,12.0
19911992,8450978,3,plusMinus,11.0
19911992,8450089,3,plusMinus,10.0
19911992,8447345,3,plusMinus,9.0
19911992,8446951,3,assists,19.0
19911992,8448782,3,assists,18.0
19911992,8449751,3,assists,16.0
19911992,8451711,3,assists,15.0
19911992,8446053,3,assists,15.0
19911992,8448782,3,goalsPp,8.0
19911992,8448626,3,goalsPp,5.0
19911992,8449751,3,goalsPp,4.0
19911992,8449881,3,goalsPp,4.0
19911992,8450978,3,goalsPp,4.0
19911992,8445461,3,penaltyMins,47.0
19911992,8450824,3,penaltyMins,45.0
19911992,8449123,3,penaltyMins,44.0
19911992,8451657,3,penaltyMins,42.0
19911992,8458715,3,penaltyMins,39.0
19911992,8448782,3,goals,16.0
19911992,8451711,3,goals,13.0
19911992,8450978,3,goals,12.0
19911992,8448208,3,goals,11.0
19911992,8446951,3,goals,8.0
19911992,8448782,3,points,34.0
19911992,8451711,3,points,28.0
19911992,8446951,3,points,27.0
19911992,8448208,3,points,24.0
19911992,8449751,3,points,24.0
19921993,8455738,2,goalsSh,7.0
19921993,8452578,2,goalsSh,7.0
19921993,8448782,2,goalsSh,6.0
19921993,8452569,2,goalsSh,6.0
19921993,8450773,2,goalsSh,5.0
19921993,8448782,2,plusMinus,55.0
19921993,8449745,2,plusMinus,45.0
19921993,8445621,2,plusMinus,38.0
19921993,8451107,2,plusMinus,36.0
19921993,8449957,2,plusMinus,35.0
19921993,8449951,2,assists,97.0
19921993,8448626,2,assists,95.0
19921993,8447206,2,assists,95.0
19921993,8448782,2,assists,91.0
19921993,8448222,2,assists,82.0
19921993,8445000,2,goalsPp,32.0
19921993,8448091,2,goalsPp,29.0
19921993,8449654,2,goalsPp,27.0
19921993,8451711,2,goalsPp,26.0
19921993,8451991,2,goalsPp,24.0
19921993,8449516,2,penaltyMins,399.0
19921993,8449961,2,penaltyMins,370.0
19921993,8446454,2,penaltyMins,344.0
19921993,8448539,2,penaltyMins,325.0
19921993,8450293,2,penaltyMins,318.0
19921993,8457981,2,goals,76.0
19921993,8449654,2,goals,76.0
19921993,8448782,2,goals,69.0
19921993,8450941,2,goals,63.0
19921993,8455738,2,goals,60.0
19921993,8448782,2,points,160.0
19921993,8448626,2,points,148.0
19921993,8449951,2,points,142.0
19921993,8452578,2,points,137.0
19921993,8457981,2,points,132.0
19921993,8445423,3,goalsSh,2.0
19921993,8446830,3,goalsSh,2.0
19921993,8451866,3,goalsSh,2.0
19921993,8448569,3,goalsSh,2.0
19921993,8450512,3,goalsSh,1.0
19921993,8447206,3,plusMinus,16.0
19921993,8446085,3,plusMinus,15.0
19921993,8451224,3,plusMinus,10.0
19921993,8450645,3,plusMinus,10.0
19921993,8448415,3,plusMinus,10.0
19921993,8447400,3,assists,25.0
19921993,8447206,3,assists,25.0
19921993,8451122,3,assists,17.0
19921993,8450941,3,assists,13.0
19921993,8448415,3,assists,13.0
19921993,8448091,3,goalsPp,5.0
19921993,8444894,3,goalsPp,5.0
19921993,8446303,3,goalsPp,5.0
19921993,8448117,3,goalsPp,4.0
19921993,8451711,3,goalsPp,4.0
19921993,8449516,3,penaltyMins,60.0
19921993,8446085,3,penaltyMins,51.0
19921993,8450389,3,penaltyMins,50.0
19921993,8447350,3,penaltyMins,50.0
19921993,8445550,3,penaltyMins,46.0
19921993,8447400,3,goals,15.0
19921993,8446823,3,goals,13.0
19921993,8445000,3,goals,12.0
19921993,8446303,3,goals,11.0
19921993,8447206,3,goals,10.0
19921993,8447400,3,points,40.0
19921993,8447206,3,points,35.0
19921993,8451122,3,points,25.0
19921993,8446303,3,points,23.0
19921993,8450941,3,points,22.0
19931994,8451302,2,goalsSh,7.0
19931994,8450523,2,goalsSh,5.0
19931994,8457297,2,goalsSh,5.0
19931994,8447067,2,goalsSh,5.0
19931994,8457319,2,goalsSh,5.0
19931994,8451715,2,plusMinus,53.0
19931994,8446788,2,plusMinus,48.0
19931994,8457063,2,plusMinus,43.0
19931994,8446955,2,plusMinus,38.0
19931994,8450900,2,plusMinus,37.0
19931994,8447400,2,assists,92.0
19931994,8447206,2,assists,84.0
19931994,8449951,2,assists,80.0
19931994,8458494,2,assists,77.0
19931994,8445621,2,assists,71.0
19931994,8455738,2,goalsPp,25.0
19931994,8448091,2,goalsPp,25.0
19931994,8450941,2,goalsPp,24.0
19931994,8450978,2,goalsPp,24.0
19931994,8458229,2,goalsPp,22.0
19931994,8446454,2,penaltyMins,347.0
19931994,8446071,2,penaltyMins,333.0
19931994,8451089,2,penaltyMins,322.0
19931994,8445440,2,penaltyMins,305.0
19931994,8446125,2,penaltyMins,278.0
19931994,8455738,2,goals,60.0
19931994,8448091,2,goals,57.0
19931994,8446788,2,goals,56.0
19931994,8445000,2,goals,53.0
19931994,8451302,2,goals,52.0
19931994,8447400,2,points,130.0
19931994,8446788,2,points,120.0
19931994,8449951,2,points,112.0
19931994,8447206,2,points,111.0
19931994,8455738,2,points,107.0
19931994,8450073,3,goalsSh,2.0
19931994,8449607,3,goalsSh,1.0
19931994,8446485,3,goalsSh,1.0
19931994,8457063,3,goalsSh,1.0
19931994,8458155,3,goalsSh,1.0
19931994,8448769,3,plusMinus,19.0
19931994,8445461,3,plusMinus,17.0
19931994,8449573,3,plusMinus,14.0
19931994,8458579,3,plusMinus,13.0
19931994,8456547,3,plusMinus,13.0
19931994,8448769,3,assists,23.0
19931994,8447206,3,assists,22.0
19931994,8449573,3,assists,18.0
19931994,8455738,3,assists,15.0
19931994,8446626,3,assists,15.0
19931994,8458672,3,goalsPp,6.0
19931994,8447206,3,goalsPp,5.0
19931994,8458529,3,goalsPp,5.0
19931994,8448825,3,goalsPp,5.0
19931994,8448769,3,goalsPp,4.0
19931994,8450293,3,penaltyMins,64.0
19931994,8449669,3,penaltyMins,56.0
19931994,8450073,3,penaltyMins,52.0
19931994,8446205,3,penaltyMins,51.0
19931994,8445461,3,penaltyMins,50.0
19931994,8455738,3,goals,16.0
19931994,8449573,3,goals,12.0
19931994,8448825,3,goals,12.0
19931994,8448769,3,goals,11.0
19931994,8447364,3,goals,10.0
19931994,8448769,3,points,34.0
19931994,8455738,3,points,31.0
19931994,8449573,3,points,30.0
19931994,8447206,3,points,28.0
19931994,8448825,3,points,25.0
19941995,8445575,2,goalsSh,6.0
19941995,8450523,2,goalsSh,5.0
19941995,8447177,2,goalsSh,3.0
19941995,8446788,2,goalsSh,3.0
19941995,8458477,2,goalsSh,3.0
19941995,8446951,2,plusMinus,30.0
19941995,8448797,2,plusMinus,29.0
19941995,8446494,2,plusMinus,29.0
19941995,8458515,2,plusMinus,27.0
19941995,8448208,2,plusMinus,23.0
19941995,8446951,2,assists,48.0
19941995,8446117,2,assists,44.0
19941995,8451101,2,assists,43.0
19941995,8458515,2,assists,41.0
19941995,8449951,2,assists,41.0
19941995,8449812,2,goalsPp,16.0
19941995,8445176,2,goalsPp,13.0
19941995,8449895,2,goalsPp,13.0
19941995,8449654,2,goalsPp,12.0
19941995,8445575,2,goalsPp,12.0
19941995,8455875,2,penaltyMins,225.0
19941995,8446071,2,penaltyMins,186.0
19941995,8449137,2,penaltyMins,184.0
19941995,8445440,2,penaltyMins,173.0
19941995,8450678,2,penaltyMins,173.0
19941995,8445575,2,goals,34.0
19941995,8448208,2,goals,32.0
19941995,8458487,2,goals,30.0
19941995,8449895,2,goals,30.0
19941995,8451343,2,goals,30.0
19941995,8448208,2,points,70.0
19941995,8458515,2,points,70.0
19941995,8458487,2,points,65.0
19941995,8451101,2,points,62.0
19941995,8446951,2,points,59.0
19941995,8446208,3,goalsSh,2.0
19941995,8455738,3,goalsSh,2.0
19941995,8446743,3,goalsSh,1.0
19941995,8450523,3,goalsSh,1.0
19941995,8451101,3,goalsSh,1.0
19941995,8445730,3,plusMinus,14.0
19941995,8446407,3,plusMinus,13.0
19941995,8446484,3,plusMinus,13.0
19941995,8446788,3,plusMinus,13.0
19941995,8445724,3,plusMinus,13.0
19941995,8446788,3,assists,17.0
19941995,8450825,3,assists,15.0
19941995,8446951,3,assists,13.0
19941995,8449499,3,assists,13.0
19941995,8449745,3,assists,13.0
19941995,8446063,3,goalsPp,6.0
19941995,8458940,3,goalsPp,5.0
19941995,8448769,3,goalsPp,3.0
19941995,8452216,3,goalsPp,3.0
19941995,8446205,3,goalsPp,3.0
19941995,8444945,3,penaltyMins,49.0
19941995,8449961,3,penaltyMins,47.0
19941995,8450550,3,penaltyMins,45.0
19941995,8448394,3,penaltyMins,36.0
19941995,8446205,3,penaltyMins,34.0
19941995,8448772,3,goals,13.0
19941995,8448208,3,goals,10.0
19941995,8456887,3,goals,9.0
19941995,8449751,3,goals,9.0
19941995,8446063,3,goals,9.0
19941995,8446788,3,points,24.0
19941995,8450825,3,points,21.0
19941995,8445724,3,points,19.0
19941995,8446951,3,points,19.0
19941995,8451146,3,points,18.0
19951996,8448782,2,goalsSh,8.0
19951996,8450773,2,goalsSh,6.0
19951996,8451774,2,goalsSh,6.0
19951996,8445202,2,goalsSh,6.0
19951996,8446830,2,goalsSh,6.0
19951996,8456870,2,plusMinus,60.0
19951996,8446788,2,plusMinus,49.0
19951996,8446789,2,plusMinus,37.0
19951996,8449807,2,plusMinus,37.0
19951996,8456887,2,plusMinus,33.0
19951996,8448782,2,assists,92.0
19951996,8446951,2,assists,92.0
19951996,8448208,2,assists,87.0
19951996,8458520,2,assists,86.0
19951996,8458361,2,assists,79.0
19951996,8448782,2,goalsPp,31.0
19951996,8458229,2,goalsPp,20.0
19951996,8448208,2,goalsPp,20.0
19951996,8459426,2,goalsPp,20.0
19951996,8449545,2,goalsPp,19.0
19951996,8459019,2,penaltyMins,335.0
19951996,8455875,2,penaltyMins,306.0
19951996,8446454,2,penaltyMins,297.0
19951996,8457261,2,penaltyMins,295.0
19951996,8450678,2,penaltyMins,287.0
19951996,8448782,2,goals,69.0
19951996,8448208,2,goals,62.0
19951996,8449654,2,goals,55.0
19951996,8445575,2,goals,52.0
19951996,8451101,2,goals,51.0
19951996,8448782,2,points,161.0
19951996,8448208,2,points,149.0
19951996,8451101,2,points,120.0
19951996,8446951,2,points,119.0
19951996,8458520,2,points,116.0
19951996,8446117,3,goalsSh,2.0
19951996,8459748,3,goalsSh,1.0
19951996,8446251,3,goalsSh,1.0
19951996,8449951,3,goalsSh,1.0
19951996,8456556,3,goalsSh,1.0
19951996,8447363,3,plusMinus,13.0
19951996,8456283,3,plusMinus,11.0
19951996,8456770,3,plusMinus,11.0
19951996,8451101,3,plusMinus,10.0
19951996,8455521,3,plusMinus,10.0
19951996,8446788,3,assists,18.0
19951996,8451101,3,assists,16.0
19951996,8448782,3,assists,16.0
19951996,8458544,3,assists,14.0
19951996,8447400,3,assists,14.0
19951996,8447364,3,goalsPp,6.0
19951996,8446167,3,goalsPp,6.0
19951996,8446063,3,goalsPp,6.0
19951996,8451101,3,goalsPp,6.0
19951996,8448208,3,goalsPp,5.0
19951996,8457003,3,penaltyMins,62.0
19951996,8448772,3,penaltyMins,55.0
19951996,8460492,3,penaltyMins,52.0
19951996,8457704,3,penaltyMins,50.0
19951996,8449545,3,penaltyMins,44.0
19951996,8451101,3,goals,18.0
19951996,8448782,3,goals,11.0
19951996,8448208,3,goals,11.0
19951996,8456770,3,goals,10.0
19951996,8458520,3,goals,10.0
19951996,8451101,3,points,34.0
19951996,8448782,3,points,27.0
19951996,8448208,3,points,23.0
19951996,8456770,3,points,22.0
19951996,8458520,3,points,21.0
19961997,8458976,2,goalsSh,6.0
19961997,8449573,2,goalsSh,5.0
19961997,8456849,2,goalsSh,5.0
19961997,8449645,2,goalsSh,5.0
19961997,8448455,2,goalsSh,4.0
19961997,8448622,2,plusMinus,44.0
19961997,8449645,2,plusMinus,43.0
19961997,8456870,2,plusMinus,38.0
19961997,8445000,2,plusMinus,38.0
19961997,8458172,2,plusMinus,37.0
19961997,8448782,2,assists,72.0
19961997,8447400,2,assists,72.0
19961997,8446951,2,assists,63.0
19961997,8452578,2,assists,63.0
19961997,8458361,2,assists,61.0
19961997,8451302,2,goalsPp,20.0
19961997,8460496,2,goalsPp,20.0
19961997,8459426,2,goalsPp,15.0
19961997,8448782,2,goalsPp,15.0
19961997,8456882,2,goalsPp,14.0
19961997,8449961,2,penaltyMins,371.0
19961997,8450561,2,penaltyMins,326.0
19961997,8457003,2,penaltyMins,313.0
19961997,8450678,2,penaltyMins,286.0
19961997,8446454,2,penaltyMins,275.0
19961997,8458229,2,goals,52.0
19961997,8457981,2,goals,51.0
19961997,8448782,2,goals,50.0
19961997,8448622,2,goals,50.0
19961997,8458540,2,goals,48.0
19961997,8448782,2,points,122.0
19961997,8457981,2,points,109.0
19961997,8459426,2,points,99.0
19961997,8448622,2,points,97.0
19961997,8447400,2,points,97.0
19961997,8459587,3,goalsSh,3.0
19961997,8455429,3,goalsSh,2.0
19961997,8458525,3,goalsSh,2.0
19961997,8445735,3,goalsSh,2.0
19961997,8445734,3,goalsSh,1.0
19961997,8449745,3,plusMinus,16.0
19961997,8458202,3,plusMinus,14.0
19961997,8457063,3,plusMinus,12.0
19961997,8445735,3,plusMinus,9.0
19961997,8446407,3,plusMinus,9.0
19961997,8451101,3,assists,17.0
19961997,8458515,3,assists,14.0
19961997,8456770,3,assists,14.0
19961997,8458544,3,assists,13.0
19961997,8448622,3,assists,12.0
19961997,8456770,3,goalsPp,5.0
19961997,8459426,3,goalsPp,4.0
19961997,8448772,3,goalsPp,4.0
19961997,8445735,3,goalsPp,4.0
19961997,8448622,3,goalsPp,4.0
19961997,8456283,3,penaltyMins,62.0
19961997,8458524,3,penaltyMins,60.0
19961997,8451022,3,penaltyMins,55.0
19961997,8451302,3,penaltyMins,43.0
19961997,8446789,3,penaltyMins,42.0
19961997,8448772,3,goals,13.0
19961997,8445735,3,goals,13.0
19961997,8458515,3,goals,12.0
19961997,8447400,3,goals,10.0
19961997,8448622,3,goals,9.0
19961997,8458515,3,points,26.0
19961997,8451101,3,points,25.0
19961997,8448772,3,points,23.0
19961997,8456770,3,points,22.0
19961997,8445735,3,points,21.0
19971998,8455738,2,goalsSh,6.0
19971998,8460501,2,goalsSh,6.0
19971998,8446165,2,goalsSh,5.0
19971998,8458976,2,goalsSh,5.0
19971998,8445575,2,goalsSh,5.0
19971998,8459424,2,plusMinus,47.0
19971998,8449745,2,plusMinus,35.0
19971998,8459439,2,plusMinus,33.0
19971998,8449450,2,plusMinus,30.0
19971998,8448622,2,plusMinus,30.0
19971998,8448208,2,assists,67.0
19971998,8447400,2,assists,67.0
19971998,8458520,2,assists,66.0
19971998,8446951,2,assists,62.0
19971998,8458554,2,assists,58.0
19971998,8458540,2,goalsPp,17.0
19971998,8448622,2,goalsPp,16.0
19971998,8455521,2,goalsPp,15.0
19971998,8451302,2,goalsPp,15.0
19971998,8449893,2,goalsPp,14.0
19971998,8458515,2,faceoffLeaders,0.6013
19971998,8449893,2,faceoffLeaders,0.5945
19971998,8446036,2,faceoffLeaders,0.5935
19971998,8448225,2,faceoffLeaders,0.5801
19971998,8452578,2,faceoffLeaders,0.5788
19971998,8459246,2,penaltyMins,372.0
19971998,8446454,2,penaltyMins,365.0
19971998,8459486,2,penaltyMins,295.0
19971998,8457003,2,penaltyMins,293.0
19971998,8450389,2,penaltyMins,291.0
19971998,8457981,2,goals,52.0
19971998,8445575,2,goals,52.0
19971998,8455738,2,goals,51.0
19971998,8448622,2,goals,51.0
19971998,8458540,2,goals,45.0
19971998,8448208,2,points,102.0
19971998,8458520,2,points,91.0
19971998,8455738,2,points,90.0
19971998,8447400,2,points,90.0
19971998,8448622,2,points,87.0
19971998,8446053,2,toi,1812.1358
19971998,8445621,2,toi,1801.6951
19971998,8448769,2,toi,1789.9342
19971998,8459424,2,toi,1638.9012
19971998,8457063,2,toi,1634.2375
19971998,8449745,3,goalsSh,2.0
19971998,8450978,3,goalsSh,2.0
19971998,8449951,3,goalsSh,1.0
19971998,8452578,3,goalsSh,1.0
19971998,8458951,3,goalsSh,1.0
19971998,8449745,3,plusMinus,12.0
19971998,8457063,3,plusMinus,12.0
19971998,8452578,3,plusMinus,10.0
19971998,8455666,3,plusMinus,9.0
19971998,8448287,3,plusMinus,9.0
19971998,8452578,3,assists,18.0
19971998,8457063,3,assists,13.0
19971998,8458983,3,assists,13.0
19971998,8460743,3,assists,12.0
19971998,8449745,3,assists,12.0
19971998,8456464,3,goalsPp,4.0
19971998,8459534,3,goalsPp,4.0
19971998,8458542,3,goalsPp,4.0
19971998,8458494,3,goalsPp,3.0
19971998,8452578,3,goalsPp,3.0
19971998,8458515,3,faceoffLeaders,0.6229
19971998,8452578,3,faceoffLeaders,0.6022
19971998,8447958,3,faceoffLeaders,0.5949
19971998,8445735,3,faceoffLeaders,0.5809
19971998,8451101,3,faceoffLeaders,0.5796
19971998,8458959,3,penaltyMins,47.0
19971998,8451869,3,penaltyMins,42.0
19971998,8456531,3,penaltyMins,39.0
19971998,8458637,3,penaltyMins,36.0
19971998,8458595,3,penaltyMins,36.0
19971998,8446788,3,goals,10.0
19971998,8458524,3,goals,9.0
19971998,8460743,3,goals,7.0
19971998,8456760,3,goals,7.0
19971998,8459019,3,goals,7.0
19971998,8452578,3,points,24.0
19971998,8446788,3,points,20.0
19971998,8460743,3,points,19.0
19971998,8457063,3,points,19.0
19971998,8456760,3,points,17.0
19971998,8445621,3,toi,2089.5
19971998,8458951,3,toi,1801.8571
19971998,8446407,3,toi,1740.6
19971998,8459174,3,toi,1734.0
19971998,8448960,3,toi,1722.375
19981999,8457646,2,goalsSh,5.0
19981999,8458525,2,goalsSh,5.0
19981999,8451101,2,goalsSh,5.0
19981999,8458955,2,goalsSh,4.0
19981999,8462041,2,goalsSh,4.0
19981999,8456793,2,plusMinus,39.0
19981999,8448622,2,plusMinus,36.0
19981999,8458515,2,plusMinus,35.0
19981999,8466249,2,plusMinus,33.0
19981999,8448960,2,plusMinus,33.0
19981999,8448208,2,assists,83.0
19981999,8458520,2,assists,67.0
19981999,8459426,2,assists,62.0
19981999,8457981,2,assists,60.0
19981999,8451101,2,assists,55.0
19981999,8457981,2,goalsPp,25.0
19981999,8458939,2,goalsPp,19.0
19981999,8459053,2,goalsPp,18.0
19981999,8448622,2,goalsPp,16.0
19981999,8458530,2,goalsPp,15.0
19981999,8449893,2,faceoffLeaders,0.6324
19981999,8458515,2,faceoffLeaders,0.6003
19981999,8449951,2,faceoffLeaders,0.5924
19981999,8458192,2,faceoffLeaders,0.5827
19981999,8458561,2,faceoffLeaders,0.574
19981999,8450678,2,penaltyMins,261.0
19981999,8457566,2,penaltyMins,259.0
19981999,8462198,2,penaltyMins,258.0
19981999,8460846,2,penaltyMins,242.0
19981999,8459486,2,penaltyMins,240.0
19981999,8457981,2,goals,47.0
19981999,8448208,2,goals,44.0
19981999,8458939,2,goals,44.0
19981999,8455429,2,goals,44.0
19981999,8448622,2,goals,43.0
19981999,8448208,2,points,127.0
19981999,8457981,2,points,107.0
19981999,8459426,2,points,101.0
19981999,8458520,2,points,97.0
19981999,8451101,2,points,96.0
19981999,8459424,2,toi,1836.3582
19981999,8448769,2,toi,1792.1829
19981999,8445621,2,toi,1770.7284
19981999,8448960,2,toi,1747.2195
19981999,8446053,2,toi,1599.3467
19981999,8458347,3,goalsSh,2.0
19981999,8446303,3,goalsSh,2.0
19981999,8458976,3,goalsSh,1.0
19981999,8448415,3,goalsSh,1.0
19981999,8451101,3,goalsSh,1.0
19981999,8462045,3,plusMinus,13.0
19981999,8458494,3,plusMinus,13.0
19981999,8460517,3,plusMinus,12.0
19981999,8462258,3,plusMinus,9.0
19981999,8457384,3,plusMinus,8.0
19981999,8449645,3,assists,18.0
19981999,8458520,3,assists,16.0
19981999,8451101,3,assists,13.0
19981999,8446847,3,assists,12.0
19981999,8458494,3,assists,12.0
19981999,8458595,3,goalsPp,4.0
19981999,8459457,3,goalsPp,4.0
19981999,8455521,3,goalsPp,4.0
19981999,8452578,3,goalsPp,4.0
19981999,8458544,3,goalsPp,3.0
19981999,8459492,3,faceoffLeaders,0.7017
19981999,8459461,3,faceoffLeaders,0.6153
19981999,8458561,3,faceoffLeaders,0.6083
19981999,8449893,3,faceoffLeaders,0.5976
19981999,8452578,3,faceoffLeaders,0.5944
19981999,8458595,3,penaltyMins,52.0
19981999,8448117,3,penaltyMins,38.0
19981999,8459019,3,penaltyMins,35.0
19981999,8458638,3,penaltyMins,33.0
19981999,8460517,3,penaltyMins,32.0
19981999,8449893,3,goals,11.0
19981999,8459457,3,goals,10.0
19981999,8459024,3,goals,10.0
19981999,8452578,3,goals,9.0
19981999,8458520,3,goals,8.0
19981999,8458520,3,points,24.0
19981999,8449645,3,points,23.0
19981999,8449893,3,points,21.0
19981999,8451101,3,points,19.0
19981999,8459457,3,points,17.0
19981999,8459424,3,toi,2152.9231
19981999,8448960,3,toi,2113.6154
19981999,8464960,3,toi,1966.0
19981999,8445621,3,toi,1924.5
19981999,8446955,3,toi,1835.0
19992000,8466371,2,goalsSh,6.0
19992000,8455429,2,goalsSh,5.0
19992000,8457063,2,goalsSh,4.0
19992000,8462129,2,goalsSh,4.0
19992000,8448415,2,goalsSh,4.0
19992000,8459424,2,plusMinus,52.0
19992000,8446053,2,plusMinus,48.0
19992000,8459648,2,plusMinus,34.0
19992000,8451991,2,plusMinus,30.0
19992000,8451101,2,plusMinus,30.0
19992000,8450725,2,assists,63.0
19992000,8449951,2,assists,56.0
19992000,8448208,2,assists,54.0
19992000,8451101,2,assists,53.0
19992000,8457063,2,assists,53.0
19992000,8449895,2,goalsPp,18.0
19992000,8458620,2,goalsPp,16.0
19992000,8452578,2,goalsPp,15.0
19992000,8445621,2,goalsPp,13.0
19992000,8458969,2,goalsPp,13.0
19992000,8458561,2,faceoffLeaders,0.618
19992000,8449893,2,faceoffLeaders,0.5909
19992000,8458192,2,faceoffLeaders,0.5885
19992000,8458515,2,faceoffLeaders,0.5781
19992000,8445735,2,faceoffLeaders,0.5698
19992000,8458888,2,penaltyMins,219.0
19992000,8460782,2,penaltyMins,202.0
19992000,8446454,2,penaltyMins,198.0
19992000,8459019,2,penaltyMins,197.0
19992000,8459008,2,penaltyMins,196.0
19992000,8455738,2,goals,58.0
19992000,8449895,2,goals,44.0
19992000,8455429,2,goals,43.0
19992000,8448208,2,goals,42.0
19992000,8459426,2,goals,42.0
19992000,8448208,2,points,96.0
19992000,8455738,2,points,94.0
19992000,8450725,2,points,91.0
19992000,8459426,2,points,86.0
19992000,8457981,2,points,85.0
19992000,8459424,2,toi,1814.4684
19992000,8458494,2,toi,1730.1948
19992000,8457063,2,toi,1724.679
19992000,8445550,2,toi,1709.5065
19992000,8460503,2,toi,1660.7381
19992000,8458517,3,goalsSh,2.0
19992000,8449895,3,goalsSh,2.0
19992000,8446036,3,goalsSh,1.0
19992000,8466371,3,goalsSh,1.0
19992000,8458494,3,goalsSh,1.0
19992000,8462159,3,plusMinus,9.0
19992000,8458520,3,plusMinus,9.0
19992000,8451715,3,plusMinus,9.0
19992000,8460542,3,plusMinus,9.0
19992000,8465005,3,plusMinus,9.0
19992000,8448091,3,assists,13.0
19992000,8449645,3,assists,13.0
19992000,8460542,3,assists,13.0
19992000,8459429,3,assists,12.0
19992000,8450725,3,assists,12.0
19992000,8449645,3,goalsPp,4.0
19992000,8448622,3,goalsPp,4.0
19992000,8458544,3,goalsPp,3.0
19992000,8448091,3,goalsPp,3.0
19992000,8449893,3,goalsPp,3.0
19992000,8449951,3,faceoffLeaders,0.6764
19992000,8452578,3,faceoffLeaders,0.6134
19992000,8446485,3,faceoffLeaders,0.6134
19992000,8462129,3,faceoffLeaders,0.6039
19992000,8449893,3,faceoffLeaders,0.5939
19992000,8451925,3,penaltyMins,49.0
19992000,8450824,3,penaltyMins,41.0
19992000,8449123,3,penaltyMins,33.0
19992000,8459424,3,penaltyMins,32.0
19992000,8459019,3,penaltyMins,29.0
19992000,8448091,3,goals,11.0
19992000,8449645,3,goals,10.0
19992000,8460465,3,goals,9.0
19992000,8459429,3,goals,8.0
19992000,8448208,3,goals,8.0
19992000,8448091,3,points,24.0
19992000,8449645,3,points,23.0
19992000,8459429,3,points,20.0
19992000,8460542,3,points,20.0
19992000,8450725,3,points,18.0
19992000,8465058,3,toi,1856.0
19992000,8457063,3,toi,1827.7778
19992000,8459424,3,toi,1813.7143
19992000,8445550,3,toi,1810.25
19992000,8445621,3,toi,1778.3077
20002001,8460719,2,goalsSh,8.0
20002001,8452285,2,goalsSh,7.0
20002001,8446847,2,goalsSh,7.0
20002001,8455738,2,goalsSh,5.0
20002001,8459587,2,goalsSh,4.0
20002001,8451101,2,plusMinus,45.0
20002001,8460542,2,plusMinus,45.0
20002001,8451715,2,plusMinus,40.0
20002001,8460465,2,plusMinus,36.0
20002001,8467856,2,plusMinus,36.0
20002001,8448208,2,assists,69.0
20002001,8449951,2,assists,69.0
20002001,8458955,2,assists,68.0
20002001,8458361,2,assists,65.0
20002001,8451101,2,assists,64.0
20002001,8445575,2,goalsPp,22.0
20002001,8455738,2,goalsPp,19.0
20002001,8451101,2,goalsPp,19.0
20002001,8466138,2,goalsPp,19.0
20002001,8459426,2,goalsPp,18.0
20002001,8458561,2,faceoffLeaders,0.6265
20002001,8445735,2,faceoffLeaders,0.604
20002001,8451359,2,faceoffLeaders,0.6033
20002001,8452578,2,faceoffLeaders,0.5956
20002001,8449951,2,faceoffLeaders,0.5887
20002001,8459019,2,penaltyMins,265.0
20002001,8462198,2,penaltyMins,248.0
20002001,8447386,2,penaltyMins,235.0
20002001,8458947,2,penaltyMins,229.0
20002001,8457566,2,penaltyMins,226.0
20002001,8455738,2,goals,59.0
20002001,8451101,2,goals,54.0
20002001,8448208,2,goals,52.0
20002001,8445575,2,goals,45.0
20002001,8458529,2,goals,44.0
20002001,8448208,2,points,121.0
20002001,8451101,2,points,118.0
20002001,8460542,2,points,96.0
20002001,8458529,2,points,95.0
20002001,8459439,2,points,95.0
20002001,8448769,2,toi,1761.4146
20002001,8457063,2,toi,1706.8049
20002001,8445550,2,toi,1665.7761
20002001,8459424,2,toi,1664.902
20002001,8455738,2,toi,1612.061
20002001,8460465,3,goalsSh,2.0
20002001,8452569,3,goalsSh,2.0
20002001,8460534,3,goalsSh,2.0
20002001,8460542,3,goalsSh,1.0
20002001,8456106,3,goalsSh,1.0
20002001,8460465,3,plusMinus,15.0
20002001,8467338,3,plusMinus,13.0
20002001,8460542,3,plusMinus,11.0
20002001,8459424,3,plusMinus,10.0
20002001,8467856,3,plusMinus,10.0
20002001,8460577,3,assists,16.0
20002001,8467338,3,assists,15.0
20002001,8460542,3,assists,14.0
20002001,8451101,3,assists,13.0
20002001,8445550,3,assists,13.0
20002001,8451101,3,goalsPp,5.0
20002001,8459429,3,goalsPp,5.0
20002001,8460577,3,goalsPp,4.0
20002001,8451898,3,goalsPp,4.0
20002001,8445550,3,goalsPp,3.0
20002001,8449951,3,faceoffLeaders,0.6842
20002001,8445735,3,faceoffLeaders,0.6455
20002001,8448825,3,faceoffLeaders,0.625
20002001,8458561,3,faceoffLeaders,0.6216
20002001,8451101,3,faceoffLeaders,0.5976
20002001,8456283,3,penaltyMins,47.0
20002001,8465005,3,penaltyMins,42.0
20002001,8458637,3,penaltyMins,41.0
20002001,8447958,3,penaltyMins,37.0
20002001,8451715,3,penaltyMins,37.0
20002001,8451101,3,goals,13.0
20002001,8460562,3,goals,11.0
20002001,8460465,3,goals,10.0
20002001,8460542,3,goals,9.0
20002001,8459429,3,goals,8.0
20002001,8451101,3,points,26.0
20002001,8460542,3,points,23.0
20002001,8460577,3,points,23.0
20002001,8460465,3,points,22.0
20002001,8467338,3,points,21.0
20002001,8459424,3,toi,2030.2667
20002001,8448960,3,toi,1845.9333
20002001,8458494,3,toi,1837.4
20002001,8445550,3,toi,1765.9565
20002001,8457063,3,toi,1757.3333
20012002,8458525,2,goalsSh,9.0
20012002,8458976,2,goalsSh,6.0
20012002,8459534,2,goalsSh,5.0
20012002,8459527,2,goalsSh,4.0
20012002,8460061,2,goalsSh,4.0
20012002,8446053,2,plusMinus,40.0
20012002,8450978,2,plusMinus,32.0
20012002,8467346,2,plusMinus,31.0
20012002,8458532,2,plusMinus,31.0
20012002,8465009,2,plusMinus,30.0
20012002,8449951,2,assists,64.0
20012002,8459439,2,assists,55.0
20012002,8451101,2,assists,53.0
20012002,8458530,2,assists,50.0
20012002,8446951,2,assists,50.0
20012002,8445575,2,goalsPp,17.0
20012002,8462042,2,goalsPp,16.0
20012002,8459534,2,goalsPp,15.0
20012002,8458939,2,goalsPp,15.0
20012002,8458540,2,goalsPp,15.0
20012002,8458561,2,faceoffLeaders,0.6127
20012002,8445735,2,faceoffLeaders,0.5918
20012002,8446951,2,faceoffLeaders,0.5889
20012002,8449893,2,faceoffLeaders,0.5882
20012002,8452578,2,faceoffLeaders,0.5837
20012002,8462198,2,penaltyMins,354.0
20012002,8466146,2,penaltyMins,254.0
20012002,8467493,2,penaltyMins,231.0
20012002,8460836,2,penaltyMins,221.0
20012002,8446847,2,penaltyMins,216.0
20012002,8462042,2,goals,52.0
20012002,8451774,2,goals,41.0
20012002,8458532,2,goals,41.0
20012002,8456464,2,goals,41.0
20012002,8458530,2,goals,40.0
20012002,8462042,2,points,96.0
20012002,8458530,2,points,90.0
20012002,8459444,2,points,85.0
20012002,8451774,2,points,80.0
20012002,8448208,2,points,79.0
20012002,8459424,2,toi,1768.4359
20012002,8459053,2,toi,1733.642
20012002,8457063,2,toi,1728.5513
20012002,8445550,2,toi,1654.7067
20012002,8448960,2,toi,1615.831
20012002,8459001,3,goalsSh,2.0
20012002,8448091,3,goalsSh,2.0
20012002,8457063,3,goalsSh,1.0
20012002,8445735,3,goalsSh,1.0
20012002,8446788,3,goalsSh,1.0
20012002,8446053,3,plusMinus,15.0
20012002,8458942,3,plusMinus,10.0
20012002,8445734,3,plusMinus,8.0
20012002,8458520,3,plusMinus,8.0
20012002,8465200,3,plusMinus,7.0
20012002,8458520,3,assists,18.0
20012002,8452578,3,assists,17.0
20012002,8446788,3,assists,14.0
20012002,8446053,3,assists,13.0
20012002,8450900,3,assists,12.0
20012002,8446951,3,goalsPp,4.0
20012002,8456595,3,goalsPp,4.0
20012002,8451101,3,goalsPp,4.0
20012002,8452578,3,goalsPp,4.0
20012002,8449545,3,goalsPp,4.0
20012002,8449951,3,faceoffLeaders,0.616
20012002,8456430,3,faceoffLeaders,0.6055
20012002,8467682,3,faceoffLeaders,0.5921
20012002,8452578,3,faceoffLeaders,0.5921
20012002,8450550,3,faceoffLeaders,0.5825
20012002,8446454,3,penaltyMins,61.0
20012002,8450900,3,penaltyMins,56.0
20012002,8449961,3,penaltyMins,47.0
20012002,8446053,3,penaltyMins,44.0
20012002,8459574,3,penaltyMins,38.0
20012002,8448091,3,goals,10.0
20012002,8458520,3,goals,9.0
20012002,8451101,3,goals,9.0
20012002,8451302,3,goals,8.0
20012002,8460495,3,goals,8.0
20012002,8458520,3,points,27.0
20012002,8452578,3,points,23.0
20012002,8451101,3,points,19.0
20012002,8451302,3,points,19.0
20012002,8450900,3,points,19.0
20012002,8459053,3,toi,1939.0
20012002,8457063,3,toi,1870.4783
20012002,8459462,3,toi,1772.8
20012002,8458938,3,toi,1748.5714
20012002,8448960,3,toi,1742.5
20022003,8459527,2,goalsSh,6.0
20022003,8458525,2,goalsSh,5.0
20022003,8459001,2,goalsSh,4.0
20022003,8460534,2,goalsSh,4.0
20022003,8465951,2,goalsSh,4.0
20022003,8458520,2,plusMinus,52.0
20022003,8460577,2,plusMinus,52.0
20022003,8457063,2,plusMinus,40.0
20022003,8459024,2,plusMinus,39.0
20022003,8456531,2,plusMinus,37.0
20022003,8458520,2,assists,77.0
20022003,8466138,2,assists,65.0
20022003,8448782,2,assists,63.0
20022003,8459648,2,assists,57.0
20022003,8449645,2,assists,57.0
20022003,8459444,2,goalsPp,25.0
20022003,8458530,2,goalsPp,24.0
20022003,8468482,2,goalsPp,19.0
20022003,8460577,2,goalsPp,18.0
20022003,8451774,2,goalsPp,16.0
20022003,8458561,2,faceoffLeaders,0.6288
20022003,8459425,2,faceoffLeaders,0.5857
20022003,8449893,2,faceoffLeaders,0.5849
20022003,8445000,2,faceoffLeaders,0.5837
20022003,8447958,2,faceoffLeaders,0.582
20022003,8462535,2,penaltyMins,249.0
20022003,8465207,2,penaltyMins,234.0
20022003,8460524,2,penaltyMins,201.0
20022003,8460502,2,penaltyMins,196.0
20022003,8462198,2,penaltyMins,193.0
20022003,8460577,2,goals,50.0
20022003,8458530,2,goals,48.0
20022003,8459444,2,goals,46.0
20022003,8466148,2,goals,45.0
20022003,8458532,2,goals,44.0
20022003,8458520,2,points,106.0
20022003,8458530,2,points,104.0
20022003,8466138,2,points,101.0
20022003,8460577,2,points,98.0
20022003,8459444,2,points,97.0
20022003,8457063,2,toi,1760.4512
20022003,8459053,2,toi,1740.6849
20022003,8448960,2,toi,1614.9125
20022003,8458951,2,toi,1594.6098
20022003,8458938,2,toi,1594.3562
20022003,8459427,3,goalsSh,2.0
20022003,8452285,3,goalsSh,2.0
20022003,8466378,3,goalsSh,2.0
20022003,8468568,3,goalsSh,1.0
20022003,8466371,3,goalsSh,1.0
20022003,8451715,3,plusMinus,14.0
20022003,8458517,3,plusMinus,11.0
20022003,8459457,3,plusMinus,11.0
20022003,8460501,3,plusMinus,10.0
20022003,8466371,3,plusMinus,10.0
20022003,8458517,3,assists,16.0
20022003,8466148,3,assists,11.0
20022003,8458991,3,assists,11.0
20022003,8466371,3,assists,10.0
20022003,8449645,3,assists,10.0
20022003,8458361,3,goalsPp,5.0
20022003,8459596,3,goalsPp,4.0
20022003,8460492,3,goalsPp,4.0
20022003,8460621,3,goalsPp,4.0
20022003,8468483,3,goalsPp,4.0
20022003,8446788,3,faceoffLeaders,0.6333
20022003,8458192,3,faceoffLeaders,0.6275
20022003,8467423,3,faceoffLeaders,0.625
20022003,8465056,3,faceoffLeaders,0.6179
20022003,8460533,3,faceoffLeaders,0.6153
20022003,8459444,3,penaltyMins,60.0
20022003,8456531,3,penaltyMins,33.0
20022003,8465005,3,penaltyMins,29.0
20022003,8458125,3,penaltyMins,26.0
20022003,8464962,3,penaltyMins,26.0
20022003,8459457,3,goals,11.0
20022003,8460501,3,goals,10.0
20022003,8468483,3,goals,9.0
20022003,8452285,3,goals,7.0
20022003,8459596,3,goals,7.0
20022003,8459457,3,points,18.0
20022003,8458517,3,points,18.0
20022003,8468483,3,points,17.0
20022003,8466371,3,points,16.0
20022003,8466148,3,points,16.0
20022003,8457063,3,toi,2015.25
20022003,8459053,3,toi,1903.0
20022003,8458494,3,toi,1844.8333
20022003,8465200,3,toi,1803.7143
20022003,8456531,3,toi,1801.9091
20032004,8466378,2,goalsSh,8.0
20032004,8446485,2,goalsSh,5.0
20032004,8459446,2,goalsSh,5.0
20032004,8467844,2,goalsSh,4.0
20032004,8456734,2,goalsSh,4.0
20032004,8459493,2,plusMinus,35.0
20032004,8466378,2,plusMinus,35.0
20032004,8465009,2,plusMinus,33.0
20032004,8460556,2,plusMinus,31.0
20032004,8467338,2,plusMinus,30.0
20032004,8466378,2,assists,56.0
20032004,8467351,2,assists,56.0
20032004,8458943,2,assists,55.0
20032004,8451101,2,assists,54.0
20032004,8467338,2,assists,54.0
20032004,8470041,2,goalsPp,19.0
20032004,8458229,2,goalsPp,18.0
20032004,8469454,2,goalsPp,16.0
20032004,8460577,2,goalsPp,16.0
20032004,8445575,2,goalsPp,14.0
20032004,8458561,2,faceoffLeaders,0.6515
20032004,8445735,2,faceoffLeaders,0.6109
20032004,8449893,2,faceoffLeaders,0.6041
20032004,8458983,2,faceoffLeaders,0.5808
20032004,8445000,2,faceoffLeaders,0.5776
20032004,8468224,2,penaltyMins,261.0
20032004,8458031,2,penaltyMins,250.0
20032004,8459486,2,penaltyMins,247.0
20032004,8462535,2,penaltyMins,228.0
20032004,8459246,2,penaltyMins,212.0
20032004,8469454,2,goals,41.0
20032004,8462042,2,goals,41.0
20032004,8470041,2,goals,41.0
20032004,8466378,2,goals,38.0
20032004,8460542,2,goals,38.0
20032004,8466378,2,points,94.0
20032004,8469454,2,points,87.0
20032004,8451101,2,points,87.0
20032004,8458530,2,points,84.0
20032004,8466148,2,points,82.0
20032004,8457063,2,toi,1659.284
20032004,8459424,2,toi,1647.9125
20032004,8458951,2,toi,1646.3239
20032004,8459053,2,toi,1597.8395
20032004,8448769,2,toi,1577.2778
20032004,8462042,3,goalsSh,2.0
20032004,8450550,3,goalsSh,2.0
20032004,8459122,3,goalsSh,1.0
20032004,8466378,3,goalsSh,1.0
20032004,8458943,3,goalsSh,1.0
20032004,8462258,3,plusMinus,17.0
20032004,8462042,3,plusMinus,13.0
20032004,8455919,3,plusMinus,12.0
20032004,8450550,3,plusMinus,11.0
20032004,8467346,3,plusMinus,10.0
20032004,8466378,3,assists,15.0
20032004,8467389,3,assists,14.0
20032004,8445000,3,assists,13.0
20032004,8460556,3,assists,11.0
20032004,8455919,3,assists,11.0
20032004,8467389,3,goalsPp,7.0
20032004,8468172,3,goalsPp,5.0
20032004,8462042,3,goalsPp,4.0
20032004,8466139,3,goalsPp,4.0
20032004,8458031,3,goalsPp,4.0
20032004,8458561,3,faceoffLeaders,0.6666
20032004,8460533,3,faceoffLeaders,0.6321
20032004,8458069,3,faceoffLeaders,0.631
20032004,8451774,3,faceoffLeaders,0.6
20032004,8456966,3,faceoffLeaders,0.5988
20032004,8458031,3,penaltyMins,74.0
20032004,8460509,3,penaltyMins,63.0
20032004,8459246,3,penaltyMins,61.0
20032004,8460639,3,penaltyMins,61.0
20032004,8466210,3,penaltyMins,55.0
20032004,8462042,3,goals,13.0
20032004,8467389,3,goals,12.0
20032004,8468172,3,goals,12.0
20032004,8466378,3,goals,9.0
20032004,8450550,3,goals,9.0
20032004,8467389,3,points,26.0
20032004,8466378,3,points,24.0
20032004,8462042,3,points,22.0
20032004,8460556,3,points,19.0
20032004,8455919,3,points,17.0
20032004,8459462,3,toi,1727.3077
20032004,8448769,3,toi,1709.4615
20032004,8459053,3,toi,1700.8
20032004,8458494,3,toi,1680.8
20032004,8459424,3,toi,1673.8
20052006,8466148,2,goalsSh,7.0
20052006,8468535,2,goalsSh,6.0
20052006,8458525,2,goalsSh,5.0
20052006,8468523,2,goalsSh,5.0
20052006,8467988,2,goalsSh,5.0
20052006,8462033,2,plusMinus,35.0
20052006,8465058,2,plusMinus,35.0
20052006,8448208,2,plusMinus,34.0
20052006,8471236,2,plusMinus,34.0
20052006,8451224,2,plusMinus,33.0
20052006,8466138,2,assists,96.0
20052006,8469455,2,assists,71.0
20052006,8448208,2,assists,69.0
20052006,8462118,2,assists,69.0
20052006,8467389,2,assists,68.0
20052006,8469454,2,goalsPp,27.0
20052006,8448208,2,goalsPp,24.0
20052006,8467357,2,goalsPp,24.0
20052006,8467407,2,goalsPp,24.0
20052006,8468482,2,goalsPp,23.0
20052006,8458561,2,faceoffLeaders,0.6218
20052006,8449893,2,faceoffLeaders,0.5939
20052006,8445735,2,faceoffLeaders,0.5911
20052006,8446485,2,faceoffLeaders,0.5773
20052006,8468526,2,faceoffLeaders,0.5675
20052006,8468224,2,penaltyMins,257.0
20052006,8459433,2,penaltyMins,209.0
20052006,8467493,2,penaltyMins,204.0
20052006,8466160,2,penaltyMins,183.0
20052006,8459019,2,penaltyMins,178.0
20052006,8467357,2,goals,56.0
20052006,8448208,2,goals,54.0
20052006,8471214,2,goals,52.0
20052006,8469454,2,goals,52.0
20052006,8468482,2,goals,50.0
20052006,8466138,2,points,125.0
20052006,8448208,2,points,123.0
20052006,8471214,2,points,106.0
20052006,8468482,2,points,103.0
20052006,8460621,2,points,103.0
20052006,8459462,2,toi,1697.7397
20052006,8465200,2,toi,1690.4146
20052006,8457063,2,toi,1686.525
20052006,8459424,2,toi,1679.4
20052006,8465009,2,toi,1631.2958
20052006,8466371,3,goalsSh,2.0
20052006,8468508,3,goalsSh,1.0
20052006,8458976,3,goalsSh,1.0
20052006,8467915,3,goalsSh,1.0
20052006,8458517,3,goalsSh,1.0
20052006,8466182,3,plusMinus,14.0
20052006,8459587,3,plusMinus,14.0
20052006,8465042,3,plusMinus,14.0
20052006,8458943,3,plusMinus,12.0
20052006,8468508,3,plusMinus,12.0
20052006,8470595,3,assists,19.0
20052006,8458943,3,assists,17.0
20052006,8459424,3,assists,16.0
20052006,8464989,3,assists,14.0
20052006,8458361,3,assists,13.0
20052006,8470595,3,goalsPp,7.0
20052006,8445735,3,goalsPp,6.0
20052006,8460562,3,goalsPp,5.0
20052006,8458537,3,goalsPp,5.0
20052006,8460496,3,goalsPp,4.0
20052006,8451359,3,faceoffLeaders,0.6979
20052006,8459429,3,faceoffLeaders,0.6509
20052006,8456734,3,faceoffLeaders,0.6111
20052006,8459122,3,faceoffLeaders,0.5984
20052006,8468535,3,faceoffLeaders,0.5909
20052006,8462060,3,penaltyMins,44.0
20052006,8456547,3,penaltyMins,42.0
20052006,8470121,3,penaltyMins,34.0
20052006,8468508,3,penaltyMins,34.0
20052006,8467915,3,penaltyMins,33.0
20052006,8465170,3,goals,14.0
20052006,8445735,3,goals,12.0
20052006,8470595,3,goals,9.0
20052006,8458943,3,goals,9.0
20052006,8460562,3,goals,9.0
20052006,8470595,3,points,28.0
20052006,8458943,3,points,26.0
20052006,8459424,3,points,21.0
20052006,8464975,3,points,19.0
20052006,8467423,3,points,19.0
20052006,8457063,3,toi,1914.5
20052006,8459424,3,toi,1857.2917
20052006,8458494,3,toi,1781.8
20052006,8458517,3,toi,1733.8125
20052006,8445550,3,toi,1699.2222
20062007,8473533,2,goalsSh,7.0
20062007,8446485,2,goalsSh,5.0
20062007,8466378,2,goalsSh,5.0
20062007,8467329,2,goalsSh,5.0
20062007,8470171,2,goalsSh,4.0
20062007,8470598,2,plusMinus,47.0
20062007,8460621,2,plusMinus,42.0
20062007,8457063,2,plusMinus,40.0
20062007,8470575,2,plusMinus,40.0
20062007,8469485,2,plusMinus,37.0
20062007,8466138,2,assists,92.0
20062007,8471675,2,assists,84.0
20062007,8462118,2,assists,74.0
20062007,8467876,2,assists,71.0
20062007,8448208,2,assists,66.0
20062007,8457981,2,goalsPp,25.0
20062007,8460561,2,goalsPp,19.0
20062007,8469454,2,goalsPp,18.0
20062007,8470120,2,goalsPp,17.0
20062007,8466148,2,goalsPp,17.0
20062007,8458561,2,faceoffLeaders,0.6277
20062007,8445735,2,faceoffLeaders,0.5925
20062007,8451359,2,faceoffLeaders,0.5878
20062007,8460562,2,faceoffLeaders,0.5877
20062007,8447958,2,faceoffLeaders,0.5746
20062007,8470280,2,penaltyMins,233.0
20062007,8469844,2,penaltyMins,188.0
20062007,8467493,2,penaltyMins,177.0
20062007,8470839,2,penaltyMins,176.0
20062007,8468224,2,penaltyMins,174.0
20062007,8467329,2,goals,52.0
20062007,8468482,2,goals,50.0
20062007,8457981,2,goals,48.0
20062007,8471214,2,goals,46.0
20062007,8466378,2,goals,43.0
20062007,8471675,2,points,120.0
20062007,8466138,2,points,114.0
20062007,8467329,2,points,108.0
20062007,8468482,2,points,105.0
20062007,8466378,2,points,102.0
20062007,8465009,2,toi,1677.9875
20062007,8458517,2,toi,1650.6582
20062007,8457063,2,toi,1649.325
20062007,8459424,2,toi,1625.9545
20062007,8467096,2,toi,1623.0122
20062007,8466149,3,goalsSh,2.0
20062007,8446053,3,goalsSh,1.0
20062007,8459427,3,goalsSh,1.0
20062007,8470612,3,goalsSh,1.0
20062007,8460621,3,goalsSh,1.0
20062007,8449924,3,plusMinus,10.0
20062007,8459424,3,plusMinus,10.0
20062007,8465192,3,plusMinus,10.0
20062007,8458573,3,plusMinus,9.0
20062007,8467354,3,plusMinus,9.0
20062007,8468482,3,assists,15.0
20062007,8469455,3,assists,15.0
20062007,8457063,3,assists,14.0
20062007,8464975,3,assists,12.0
20062007,8459424,3,assists,12.0
20062007,8460621,3,goalsPp,6.0
20062007,8468434,3,goalsPp,5.0
20062007,8457063,3,goalsPp,4.0
20062007,8467514,3,goalsPp,4.0
20062007,8460743,3,goalsPp,4.0
20062007,8451359,3,faceoffLeaders,0.6803
20062007,8469459,3,faceoffLeaders,0.6049
20062007,8468535,3,faceoffLeaders,0.5914
20062007,8469473,3,faceoffLeaders,0.5846
20062007,8446485,3,faceoffLeaders,0.5759
20062007,8459427,3,penaltyMins,39.0
20062007,8470621,3,penaltyMins,37.0
20062007,8466158,3,penaltyMins,33.0
20062007,8470612,3,penaltyMins,32.0
20062007,8466149,3,penaltyMins,30.0
20062007,8460621,3,goals,14.0
20062007,8468434,3,goals,10.0
20062007,8467514,3,goals,8.0
20062007,8460562,3,goals,8.0
20062007,8467407,3,goals,8.0
20062007,8460621,3,points,22.0
20062007,8468482,3,points,22.0
20062007,8469455,3,points,22.0
20062007,8457063,3,points,18.0
20062007,8470612,3,points,17.0
20062007,8458494,3,toi,1850.5
20062007,8457063,3,toi,1837.1667
20062007,8467400,3,toi,1833.45
20062007,8459424,3,toi,1811.3158
20062007,8458517,3,toi,1790.5238
20072008,8460621,2,goalsSh,7.0
20072008,8469544,2,goalsSh,7.0
20072008,8470617,2,goalsSh,5.0
20072008,8471504,2,goalsSh,5.0
20072008,8460541,2,goalsSh,4.0
20072008,8467514,2,plusMinus,41.0
20072008,8457063,2,plusMinus,40.0
20072008,8468482,2,plusMinus,33.0
20072008,8470612,2,plusMinus,32.0
20072008,8468083,2,plusMinus,30.0
20072008,8466138,2,assists,67.0
20072008,8467514,2,assists,66.0
20072008,8462118,2,assists,63.0
20072008,8467876,2,assists,61.0
20072008,8457063,2,assists,60.0
20072008,8471214,2,goalsPp,22.0
20072008,8470598,2,goalsPp,19.0
20072008,8466140,2,goalsPp,18.0
20072008,8471215,2,goalsPp,17.0
20072008,8458529,2,goalsPp,17.0
20072008,8459687,2,faceoffLeaders,0.5975
20072008,8467334,2,faceoffLeaders,0.5898
20072008,8446485,2,faceoffLeaders,0.5858
20072008,8447958,2,faceoffLeaders,0.5838
20072008,8445735,2,faceoffLeaders,0.5828
20072008,8470666,2,penaltyMins,324.0
20072008,8471766,2,penaltyMins,226.0
20072008,8470063,2,penaltyMins,214.0
20072008,8468786,2,penaltyMins,202.0
20072008,8470687,2,penaltyMins,201.0
20072008,8471214,2,goals,65.0
20072008,8469454,2,goals,52.0
20072008,8462042,2,goals,50.0
20072008,8471215,2,goals,47.0
20072008,8468083,2,goals,43.0
20072008,8471214,2,points,112.0
20072008,8471215,2,points,106.0
20072008,8462042,2,points,98.0
20072008,8467514,2,points,97.0
20072008,8466138,2,points,96.0
20072008,8470151,2,toi,1648.1463
20072008,8467096,2,toi,1644.2432
20072008,8465009,2,toi,1610.3766
20072008,8457063,2,toi,1603.2105
20072008,8470602,2,toi,1585.3049
20072008,8468083,3,goalsSh,2.0
20072008,8470617,3,goalsSh,2.0
20072008,8466139,3,goalsSh,2.0
20072008,8471309,3,goalsSh,2.0
20072008,8457063,3,goalsSh,1.0
20072008,8468083,3,plusMinus,16.0
20072008,8468509,3,plusMinus,16.0
20072008,8467331,3,plusMinus,15.0
20072008,8471309,3,plusMinus,13.0
20072008,8467514,3,plusMinus,13.0
20072008,8471675,3,assists,21.0
20072008,8468509,3,assists,15.0
20072008,8468083,3,assists,14.0
20072008,8466148,3,assists,14.0
20072008,8467371,3,assists,14.0
20072008,8464975,3,goalsPp,6.0
20072008,8471309,3,goalsPp,6.0
20072008,8471215,3,goalsPp,5.0
20072008,8466148,3,goalsPp,5.0
20072008,8449645,3,goalsPp,5.0
20072008,8446485,3,faceoffLeaders,0.6457
20072008,8469759,3,faceoffLeaders,0.5873
20072008,8469455,3,faceoffLeaders,0.5769
20072008,8459442,3,faceoffLeaders,0.5675
20072008,8468535,3,faceoffLeaders,0.5666
20072008,8470105,3,penaltyMins,44.0
20072008,8456531,3,penaltyMins,40.0
20072008,8470171,3,penaltyMins,36.0
20072008,8450900,3,penaltyMins,32.0
20072008,8469542,3,penaltyMins,27.0
20072008,8468083,3,goals,13.0
20072008,8471309,3,goals,13.0
20072008,8466148,3,goals,12.0
20072008,8467514,3,goals,10.0
20072008,8471215,3,goals,10.0
20072008,8468083,3,points,27.0
20072008,8471675,3,points,27.0
20072008,8466148,3,points,26.0
20072008,8467514,3,points,23.0
20072008,8471215,3,points,22.0
20072008,8466285,3,toi,1759.2308
20072008,8460770,3,toi,1688.3333
20072008,8470613,3,toi,1654.5
20072008,8470602,3,toi,1626.8571
20072008,8471242,3,toi,1618.5714
20082009,8470617,2,goalsSh,7.0
20082009,8466139,2,goalsSh,5.0
20082009,8470041,2,goalsSh,5.0
20082009,8470604,2,goalsSh,4.0
20082009,8470358,2,goalsSh,4.0
20082009,8471276,2,plusMinus,37.0
20082009,8471218,2,plusMinus,36.0
20082009,8467514,2,plusMinus,34.0
20082009,8470281,2,plusMinus,33.0
20082009,8471233,2,plusMinus,33.0
20082009,8471215,2,assists,78.0
20082009,8471675,2,assists,70.0
20082009,8470612,2,assists,66.0
20082009,8473563,2,assists,66.0
20082009,8467514,2,assists,65.0
20082009,8470598,2,goalsPp,20.0
20082009,8471214,2,goalsPp,19.0
20082009,8469500,2,goalsPp,19.0
20082009,8471242,2,goalsPp,18.0
20082009,8468504,2,goalsPp,16.0
20082009,8445735,2,faceoffLeaders,0.6102
20082009,8446485,2,faceoffLeaders,0.603
20082009,8460105,2,faceoffLeaders,0.5992
20082009,8467334,2,faceoffLeaders,0.5804
20082009,8469483,2,faceoffLeaders,0.579
20082009,8470666,2,penaltyMins,254.0
20082009,8470839,2,penaltyMins,196.0
20082009,8468778,2,penaltyMins,193.0
20082009,8470687,2,penaltyMins,181.0
20082009,8471766,2,penaltyMins,180.0
20082009,8471214,2,goals,56.0
20082009,8470604,2,goals,46.0
20082009,8470610,2,goals,45.0
20082009,8469454,2,goals,43.0
20082009,8470041,2,goals,40.0
20082009,8471215,2,points,113.0
20082009,8471214,2,points,110.0
20082009,8471675,2,points,103.0
20082009,8467514,2,points,97.0
20082009,8470610,2,points,94.0
20082009,8467332,2,toi,1631.0
20082009,8470151,2,toi,1619.2805
20082009,8459424,2,toi,1616.4756
20082009,8458517,2,toi,1615.2317
20082009,8470602,2,toi,1591.725
20082009,8473533,3,goalsSh,1.0
20082009,8471245,3,goalsSh,1.0
20082009,8464989,3,goalsSh,1.0
20082009,8469684,3,goalsSh,1.0
20082009,8465059,3,goalsSh,1.0
20082009,8466149,3,plusMinus,17.0
20082009,8468083,3,plusMinus,13.0
20082009,8473473,3,plusMinus,12.0
20082009,8467856,3,plusMinus,11.0
20082009,8457063,3,plusMinus,11.0
20082009,8471215,3,assists,22.0
20082009,8471675,3,assists,16.0
20082009,8470612,3,assists,14.0
20082009,8468083,3,assists,13.0
20082009,8470047,3,assists,13.0
20082009,8471215,3,goalsPp,7.0
20082009,8471675,3,goalsPp,5.0
20082009,8473604,3,goalsPp,5.0
20082009,8471309,3,goalsPp,4.0
20082009,8468083,3,goalsPp,4.0
20082009,8469521,3,faceoffLeaders,0.6666
20082009,8473604,3,faceoffLeaders,0.5935
20082009,8460527,3,faceoffLeaders,0.5862
20082009,8469483,3,faceoffLeaders,0.5837
20082009,8467334,3,faceoffLeaders,0.581
20082009,8470280,3,penaltyMins,61.0
20082009,8471215,3,penaltyMins,51.0
20082009,8473473,3,penaltyMins,43.0
20082009,8471628,3,penaltyMins,40.0
20082009,8470621,3,penaltyMins,36.0
20082009,8471675,3,goals,15.0
20082009,8471215,3,goals,14.0
20082009,8471309,3,goals,12.0
20082009,8468083,3,goals,11.0
20082009,8471214,3,goals,11.0
20082009,8471215,3,points,36.0
20082009,8471675,3,points,31.0
20082009,8468083,3,points,24.0
20082009,8471309,3,points,23.0
20082009,8471214,3,points,21.0
20082009,8459424,3,toi,1632.6923
20082009,8470601,3,toi,1589.1667
20082009,8470137,3,toi,1588.5556
20082009,8459670,3,toi,1581.1667
20082009,8468542,3,toi,1579.7143
20092010,8470358,2,goalsSh,5.0
20092010,8466148,2,goalsSh,5.0
20092010,8466139,2,goalsSh,4.0
20092010,8471504,2,goalsSh,4.0
20092010,8459587,2,goalsSh,3.0
20092010,8471240,2,plusMinus,50.0
20092010,8471214,2,plusMinus,45.0
20092010,8471242,2,plusMinus,39.0
20092010,8473563,2,plusMinus,37.0
20092010,8467875,2,plusMinus,36.0
20092010,8467876,2,assists,83.0
20092010,8466138,2,assists,69.0
20092010,8473563,2,assists,68.0
20092010,8467389,2,assists,67.0
20092010,8466378,2,assists,65.0
20092010,8474564,2,goalsPp,24.0
20092010,8468482,2,goalsPp,18.0
20092010,8471685,2,goalsPp,14.0
20092010,8468483,2,goalsPp,14.0
20092010,8457981,2,goalsPp,14.0
20092010,8459687,2,faceoffLeaders,0.6057
20092010,8469483,2,faceoffLeaders,0.592
20092010,8445735,2,faceoffLeaders,0.5877
20092010,8470794,2,faceoffLeaders,0.581
20092010,8470638,2,faceoffLeaders,0.5797
20092010,8469820,2,penaltyMins,265.0
20092010,8468778,2,penaltyMins,239.0
20092010,8471703,2,penaltyMins,208.0
20092010,8470666,2,penaltyMins,207.0
20092010,8470123,2,penaltyMins,190.0
20092010,8471675,2,goals,51.0
20092010,8474564,2,goals,51.0
20092010,8471214,2,goals,50.0
20092010,8466139,2,goals,44.0
20092010,8468483,2,goals,42.0
20092010,8467876,2,points,112.0
20092010,8471675,2,points,109.0
20092010,8471214,2,points,109.0
20092010,8473563,2,points,101.0
20092010,8474564,2,points,95.0
20092010,8470137,2,toi,1642.5211
20092010,8470281,2,toi,1595.5366
20092010,8458517,2,toi,1590.225
20092010,8467096,2,toi,1572.8947
20092010,8459424,2,toi,1555.5854
20092010,8471245,3,goalsSh,2.0
20092010,8470617,3,goalsSh,1.0
20092010,8468635,3,goalsSh,1.0
20092010,8470171,3,goalsSh,1.0
20092010,8469544,3,goalsSh,1.0
20092010,8468083,3,plusMinus,11.0
20092010,8466285,3,plusMinus,11.0
20092010,8474551,3,plusMinus,10.0
20092010,8469544,3,plusMinus,10.0
20092010,8465012,3,plusMinus,9.0
20092010,8473604,3,assists,22.0
20092010,8464975,3,assists,18.0
20092010,8474141,3,assists,18.0
20092010,8470617,3,assists,16.0
20092010,8470281,3,assists,15.0
20092010,8473604,3,goalsPp,5.0
20092010,8470794,3,goalsPp,5.0
20092010,8467346,3,goalsPp,5.0
20092010,8470834,3,goalsPp,5.0
20092010,8464975,3,goalsPp,4.0
20092010,8465050,3,faceoffLeaders,0.6666
20092010,8467334,3,faceoffLeaders,0.6068
20092010,8473604,3,faceoffLeaders,0.6021
20092010,8467876,3,faceoffLeaders,0.5893
20092010,8470638,3,faceoffLeaders,0.5787
20092010,8471716,3,penaltyMins,36.0
20092010,8459424,3,penaltyMins,36.0
20092010,8467393,3,penaltyMins,34.0
20092010,8470666,3,penaltyMins,34.0
20092010,8471245,3,penaltyMins,30.0
20092010,8469500,3,goals,13.0
20092010,8464975,3,goals,12.0
20092010,8469544,3,goals,11.0
20092010,8470834,3,goals,11.0
20092010,8474141,3,goals,10.0
20092010,8464975,3,points,30.0
20092010,8473604,3,points,29.0
20092010,8474141,3,points,28.0
20092010,8470617,3,points,23.0
20092010,8469544,3,points,22.0
20092010,8459424,3,toi,1743.087
20092010,8470281,3,toi,1691.0
20092010,8465009,3,toi,1687.8462
20092010,8474563,3,toi,1645.8333
20092010,8467096,3,toi,1630.5333
20102011,8470144,2,goalsSh,7.0
20102011,8473546,2,goalsSh,6.0
20102011,8471283,2,goalsSh,5.0
20102011,8473419,2,goalsSh,5.0
20102011,8466393,2,goalsSh,4.0
20102011,8465009,2,plusMinus,33.0
20102011,8469598,2,plusMinus,32.0
20102011,8465042,2,plusMinus,32.0
20102011,8470655,2,plusMinus,32.0
20102011,8471717,2,plusMinus,30.0
20102011,8467876,2,assists,75.0
20102011,8466378,2,assists,68.0
20102011,8467875,2,assists,63.0
20102011,8470612,2,assists,57.0
20102011,8468083,2,assists,56.0
20102011,8467875,2,goalsPp,18.0
20102011,8474564,2,goalsPp,17.0
20102011,8457981,2,goalsPp,16.0
20102011,8470616,2,goalsPp,15.0
20102011,8462042,2,goalsPp,14.0
20102011,8469483,2,faceoffLeaders,0.6231
20102011,8467334,2,faceoffLeaders,0.6169
20102011,8468700,2,faceoffLeaders,0.5975
20102011,8469820,2,faceoffLeaders,0.5767
20102011,8468526,2,faceoffLeaders,0.5748
20102011,8469820,2,penaltyMins,307.0
20102011,8467493,2,penaltyMins,210.0
20102011,8473525,2,penaltyMins,198.0
20102011,8471657,2,penaltyMins,189.0
20102011,8473432,2,penaltyMins,184.0
20102011,8470621,2,goals,50.0
20102011,8474564,2,goals,45.0
20102011,8462042,2,goals,43.0
20102011,8467875,2,goals,41.0
20102011,8470616,2,goals,41.0
20102011,8467875,2,points,104.0
20102011,8466378,2,points,99.0
20102011,8470621,2,points,98.0
20102011,8467876,2,points,94.0
20102011,8474564,2,points,91.0
20102011,8470281,2,toi,1613.0854
20102011,8467096,2,toi,1574.2237
20102011,8470151,2,toi,1559.2195
20102011,8471686,2,toi,1544.3506
20102011,8474563,2,toi,1538.5789
20102011,8470638,3,goalsSh,2.0
20102011,8467330,3,goalsSh,2.0
20102011,8470358,3,goalsSh,1.0
20102011,8460503,3,goalsSh,1.0
20102011,8470230,3,goalsSh,1.0
20102011,8465009,3,plusMinus,16.0
20102011,8470638,3,plusMinus,15.0
20102011,8469619,3,plusMinus,12.0
20102011,8470187,3,plusMinus,12.0
20102011,8473419,3,plusMinus,12.0
20102011,8467876,3,assists,19.0
20102011,8470638,3,assists,14.0
20102011,8466138,3,assists,14.0
20102011,8467329,3,assists,13.0
20102011,8470616,3,assists,12.0
20102011,8467875,3,goalsPp,5.0
20102011,8470616,3,goalsPp,4.0
20102011,8466378,3,goalsPp,4.0
20102011,8470598,3,goalsPp,4.0
20102011,8457981,3,goalsPp,4.0
20102011,8470159,3,faceoffLeaders,0.6875
20102011,8460562,3,faceoffLeaders,0.6285
20102011,8470638,3,faceoffLeaders,0.6016
20102011,8466138,3,faceoffLeaders,0.5922
20102011,8473604,3,faceoffLeaders,0.5584
20102011,8470654,3,penaltyMins,66.0
20102011,8473473,3,penaltyMins,63.0
20102011,8469598,3,penaltyMins,51.0
20102011,8470616,3,penaltyMins,47.0
20102011,8470280,3,penaltyMins,41.0
20102011,8471276,3,goals,12.0
20102011,8473419,3,goals,11.0
20102011,8466378,3,goals,10.0
20102011,8467875,3,goals,9.0
20102011,8470358,3,goals,9.0
20102011,8471276,3,points,23.0
20102011,8467876,3,points,22.0
20102011,8466378,3,points,20.0
20102011,8467875,3,points,20.0
20102011,8470638,3,points,20.0
20102011,8470600,3,toi,1731.25
20102011,8474056,3,toi,1713.5714
20102011,8471686,3,toi,1681.4
20102011,8470642,3,toi,1678.8333
20102011,8465009,3,toi,1659.2917
20112012,8470617,2,goalsSh,4.0
20112012,8474641,2,goalsSh,4.0
20112012,8473504,2,goalsSh,4.0
20112012,8469521,2,goalsSh,3.0
20112012,8471232,2,goalsSh,3.0
20112012,8470638,2,plusMinus,36.0
20112012,8475794,2,plusMinus,34.0
20112012,8465009,2,plusMinus,33.0
20112012,8467967,2,plusMinus,33.0
20112012,8473419,2,plusMinus,31.0
20112012,8467876,2,assists,67.0
20112012,8473512,2,assists,65.0
20112012,8471215,2,assists,59.0
20112012,8474578,2,assists,59.0
20112012,8466138,2,assists,59.0
20112012,8471707,2,goalsPp,18.0
20112012,8468486,2,goalsPp,16.0
20112012,8470621,2,goalsPp,14.0
20112012,8470852,2,goalsPp,14.0
20112012,8471214,2,goalsPp,13.0
20112012,8473604,2,faceoffLeaders,0.5936
20112012,8470638,2,faceoffLeaders,0.5929
20112012,8470794,2,faceoffLeaders,0.5868
20112012,8467334,2,faceoffLeaders,0.5851
20112012,8469483,2,faceoffLeaders,0.5803
20112012,8473432,2,penaltyMins,235.0
20112012,8474736,2,penaltyMins,232.0
20112012,8469820,2,penaltyMins,193.0
20112012,8467493,2,penaltyMins,178.0
20112012,8471657,2,penaltyMins,164.0
20112012,8474564,2,goals,60.0
20112012,8471215,2,goals,50.0
20112012,8468483,2,goals,41.0
20112012,8471707,2,goals,40.0
20112012,8471214,2,goals,38.0
20112012,8471215,2,points,109.0
20112012,8474564,2,points,97.0
20112012,8473512,2,points,93.0
20112012,8469455,2,points,84.0
20112012,8469454,2,points,83.0
20112012,8466285,2,toi,1613.7927
20112012,8470281,2,toi,1613.6757
20112012,8470600,2,toi,1590.3165
20112012,8471958,2,toi,1574.878
20112012,8470642,2,toi,1569.6667
20112012,8471685,3,goalsSh,2.0
20112012,8470171,3,goalsSh,2.0
20112012,8470606,3,goalsSh,2.0
20112012,8473512,3,goalsSh,2.0
20112012,8470121,3,goalsSh,1.0
20112012,8470606,3,plusMinus,16.0
20112012,8471685,3,plusMinus,16.0
20112012,8474641,3,plusMinus,12.0
20112012,8474563,3,plusMinus,11.0
20112012,8467452,3,plusMinus,9.0
20112012,8470606,3,assists,12.0
20112012,8471685,3,assists,12.0
20112012,8474563,3,assists,12.0
20112012,8469454,3,assists,11.0
20112012,8468508,3,assists,11.0
20112012,8469454,3,goalsPp,5.0
20112012,8470604,3,goalsPp,4.0
20112012,8470610,3,goalsPp,3.0
20112012,8473512,3,goalsPp,3.0
20112012,8468486,3,goalsPp,3.0
20112012,8469820,3,faceoffLeaders,0.7066
20112012,8473604,3,faceoffLeaders,0.6504
20112012,8467334,3,faceoffLeaders,0.6461
20112012,8464975,3,faceoffLeaders,0.6124
20112012,8466138,3,faceoffLeaders,0.6111
20112012,8474736,3,penaltyMins,48.0
20112012,8462038,3,penaltyMins,41.0
20112012,8474190,3,penaltyMins,38.0
20112012,8467336,3,penaltyMins,36.0
20112012,8470606,3,penaltyMins,34.0
20112012,8470606,3,goals,8.0
20112012,8471685,3,goals,8.0
20112012,8469454,3,goals,8.0
20112012,8473512,3,goals,8.0
20112012,8470610,3,goals,8.0
20112012,8470606,3,points,20.0
20112012,8471685,3,points,20.0
20112012,8469454,3,points,19.0
20112012,8473512,3,points,17.0
20112012,8474563,3,points,16.0
20112012,8470281,3,toi,1815.5
20112012,8470607,3,toi,1801.3333
20112012,8470600,3,toi,1729.7
20112012,8470642,3,toi,1706.8
20112012,8467096,3,toi,1702.8
20122013,8469454,2,goalsSh,4.0
20122013,8476455,2,goalsSh,3.0
20122013,8470612,2,goalsSh,3.0
20122013,8471339,2,goalsSh,2.0
20122013,8473914,2,goalsSh,2.0
20122013,8466393,2,plusMinus,31.0
20122013,8470543,2,plusMinus,30.0
20122013,8473604,2,plusMinus,28.0
20122013,8471675,2,plusMinus,26.0
20122013,8474613,2,plusMinus,25.0
20122013,8466378,2,assists,43.0
20122013,8471675,2,assists,41.0
20122013,8473563,2,assists,40.0
20122013,8468083,2,assists,37.0
20122013,8467371,2,assists,36.0
20122013,8471214,2,goalsPp,16.0
20122013,8474564,2,goalsPp,10.0
20122013,8470543,2,goalsPp,9.0
20122013,8475166,2,goalsPp,9.0
20122013,8471707,2,goalsPp,9.0
20122013,8470638,2,faceoffLeaders,0.621
20122013,8473604,2,faceoffLeaders,0.5991
20122013,8468700,2,faceoffLeaders,0.5968
20122013,8466138,2,faceoffLeaders,0.5848
20122013,8471273,2,faceoffLeaders,0.5831
20122013,8468778,2,penaltyMins,155.0
20122013,8467493,2,penaltyMins,144.0
20122013,8471371,2,penaltyMins,123.0
20122013,8469820,2,penaltyMins,117.0
20122013,8471733,2,penaltyMins,113.0
20122013,8471214,2,goals,32.0
20122013,8474564,2,goals,29.0
20122013,8475166,2,goals,28.0
20122013,8470604,2,goals,26.0
20122013,8474141,2,goals,23.0
20122013,8466378,2,points,60.0
20122013,8474564,2,points,57.0
20122013,8471214,2,points,56.0
20122013,8471675,2,points,56.0
20122013,8474141,2,points,55.0
20122013,8470600,2,toi,1636.7708
20122013,8474578,2,toi,1629.2941
20122013,8466285,2,toi,1585.0
20122013,8474563,2,toi,1583.6667
20122013,8471677,2,toi,1558.4318
20122013,8466393,3,goalsSh,2.0
20122013,8473564,3,goalsSh,1.0
20122013,8470230,3,goalsSh,1.0
20122013,8474068,3,goalsSh,1.0
20122013,8462129,3,goalsSh,1.0
20122013,8470596,3,plusMinus,20.0
20122013,8471276,3,plusMinus,13.0
20122013,8473473,3,plusMinus,12.0
20122013,8469665,3,plusMinus,12.0
20122013,8471254,3,plusMinus,11.0
20122013,8471276,3,assists,17.0
20122013,8471724,3,assists,13.0
20122013,8470596,3,assists,12.0
20122013,8473473,3,assists,12.0
20122013,8471215,3,assists,12.0
20122013,8474053,3,goalsPp,5.0
20122013,8470638,3,goalsPp,4.0
20122013,8466148,3,goalsPp,3.0
20122013,8470543,3,goalsPp,3.0
20122013,8470794,3,goalsPp,3.0
20122013,8470638,3,faceoffLeaders,0.6153
20122013,8474053,3,faceoffLeaders,0.6031
20122013,8470655,3,faceoffLeaders,0.6
20122013,8464989,3,faceoffLeaders,0.5914
20122013,8466138,3,faceoffLeaders,0.5707
20122013,8467493,3,penaltyMins,39.0
20122013,8465951,3,penaltyMins,35.0
20122013,8476381,3,penaltyMins,35.0
20122013,8471716,3,penaltyMins,33.0
20122013,8468114,3,penaltyMins,32.0
20122013,8469544,3,goals,10.0
20122013,8471276,3,goals,9.0
20122013,8474141,3,goals,9.0
20122013,8471254,3,goals,9.0
20122013,8470638,3,goals,9.0
20122013,8471276,3,points,26.0
20122013,8474141,3,points,19.0
20122013,8470596,3,points,19.0
20122013,8473473,3,points,19.0
20122013,8471254,3,points,17.0
20122013,8470600,3,toi,1897.2
20122013,8465009,3,toi,1771.7273
20122013,8474563,3,toi,1677.2222
20122013,8471724,3,toi,1657.6667
20122013,8470281,3,toi,1657.3636
20132014,8474870,2,goalsSh,5.0
20132014,8473419,2,goalsSh,5.0
20132014,8476177,2,goalsSh,4.0
20132014,8474150,2,goalsSh,4.0
20132014,8469521,2,goalsSh,3.0
20132014,8471276,2,plusMinus,39.0
20132014,8470638,2,plusMinus,38.0
20132014,8473419,2,plusMinus,36.0
20132014,8462042,2,plusMinus,34.0
20132014,8471685,2,plusMinus,34.0
20132014,8471675,2,assists,68.0
20132014,8466138,2,assists,65.0
20132014,8473563,2,assists,61.0
20132014,8473512,2,assists,58.0
20132014,8470612,2,assists,56.0
20132014,8471214,2,goalsPp,24.0
20132014,8470794,2,goalsPp,16.0
20132014,8474190,2,goalsPp,15.0
20132014,8470610,2,goalsPp,14.0
20132014,8470543,2,goalsPp,13.0
20132014,8471743,2,faceoffLeaders,0.6187
20132014,8467334,2,faceoffLeaders,0.5945
20132014,8470638,2,faceoffLeaders,0.586
20132014,8468700,2,faceoffLeaders,0.58
20132014,8473604,2,faceoffLeaders,0.5725
20132014,8473542,2,penaltyMins,213.0
20132014,8467493,2,penaltyMins,211.0
20132014,8474849,2,penaltyMins,209.0
20132014,8471733,2,penaltyMins,166.0
20132014,8474736,2,penaltyMins,153.0
20132014,8471214,2,goals,51.0
20132014,8470621,2,goals,43.0
20132014,8470794,2,goals,41.0
20132014,8474157,2,goals,39.0
20132014,8475794,2,goals,37.0
20132014,8471675,2,points,104.0
20132014,8470612,2,points,87.0
20132014,8473512,2,points,86.0
20132014,8475794,2,points,84.0
20132014,8470621,2,points,82.0
20132014,8470600,2,toi,1764.8049
20132014,8474578,2,toi,1624.378
20132014,8466285,2,toi,1617.4634
20132014,8470642,2,toi,1614.2025
20132014,8474600,2,toi,1585.0833
20132014,8474176,3,goalsSh,2.0
20132014,8470619,3,goalsSh,1.0
20132014,8465166,3,goalsSh,1.0
20132014,8474091,3,goalsSh,1.0
20132014,8473604,3,goalsSh,1.0
20132014,8468508,3,plusMinus,13.0
20132014,8465185,3,plusMinus,10.0
20132014,8476438,3,plusMinus,10.0
20132014,8476871,3,plusMinus,10.0
20132014,8471685,3,plusMinus,9.0
20132014,8471685,3,assists,21.0
20132014,8468508,3,assists,16.0
20132014,8470604,3,assists,15.0
20132014,8474563,3,assists,13.0
20132014,8474151,3,assists,13.0
20132014,8474056,3,goalsPp,4.0
20132014,8470604,3,goalsPp,4.0
20132014,8468483,3,goalsPp,3.0
20132014,8474162,3,goalsPp,3.0
20132014,8470598,3,goalsPp,3.0
20132014,8466138,3,faceoffLeaders,0.6421
20132014,8470775,3,faceoffLeaders,0.625
20132014,8469759,3,faceoffLeaders,0.6039
20132014,8467925,3,faceoffLeaders,0.5937
20132014,8468505,3,faceoffLeaders,0.5903
20132014,8475160,3,penaltyMins,39.0
20132014,8474034,3,penaltyMins,38.0
20132014,8468508,3,penaltyMins,35.0
20132014,8471283,3,penaltyMins,32.0
20132014,8471956,3,penaltyMins,31.0
20132014,8468483,3,goals,14.0
20132014,8470604,3,goals,10.0
20132014,8468508,3,goals,9.0
20132014,8473604,3,goals,9.0
20132014,8474141,3,goals,8.0
20132014,8471685,3,points,26.0
20132014,8470604,3,points,25.0
20132014,8468508,3,points,25.0
20132014,8468483,3,points,22.0
20132014,8474141,3,points,20.0
20132014,8474565,3,toi,1814.8333
20132014,8471677,3,toi,1760.5
20132014,8470600,3,toi,1753.3077
20132014,8474563,3,toi,1725.1154
20132014,8471274,3,toi,1710.3333
20142015,8475726,2,goalsSh,5.0
20142015,8474091,2,goalsSh,4.0
20142015,8471218,2,goalsSh,4.0
20142015,8470041,2,goalsSh,4.0
20142015,8470619,2,goalsSh,3.0
20142015,8474157,2,plusMinus,38.0
20142015,8476453,2,plusMinus,38.0
20142015,8474870,2,plusMinus,33.0
20142015,8476292,2,plusMinus,31.0
20142015,8473604,2,plusMinus,30.0
20142015,8473563,2,assists,60.0
20142015,8474161,2,assists,59.0
20142015,8471675,2,assists,56.0
20142015,8467875,2,assists,56.0
20142015,8467876,2,assists,55.0
20142015,8471214,2,goalsPp,25.0
20142015,8470794,2,goalsPp,19.0
20142015,8473512,2,goalsPp,14.0
20142015,8474679,2,goalsPp,14.0
20142015,8474190,2,goalsPp,14.0
20142015,8470638,2,faceoffLeaders,0.6022
20142015,8467334,2,faceoffLeaders,0.5927
20142015,8466138,2,faceoffLeaders,0.5801
20142015,8471669,2,faceoffLeaders,0.5794
20142015,8473512,2,faceoffLeaders,0.566
20142015,8471703,2,penaltyMins,238.0
20142015,8471657,2,penaltyMins,191.0
20142015,8473432,2,penaltyMins,175.0
20142015,8476880,2,penaltyMins,172.0
20142015,8474849,2,penaltyMins,148.0
20142015,8471214,2,goals,53.0
20142015,8474564,2,goals,43.0
20142015,8470041,2,goals,42.0
20142015,8475166,2,goals,38.0
20142015,8475794,2,goals,37.0
20142015,8473994,2,points,87.0
20142015,8475166,2,points,86.0
20142015,8471675,2,points,84.0
20142015,8471214,2,points,81.0
20142015,8474161,2,points,81.0
20142015,8470600,2,toi,1743.5714
20142015,8474563,2,toi,1739.7561
20142015,8474578,2,toi,1635.3049
20142015,8474600,2,toi,1588.4568
20142015,8470642,2,toi,1582.1538
20142015,8470619,3,goalsSh,1.0
20142015,8476438,3,goalsSh,1.0
20142015,8476975,3,goalsSh,1.0
20142015,8474870,3,goalsSh,1.0
20142015,8466148,3,goalsSh,1.0
20142015,8470281,3,plusMinus,16.0
20142015,8475167,3,plusMinus,11.0
20142015,8471699,3,plusMinus,9.0
20142015,8473544,3,plusMinus,9.0
20142015,8470041,3,plusMinus,8.0
20142015,8470281,3,assists,18.0
20142015,8470612,3,assists,18.0
20142015,8475164,3,assists,14.0
20142015,8466148,3,assists,13.0
20142015,8475167,3,assists,13.0
20142015,8476292,3,goalsPp,4.0
20142015,8474569,3,goalsPp,4.0
20142015,8476453,3,goalsPp,3.0
20142015,8473604,3,goalsPp,3.0
20142015,8474034,3,goalsPp,3.0
20142015,8474291,3,faceoffLeaders,0.6383
20142015,8470654,3,faceoffLeaders,0.6184
20142015,8477500,3,faceoffLeaders,0.6093
20142015,8468535,3,faceoffLeaders,0.5886
20142015,8470775,3,faceoffLeaders,0.5858
20142015,8468674,3,penaltyMins,50.0
20142015,8475650,3,penaltyMins,38.0
20142015,8476381,3,penaltyMins,36.0
20142015,8471283,3,penaltyMins,35.0
20142015,8474056,3,penaltyMins,31.0
20142015,8474870,3,goals,13.0
20142015,8474141,3,goals,11.0
20142015,8476453,3,goals,10.0
20142015,8473604,3,goals,10.0
20142015,8470621,3,goals,10.0
20142015,8474870,3,points,23.0
20142015,8474141,3,points,23.0
20142015,8476453,3,points,22.0
20142015,8473604,3,points,21.0
20142015,8470281,3,points,21.0
20142015,8474600,3,toi,1896.6667
20142015,8470281,3,toi,1866.8261
20142015,8474578,3,toi,1738.3333
20142015,8477495,3,toi,1682.1667
20142015,8474673,3,toi,1627.0
20152016,8476419,2,goalsSh,7.0
20152016,8474250,2,goalsSh,5.0
20152016,8473419,2,goalsSh,4.0
20152016,8470611,2,goalsSh,4.0
20152016,8473604,2,goalsSh,4.0
20152016,8475726,2,plusMinus,35.0
20152016,8471685,2,plusMinus,34.0
20152016,8466285,2,plusMinus,31.0
20152016,8470543,2,plusMinus,29.0
20152016,8476892,2,plusMinus,28.0
20152016,8474578,2,assists,66.0
20152016,8466138,2,assists,63.0
20152016,8474141,2,assists,60.0
20152016,8475744,2,assists,57.0
20152016,8471218,2,assists,52.0
20152016,8471214,2,goalsPp,19.0
20152016,8473994,2,goalsPp,17.0
20152016,8474141,2,goalsPp,17.0
20152016,8474564,2,goalsPp,14.0
20152016,8470642,2,goalsPp,14.0
20152016,8473604,2,faceoffLeaders,0.5855
20152016,8470616,2,faceoffLeaders,0.585
20152016,8475168,2,faceoffLeaders,0.5791
20152016,8470159,2,faceoffLeaders,0.5786
20152016,8473533,2,faceoffLeaders,0.5777
20152016,8473432,2,penaltyMins,177.0
20152016,8467493,2,penaltyMins,165.0
20152016,8476880,2,penaltyMins,163.0
20152016,8474190,2,penaltyMins,147.0
20152016,8471657,2,penaltyMins,138.0
20152016,8471214,2,goals,50.0
20152016,8474141,2,goals,46.0
20152016,8473994,2,goals,41.0
20152016,8475765,2,goals,40.0
20152016,8470794,2,goals,38.0
20152016,8474141,2,points,106.0
20152016,8473994,2,points,89.0
20152016,8471675,2,points,85.0
20152016,8466138,2,points,82.0
20152016,8474578,2,points,82.0
20152016,8474578,2,toi,1738.4756
20152016,8470600,2,toi,1715.5732
20152016,8474563,2,toi,1681.0732
20152016,8471724,2,toi,1616.7042
20152016,8474056,2,toi,1581.7353
20152016,8470803,3,goalsSh,1.0
20152016,8475832,3,goalsSh,1.0
20152016,8470041,3,goalsSh,1.0
20152016,8466148,3,goalsSh,1.0
20152016,8473453,3,goalsSh,1.0
20152016,8471709,3,plusMinus,14.0
20152016,8476453,3,plusMinus,13.0
20152016,8470613,3,plusMinus,11.0
20152016,8474870,3,plusMinus,9.0
20152016,8474009,3,plusMinus,9.0
20152016,8474053,3,assists,20.0
20152016,8466138,3,assists,18.0
20152016,8470613,3,assists,17.0
20152016,8474009,3,assists,14.0
20152016,8471675,3,assists,13.0
20152016,8473548,3,goalsPp,5.0
20152016,8470794,3,goalsPp,5.0
20152016,8470613,3,goalsPp,4.0
20152016,8471215,3,goalsPp,4.0
20152016,8474053,3,goalsPp,4.0
20152016,8470595,3,faceoffLeaders,0.6216
20152016,8467329,3,faceoffLeaders,0.6087
20152016,8468700,3,faceoffLeaders,0.5944
20152016,8473604,3,faceoffLeaders,0.5882
20152016,8471669,3,faceoffLeaders,0.5848
20152016,8473986,3,penaltyMins,42.0
20152016,8471716,3,penaltyMins,35.0
20152016,8470257,3,penaltyMins,30.0
20152016,8471339,3,penaltyMins,29.0
20152016,8473466,3,penaltyMins,28.0
20152016,8470794,3,goals,14.0
20152016,8476453,3,goals,11.0
20152016,8474053,3,goals,10.0
20152016,8473548,3,goals,10.0
20152016,8475765,3,goals,9.0
20152016,8474053,3,points,30.0
20152016,8470613,3,points,24.0
20152016,8470794,3,points,23.0
20152016,8473548,3,points,22.0
20152016,8466138,3,points,21.0
20152016,8476389,3,toi,1892.5
20152016,8470281,3,toi,1887.8333
20152016,8474563,3,toi,1849.4
20152016,8470600,3,toi,1756.8333
20152016,8471724,3,toi,1732.7826
20162017,8478042,2,goalsSh,5.0
20162017,8475786,2,goalsSh,4.0
20162017,8474250,2,goalsSh,4.0
20162017,8476469,2,goalsSh,4.0
20162017,8468575,2,goalsSh,3.0
20162017,8475722,2,plusMinus,34.0
20162017,8470600,2,plusMinus,34.0
20162017,8475233,2,plusMinus,33.0
20162017,8474716,2,plusMinus,33.0
20162017,8468498,2,plusMinus,32.0
20162017,8478402,2,assists,70.0
20162017,8473563,2,assists,63.0
20162017,8470612,2,assists,58.0
20162017,8475167,2,assists,56.0
20162017,8474141,2,assists,55.0
20162017,8471214,2,goalsPp,17.0
20162017,8475170,2,goalsPp,17.0
20162017,8476453,2,goalsPp,17.0
20162017,8474190,2,goalsPp,16.0
20162017,8471675,2,goalsPp,14.0
20162017,8475168,2,faceoffLeaders,0.6256
20162017,8468535,2,faceoffLeaders,0.6225
20162017,8470638,2,faceoffLeaders,0.6009
20162017,8473533,2,faceoffLeaders,0.5909
20162017,8475158,2,faceoffLeaders,0.5801
20162017,8474697,2,penaltyMins,154.0
20162017,8471657,2,penaltyMins,145.0
20162017,8476880,2,penaltyMins,133.0
20162017,8474230,2,penaltyMins,128.0
20162017,8474709,2,penaltyMins,123.0
20162017,8471675,2,goals,44.0
20162017,8476453,2,goals,40.0
20162017,8479318,2,goals,40.0
20162017,8473419,2,goals,39.0
20162017,8475765,2,goals,39.0
20162017,8478402,2,points,100.0
20162017,8471675,2,points,89.0
20162017,8474141,2,points,89.0
20162017,8473563,2,points,86.0
20162017,8476453,2,points,85.0
20162017,8470834,2,toi,1646.675
20162017,8474563,2,toi,1628.6585
20162017,8470600,2,toi,1615.4756
20162017,8474578,2,toi,1610.2468
20162017,8477499,2,toi,1588.0759
20162017,8464989,3,goalsSh,1.0
20162017,8475855,3,goalsSh,1.0
20162017,8475178,3,goalsSh,1.0
20162017,8474613,3,goalsSh,1.0
20162017,8473546,3,goalsSh,1.0
20162017,8476887,3,plusMinus,14.0
20162017,8476483,3,plusMinus,13.0
20162017,8474578,3,plusMinus,13.0
20162017,8476441,3,plusMinus,12.0
20162017,8475793,3,plusMinus,12.0
20162017,8471675,3,assists,19.0
20162017,8471215,3,assists,18.0
20162017,8474578,3,assists,16.0
20162017,8473548,3,assists,15.0
20162017,8470612,3,assists,11.0
20162017,8473548,3,goalsPp,5.0
20162017,8471675,3,goalsPp,4.0
20162017,8473914,3,goalsPp,4.0
20162017,8477497,3,goalsPp,4.0
20162017,8474602,3,goalsPp,3.0
20162017,8469459,3,faceoffLeaders,0.6416
20162017,8476881,3,faceoffLeaders,0.6265
20162017,8470619,3,faceoffLeaders,0.6202
20162017,8468535,3,faceoffLeaders,0.6079
20162017,8478528,3,faceoffLeaders,0.5897
20162017,8471215,3,penaltyMins,53.0
20162017,8477941,3,penaltyMins,46.0
20162017,8475218,3,penaltyMins,38.0
20162017,8476880,3,penaltyMins,34.0
20162017,8470621,3,penaltyMins,34.0
20162017,8477404,3,goals,13.0
20162017,8471215,3,goals,10.0
20162017,8476887,3,goals,9.0
20162017,8475164,3,goals,9.0
20162017,8471675,3,goals,8.0
20162017,8471215,3,points,28.0
20162017,8471675,3,points,27.0
20162017,8473548,3,points,23.0
20162017,8477404,3,points,21.0
20162017,8470612,3,points,19.0
20162017,8470600,3,toi,1746.0
20162017,8465009,3,toi,1725.8333
20162017,8474581,3,toi,1718.0
20162017,8474565,3,toi,1696.2727
20162017,8474578,3,toi,1687.7368
20172018,8477493,2,goalsSh,5.0
20172018,8475766,2,goalsSh,4.0
20172018,8476448,2,goalsSh,4.0
20172018,8475169,2,goalsSh,4.0
20172018,8471260,2,goalsSh,3.0
20172018,8476448,2,plusMinus,49.0
20172018,8476539,2,plusMinus,36.0
20172018,8476312,2,plusMinus,34.0
20172018,8476461,2,plusMinus,34.0
20172018,8476826,2,plusMinus,34.0
20172018,8473512,2,assists,68.0
20172018,8471218,2,assists,68.0
20172018,8478402,2,assists,67.0
20172018,8474161,2,assists,65.0
20172018,8478445,2,assists,63.0
20172018,8479339,2,goalsPp,20.0
20172018,8471214,2,goalsPp,17.0
20172018,8475158,2,goalsPp,15.0
20172018,8474564,2,goalsPp,15.0
20172018,8471887,2,goalsPp,15.0
20172018,8468535,2,faceoffLeaders,0.6
20172018,8475158,2,faceoffLeaders,0.5998
20172018,8473512,2,faceoffLeaders,0.5864
20172018,8474291,2,faceoffLeaders,0.5851
20172018,8473604,2,faceoffLeaders,0.5795
20172018,8474230,2,penaltyMins,212.0
20172018,8476880,2,penaltyMins,187.0
20172018,8474849,2,penaltyMins,126.0
20172018,8475766,2,penaltyMins,123.0
20172018,8470834,2,penaltyMins,112.0
20172018,8471214,2,goals,49.0
20172018,8479339,2,goals,44.0
20172018,8476448,2,goals,43.0
20172018,8471215,2,goals,42.0
20172018,8470595,2,goals,42.0
20172018,8478402,2,points,108.0
20172018,8473512,2,points,102.0
20172018,8476453,2,points,100.0
20172018,8471215,2,points,98.0
20172018,8477492,2,points,97.0
20172018,8474563,2,toi,1610.1341
20172018,8470600,2,toi,1606.641
20172018,8474578,2,toi,1604.4225
20172018,8477499,2,toi,1589.9589
20172018,8475167,2,toi,1551.039
20172018,8476905,3,goalsSh,1.0
20172018,8470638,3,goalsSh,1.0
20172018,8475793,3,goalsSh,1.0
20172018,8476399,3,goalsSh,1.0
20172018,8470047,3,goalsSh,1.0
20172018,8468498,3,plusMinus,17.0
20172018,8475744,3,plusMinus,12.0
20172018,8476880,3,plusMinus,11.0
20172018,8474590,3,plusMinus,11.0
20172018,8477404,3,plusMinus,10.0
20172018,8475744,3,assists,20.0
20172018,8473563,3,assists,18.0
20172018,8471218,3,assists,18.0
20172018,8475191,3,assists,17.0
20172018,8474590,3,assists,15.0
20172018,8471214,3,goalsPp,6.0
20172018,8471698,3,goalsPp,6.0
20172018,8474564,3,goalsPp,6.0
20172018,8474590,3,goalsPp,4.0
20172018,8476460,3,goalsPp,4.0
20172018,8471273,3,faceoffLeaders,0.6296
20172018,8470595,3,faceoffLeaders,0.6216
20172018,8471685,3,faceoffLeaders,0.6037
20172018,8474291,3,faceoffLeaders,0.6013
20172018,8475793,3,faceoffLeaders,0.5983
20172018,8476975,3,penaltyMins,37.0
20172018,8477507,3,penaltyMins,32.0
20172018,8475455,3,penaltyMins,32.0
20172018,8476880,3,penaltyMins,31.0
20172018,8471698,3,penaltyMins,31.0
20172018,8471214,3,goals,15.0
20172018,8476460,3,goals,14.0
20172018,8475744,3,goals,12.0
20172018,8477404,3,goals,10.0
20172018,8471675,3,goals,9.0
20172018,8475744,3,points,32.0
20172018,8471214,3,points,27.0
20172018,8473563,3,points,23.0
20172018,8475191,3,points,22.0
20172018,8477404,3,points,21.0
20172018,8477495,3,toi,1836.5
20172018,8474563,3,toi,1695.3333
20172018,8474166,3,toi,1671.5
20172018,8471685,3,toi,1621.0
20172018,8476856,3,toi,1618.4
20182019,8473546,2,goalsSh,6.0
20182019,8478519,2,goalsSh,5.0
20182019,8476873,2,goalsSh,5.0
20182019,8470966,2,goalsSh,4.0
20182019,8470638,2,goalsSh,4.0
20182019,8470966,2,plusMinus,39.0
20182019,8474151,2,plusMinus,38.0
20182019,8477488,2,plusMinus,35.0
20182019,8474150,2,plusMinus,34.0
20182019,8475208,2,plusMinus,31.0
20182019,8476453,2,assists,87.0
20182019,8478402,2,assists,75.0
20182019,8471218,2,assists,71.0
20182019,8478483,2,assists,68.0
20182019,8470613,2,assists,67.0
20182019,8478010,2,goalsPp,20.0
20182019,8474564,2,goalsPp,19.0
20182019,8471214,2,goalsPp,18.0
20182019,8474884,2,goalsPp,17.0
20182019,8477956,2,goalsPp,17.0
20182019,8469455,2,faceoffLeaders,0.5824
20182019,8478585,2,faceoffLeaders,0.582
20182019,8471233,2,faceoffLeaders,0.5816
20182019,8473512,2,faceoffLeaders,0.579
20182019,8476392,2,faceoffLeaders,0.5761
20182019,8475169,2,penaltyMins,153.0
20182019,8476880,2,penaltyMins,128.0
20182019,8474849,2,penaltyMins,118.0
20182019,8474013,2,penaltyMins,115.0
20182019,8477962,2,penaltyMins,108.0
20182019,8471214,2,goals,51.0
20182019,8477934,2,goals,50.0
20182019,8475166,2,goals,47.0
20182019,8474564,2,goals,45.0
20182019,8474141,2,goals,44.0
20182019,8476453,2,points,128.0
20182019,8478402,2,points,116.0
20182019,8474141,2,points,110.0
20182019,8477934,2,points,105.0
20182019,8473419,2,points,100.0
20182019,8470600,2,toi,1601.5244
20182019,8474563,2,toi,1595.7073
20182019,8471724,2,toi,1557.5538
20182019,8477495,2,toi,1549.36
20182019,8474600,2,toi,1509.9268
20182019,8476442,3,goalsSh,2.0
20182019,8478443,3,goalsSh,1.0
20182019,8476881,3,goalsSh,1.0
20182019,8474053,3,goalsSh,1.0
20182019,8478569,3,goalsSh,1.0
20182019,8465009,3,plusMinus,11.0
20182019,8478443,3,plusMinus,10.0
20182019,8470151,3,plusMinus,9.0
20182019,8475768,3,plusMinus,9.0
20182019,8475906,3,plusMinus,8.0
20182019,8474565,3,assists,16.0
20182019,8476792,3,assists,16.0
20182019,8475158,3,assists,15.0
20182019,8473419,3,assists,14.0
20182019,8474578,3,assists,14.0
20182019,8470638,3,goalsPp,7.0
20182019,8475765,3,goalsPp,5.0
20182019,8476881,3,goalsPp,5.0
20182019,8473419,3,goalsPp,3.0
20182019,8477956,3,goalsPp,3.0
20182019,8476873,3,faceoffLeaders,0.6415
20182019,8477497,3,faceoffLeaders,0.64
20182019,8477496,3,faceoffLeaders,0.6229
20182019,8470047,3,faceoffLeaders,0.6056
20182019,8478585,3,faceoffLeaders,0.5932
20182019,8475169,3,penaltyMins,61.0
20182019,8478414,3,penaltyMins,34.0
20182019,8474145,3,penaltyMins,30.0
20182019,8477507,3,penaltyMins,24.0
20182019,8475455,3,penaltyMins,24.0
20182019,8474053,3,goals,14.0
20182019,8475768,3,goals,12.0
20182019,8475765,3,goals,11.0
20182019,8476881,3,goals,10.0
20182019,8473419,3,goals,9.0
20182019,8473419,3,points,23.0
20182019,8475158,3,points,23.0
20182019,8474053,3,points,20.0
20182019,8475768,3,points,20.0
20182019,8477956,3,points,19.0
20182019,8477495,3,toi,1712.2
20182019,8470613,3,toi,1704.5
20182019,8471724,3,toi,1623.25
20182019,8476902,3,toi,1618.1538
20182019,8478460,3,toi,1596.7
20192020,8476919,2,goalsSh,4.0
20192020,8475763,2,goalsSh,4.0
20192020,8478427,2,goalsSh,4.0
20192020,8476480,2,goalsSh,4.0
20192020,8476399,2,goalsSh,3.0
20192020,8477435,2,plusMinus,40.0
20192020,8478550,2,plusMinus,36.0
20192020,8476462,2,plusMinus,30.0
20192020,8476958,2,plusMinus,30.0
20192020,8478010,2,plusMinus,28.0
20192020,8477934,2,assists,67.0
20192020,8478402,2,assists,63.0
20192020,8478550,2,assists,63.0
20192020,8474590,2,assists,60.0
20192020,8473419,2,assists,59.0
20192020,8477956,2,goalsPp,20.0
20192020,8477934,2,goalsPp,16.0
20192020,8476459,2,goalsPp,15.0
20192020,8475169,2,goalsPp,14.0
20192020,8471214,2,goalsPp,13.0
20192020,8476461,2,faceoffLeaders,0.5962
20192020,8476468,2,faceoffLeaders,0.5919
20192020,8474291,2,faceoffLeaders,0.5914
20192020,8473512,2,faceoffLeaders,0.5903
20192020,8475794,2,faceoffLeaders,0.5816
20192020,8475169,2,penaltyMins,122.0
20192020,8477962,2,penaltyMins,111.0
20192020,8480801,2,penaltyMins,106.0
20192020,8475455,2,penaltyMins,104.0
20192020,8477941,2,penaltyMins,97.0
20192020,8477956,2,goals,48.0
20192020,8471214,2,goals,48.0
20192020,8479318,2,goals,47.0
20192020,8477934,2,goals,43.0
20192020,8476459,2,goals,41.0
20192020,8477934,2,points,110.0
20192020,8478402,2,points,97.0
20192020,8477956,2,points,95.0
20192020,8478550,2,points,95.0
20192020,8477492,2,points,93.0
20192020,8478469,2,toi,1560.2254
20192020,8474563,2,toi,1549.4179
20192020,8474600,2,toi,1546.7391
20192020,8471724,2,toi,1543.5246
20192020,8476472,2,toi,1524.6774
20192020,8476356,3,goalsSh,3.0
20192020,8477353,3,goalsSh,1.0
20192020,8477450,3,goalsSh,1.0
20192020,8476448,3,goalsSh,1.0
20192020,8474573,3,goalsSh,1.0
20192020,8476453,3,plusMinus,15.0
20192020,8476292,3,plusMinus,14.0
20192020,8477492,3,plusMinus,13.0
20192020,8475167,3,plusMinus,13.0
20192020,8480069,3,plusMinus,12.0
20192020,8476453,3,assists,27.0
20192020,8480036,3,assists,20.0
20192020,8478010,3,assists,19.0
20192020,8474573,3,assists,18.0
20192020,8475906,3,assists,17.0
20192020,8475172,3,goalsPp,6.0
20192020,8480012,3,goalsPp,4.0
20192020,8478010,3,goalsPp,4.0
20192020,8470794,3,goalsPp,3.0
20192020,8477492,3,goalsPp,3.0
20192020,8478569,3,faceoffLeaders,0.6545
20192020,8475772,3,faceoffLeaders,0.6428
20192020,8475158,3,faceoffLeaders,0.6273
20192020,8470775,3,faceoffLeaders,0.6011
20192020,8475793,3,faceoffLeaders,0.5952
20192020,8474849,3,penaltyMins,46.0
20192020,8477406,3,penaltyMins,38.0
20192020,8474034,3,penaltyMins,32.0
20192020,8473994,3,penaltyMins,32.0
20192020,8476399,3,penaltyMins,31.0
20192020,8478010,3,goals,14.0
20192020,8470794,3,goals,13.0
20192020,8476292,3,goals,11.0
20192020,8475167,3,goals,10.0
20192020,8477500,3,goals,10.0
20192020,8476453,3,points,34.0
20192020,8478010,3,points,33.0
20192020,8480036,3,points,26.0
20192020,8477492,3,points,25.0
20192020,8475167,3,points,22.0
20192020,8477495,3,toi,1960.2
20192020,8478460,3,toi,1802.7
20192020,8476853,3,toi,1701.6
20192020,8474600,3,toi,1615.75
20192020,8471724,3,toi,1607.25
20202021,8477015,2,goalsSh,5.0
20202021,8474715,2,goalsSh,4.0
20202021,8473419,2,goalsSh,4.0
20202021,8477402,2,goalsSh,3.0
20202021,8470638,2,goalsSh,3.0
20202021,8478420,2,plusMinus,30.0
20202021,8478038,2,plusMinus,29.0
20202021,8477346,2,plusMinus,29.0
20202021,8477934,2,plusMinus,29.0
20202021,8477447,2,plusMinus,28.0
20202021,8478402,2,assists,72.0
20202021,8477934,2,assists,53.0
20202021,8474141,2,assists,51.0
20202021,8478483,2,assists,47.0
20202021,8477492,2,assists,45.0
20202021,8477934,2,goalsPp,15.0
20202021,8470794,2,goalsPp,13.0
20202021,8471698,2,goalsPp,13.0
20202021,8475184,2,goalsPp,11.0
20202021,8476459,2,goalsPp,10.0
20202021,8470638,2,faceoffLeaders,0.6224
20202021,8476822,2,faceoffLeaders,0.6088
20202021,8473512,2,faceoffLeaders,0.596
20202021,8475158,2,faceoffLeaders,0.5877
20202021,8473533,2,faceoffLeaders,0.5798
20202021,8476880,2,penaltyMins,96.0
20202021,8477503,2,penaltyMins,75.0
20202021,8474090,2,penaltyMins,73.0
20202021,8477962,2,penaltyMins,73.0
20202021,8479671,2,penaltyMins,70.0
20202021,8479318,2,goals,41.0
20202021,8478402,2,goals,33.0
20202021,8479337,2,goals,32.0
20202021,8477934,2,goals,31.0
20202021,8478420,2,goals,30.0
20202021,8478402,2,points,105.0
20202021,8477934,2,points,84.0
20202021,8473419,2,points,69.0
20202021,8478483,2,points,67.0
20202021,8479318,2,points,66.0
20202021,8474563,2,toi,1582.8571
20202021,8478469,2,toi,1577.0408
20202021,8470613,2,toi,1568.5
20202021,8477498,2,toi,1537.5
20202021,8477495,2,toi,1513.6429
20202021,8476469,3,goalsSh,2.0
20202021,8476399,3,goalsSh,1.0
20202021,8474038,3,goalsSh,1.0
20202021,8476826,3,goalsSh,1.0
20202021,8475913,3,goalsSh,1.0
20202021,8474151,3,plusMinus,18.0
20202021,8476429,3,plusMinus,12.0
20202021,8478416,3,plusMinus,12.0
20202021,8478038,3,plusMinus,10.0
20202021,8476448,3,plusMinus,10.0
20202021,8476453,3,assists,24.0
20202021,8475167,3,assists,16.0
20202021,8476448,3,assists,12.0
20202021,8479325,3,assists,11.0
20202021,8474564,3,assists,10.0
20202021,8478010,3,goalsPp,7.0
20202021,8474564,3,goalsPp,5.0
20202021,8473419,3,goalsPp,5.0
20202021,8476453,3,goalsPp,4.0
20202021,8473986,3,goalsPp,4.0
20202021,8475231,3,faceoffLeaders,0.612
20202021,8476455,3,faceoffLeaders,0.6
20202021,8473533,3,faceoffLeaders,0.584
20202021,8470604,3,faceoffLeaders,0.5769
20202021,8476448,3,faceoffLeaders,0.5732
20202021,8474709,3,penaltyMins,43.0
20202021,8474034,3,penaltyMins,37.0
20202021,8479066,3,penaltyMins,30.0
20202021,8470642,3,penaltyMins,28.0
20202021,8476624,3,penaltyMins,26.0
20202021,8478010,3,goals,14.0
20202021,8476453,3,goals,8.0
20202021,8474564,3,goals,8.0
20202021,8473986,3,goals,8.0
20202021,8477492,3,goals,8.0
20202021,8476453,3,points,32.0
20202021,8478010,3,points,23.0
20202021,8474564,3,points,18.0
20202021,8475167,3,points,18.0
20202021,8473986,3,points,17.0
20202021,8477498,3,toi,2319.0
20202021,8471729,3,toi,1960.0
20202021,8477934,3,toi,1914.75
20202021,8475197,3,toi,1828.0
20202021,8478402,3,toi,1824.25
20212022,8480029,2,goalsSh,5.0
20212022,8479675,2,goalsSh,5.0
20212022,8480806,2,goalsSh,4.0
20212022,8474679,2,goalsSh,4.0
20212022,8477493,2,goalsSh,4.0
20212022,8476346,2,plusMinus,64.0
20212022,8477496,2,plusMinus,61.0
20212022,8479314,2,plusMinus,57.0
20212022,8478038,2,plusMinus,52.0
20212022,8480069,2,plusMinus,48.0
20212022,8476456,2,assists,85.0
20212022,8478402,2,assists,79.0
20212022,8476346,2,assists,75.0
20212022,8478550,2,assists,74.0
20212022,8474600,2,assists,73.0
20212022,8475184,2,goalsPp,26.0
20212022,8477934,2,goalsPp,24.0
20212022,8471214,2,goalsPp,16.0
20212022,8474564,2,goalsPp,16.0
20212022,8478420,2,goalsPp,16.0
20212022,8470638,2,faceoffLeaders,0.619375
20212022,8475166,2,faceoffLeaders,0.605812
20212022,8473512,2,faceoffLeaders,0.602796
20212022,8473604,2,faceoffLeaders,0.58982
20212022,8476822,2,faceoffLeaders,0.587017
20212022,8474697,2,penaltyMins,151.0
20212022,8474034,2,penaltyMins,134.0
20212022,8479661,2,penaltyMins,130.0
20212022,8479520,2,penaltyMins,122.0
20212022,8480801,2,penaltyMins,117.0
20212022,8479318,2,goals,60.0
20212022,8477934,2,goals,55.0
20212022,8475184,2,goals,52.0
20212022,8471214,2,goals,50.0
20212022,8478864,2,goals,47.0
20212022,8478402,2,points,123.0
20212022,8476346,2,points,115.0
20212022,8476456,2,points,115.0
20212022,8477934,2,points,110.0
20212022,8478864,2,points,108.0
20212022,8477495,2,toi,1572.8718
20212022,8478469,2,toi,1571.5254
20212022,8470613,2,toi,1568.8049
20212022,8471724,2,toi,1546.641
20212022,8474563,2,toi,1544.359
20212022,8478519,3,goalsSh,1.0
20212022,8480069,3,goalsSh,1.0
20212022,8477498,3,goalsSh,1.0
20212022,8477429,3,goalsSh,1.0
20212022,8471699,3,goalsSh,1.0
20212022,8478402,3,plusMinus,15.0
20212022,8476455,3,plusMinus,15.0
20212022,8481524,3,plusMinus,15.0
20212022,8477492,3,plusMinus,11.0
20212022,8473446,3,plusMinus,10.0
20212022,8477934,3,assists,25.0
20212022,8478402,3,assists,23.0
20212022,8480069,3,assists,21.0
20212022,8478420,3,assists,20.0
20212022,8476453,3,assists,19.0
20212022,8476453,3,goalsPp,6.0
20212022,8477492,3,goalsPp,6.0
20212022,8476459,3,goalsPp,6.0
20212022,8476455,3,goalsPp,5.0
20212022,8470621,3,goalsPp,4.0
20212022,8475166,3,faceoffLeaders,0.651786
20212022,8470604,3,faceoffLeaders,0.632653
20212022,8473533,3,faceoffLeaders,0.597744
20212022,8476889,3,faceoffLeaders,0.592593
20212022,8476455,3,faceoffLeaders,0.586957
20212022,8475169,3,penaltyMins,37.0
20212022,8473473,3,penaltyMins,33.0
20212022,8474034,3,penaltyMins,32.0
20212022,8475906,3,penaltyMins,26.0
20212022,8477498,3,penaltyMins,26.0
20212022,8477492,3,goals,13.0
20212022,8475169,3,goals,13.0
20212022,8476455,3,goals,11.0
20212022,8476292,3,goals,11.0
20212022,8474564,3,goals,11.0
20212022,8478402,3,points,33.0
20212022,8477934,3,points,32.0
20212022,8480069,3,points,29.0
20212022,8476453,3,points,27.0
20212022,8478420,3,points,25.0
20212022,8475208,3,toi,2195.0
20212022,8471724,3,toi,1791.4286
20212022,8480069,3,toi,1624.2
20212022,8479323,3,toi,1598.45
20212022,8474600,3,toi,1563.25
20222023,8480012,2,goalsSh,5.0
20222023,8476468,2,goalsSh,5.0
20222023,8478483,2,goalsSh,4.0
20222023,8477919,2,goalsSh,4.0
20222023,8475184,2,goalsSh,4.0
20222023,8476854,2,plusMinus,49.0
20222023,8476891,2,plusMinus,46.0
20222023,8478443,2,plusMinus,44.0
20222023,8470794,2,plusMinus,42.0
20222023,8475193,2,plusMinus,41.0
20222023,8478402,2,assists,89.0
20222023,8476453,2,assists,83.0
20222023,8477934,2,assists,76.0
20222023,8474578,2,assists,76.0
20222023,8477492,2,assists,69.0
20222023,8477934,2,goalsPp,32.0
20222023,8478402,2,goalsPp,21.0
20222023,8478010,2,goalsPp,20.0
20222023,8476459,2,goalsPp,20.0
20222023,8479420,2,goalsPp,20.0
20222023,8473604,2,faceoffLeaders,0.631243
20222023,8470638,2,faceoffLeaders,0.611372
20222023,8479415,2,faceoffLeaders,0.606405
20222023,8473994,2,faceoffLeaders,0.601156
20222023,8470604,2,faceoffLeaders,0.593817
20222023,8474034,2,penaltyMins,150.0
20222023,8475235,2,penaltyMins,136.0
20222023,8480801,2,penaltyMins,126.0
20222023,8475766,2,penaltyMins,123.0
20222023,8479314,2,penaltyMins,123.0
20222023,8478402,2,goals,64.0
20222023,8477956,2,goals,61.0
20222023,8478420,2,goals,55.0
20222023,8477934,2,goals,52.0
20222023,8478010,2,goals,51.0
20222023,8478402,2,points,153.0
20222023,8477934,2,points,128.0
20222023,8477956,2,points,113.0
20222023,8476453,2,points,113.0
20222023,8477492,2,points,111.0
20222023,8480069,2,toi,1582.8167
20222023,8474563,2,toi,1573.7407
20222023,8480839,2,toi,1547.7436
20222023,8480800,2,toi,1539.6667
20222023,8474578,2,toi,1536.9024
20222023,8479415,3,goalsSh,2.0
20222023,8478055,3,goalsSh,1.0
20222023,8470595,3,goalsSh,1.0
20222023,8479293,3,goalsSh,1.0
20222023,8473533,3,goalsSh,1.0
20222023,8476539,3,plusMinus,17.0
20222023,8477964,3,plusMinus,14.0
20222023,8478403,3,plusMinus,14.0
20222023,8480727,3,plusMinus,14.0
20222023,8474166,3,plusMinus,13.0
20222023,8478403,3,assists,20.0
20222023,8478449,3,assists,14.0
20222023,8479314,3,assists,13.0
20222023,8475913,3,assists,13.0
20222023,8480803,3,assists,13.0
20222023,8477934,3,goalsPp,6.0
20222023,8478402,3,goalsPp,5.0
20222023,8475184,3,goalsPp,5.0
20222023,8479314,3,goalsPp,4.0
20222023,8475913,3,goalsPp,4.0
20222023,8470638,3,faceoffLeaders,0.702703
20222023,8474189,3,faceoffLeaders,0.653333
20222023,8478420,3,faceoffLeaders,0.652174
20222023,8475166,3,faceoffLeaders,0.630769
20222023,8473994,3,faceoffLeaders,0.623596
20222023,8479314,3,penaltyMins,74.0
20222023,8477935,3,penaltyMins,60.0
20222023,8477503,3,penaltyMins,52.0
20222023,8473994,3,penaltyMins,51.0
20222023,8478434,3,penaltyMins,50.0
20222023,8476539,3,goals,13.0
20222023,8477934,3,goals,13.0
20222023,8479314,3,goals,11.0
20222023,8475913,3,goals,11.0
20222023,8476448,3,goals,11.0
20222023,8478403,3,points,26.0
20222023,8476539,3,points,25.0
20222023,8479314,3,points,24.0
20222023,8475913,3,points,24.0
20222023,8478449,3,points,24.0
20222023,8474563,3,toi,1694.3333
20222023,8480036,3,toi,1667.8947
20222023,8480145,3,toi,1637.8
20222023,8477986,3,toi,1617.9524
20222023,8479410,3,toi,1615.3333
20232024,8478439,2,goalsSh,6.0
20232024,8477933,2,goalsSh,5.0
20232024,8481601,2,goalsSh,5.0
20232024,8476399,2,goalsSh,4.0
20232024,8476925,2,goalsSh,3.0
20232024,8478055,2,plusMinus,56.0
20232024,8476331,2,plusMinus,46.0
20232024,8475218,2,plusMinus,44.0
20232024,8480800,2,plusMinus,38.0
20232024,8475786,2,plusMinus,36.0
20232024,8476453,2,assists,100.0
20232024,8478402,2,assists,100.0
20232024,8477492,2,assists,89.0
20232024,8480800,2,assists,75.0
20232024,8478550,2,assists,71.0
20232024,8477933,2,goalsPp,27.0
20232024,8477934,2,goalsPp,21.0
20232024,8478864,2,goalsPp,19.0
20232024,8474564,2,goalsPp,19.0
20232024,8475184,2,goalsPp,18.0
20232024,8481477,2,faceoffLeaders,0.600967
20232024,8475166,2,faceoffLeaders,0.593195
20232024,8476389,2,faceoffLeaders,0.587333
20232024,8471675,2,faceoffLeaders,0.582265
20232024,8473533,2,faceoffLeaders,0.581091
20232024,8477070,2,penaltyMins,153.0
20232024,8480801,2,penaltyMins,134.0
20232024,8476880,2,penaltyMins,133.0
20232024,8477903,2,penaltyMins,132.0
20232024,8475462,2,penaltyMins,128.0
20232024,8479318,2,goals,69.0
20232024,8477933,2,goals,57.0
20232024,8475786,2,goals,54.0
20232024,8477492,2,goals,51.0
20232024,8478550,2,goals,49.0
20232024,8476453,2,points,144.0
20232024,8477492,2,points,140.0
20232024,8478402,2,points,132.0
20232024,8478550,2,points,120.0
20232024,8477956,2,points,110.0
20232024,8474590,2,toi,1553.5
20232024,8474563,2,toi,1547.6098
20232024,8476875,2,toi,1533.1707
20232024,8477495,2,toi,1529.0597
20232024,8480839,2,toi,1525.3457
20232024,8477406,3,goalsSh,2.0
20232024,8476624,3,goalsSh,2.0
20232024,8475184,3,goalsSh,2.0
20232024,8477493,3,goalsSh,1.0
20232024,8476885,3,goalsSh,1.0
20232024,8480803,3,plusMinus,14.0
20232024,8475786,3,plusMinus,12.0
20232024,8478402,3,plusMinus,12.0
20232024,8475794,3,plusMinus,9.0
20232024,8478055,3,plusMinus,9.0
20232024,8478402,3,assists,34.0
20232024,8480803,3,assists,26.0
20232024,8477934,3,assists,21.0
20232024,8479314,3,assists,16.0
20232024,8476454,3,assists,15.0
20232024,8477934,3,goalsPp,6.0
20232024,8475786,3,goalsPp,6.0
20232024,8476454,3,goalsPp,5.0
20232024,8476389,3,goalsPp,5.0
20232024,8477409,3,goalsPp,4.0
20232024,8473994,3,faceoffLeaders,0.619048
20232024,8476392,3,faceoffLeaders,0.611111
20232024,8471685,3,faceoffLeaders,0.588235
20232024,8476468,3,faceoffLeaders,0.585938
20232024,8476389,3,faceoffLeaders,0.577844
20232024,8475169,3,penaltyMins,37.0
20232024,8479314,3,penaltyMins,31.0
20232024,8477507,3,penaltyMins,26.0
20232024,8477956,3,penaltyMins,25.0
20232024,8477998,3,penaltyMins,25.0
20232024,8475786,3,goals,16.0
20232024,8477409,3,goals,11.0
20232024,8477934,3,goals,10.0
20232024,8482740,3,goals,10.0
20232024,8477933,3,goals,10.0
20232024,8478402,3,points,42.0
20232024,8480803,3,points,32.0
20232024,8477934,3,points,31.0
20232024,8475786,3,points,22.0
20232024,8477493,3,points,22.0
20232024,8474590,3,toi,1751.5
20232024,8480036,3,toi,1691.1053
20232024,8474563,3,toi,1638.0
20232024,8480069,3,toi,1618.5455
20232024,8475167,3,toi,1545.0
