team_id,team_tricode,season,forwards,defensemen,goalies
32,QUE,19791980,"[8445446, 8445481, 8445666, 8446068, 8446101, 8446104, 8446178, 8446317, 8446827, 8446978, 8447310, 8447865, 8448733, 8449277, 8450467, 8450815, 8451134, 8451432, 8451565, 8451731, 8451720, 8451722, 8451856, 8451897, 8452367]","[8445338, 8446774, 8447666, 8447930, 8448294, 8448600, 8448615, 8448701, 8448745, 8451875]","[8446429, 8447945, 8448891]"
32,QUE,19801981,"[8445169, 8445446, 8446068, 8446101, 8446178, 8446827, 8446978, 8447310, 8447865, 8448117, 8448733, 8450090, 8450815, 8451134, 8451688, 8451689, 8451856, 8452367, 8452368]","[8446077, 8446530, 8447666, 8447930, 8448294, 8448615, 8448701, 8449171, 8449905, 8450378, 8450953, 8451883]","[8445609, 8446429, 8447344, 8450468]"
32,QUE,19811982,"[8445169, 8446101, 8446178, 8446317, 8446981, 8446978, 8447194, 8447310, 8447790, 8448117, 8449498, 8450107, 8450815, 8451432, 8451688, 8451687, 8451689, 8451850, 8451856, 8452367]","[8445583, 8446530, 8447482, 8447930, 8448294, 8448615, 8449171, 8449662, 8449905, 8450378, 8450953, 8451883]","[8445609, 8447066, 8449096, 8450468]"
32,QUE,19821983,"[8445169, 8446101, 8446178, 8446317, 8446551, 8447074, 8447192, 8447310, 8448117, 8449498, 8450107, 8450815, 8451432, 8451580, 8451688, 8451687, 8451689, 8451856, 8451922, 8452367]","[8445583, 8446530, 8446635, 8447482, 8448294, 8448615, 8448695, 8449171, 8449662, 8450378, 8450554, 8450953, 8451314, 8451883, 8452370]","[8445609, 8447066, 8449096]"
32,QUE,19831984,"[8445169, 8445434, 8446178, 8446439, 8447074, 8447192, 8447310, 8448117, 8449119, 8449445, 8450107, 8451141, 8451144, 8451432, 8451688, 8451687, 8451689, 8452367]","[8446437, 8446443, 8448695, 8449171, 8449662, 8450378, 8450554, 8450953, 8451314, 8452156, 8452370]","[8445609, 8446899, 8447303, 8449096]"
32,QUE,19841985,"[8445118, 8445434, 8446178, 8446507, 8447074, 8447192, 8447310, 8447393, 8447985, 8448117, 8448563, 8448763, 8448773, 8449119, 8449445, 8450107, 8451141, 8451144, 8451432, 8451688, 8451687, 8451689, 8452197]","[8445418, 8446437, 8447444, 8448385, 8448827, 8449171, 8449315, 8449662, 8450554, 8450953, 8451314, 8452370]","[8445609, 8447303, 8451308]"
32,QUE,19851986,"[8444944, 8445118, 8445207, 8446178, 8446551, 8447074, 8447192, 8447310, 8448117, 8448563, 8448686, 8448773, 8449101, 8449119, 8450107, 8450218, 8451141, 8451688, 8451689, 8451753]","[8444962, 8445700, 8446372, 8446437, 8446825, 8448385, 8449171, 8449662, 8450359, 8450509, 8450554, 8450953, 8451314, 8451362]","[8447303, 8449096, 8451308]"
32,QUE,19861987,"[8445118, 8446178, 8446363, 8446551, 8447192, 8447310, 8447754, 8447985, 8448117, 8448563, 8448627, 8448655, 8449101, 8449498, 8449589, 8449972, 8450611, 8451141, 8451330, 8451327, 8451688, 8451689, 8451753, 8452687]","[8445700, 8446372, 8446437, 8446825, 8449662, 8450359, 8450509, 8450554, 8450953, 8451314, 8451362]","[8447303, 8449096, 8451308]"
32,QUE,19871988,"[8446178, 8446497, 8446551, 8446935, 8447192, 8447310, 8447684, 8447985, 8448204, 8448567, 8448627, 8448655, 8448686, 8449463, 8449589, 8449799, 8450611, 8451688, 8451689, 8451753]","[8444919, 8445700, 8445920, 8446435, 8446437, 8446825, 8447388, 8449662, 8450359, 8450509, 8450809, 8450953]","[8445693, 8447303, 8451837]"
32,QUE,19881989,"[8445223, 8446178, 8446497, 8446935, 8447192, 8447310, 8447962, 8447985, 8448204, 8448483, 8448655, 8448686, 8449066, 8449463, 8450483, 8451101, 8451330, 8451688, 8451689, 8451753, 8452221]","[8444919, 8445700, 8446435, 8446437, 8446825, 8447436, 8448255, 8448797, 8449171, 8449662, 8450359, 8451570]","[8445693, 8447303, 8449286, 8451837]"
32,QUE,19891990,"[8444898, 8446353, 8446432, 8446935, 8447192, 8447310, 8447985, 8448017, 8448204, 8448394, 8448483, 8448624, 8448689, 8448870, 8449445, 8449463, 8449589, 8449698, 8451014, 8451101, 8451117, 8451297, 8451293, 8451689, 8452221, 8452226]","[8445204, 8445700, 8446062, 8446475, 8446825, 8446873, 8447436, 8447388, 8448255, 8448797, 8449171, 8450348, 8450359, 8450809, 8451570, 8452516]","[8445693, 8446831, 8447291, 8449627, 8449779, 8451859, 8451837]"
32,QUE,19901991,"[8445202, 8445725, 8446353, 8446432, 8446935, 8447192, 8447985, 8448017, 8448204, 8448483, 8448624, 8448674, 8448686, 8448870, 8457185, 8449445, 8449401, 8449463, 8449633, 8449698, 8449895, 8450267, 8450611, 8450650, 8450889, 8451101, 8451117, 8451774, 8452019, 8452159, 8452221, 8452226]","[8444957, 8446062, 8446475, 8446825, 8446873, 8447363, 8456956, 8448797, 8450348, 8451570, 8452209, 8452516]","[8446089, 8446831, 8447291, 8451859, 8451837]"
32,QUE,19911992,"[8445202, 8445253, 8446017, 8455838, 8446935, 8447985, 8456770, 8448394, 8448534, 8448674, 8458617, 8449401, 8449463, 8449633, 8449698, 8449895, 8450200, 8450267, 8450650, 8458534, 8451101, 8451567, 8451774, 8451917, 8452019, 8452159, 8452221]","[8446825, 8446873, 8456283, 8447363, 8458582, 8456852, 8456956, 8448797, 8449136, 8457901, 8451570, 8451840, 8452209, 8452516]","[8446089, 8446831, 8451859, 8451837]"
32,QUE,19921993,"[8455447, 8446017, 8447985, 8448118, 8456770, 8456882, 8448674, 8458617, 8449895, 8450267, 8450817, 8458534, 8451101, 8458031, 8451774, 8452019, 8452569]","[8446494, 8456202, 8446825, 8456283, 8447363, 8448048, 8458582, 8448797, 8451840, 8452516]","[8446089, 8446831, 8447775]"
32,QUE,19931994,"[8445281, 8458538, 8456306, 8447091, 8456770, 8456882, 8448674, 8457069, 8448919, 8449895, 8457533, 8450817, 8458534, 8451101, 8451152, 8459060, 8458031, 8451774, 8451793, 8452019, 8458348, 8452569]","[8445803, 8446177, 8446825, 8456283, 8447363, 8448048, 8456669, 8458582, 8456852, 8448797, 8457312, 8457384, 8458043, 8458373, 8452516]","[8446089, 8446831, 8458075, 8459432]"
32,QUE,19941995,"[8445281, 8446085, 8458538, 8459436, 8458520, 8456647, 8456770, 8456882, 8448674, 8448919, 8449895, 8457533, 8450817, 8458534, 8451101, 8458031, 8452569]","[8446825, 8456283, 8447363, 8458582, 8456852, 8448554, 8458805, 8448770, 8448797, 8457384, 8452516]","[8446831, 8458075, 8459432]"
8,MTL,19171918,"[8445044, 8445071, 8447289, 8447594, 8447761, 8448119, 8448154]","[8445571, 8445744, 8446669, 8447348]",[8450137]
8,MTL,19181919,"[8444956, 8445044, 8445071, 8445496, 8445914, 8447289, 8447594, 8447761, 8448154]","[8445571, 8445744, 8446669]",[8450137]
8,MTL,19191920,"[8444956, 8445071, 8445496, 8445740, 8447289, 8448154, 8449072]","[8445314, 8445571, 8445744, 8447815]",[8450137]
8,MTL,19201921,"[8444956, 8445044, 8445071, 8445496, 8447289, 8447761, 8448154, 8449551]","[8445317, 8445571, 8447907, 8448336]",[8450137]
8,MTL,19211922,"[8445044, 8445071, 8445131, 8445133, 8445496, 8447289, 8447761, 8448154, 8449181]","[8445497, 8445571, 8445744]",[8450137]
8,MTL,19221923,"[8445044, 8445071, 8445131, 8445133, 8445496, 8447110, 8447594, 8448154]","[8445497, 8445744]",[8450137]
8,MTL,19231924,"[8445044, 8445133, 8445136, 8445312, 8445496, 8447110, 8447594, 8447888]","[8445497, 8445744, 8447606]",[8450137]
8,MTL,19241925,"[8445133, 8445496, 8447110, 8447111, 8447272, 8447641, 8447888]","[8445497, 8445744, 8446755, 8447606, 8448336]",[8450137]
8,MTL,19251926,"[8445133, 8445578, 8446897, 8447110, 8447328, 8447465, 8447466, 8447888]","[8445744, 8447371, 8447606, 8447637, 8447795, 8448101, 8448336]","[8450012, 8450099, 8450137]"
8,MTL,19261927,"[8445133, 8445541, 8446514, 8446572, 8446727, 8447110, 8447283, 8447328, 8447466, 8447888, 8448080]","[8446564, 8447371, 8447606, 8447887]",[8449987]
8,MTL,19271928,"[8446514, 8446571, 8446727, 8447110, 8447283, 8447323, 8447328, 8447466, 8447888, 8448098]","[8445262, 8446564, 8447371, 8447606]",[8449987]
8,MTL,19281929,"[8446514, 8446571, 8447110, 8447328, 8447466, 8447884, 8447888, 8448080, 8448098]","[8445262, 8445347, 8446564, 8447371, 8447468, 8447604, 8447606]",[8449987]
8,MTL,19291930,"[8447110, 8447328, 8447466, 8447655, 8447884, 8447888, 8448346, 8449366]","[8445262, 8445347, 8446489, 8447371, 8447604, 8447606]","[8449987, 8450050, 8450153]"
8,MTL,19301931,"[8446553, 8447110, 8447328, 8447466, 8447655, 8447884, 8447888, 8448346, 8449366]","[8445262, 8447371, 8447468, 8447604, 8447606, 8448233]",[8449987]
8,MTL,19311932,"[8444870, 8446553, 8447110, 8447328, 8447466, 8447884, 8447888, 8448346, 8449366]","[8445262, 8447371, 8447468, 8447604, 8447606, 8447908, 8448233]",[8449987]
8,MTL,19321933,"[8444870, 8446553, 8446571, 8446590, 8446652, 8446703, 8446727, 8447110, 8447328, 8447466, 8447691, 8447884, 8447888, 8447969, 8448251]","[8445142, 8445262, 8445347, 8447371, 8447604, 8447606, 8449160]",[8449987]
8,MTL,19331934,"[8446553, 8446600, 8447110, 8447282, 8447328, 8447466, 8447884, 8447888, 8448251, 8448331]","[8445142, 8445262, 8445347, 8447604, 8447606, 8448179]","[8449850, 8449861]"
8,MTL,19341935,"[8445504, 8445824, 8446553, 8446607, 8447052, 8447110, 8447306, 8447328, 8447466, 8447739, 8447777, 8447884, 8448251, 8448331, 8448421, 8448605]","[8445142, 8445347, 8447371, 8447604, 8447606, 8448179, 8448790]",[8449861]
8,MTL,19351936,"[8445057, 8445098, 8445140, 8445141, 8445746, 8445884, 8445953, 8446553, 8446607, 8446753, 8447110, 8447328, 8447466, 8447516, 8447777, 8447864, 8447884, 8448605]","[8445296, 8446502, 8446621, 8447467, 8447468, 8447604, 8447606, 8448233]","[8449858, 8449861]"
8,MTL,19361937,"[8445098, 8445184, 8445884, 8445953, 8446553, 8446753, 8447052, 8447110, 8447466, 8447516, 8447777, 8447864, 8447884, 8447888, 8448605, 8449038]","[8445296, 8446621, 8447560, 8447604]","[8449861, 8449987]"
8,MTL,19371938,"[8444982, 8445098, 8445184, 8445868, 8445884, 8445953, 8446553, 8446753, 8447110, 8447466, 8447516, 8447598, 8447884, 8449038, 8449204, 8449543]","[8445262, 8445296, 8446621, 8447560, 8447604, 8448250]","[8449861, 8449976]"
8,MTL,19381939,"[8445098, 8445184, 8445307, 8445953, 8446553, 8446628, 8446753, 8447516, 8447598, 8447884, 8449038, 8449204, 8449262, 8449266, 8449341, 8449543]","[8445296, 8446182, 8446621, 8447604, 8449071, 8449383]","[8449833, 8449861]"
8,MTL,19391940,"[8445026, 8445098, 8445868, 8445953, 8446553, 8446582, 8446753, 8447516, 8447598, 8447847, 8447884, 8448171, 8448372, 8448784, 8449204, 8449266]","[8445296, 8445926, 8446621, 8447604, 8448250, 8449237, 8449383, 8449666]","[8449833, 8449861, 8450007]"
8,MTL,19401941,"[8444862, 8445059, 8445098, 8445358, 8445868, 8445953, 8446582, 8446627, 8446753, 8447271, 8448061, 8448239, 8448784, 8449086, 8449266]","[8446621, 8447604, 8448179, 8448257, 8449047, 8449666]","[8449823, 8449861, 8449960]"
8,MTL,19411942,"[8445059, 8445098, 8445358, 8445841, 8445868, 8446582, 8446627, 8446659, 8446762, 8446842, 8447271, 8447309, 8447516, 8447889, 8448042, 8448061, 8448239, 8448258, 8448784, 8449086, 8449268]","[8445132, 8446621, 8448179, 8448257]","[8449823, 8449960]"
8,MTL,19421943,"[8445059, 8445098, 8445868, 8445891, 8445950, 8446582, 8446627, 8446762, 8446861, 8447271, 8447309, 8447372, 8447587, 8447772, 8447847, 8448042, 8448258, 8448321, 8448784, 8449056]","[8445132, 8446621, 8446699, 8447273, 8447588, 8447804, 8448145, 8448179]",[8449823]
8,MTL,19431944,"[8445098, 8445320, 8445358, 8446230, 8446582, 8446762, 8447271, 8447309, 8447590, 8448042, 8448321, 8449335, 8449372]","[8445132, 8446699, 8447804]",[8449910]
8,MTL,19441945,"[8445098, 8445358, 8446148, 8446230, 8446573, 8446582, 8446861, 8447058, 8447271, 8447309, 8447587, 8447590, 8447901, 8448042, 8448321, 8448459, 8449263]","[8445132, 8445999, 8446215, 8446699, 8449146]",[8449910]
8,MTL,19451946,"[8445059, 8445098, 8445358, 8446230, 8446861, 8447271, 8447309, 8447532, 8447546, 8447901, 8448042, 8448136, 8448158, 8448262, 8448321, 8449226, 8449390]","[8445132, 8445999, 8446699, 8447804, 8448257]","[8449823, 8449910]"
8,MTL,19461947,"[8444871, 8445059, 8445098, 8445358, 8446230, 8446640, 8447271, 8447309, 8447476, 8447539, 8447546, 8447901, 8448042, 8448086, 8448136, 8448239, 8448262, 8448321]","[8445132, 8445999, 8446699, 8447374, 8448257]",[8449910]
8,MTL,19471948,"[8445098, 8445320, 8445344, 8445349, 8445358, 8445833, 8445967, 8446230, 8446640, 8447271, 8447509, 8447546, 8447901, 8448136, 8448158, 8448239, 8448262, 8448321, 8448333, 8448358]","[8445132, 8446699, 8446728, 8447101, 8447349, 8447374, 8448257]","[8449910, 8450041]"
8,MTL,19481949,"[8445320, 8445349, 8445358, 8445833, 8445944, 8445967, 8446230, 8446640, 8447271, 8447509, 8447546, 8447901, 8448158, 8448262, 8448321, 8448333, 8448358]","[8445132, 8446699, 8446728, 8447349, 8447374, 8447582, 8448257]",[8449910]
8,MTL,19491950,"[8445349, 8445833, 8445872, 8445956, 8445967, 8446230, 8446464, 8446511, 8446640, 8446885, 8447271, 8447544, 8447833, 8447901, 8448158, 8448262, 8448321, 8448333, 8449363]","[8445132, 8446699, 8446728, 8447101, 8447349, 8447374, 8448257]","[8449910, 8450041]"
8,MTL,19501951,"[8445408, 8445257, 8445833, 8445872, 8445883, 8445967, 8446562, 8446579, 8446640, 8446885, 8447129, 8447184, 8447271, 8447544, 8447632, 8447814, 8447833, 8447901, 8448057, 8448158, 8448262, 8448321, 8448350]","[8445132, 8445832, 8445853, 8446699, 8446728, 8447101, 8447349, 8447520, 8447582, 8447597, 8447645, 8448386, 8449142]",[8450041]
8,MTL,19511952,"[8444858, 8445745, 8445833, 8445851, 8446004, 8446511, 8446562, 8446579, 8447271, 8447544, 8447593, 8447620, 8447632, 8447716, 8447833, 8447886, 8447901, 8448057, 8448262, 8448321]","[8445132, 8446728, 8447101, 8447512, 8447520, 8447582, 8447645, 8449142]",[8450041]
8,MTL,19521953,"[8444854, 8444879, 8445408, 8445833, 8445851, 8445883, 8446562, 8446579, 8447271, 8447502, 8447544, 8447632, 8447716, 8447833, 8447886, 8447901, 8448057, 8448262, 8448321, 8449183]","[8445132, 8446728, 8447022, 8447101, 8447582, 8447645, 8448583, 8449142]","[8450041, 8450049, 8450066]"
8,MTL,19531954,"[8445408, 8445257, 8445636, 8445833, 8445851, 8445883, 8446562, 8446579, 8447271, 8447502, 8447544, 8447632, 8447716, 8447833, 8447886, 8447901, 8448057, 8448321, 8449183]","[8445132, 8446728, 8447101, 8447582, 8447645, 8449142]","[8450041, 8450066]"
8,MTL,19541955,"[8445028, 8445408, 8445091, 8445833, 8446562, 8446579, 8447308, 8447361, 8447502, 8447544, 8447620, 8447632, 8447833, 8447886, 8447901, 8448057, 8448321, 8448446, 8448582, 8449223]","[8445132, 8446728, 8447101, 8447582, 8447645, 8447651, 8449142, 8449214]","[8449824, 8449916, 8449995, 8450066]"
8,MTL,19551956,"[8445408, 8445171, 8445833, 8446562, 8446579, 8447361, 8447620, 8447886, 8447901, 8448057, 8448215, 8448320, 8448321]","[8445132, 8445500, 8445886, 8446728, 8447101, 8449142, 8449214, 8449270]","[8450065, 8450066]"
8,MTL,19561957,"[8444858, 8444996, 8445005, 8445408, 8445171, 8445809, 8445833, 8446579, 8446623, 8446918, 8447093, 8447361, 8447620, 8447886, 8448057, 8448213, 8448215, 8448320, 8448321, 8448582, 8449089, 8449554]","[8446728, 8447101, 8447582, 8449142, 8449214, 8449270]","[8450041, 8450066]"
8,MTL,19571958,"[8444858, 8444996, 8445005, 8445408, 8445116, 8445171, 8445348, 8445833, 8446579, 8446623, 8447274, 8447620, 8447744, 8447886, 8447901, 8448057, 8448213, 8448215, 8448320, 8448321, 8449089]","[8445147, 8446728, 8447101, 8447322, 8449142, 8449214, 8449270]","[8449785, 8449840, 8449995, 8450066]"
8,MTL,19581959,"[8444996, 8445408, 8445116, 8446579, 8446623, 8446856, 8447620, 8447744, 8447886, 8447901, 8448213, 8448215, 8448320, 8448321]","[8445835, 8446728, 8447101, 8447322, 8449214, 8449270]","[8449862, 8449995, 8450066, 8450068]"
8,MTL,19591960,"[8444996, 8445408, 8445116, 8446579, 8446623, 8446856, 8446888, 8447620, 8447744, 8447886, 8448213, 8448215, 8448320, 8448321]","[8446324, 8446728, 8447101, 8447322, 8449214, 8451960, 8449270]","[8449995, 8450066]"
8,MTL,19601961,"[8444996, 8445408, 8445116, 8445521, 8446577, 8446579, 8446623, 8446856, 8447620, 8447886, 8448131, 8448213, 8448215, 8448320, 8448464, 8449050, 8449256]","[8446574, 8446728, 8447101, 8447322, 8449214, 8451960, 8449270]","[8449995, 8450066]"
8,MTL,19611962,"[8444996, 8445408, 8445067, 8445116, 8445348, 8446579, 8446623, 8446687, 8446856, 8447620, 8447718, 8447886, 8448215, 8448320, 8448464, 8449256]","[8446343, 8446574, 8447101, 8447580, 8449214, 8451960]",[8450066]
8,MTL,19621963,"[8444996, 8445408, 8445067, 8445166, 8446579, 8446623, 8446856, 8447330, 8447620, 8447717, 8447886, 8448215, 8448320, 8448464, 8449207, 8449256]","[8446343, 8446574, 8447568, 8447101, 8447325, 8449214, 8451960]","[8450020, 8450066, 8452247]"
8,MTL,19631964,"[8444996, 8445007, 8445408, 8445067, 8445137, 8446200, 8446812, 8446579, 8446642, 8446856, 8446858, 8447330, 8448215, 8448320, 8448427, 8448464, 8449256]","[8446574, 8446690, 8447568, 8446717, 8447325, 8448259, 8448356, 8449214, 8451960, 8449367]","[8449995, 8450046, 8450152]"
8,MTL,19641965,"[8444996, 8445007, 8445408, 8445067, 8445137, 8446200, 8445957, 8446812, 8446856, 8447330, 8447718, 8448135, 8448215, 8448320, 8448427, 8448464, 8449256]","[8446574, 8447568, 8446717, 8447325, 8448147, 8448356, 8449214, 8451960, 8449367]","[8449995, 8450152]"
8,MTL,19651966,"[8444996, 8445007, 8445408, 8445067, 8446200, 8445957, 8446812, 8447352, 8447330, 8448215, 8448320, 8448427, 8448464, 8449256]","[8446574, 8447568, 8446717, 8447092, 8447325, 8448194, 8448356, 8449214, 8451960]","[8449995, 8450152]"
8,MTL,19661967,"[8444996, 8445007, 8445408, 8445137, 8446200, 8445957, 8446812, 8447330, 8448135, 8448215, 8448320, 8448427, 8448464, 8449256]","[8446574, 8447568, 8446717, 8447325, 8448194, 8448356, 8451150, 8449214, 8451960, 8452140]","[8449806, 8449995, 8452122, 8450152]"
8,MTL,19671968,"[8444996, 8445408, 8446200, 8445957, 8446812, 8447352, 8447330, 8448756, 8447883, 8448215, 8450736, 8448320, 8448464, 8449256]","[8447568, 8446717, 8447325, 8451150, 8451960, 8452140, 8449367]","[8452122, 8450152]"
8,MTL,19681969,"[8444996, 8445408, 8445072, 8445126, 8445329, 8446200, 8446482, 8445957, 8446812, 8446595, 8446645, 8448756, 8447883, 8448215, 8450736, 8448320, 8448464, 8449256]","[8447568, 8446717, 8446864, 8447325, 8448694, 8451150, 8451960]","[8446720, 8452122, 8452247, 8450152]"
8,MTL,19691970,"[8444996, 8445408, 8445126, 8446044, 8446200, 8446482, 8445957, 8446812, 8446645, 8447988, 8446933, 8448756, 8449062, 8447853, 8450472, 8448215, 8450736, 8448320, 8448353, 8448464, 8449004, 8451856]","[8445834, 8446574, 8447568, 8446717, 8447325, 8448694, 8451150, 8451960]","[8449784, 8452122, 8450152]"
8,MTL,19701971,"[8444996, 8445408, 8446044, 8445505, 8446200, 8446812, 8447988, 8446933, 8447330, 8448735, 8448756, 8449044, 8449062, 8450472, 8450736, 8448320, 8448353, 8448427, 8449004, 8451856]","[8445612, 8447568, 8447325, 8448694, 8449736, 8451150, 8451960]","[8446490, 8449784, 8452122]"
8,MTL,19711972,"[8445089, 8446120, 8446200, 8446552, 8447988, 8448624, 8447330, 8448735, 8448756, 8449044, 8449062, 8450472, 8448320, 8448353, 8451856]","[8445612, 8447568, 8447930, 8447325, 8448694, 8449736, 8448356, 8451150, 8451960]","[8449866, 8446490, 8449784, 8452122]"
8,MTL,19721973,"[8445089, 8446200, 8447042, 8447988, 8448624, 8448644, 8447330, 8448735, 8448756, 8449044, 8449062, 8448320, 8448460, 8451354, 8451856, 8452488]","[8445612, 8447930, 8447325, 8448694, 8449736, 8448356, 8450936, 8451150]","[8446490, 8450468, 8451891]"
8,MTL,19731974,"[8446200, 8446998, 8447042, 8447290, 8448624, 8448644, 8447330, 8448735, 8448756, 8449044, 8449062, 8448320, 8451354, 8452488]","[8445612, 8447325, 8448694, 8448356, 8450936, 8451150, 8452156]","[8448700, 8450468, 8451891, 8452477]"
8,MTL,19741975,"[8444999, 8446200, 8446998, 8447290, 8448624, 8448644, 8447330, 8448735, 8448756, 8449062, 8448320, 8450845, 8448788, 8451354, 8451959, 8452488]","[8444988, 8445612, 8446047, 8448694, 8448356, 8450936, 8451150, 8452156]","[8446490, 8448700]"
8,MTL,19751976,"[8444999, 8446200, 8446998, 8447290, 8448254, 8448624, 8448644, 8448756, 8449062, 8450845, 8448999, 8451354, 8451959, 8452488]","[8444988, 8445612, 8446047, 8448694, 8449933, 8448356, 8450936, 8451150, 8452156]","[8446490, 8448700]"
8,MTL,19761977,"[8446200, 8446998, 8447988, 8448254, 8448624, 8448644, 8448756, 8449062, 8449676, 8450491, 8450845, 8451354, 8451959, 8452488]","[8445612, 8446047, 8446679, 8448694, 8449933, 8448356, 8450936, 8451150, 8452156]","[8446490, 8448700]"
8,MTL,19771978,"[8446200, 8446998, 8447988, 8448075, 8448254, 8448624, 8448644, 8448707, 8448756, 8449062, 8449676, 8450491, 8450845, 8451246, 8451354, 8451959, 8452488]","[8445612, 8446047, 8446679, 8448694, 8448905, 8449933, 8450936, 8451150]","[8446490, 8448700]"
8,MTL,19781979,"[8446147, 8446200, 8446998, 8447988, 8448075, 8448254, 8448624, 8448644, 8448707, 8448756, 8448901, 8449676, 8449795, 8449874, 8450845, 8451354, 8451959]","[8446047, 8446679, 8448651, 8448694, 8448905, 8450936, 8451150]","[8446490, 8448700]"
8,MTL,19791980,"[8444897, 8446535, 8446998, 8447115, 8447988, 8448254, 8448369, 8448624, 8448644, 8448707, 8449535, 8449676, 8449795, 8449883, 8450845, 8451354, 8451959]","[8446047, 8446679, 8447205, 8448651, 8448694, 8448905, 8450936, 8450938, 8451150]","[8447755, 8448700, 8451308]"
8,MTL,19801981,"[8444897, 8446036, 8446998, 8447988, 8448254, 8448369, 8448624, 8448644, 8448707, 8449676, 8449795, 8449883, 8450845, 8451354, 8451959, 8452445]","[8445212, 8446047, 8446679, 8447205, 8448651, 8448694, 8450074, 8450359, 8450936, 8451150]","[8447755, 8448700, 8451308, 8452287]"
8,MTL,19811982,"[8444897, 8445723, 8446998, 8447988, 8448106, 8448254, 8448624, 8448707, 8448713, 8449676, 8449795, 8449883, 8450845, 8451354, 8451959, 8452445]","[8446372, 8446679, 8447205, 8448494, 8448651, 8448694, 8450074, 8450359, 8450936]","[8447755, 8447940, 8451308, 8452287]"
8,MTL,19821983,"[8444897, 8446036, 8446311, 8446998, 8447988, 8448106, 8448369, 8448624, 8449676, 8449795, 8449796, 8449871, 8449883, 8451354, 8451959, 8452281, 8452445]","[8446372, 8447205, 8447402, 8448494, 8448845, 8449797, 8450359, 8450936, 8451010, 8451239]","[8447940, 8451308, 8452287]"
8,MTL,19831984,"[8444897, 8445267, 8446036, 8446029, 8446998, 8448106, 8448624, 8448657, 8448772, 8449495, 8449669, 8449676, 8449795, 8449796, 8449871, 8449883, 8450200, 8451354, 8451476, 8451959, 8451981, 8451992, 8452281, 8452445]","[8444917, 8445936, 8446053, 8446372, 8447088, 8447402, 8447482, 8448494, 8448845, 8449797, 8450359, 8450936, 8451010]","[8447940, 8450311, 8451308, 8452287]"
8,MTL,19841985,"[8445582, 8446036, 8446029, 8446353, 8446869, 8446998, 8448106, 8448624, 8448772, 8449495, 8449676, 8449796, 8449871, 8449883, 8450825, 8451008, 8451058, 8451354, 8451476, 8451874, 8451959, 8451981, 8452281]","[8445936, 8446053, 8447402, 8448568, 8448845, 8449797, 8450936, 8451789]","[8450311, 8451033, 8451595]"
8,MTL,19851986,"[8445582, 8445752, 8446036, 8446167, 8446287, 8446353, 8446998, 8448534, 8448772, 8449095, 8449495, 8449669, 8449796, 8449883, 8450825, 8451008, 8451427, 8451476, 8451959, 8451981, 8452281]","[8445905, 8445936, 8446053, 8447205, 8447402, 8448568, 8448633, 8448845, 8450936, 8451789]","[8450311, 8451033, 8451595]"
8,MTL,19861987,"[8445582, 8446036, 8446167, 8446287, 8446998, 8448534, 8448772, 8449095, 8449495, 8449669, 8449796, 8449883, 8450825, 8451008, 8451427, 8451476, 8451915, 8452281]","[8446053, 8447205, 8447402, 8448568, 8448633, 8448845, 8450936, 8451116, 8451789]","[8447701, 8451033]"
8,MTL,19871988,"[8445582, 8446036, 8446043, 8446167, 8446287, 8446998, 8447033, 8448534, 8448772, 8449495, 8449669, 8449796, 8449883, 8450825, 8451427, 8451476, 8451915, 8452281]","[8446053, 8446852, 8447205, 8447402, 8448633, 8448845, 8450936, 8451116, 8451224, 8451789, 8451938]","[8447701, 8450834, 8451033]"
8,MTL,19881989,"[8445734, 8446036, 8446043, 8446167, 8446208, 8446998, 8447177, 8448415, 8448534, 8448719, 8448772, 8448781, 8449281, 8449495, 8449796, 8450825, 8451427, 8451476, 8451915, 8452281]","[8446053, 8446407, 8446501, 8447402, 8448633, 8448845, 8448824, 8450936, 8451789]","[8446723, 8447701, 8451033]"
8,MTL,19891990,"[8446036, 8446003, 8446026, 8446167, 8446208, 8446009, 8446397, 8446733, 8447177, 8448415, 8448719, 8448772, 8448781, 8449281, 8449495, 8449796, 8450269, 8450825, 8451427, 8451476, 8452281]","[8446053, 8446286, 8446407, 8446501, 8448770, 8448845, 8448824, 8449957, 8451224, 8451789]","[8447701, 8450657, 8451033]"
8,MTL,19901991,"[8445734, 8446036, 8446003, 8446026, 8446167, 8446208, 8446415, 8446733, 8447177, 8448415, 8448775, 8448719, 8448622, 8449495, 8450269, 8450825, 8450890, 8451146, 8451427, 8451988, 8452281]","[8445739, 8446177, 8446286, 8446407, 8446417, 8446501, 8447079, 8456595, 8448770, 8449957, 8451224, 8451789]","[8445438, 8446134, 8450657, 8451033]"
8,MTL,19911992,"[8455564, 8445734, 8446036, 8446167, 8446208, 8456080, 8446415, 8446733, 8447177, 8448415, 8448719, 8448622, 8449495, 8449740, 8449883, 8450890, 8457849, 8451146, 8451427, 8451988, 8458587]","[8445739, 8446177, 8446286, 8446407, 8446501, 8447477, 8456595, 8448770, 8449957, 8451224, 8451789]","[8449547, 8450657, 8451033]"
8,MTL,19921993,"[8455564, 8445417, 8445734, 8446036, 8455801, 8446303, 8456080, 8446415, 8446733, 8448415, 8456848, 8448719, 8448622, 8448754, 8449740, 8458641, 8450890, 8457849, 8451146, 8451427, 8458125]","[8445739, 8455843, 8446286, 8446407, 8446501, 8447477, 8456595, 8449957, 8450642, 8451224]","[8446134, 8450657, 8451033]"
8,MTL,19931994,"[8445417, 8459246, 8445734, 8446036, 8446303, 8456080, 8446415, 8456235, 8456274, 8448415, 8448719, 8448622, 8448754, 8449740, 8458641, 8450890, 8457849, 8458682, 8457991, 8458125, 8458287, 8452495]","[8445739, 8446286, 8446407, 8446873, 8447477, 8449957, 8457706, 8459100, 8450642, 8451224]","[8446134, 8456917, 8450657, 8451033, 8451837]"
8,MTL,19941995,"[8445417, 8459246, 8445734, 8458969, 8455919, 8446303, 8458557, 8456080, 8446415, 8456235, 8456274, 8448415, 8448641, 8448622, 8459412, 8449740, 8460545, 8458641, 8450725, 8450890, 8457849, 8458575, 8458682, 8457991, 8458125, 8451991]","[8445739, 8446286, 8446407, 8446873, 8457191, 8449957, 8457706, 8450658, 8459004, 8451224, 8458956]","[8451033, 8451837]"
8,MTL,19951996,"[8459494, 8459246, 8445734, 8458969, 8445775, 8455919, 8446303, 8456235, 8458705, 8448415, 8459442, 8456882, 8448641, 8460545, 8458641, 8450725, 8458534, 8458575, 8458682, 8458125, 8459574, 8451991]","[8445739, 8446286, 8446376, 8459469, 8458555, 8460560, 8457191, 8449957, 8457706, 8450620, 8450658, 8459004, 8458956]","[8448207, 8458604, 8451033, 8460535, 8459432]"
8,MTL,19961997,"[8459494, 8459246, 8445734, 8458969, 8445775, 8446167, 8446303, 8462252, 8459442, 8459602, 8460545, 8450725, 8450825, 8458534, 8462039, 8458682, 8457991, 8458125, 8451972, 8459574, 8451991]","[8445266, 8445739, 8460508, 8458543, 8459469, 8458555, 8457191, 8449123, 8457706, 8450620, 8459004, 8458956]","[8448207, 8460535, 8459432, 8460712]"
8,MTL,19971998,"[8459494, 8445734, 8458969, 8445775, 8446167, 8446303, 8464971, 8459158, 8462252, 8459442, 8459602, 8458523, 8450725, 8450825, 8458534, 8462039, 8458682, 8458125, 8451972, 8459574, 8452240]","[8445739, 8465122, 8458543, 8458555, 8457191, 8449123, 8457706, 8450620, 8459004, 8458715, 8458956, 8452584]","[8449681, 8460535, 8459432]"
8,MTL,19981999,"[8465025, 8466130, 8460015, 8445734, 8446167, 8446303, 8458549, 8462113, 8464971, 8459158, 8462252, 8459305, 8459442, 8459230, 8458660, 8458523, 8450725, 8458534, 8462039, 8458682, 8458125, 8451972, 8458991, 8464977]","[8445739, 8460508, 8465122, 8462088, 8458518, 8457191, 8449123, 8459558, 8450620, 8459004, 8458715, 8452353]","[8446134, 8447449, 8460535, 8459432]"
8,MTL,19992000,"[8465025, 8466130, 8455564, 8445734, 8446167, 8455984, 8458557, 8464971, 8459442, 8459114, 8448825, 8459230, 8458660, 8458641, 8458523, 8467371, 8458534, 8458682, 8458125, 8451972, 8466147, 8458991, 8464977]","[8465914, 8445739, 8456149, 8462088, 8458518, 8462073, 8457191, 8457805, 8459004, 8462196, 8460561, 8458715, 8452353]","[8447449, 8460535]"
8,MTL,20002001,"[8465025, 8466130, 8467445, 8460014, 8445734, 8464998, 8458542, 8467342, 8458557, 8465125, 8464971, 8462035, 8459442, 8463019, 8459114, 8448825, 8449961, 8458641, 8458523, 8467371, 8458534, 8458682, 8465960, 8466147, 8467534, 8460735, 8458991, 8464977]","[8465914, 8445739, 8455875, 8464972, 8456149, 8462073, 8467496, 8457805, 8459004, 8462196, 8451333, 8460561, 8458986, 8452353]","[8460506, 8464999, 8447449, 8460535]"
8,MTL,20012002,"[8465025, 8445176, 8460742, 8445734, 8464998, 8465090, 8458557, 8447206, 8462135, 8468496, 8456760, 8462035, 8459442, 8463019, 8458617, 8449961, 8458561, 8458641, 8458523, 8467371, 8458534, 8458682, 8458036, 8452147, 8460735]","[8465914, 8445739, 8456149, 8469558, 8467496, 8450620, 8459004, 8462196, 8460561, 8458986]","[8446831, 8464999, 8447449, 8469800, 8460535]"
8,MTL,20022003,"[8445176, 8460015, 8464998, 8458620, 8465090, 8465020, 8447206, 8468496, 8456760, 8462035, 8459442, 8458617, 8449450, 8458561, 8458641, 8467371, 8459430, 8466147, 8460735]","[8467400, 8465914, 8445739, 8456149, 8468493, 8469460, 8467496, 8450620, 8459004, 8458986]","[8464999, 8447449, 8460535]"
8,MTL,20032004,"[8445176, 8468558, 8464998, 8464994, 8465090, 8465003, 8456100, 8465020, 8462135, 8470274, 8468496, 8456760, 8462035, 8459442, 8458529, 8459391, 8458561, 8469521, 8467371, 8467545, 8459430, 8466147, 8460735]","[8465914, 8445739, 8456149, 8468493, 8469460, 8467496, 8450620, 8459004, 8460561]","[8464999, 8460535]"
8,MTL,20052006,"[8460105, 8464998, 8464994, 8465003, 8465992, 8469807, 8470274, 8469120, 8459442, 8470603, 8458529, 8470654, 8469528, 8469478, 8469521, 8467371, 8467545, 8459430, 8460735]","[8465914, 8468745, 8460540, 8469460, 8467496, 8459004, 8460782, 8460561, 8468309]","[8466290, 8471186, 8469658, 8460535]"
8,MTL,20062007,"[8460105, 8464994, 8465992, 8471362, 8470274, 8466109, 8459442, 8470603, 8458529, 8470654, 8471670, 8469489, 8469528, 8469478, 8469521, 8467545, 8466035]","[8465914, 8460540, 8470324, 8469460, 8467496, 8459458, 8459004, 8460561, 8468309]","[8466290, 8470860, 8469658]"
8,MTL,20072008,"[8464994, 8471231, 8471851, 8471362, 8470274, 8459442, 8470603, 8471859, 8466398, 8458529, 8470654, 8471670, 8470705, 8469528, 8469521, 8467545, 8458069, 8471457]","[8465914, 8445739, 8460540, 8470324, 8458938, 8469460, 8467496, 8470672, 8468309]","[8470860, 8469658, 8471679]"
8,MTL,20082009,"[8464994, 8471231, 8471851, 8470274, 8459442, 8470603, 8471859, 8466398, 8458529, 8456966, 8470654, 8462060, 8471670, 8473493, 8462823, 8474157, 8469521, 8471457, 8467338]","[8465914, 8445739, 8460540, 8470324, 8458938, 8467392, 8467928, 8469460, 8467496, 8470672, 8451224, 8474134]","[8462055, 8470860, 8471679]"
8,MTL,20092010,"[8469500, 8471231, 8471851, 8468463, 8471976, 8467407, 8467351, 8470603, 8471859, 8470654, 8462060, 8471670, 8473493, 8462823, 8468635, 8468575, 8474157, 8469521, 8471678, 8471768, 8471457, 8474436, 8473466, 8471312]","[8470623, 8469765, 8473438, 8459628, 8470324, 8458938, 8467436, 8466144, 8467496, 8470672, 8467439, 8474056, 8474134]","[8470860, 8471679]"
8,MTL,20102011,"[8471310, 8469500, 8468463, 8470741, 8471976, 8474189, 8475372, 8467407, 8467351, 8467831, 8470603, 8470654, 8468635, 8474157, 8474030, 8469521, 8471678, 8471768, 8473466]","[8459628, 8470324, 8458938, 8466144, 8467496, 8475641, 8470672, 8470678, 8462176, 8467439, 8474056, 8474134, 8470222]","[8467913, 8471679]"
8,MTL,20112012,"[8471663, 8471504, 8469500, 8467396, 8468463, 8471976, 8475254, 8474189, 8475372, 8473608, 8467407, 8467351, 8470603, 8475183, 8468635, 8471229, 8474157, 8474030, 8469521, 8471521, 8473466]","[8470329, 8476244, 8471296, 8459628, 8470324, 8465200, 8467496, 8467439, 8473647, 8474056, 8474134]","[8469514, 8471679]"
8,MTL,20122013,"[8469474, 8471663, 8471504, 8467396, 8471976, 8475254, 8474189, 8476851, 8475848, 8467407, 8467831, 8468635, 8474157, 8469521, 8471283, 8467545, 8473466]","[8476470, 8465914, 8476244, 8474518, 8471296, 8470324, 8465200, 8467496, 8474688, 8474056, 8475797, 8474134]","[8469514, 8471679]"
8,MTL,20132014,"[8471663, 8475739, 8471504, 8464975, 8471976, 8475254, 8474189, 8476851, 8475848, 8467407, 8475889, 8475183, 8468635, 8475198, 8474157, 8468095, 8469521, 8471283, 8470366, 8475749, 8470598, 8474668, 8473466]","[8476470, 8465914, 8476244, 8471296, 8470324, 8467496, 8468114, 8474056, 8475797, 8468478]","[8469514, 8471679, 8474682]"
8,MTL,20142015,"[8477413, 8475739, 8471504, 8474137, 8477455, 8471976, 8475254, 8474189, 8476808, 8476851, 8475848, 8467334, 8471338, 8468635, 8474157, 8469707, 8469521, 8471283, 8478137, 8475758, 8474025, 8475749, 8474668]","[8467332, 8476470, 8471296, 8470104, 8458951, 8467496, 8474688, 8473507, 8474056, 8475797, 8468478]","[8471679, 8474682]"
8,MTL,20152016,"[8477413, 8471371, 8474038, 8477901, 8476479, 8477455, 8471976, 8474189, 8470039, 8476808, 8476851, 8475848, 8473431, 8476948, 8476451, 8476870, 8477446, 8471338, 8474157, 8469521, 8473722, 8470120, 8475758, 8475749, 8474668]","[8474717, 8473658, 8476470, 8476379, 8475782, 8471296, 8470104, 8477810, 8478963, 8478004, 8467496, 8474688, 8473507, 8474056, 8475797]","[8477237, 8479292, 8471679, 8475681, 8474682]"
8,MTL,20162017,"[8477413, 8474038, 8477901, 8476479, 8477455, 8471976, 8476769, 8476808, 8476851, 8475848, 8476948, 8474100, 8477476, 8478561, 8477446, 8471338, 8468505, 8474157, 8469521, 8471228, 8477957, 8476381, 8474052]","[8474717, 8476470, 8474818, 8475869, 8471296, 8477810, 8478963, 8478004, 8467496, 8476300, 8474688, 8473507, 8474743, 8479410, 8470642]","[8479292, 8471219, 8471679]"
8,MTL,20172018,"[8474038, 8477901, 8476479, 8477455, 8475235, 8477494, 8475278, 8476851, 8475848, 8469466, 8476948, 8477476, 8477446, 8471338, 8474157, 8469521, 8477510, 8477957, 8476381, 8476400]","[8473991, 8474818, 8475869, 8480143, 8478454, 8478004, 8479376, 8476476, 8473507, 8476422, 8473673, 8468309, 8477642, 8470642]","[8479292, 8471219, 8474550, 8471679]"
8,MTL,20182019,"[8475844, 8476469, 8474038, 8475808, 8476479, 8475235, 8477503, 8477494, 8475848, 8476948, 8480829, 8477476, 8476285, 8469521, 8480068, 8476381, 8475193, 8470775, 8475738, 8474668]","[8473991, 8474818, 8477850, 8478454, 8476967, 8479376, 8476443, 8473507, 8476422, 8473673, 8470642]","[8479292, 8474550, 8471679]"
8,MTL,20192020,"[8476469, 8477003, 8475968, 8474038, 8476393, 8476479, 8477503, 8477494, 8478133, 8475848, 8476948, 8480829, 8469454, 8477476, 8476285, 8480068, 8480018, 8475193, 8470775, 8478838, 8475738, 8474668]","[8473991, 8475279, 8479985, 8477850, 8476967, 8481105, 8479376, 8477467, 8476443, 8473507, 8476422, 8474618, 8470642]","[8476234, 8479292, 8471679, 8480051]"
8,MTL,20202021,"[8476981, 8476469, 8475968, 8474038, 8481540, 8476479, 8477494, 8478133, 8473564, 8475848, 8480829, 8477476, 8470621, 8470595, 8480018, 8475193, 8475726, 8481058]","[8475279, 8476441, 8476979, 8476967, 8481105, 8475750, 8479376, 8476443, 8473507, 8481014, 8470642]","[8474596, 8471679, 8480051]"
8,MTL,20212022,"[8476981, 8476469, 8477631, 8475968, 8478996, 8474038, 8481540, 8477460, 8477494, 8477989, 8478133, 8475848, 8481093, 8480858, 8474884, 8477476, 8476975, 8473618, 8479543, 8479514, 8475752, 8480068, 8480018, 8475726, 8478838, 8481058]","[8482111, 8475279, 8479348, 8476441, 8480887, 8476967, 8478021, 8478915, 8481555, 8473507, 8481014, 8475233, 8481461, 8475227]","[8474596, 8477202, 8478933, 8478470, 8471679, 8480051]"
8,MTL,20222023,"[8476981, 8476469, 8483424, 8475968, 8481540, 8483549, 8481523, 8474149, 8477494, 8477989, 8478133, 8482081, 8475848, 8478495, 8481093, 8474884, 8477497, 8479543, 8479514, 8478409, 8483515, 8480018, 8480034, 8476919, 8481058]","[8479329, 8482111, 8476441, 8482087, 8480887, 8480192, 8476875, 8475233, 8481461, 8475227, 8482964]","[8474596, 8478470, 8480051]"
8,MTL,20232024,"[8476981, 8476469, 8481540, 8481523, 8477989, 8478133, 8475848, 8481093, 8481618, 8479543, 8483515, 8480018]","[8482087, 8480887, 8483457, 8476875, 8475233, 8482964]","[8478470, 8480051]"
8,MTL,20242025,"[8476981, 8476469, 8481540, 8481523, 8484984, 8477989, 8478133, 8475848, 8482476, 8482775, 8479339, 8481618, 8479543, 8483515, 8480018]","[8478851, 8482087, 8483457, 8476875, 8475233, 8481593, 8482964]","[8482487, 8478470]"
58,TSP,19191920,"[8445873, 8445972, 8448013, 8448212, 8448246, 8448349, 8449551]","[8445314, 8446761, 8447637]","[8449918, 8450017, 8450044]"
58,TSP,19201921,"[8445873, 8445972, 8447761, 8448013, 8448246, 8448349, 8449090, 8449551]","[8445314, 8445497, 8449199]","[8449918, 8450044]"
58,TSP,19211922,"[8444936, 8445873, 8445972, 8446581, 8447035, 8448013, 8448030, 8448246, 8449090]","[8445314, 8449075, 8449145, 8449199]","[8450044, 8450103]"
58,TSP,19221923,"[8444861, 8444936, 8445873, 8445882, 8445972, 8448013, 8448246, 8448948, 8449090]","[8445314, 8449199]",[8450103]
58,TSP,19231924,"[8444861, 8444936, 8444956, 8445326, 8445972, 8447035, 8448013, 8448948]","[8445571, 8446907, 8447518, 8449133, 8449199]","[8450017, 8450103]"
58,TSP,19241925,"[8444861, 8444936, 8445644, 8445972, 8446300, 8447035, 8447655, 8447999, 8448013, 8448310, 8449090]","[8445571, 8445854, 8446907, 8449133, 8449199]",[8450103]
58,TSP,19251926,"[8444861, 8445047, 8445972, 8447655, 8447999, 8448310, 8449090, 8444851]","[8445308, 8445571, 8445854, 8446907, 8447912, 8449002]",[8450103]
58,TSP,19261927,"[8444998, 8445047, 8445345, 8445762, 8445873, 8446649, 8447144, 8447655, 8448098, 8448226, 8449308]","[8445142, 8445203, 8445571, 8445854, 8446662, 8449141]",[8450103]
7,BUF,19701971,"[8444928, 8444934, 8444984, 8445857, 8445957, 8446623, 8448162, 8447145, 8447234, 8447620, 8447745, 8447829, 8448069, 8450308, 8448133, 8448924, 8448974, 8449074, 8449646]","[8445006, 8445024, 8446324, 8447488, 8448600, 8447285, 8447807, 8447971, 8448190, 8449214, 8451880, 8449370]","[8449859, 8446290, 8446488]"
7,BUF,19711972,"[8444928, 8444984, 8445302, 8445857, 8445957, 8447300, 8446623, 8447145, 8448730, 8447513, 8448892, 8449275, 8449435, 8447829, 8447853, 8448069, 8450308, 8450640, 8450894, 8448974, 8449074, 8449646, 8449671]","[8445006, 8445024, 8446736, 8447488, 8446864, 8448190, 8448373, 8451880, 8449370]","[8449859, 8446488]"
7,BUF,19721973,"[8444984, 8445800, 8445857, 8446498, 8447300, 8446634, 8446713, 8447513, 8448892, 8449275, 8449435, 8447829, 8447853, 8450308, 8450640, 8448330, 8450894, 8448439, 8449646]","[8445980, 8446864, 8446917, 8448190, 8448373, 8451241, 8451880]","[8449859, 8446488, 8449917]"
7,BUF,19731974,"[8444984, 8445800, 8446498, 8447300, 8446634, 8447453, 8447513, 8448892, 8449275, 8449525, 8447829, 8447853, 8448032, 8450308, 8450640, 8450894, 8448439, 8451614, 8449646]","[8445980, 8447445, 8446917, 8448524, 8448190, 8448373, 8451241, 8451880]","[8445695, 8449859, 8446488, 8449917]"
7,BUF,19741975,"[8445889, 8446498, 8447062, 8446634, 8447513, 8448892, 8449275, 8449525, 8447825, 8447829, 8447853, 8450308, 8450640, 8450894, 8451614, 8449149, 8451910]","[8445980, 8446871, 8447420, 8447445, 8448524, 8447783, 8448373, 8451241]","[8445695, 8449859, 8449868, 8449917]"
7,BUF,19751976,"[8447062, 8447513, 8448892, 8449275, 8449277, 8449320, 8449525, 8450308, 8450640, 8450815, 8450894, 8451513, 8451614, 8449149, 8451910]","[8445676, 8446871, 8447420, 8447445, 8448524, 8447783, 8451241]","[8445695, 8449859, 8449868, 8451474]"
7,BUF,19761977,"[8447062, 8448532, 8447513, 8448892, 8449275, 8449277, 8449320, 8450308, 8450640, 8450815, 8450894, 8451144, 8451513, 8451614, 8449149, 8451907]","[8445676, 8446871, 8447420, 8447445, 8448524, 8451241]","[8449868, 8446597, 8451143, 8451474]"
7,BUF,19771978,"[8447062, 8448532, 8447513, 8448892, 8449275, 8449277, 8449320, 8450308, 8450640, 8450894, 8451144, 8448937, 8451255, 8451513, 8449149, 8451907]","[8445980, 8446533, 8446871, 8447420, 8447445, 8448524, 8450641, 8451241, 8451732]","[8449868, 8446597, 8451143]"
7,BUF,19781979,"[8446498, 8447062, 8448892, 8449275, 8449277, 8449320, 8449445, 8450308, 8450640, 8450815, 8450894, 8451144, 8451245, 8451255, 8451513]","[8445590, 8445676, 8446533, 8446871, 8447420, 8447445, 8448524, 8450469, 8451241, 8451732]","[8446597, 8448170, 8451143]"
7,BUF,19791980,"[8446498, 8447062, 8447300, 8448892, 8449275, 8449353, 8449445, 8449678, 8450308, 8450640, 8451053, 8451144, 8451245, 8451255, 8451513]","[8446533, 8447445, 8448524, 8450469, 8450645, 8451241, 8452156]","[8446597, 8451143]"
7,BUF,19801981,"[8446261, 8446498, 8447062, 8447485, 8447684, 8448892, 8449275, 8449353, 8449445, 8449660, 8449678, 8450218, 8450308, 8450640, 8451053, 8451141, 8451144, 8451255, 8451513]","[8446533, 8447445, 8447757, 8450469, 8450645, 8451241, 8452156]","[8446597, 8451143]"
7,BUF,19811982,"[8446261, 8446547, 8446876, 8447062, 8447485, 8447684, 8452154, 8448644, 8449377, 8449445, 8449475, 8449660, 8449678, 8450218, 8450308, 8450341, 8450640, 8451053, 8451141, 8451144, 8451255, 8451513]","[8446533, 8446821, 8447445, 8447757, 8450469, 8450645, 8451241, 8451777, 8452156, 8452233, 8452279]","[8446089, 8446597, 8447663, 8451143]"
7,BUF,19821983,"[8445000, 8446264, 8446329, 8446876, 8447194, 8447485, 8449320, 8449377, 8449445, 8449475, 8449660, 8450218, 8450308, 8450341, 8450640, 8450919, 8451053, 8451141, 8451144, 8451255]","[8446796, 8446821, 8447445, 8447989, 8450469, 8450645, 8451777, 8452156, 8452233, 8452449]","[8446089, 8449784, 8451143]"
7,BUF,19831984,"[8445000, 8446101, 8446226, 8446264, 8446329, 8446876, 8447485, 8448654, 8449377, 8449475, 8449660, 8449678, 8450218, 8450308, 8450341, 8450640, 8451053, 8451255, 8451987, 8452215]","[8446796, 8447445, 8447989, 8448524, 8450469, 8450645, 8450798, 8452233, 8452449]","[8445275, 8451143]"
7,BUF,19841985,"[8445000, 8446101, 8446226, 8446264, 8446329, 8446876, 8447485, 8448603, 8449475, 8449660, 8449678, 8450057, 8450218, 8450308, 8450341, 8450640, 8451053, 8451255, 8451987, 8452215]","[8446796, 8447445, 8447458, 8447989, 8448387, 8448524, 8449103, 8450469, 8450645, 8451241, 8452233, 8452449]","[8445275, 8446089, 8451143]"
7,BUF,19851986,"[8444963, 8445000, 8446226, 8446264, 8446329, 8446527, 8446876, 8446996, 8447047, 8447447, 8447485, 8448075, 8448603, 8448654, 8448808, 8449475, 8450057, 8450308, 8451053, 8451255, 8451516, 8451987]","[8446533, 8446679, 8446796, 8447445, 8447458, 8447919, 8447989, 8450469, 8450645, 8450742, 8451075, 8452233]","[8445275, 8446089, 8450627]"
7,BUF,19861987,"[8444963, 8445000, 8445088, 8445729, 8446226, 8446264, 8446527, 8446876, 8447193, 8447447, 8447673, 8448603, 8448808, 8448821, 8449795, 8450057, 8450107, 8450199, 8450308, 8450560, 8451053, 8451080, 8451516, 8451940, 8451987]","[8444957, 8446533, 8446796, 8446792, 8446871, 8447445, 8447458, 8447919, 8447989, 8448523, 8448554, 8448568, 8450645, 8450742, 8451075]","[8445275, 8446089, 8450627]"
7,BUF,19871988,"[8444963, 8445000, 8445088, 8446226, 8446264, 8446449, 8446527, 8446876, 8446996, 8447193, 8447673, 8445423, 8448202, 8448821, 8448844, 8449037, 8449577, 8449795, 8450199, 8450560, 8451053, 8451080, 8451343, 8451516, 8451987, 8451991]","[8444957, 8446533, 8447458, 8447980, 8447989, 8448287, 8448554, 8449461, 8450645, 8450742]","[8445275, 8446089, 8450627]"
7,BUF,19881989,"[8444963, 8445000, 8445088, 8446226, 8446449, 8446876, 8447673, 8445423, 8448391, 8448844, 8449037, 8449577, 8449795, 8450199, 8450560, 8451053, 8451080, 8451334, 8451343, 8451987, 8451991, 8452152]","[8444957, 8445568, 8446533, 8446792, 8447458, 8447989, 8448287, 8448554, 8448740, 8449608, 8450469, 8450645, 8450742, 8451559]","[8445275, 8446089, 8446637, 8449096, 8450627, 8452248]"
7,BUF,19891990,"[8445000, 8445088, 8445176, 8446165, 8446449, 8446876, 8447369, 8447673, 8445423, 8448793, 8448859, 8449037, 8449577, 8449654, 8449664, 8450199, 8450560, 8450678, 8451080, 8451334, 8451343, 8451596, 8451987, 8451991, 8452152]","[8444957, 8445568, 8446364, 8447477, 8447989, 8448449, 8448554, 8448708, 8448740, 8449461, 8449608, 8450469, 8450645, 8452366]","[8449096, 8450627]"
7,BUF,19901991,"[8445000, 8445176, 8446876, 8446952, 8447673, 8447685, 8445423, 8448793, 8449079, 8449654, 8450200, 8450678, 8451080, 8451140, 8451175, 8451334, 8451596, 8451858, 8451987, 8451991, 8452152]","[8445568, 8445655, 8446263, 8447477, 8447979, 8448449, 8448554, 8448740, 8449608, 8450645, 8451805, 8452366]","[8448776, 8449096, 8450627, 8452248]"
7,BUF,19911992,"[8445000, 8445176, 8455874, 8446165, 8446952, 8446996, 8447515, 8447685, 8445423, 8448626, 8448793, 8457261, 8449488, 8449654, 8450234, 8450523, 8450678, 8451080, 8451334, 8451596, 8451858, 8451991, 8452152, 8452501]","[8445568, 8455805, 8446263, 8446437, 8447477, 8447822, 8447979, 8448554, 8448740, 8449608, 8449662, 8450645, 8451805, 8451789, 8452366]","[8446480, 8448776, 8449096, 8450627]"
7,BUF,19921993,"[8445000, 8445176, 8459019, 8455874, 8446165, 8446715, 8456401, 8447515, 8447685, 8459044, 8448626, 8457134, 8457261, 8449654, 8450234, 8450523, 8450678, 8451820, 8458208, 8452501]","[8445568, 8458527, 8445655, 8455805, 8446437, 8447979, 8448740, 8449662, 8450645, 8458058, 8451805, 8451789]","[8446480, 8446991, 8447687, 8450627]"
7,BUF,19931994,"[8445176, 8459019, 8445493, 8458549, 8447515, 8447685, 8459044, 8448626, 8457134, 8457261, 8449654, 8459591, 8457686, 8450523, 8450678, 8459139, 8451376, 8451820, 8458208, 8452501]","[8455478, 8445568, 8458527, 8455805, 8446437, 8449662, 8449749, 8458058, 8451805, 8451789, 8459460]","[8446991, 8447687]"
7,BUF,19941995,"[8458586, 8445176, 8459019, 8460534, 8458549, 8456401, 8447515, 8447685, 8458638, 8459044, 8448626, 8457134, 8457261, 8449654, 8450267, 8457686, 8450523, 8460507, 8450678, 8451376, 8451820]","[8455478, 8445568, 8458527, 8447004, 8447981, 8448038, 8459016, 8449749, 8458058, 8451805, 8451789, 8459460, 8458595]","[8446991, 8447687, 8451685]"
7,BUF,19951996,"[8445176, 8459019, 8460534, 8445790, 8458883, 8458549, 8459568, 8447515, 8458638, 8448053, 8456695, 8459044, 8448626, 8457261, 8459641, 8459687, 8450267, 8458976, 8457686, 8460507, 8450678, 8460579, 8458347]","[8455478, 8445568, 8455666, 8447004, 8447981, 8448038, 8448271, 8462045, 8449749, 8451333, 8459448, 8458595]","[8462047, 8455633, 8447687, 8458615, 8458800]"
7,BUF,19961997,"[8445176, 8459019, 8460534, 8445790, 8458549, 8459568, 8458638, 8448626, 8457261, 8459641, 8458976, 8457686, 8460507, 8450678, 8457849, 8459534, 8451291, 8460579, 8458347]","[8455666, 8447004, 8448038, 8462045, 8460004, 8451333, 8458058, 8459448, 8458595]","[8447687, 8458615, 8458800]"
7,BUF,19971998,"[8445176, 8459019, 8460534, 8445790, 8458549, 8459568, 8458638, 8456903, 8457261, 8459687, 8458976, 8457686, 8460507, 8464968, 8450678, 8457921, 8459534, 8460579, 8458347]","[8455666, 8456669, 8462045, 8460004, 8451333, 8458058, 8459448, 8458454, 8458595]","[8447687, 8458615]"
7,BUF,19981999,"[8459019, 8455521, 8460534, 8446261, 8459568, 8458638, 8456760, 8456903, 8458976, 8459474, 8457686, 8460507, 8464968, 8450678, 8457921, 8459534, 8459414, 8460579, 8458347]","[8462211, 8460529, 8456669, 8462045, 8460004, 8450223, 8464981, 8451333, 8458058, 8460517, 8459448, 8458454, 8458595]","[8462047, 8447687, 8460806]"
7,BUF,19992000,"[8466202, 8455521, 8460534, 8447206, 8459425, 8459568, 8462185, 8458638, 8456903, 8467550, 8458976, 8459474, 8460507, 8464968, 8450678, 8457921, 8459534, 8458185, 8460239, 8460579, 8458347]","[8466285, 8462211, 8460529, 8447981, 8456669, 8467354, 8462045, 8450223, 8464981, 8458058, 8460517, 8458454, 8458595]","[8462047, 8447687, 8460806]"
7,BUF,20002001,"[8466202, 8445000, 8445176, 8455521, 8460720, 8460534, 8464957, 8447206, 8459425, 8462185, 8456556, 8464968, 8450678, 8459534, 8458185, 8460239, 8460579]","[8466285, 8467354, 8462045, 8450223, 8458058, 8460517, 8458454, 8458595]","[8462047, 8447687, 8466156, 8464715]"
7,BUF,20012002,"[8466202, 8455521, 8460720, 8460534, 8467878, 8446165, 8464957, 8459425, 8462185, 8467502, 8456887, 8467373, 8467881, 8464968, 8450678, 8459534, 8460579]","[8466285, 8459469, 8467354, 8462045, 8450223, 8458058, 8466182, 8460517, 8458454, 8458595]","[8462047, 8446719, 8466156]"
7,BUF,20022003,"[8466202, 8455521, 8467908, 8460510, 8460720, 8464975, 8460534, 8467878, 8464957, 8468700, 8459425, 8462185, 8462077, 8467502, 8467376, 8466216, 8468738, 8467373, 8467881, 8450678, 8459534, 8458185, 8460579]","[8466285, 8459469, 8470239, 8447981, 8467928, 8467354, 8462045, 8450223, 8466182, 8460517, 8458454, 8458595]","[8462047, 8468011, 8466156]"
7,BUF,20032004,"[8466202, 8467908, 8460510, 8460720, 8464975, 8460534, 8460562, 8464957, 8459640, 8462077, 8467502, 8466216, 8467373, 8467355, 8459474, 8469506, 8467881, 8469485, 8459534, 8458185]","[8460508, 8466285, 8462416, 8459469, 8467928, 8467887, 8467354, 8462045, 8450223, 8466182, 8458595]","[8462047, 8468011, 8466156]"
7,BUF,20052006,"[8466202, 8464975, 8467878, 8460562, 8464957, 8468700, 8459640, 8462077, 8467502, 8466216, 8469475, 8470230, 8467355, 8469506, 8467881, 8469485, 8469501, 8470598]","[8466285, 8459469, 8467928, 8467887, 8467354, 8465042, 8462045, 8449924, 8469509, 8466182]","[8462047, 8468011, 8466156]"
7,BUF,20062007,"[8466202, 8464975, 8467878, 8460562, 8468700, 8462077, 8471388, 8467502, 8470667, 8466216, 8471419, 8469475, 8470230, 8467355, 8469506, 8469485, 8467905, 8471226, 8470598, 8464977]","[8466285, 8471452, 8471256, 8467354, 8465042, 8449924, 8469509, 8471284, 8467439, 8466182]","[8462047, 8469152, 8468011]"
7,BUF,20072008,"[8466202, 8470609, 8467878, 8468700, 8462077, 8471388, 8467502, 8470667, 8466216, 8470230, 8467355, 8469506, 8469485, 8467905, 8471226, 8470598]","[8466285, 8471256, 8471752, 8467354, 8465042, 8449924, 8469509, 8459538, 8471284, 8467439, 8466182, 8473426]","[8468011, 8459432]"
7,BUF,20082009,"[8466202, 8467878, 8470018, 8468700, 8471804, 8462077, 8471388, 8471842, 8467502, 8470667, 8466216, 8471419, 8468575, 8470230, 8467355, 8469506, 8469485, 8471226, 8470598]","[8471761, 8471752, 8465042, 8449924, 8469509, 8459004, 8471284, 8467439, 8466182, 8473426]","[8459579, 8468011, 8468550]"
7,BUF,20092010,"[8467878, 8470018, 8474589, 8468700, 8471804, 8459640, 8462077, 8471388, 8471842, 8470667, 8466216, 8471419, 8469591, 8470230, 8469506, 8469485, 8471226, 8468485, 8470598]","[8471761, 8465042, 8468927, 8474574, 8469509, 8459004, 8471284, 8466182]","[8473523, 8459579, 8468011]"
7,BUF,20102011,"[8474609, 8468504, 8474038, 8467878, 8470018, 8474589, 8468700, 8471804, 8459640, 8462077, 8471388, 8471419, 8469591, 8459427, 8465026, 8469506, 8469485, 8471226, 8469582, 8470598]","[8471761, 8471752, 8467917, 8468927, 8469472, 8474574, 8459004, 8471284, 8473426]","[8473523, 8459579, 8468011]"
7,BUF,20112012,"[8474609, 8468504, 8470018, 8474589, 8475220, 8468700, 8471804, 8462077, 8474570, 8471388, 8475178, 8474551, 8469591, 8469506, 8469485, 8471226, 8469582, 8473898, 8474130, 8475102, 8470598, 8474500]","[8474113, 8469555, 8471701, 8471752, 8467917, 8475188, 8474574, 8467344, 8471284, 8470685, 8473426]","[8473523, 8469569, 8468011]"
7,BUF,20122013,"[8474609, 8470018, 8474589, 8476808, 8475220, 8471804, 8476888, 8462077, 8474570, 8471388, 8474551, 8469591, 8468505, 8469506, 8471331, 8473722, 8471226, 8470598]","[8474113, 8469555, 8467917, 8474574, 8471385, 8475796, 8467344, 8477244, 8471284, 8470685, 8473426]","[8473523, 8468011]"
7,BUF,20132014,"[8474609, 8476195, 8471851, 8475235, 8470018, 8474589, 8476808, 8475220, 8476878, 8476888, 8474570, 8471388, 8469820, 8475728, 8474551, 8469591, 8471338, 8470852, 8474059, 8468505, 8471331, 8473722, 8471226, 8473485, 8474130, 8470598, 8475321]","[8469555, 8473571, 8476931, 8475188, 8474574, 8475796, 8477499, 8477244, 8470685, 8466182, 8473426, 8477507]","[8473523, 8475252, 8475303, 8476319, 8468011, 8473607]"
7,BUF,20142015,"[8476469, 8475309, 8474610, 8475235, 8470018, 8474589, 8476808, 8475220, 8467407, 8476878, 8476888, 8474570, 8471388, 8475728, 8469591, 8471338, 8470852, 8477933, 8477213, 8471226, 8473485, 8475321]","[8470378, 8474567, 8470324, 8476931, 8471236, 8474574, 8475796, 8477499, 8477244, 8470729, 8473426, 8477507]","[8473523, 8475252, 8474765, 8477092, 8473607]"
7,BUF,20152016,"[8477473, 8476401, 8475235, 8478403, 8474589, 8477392, 8475220, 8467407, 8476878, 8475169, 8475728, 8467330, 8473465, 8470852, 8471811, 8475158, 8477933, 8478542, 8477213, 8476766, 8475321]","[8474567, 8469470, 8471742, 8470324, 8476931, 8479268, 8475796, 8477499, 8477244, 8473426]","[8473434, 8476309, 8475215, 8476999]"
7,BUF,20162017,"[8477473, 8477491, 8477478, 8475235, 8478403, 8474589, 8477392, 8475220, 8467407, 8476878, 8474683, 8475169, 8475728, 8477391, 8470852, 8479423, 8471811, 8475158, 8473449, 8477933, 8478542, 8476766, 8480083]","[8477041, 8474567, 8475982, 8473992, 8476166, 8471742, 8470324, 8478425, 8475179, 8476931, 8479268, 8477499]","[8475215, 8475195, 8476999]"
7,BUF,20172018,"[8477473, 8477491, 8479304, 8478403, 8477392, 8476878, 8476495, 8475185, 8475169, 8475728, 8479999, 8470852, 8475325, 8479423, 8476982, 8475158, 8473449, 8469506, 8471678, 8477933, 8478542, 8476293]","[8479755, 8476470, 8474567, 8473992, 8476166, 8470324, 8478425, 8476931, 8479268, 8474743, 8477499, 8474618, 8476807]","[8473434, 8475215, 8476999, 8476330]"
7,BUF,20182019,"[8473534, 8478403, 8477461, 8476878, 8475728, 8479999, 8479423, 8476982, 8473449, 8478109, 8469506, 8477933, 8478542, 8477839, 8475784, 8480083, 8471743, 8479420, 8476293]","[8476470, 8474567, 8478840, 8480839, 8478425, 8471436, 8476931, 8477986, 8479268, 8480935, 8477499, 8474618, 8476807]","[8475622, 8476999]"
7,BUF,20192020,"[8479335, 8477520, 8478403, 8473564, 8476878, 8475149, 8480946, 8475728, 8477508, 8479999, 8473449, 8478109, 8477933, 8478542, 8477839, 8474190, 8475784, 8475748, 8471743, 8479420, 8476918, 8476293]","[8474567, 8480839, 8477337, 8480035, 8476931, 8476525, 8477986, 8480935, 8477499, 8474618]","[8475622, 8477992, 8476999]"
7,BUF,20202021,"[8479335, 8478075, 8479465, 8481528, 8477520, 8475236, 8478403, 8476396, 8475791, 8477508, 8479999, 8479419, 8473449, 8478109, 8477933, 8476356, 8481626, 8475772, 8475784, 8480083, 8470595, 8479420]","[8478840, 8480196, 8480839, 8475869, 8475625, 8480035, 8476931, 8476525, 8477986, 8477499, 8480807]","[8475920, 8475622, 8477992, 8480045, 8474682, 8476999]"
7,BUF,20212022,"[8479335, 8482061, 8478075, 8479465, 8481528, 8475236, 8476878, 8477401, 8476994, 8476873, 8481522, 8477974, 8479999, 8479419, 8473449, 8478109, 8482175, 8482097, 8481626, 8475784, 8479420, 8477949]","[8480196, 8477355, 8480839, 8479578, 8477462, 8480035, 8476525, 8482671, 8479289, 8475796, 8480807, 8478846]","[8467950, 8477180, 8475920, 8480045, 8476876, 8474682]"
7,BUF,20222023,"[8479335, 8478075, 8481528, 8476878, 8478413, 8476994, 8479370, 8481522, 8479999, 8473449, 8478109, 8482175, 8482097, 8481751, 8475772, 8475784, 8479420, 8477949]","[8480196, 8479348, 8480839, 8479602, 8479578, 8480035, 8480950, 8480935, 8482671, 8480807, 8479388]","[8467950, 8477480, 8482221, 8480045]"
7,BUF,20232024,"[8484145, 8481528, 8478413, 8481522, 8479359, 8482175, 8482097, 8479420, 8477949]","[8481524, 8479348, 8477365, 8480839, 8480035, 8482671, 8480807]",[8480045]
7,BUF,20242025,"[8484145, 8478413, 8481522, 8478043, 8479359, 8480802, 8480064, 8482175, 8482097, 8479420, 8477949, 8475722]","[8480879, 8480196, 8481524, 8477365, 8480839, 8482671, 8480807]","[8480045, 8473503]"
46,OAK,19671968,"[8445106, 8445151, 8445160, 8445289, 8445329, 8445473, 8445837, 8446142, 8447496, 8446707, 8446856, 8447338, 8448177, 8449210, 8449213]","[8445036, 8445305, 8445945, 8446155, 8446714, 8447379, 8449206, 8448049, 8448190, 8449240]","[8449995, 8451528]"
46,OAK,19681969,"[8445160, 8445906, 8446142, 8446814, 8447496, 8446707, 8446856, 8447016, 8447048, 8447338, 8448133, 8448354, 8448443, 8449210, 8449213, 8449273]","[8448600, 8449206, 8447639, 8448049, 8452140, 8449367]","[8449995, 8451528, 8450154]"
46,OAK,19691970,"[8445139, 8445906, 8446142, 8446196, 8446814, 8447496, 8446697, 8446856, 8447016, 8447048, 8447338, 8447845, 8448047, 8448133, 8448354, 8449273]","[8446155, 8446926, 8448600, 8449206, 8447639, 8447906, 8449877, 8452140]","[8449995, 8451528, 8450154]"
48,KCS,19741975,"[8445241, 8445258, 8445292, 8446044, 8445501, 8446253, 8445857, 8446495, 8446584, 8446730, 8446912, 8446944, 8447464, 8448031, 8450107, 8448186, 8448460, 8449112, 8449604]","[8445035, 8445590, 8445764, 8446736, 8447209, 8446919, 8446959, 8447106, 8447285, 8447373, 8447376, 8448760, 8447768, 8447968, 8450235]","[8447755, 8449426, 8450468]"
48,KCS,19751976,"[8445089, 8445129, 8445292, 8445309, 8446044, 8446253, 8446495, 8445964, 8446552, 8446584, 8446729, 8446730, 8446944, 8447464, 8448031, 8450107, 8448093, 8448353, 8448460]","[8445070, 8445965, 8446919, 8447106, 8447285, 8448760, 8447764, 8447768, 8447968, 8450235]","[8447755, 8449491, 8449978]"
2,NYI,19721973,"[8445084, 8445313, 8445530, 8445816, 8446552, 8447414, 8447658, 8447740, 8447782, 8447995, 8446944, 8447339, 8447610, 8447872, 8449932, 8448229, 8451614, 8449191, 8449192, 8449384]","[8445181, 8447666, 8447373, 8447589, 8447857, 8447968, 8449877, 8450508, 8449083]","[8449868, 8449985, 8451525]"
2,NYI,19731974,"[8445313, 8445530, 8446552, 8447658, 8447740, 8447782, 8447995, 8446944, 8447577, 8447610, 8447872, 8449932, 8448439, 8451614, 8451741, 8449191, 8449222, 8449384]","[8447666, 8447373, 8448811, 8449206, 8449877, 8450505, 8450508]","[8449868, 8450802, 8451525]"
2,NYI,19741975,"[8445617, 8445313, 8446482, 8447193, 8447658, 8447740, 8447782, 8447995, 8448725, 8447577, 8447872, 8449932, 8450196, 8448439, 8451741, 8449191, 8449384]","[8446932, 8447666, 8448811, 8449206, 8450505, 8450508]","[8450802, 8451525]"
2,NYI,19751976,"[8445617, 8446482, 8447193, 8447658, 8447740, 8447995, 8447577, 8449932, 8450196, 8451741, 8449191, 8451965, 8449384]","[8446932, 8447666, 8448811, 8449206, 8450505, 8450508, 8450554]","[8450802, 8451525]"
2,NYI,19761977,"[8445617, 8446482, 8447193, 8447551, 8447658, 8447740, 8447995, 8448725, 8447577, 8449932, 8450196, 8451109, 8451741, 8451965, 8449384]","[8447666, 8448811, 8448885, 8449206, 8450505, 8450508, 8450554]","[8450802, 8451525]"
2,NYI,19771978,"[8445430, 8445611, 8445617, 8446482, 8447193, 8447551, 8447658, 8447740, 8447995, 8448401, 8449457, 8449570, 8449932, 8450196, 8451741, 8451965, 8449384]","[8447666, 8448811, 8448885, 8449206, 8449877, 8450314, 8450505, 8450508, 8450554]","[8447945, 8450802, 8451525]"
2,NYI,19781979,"[8445611, 8445617, 8447193, 8447551, 8447658, 8447740, 8447995, 8448401, 8449140, 8449457, 8449570, 8449932, 8451857, 8451917, 8451965, 8449384]","[8447666, 8447949, 8448811, 8448885, 8449206, 8450314, 8450505, 8450554]","[8450802, 8451525]"
2,NYI,19791980,"[8445611, 8445617, 8447193, 8447296, 8447658, 8447740, 8447995, 8448403, 8448401, 8448957, 8449457, 8449570, 8449932, 8451800, 8451857, 8451917, 8451965, 8452197]","[8447949, 8448361, 8448649, 8448643, 8448811, 8448885, 8449713, 8450314, 8450505, 8450508]","[8445694, 8450802, 8451525]"
2,NYI,19801981,"[8445611, 8445617, 8445983, 8447193, 8447296, 8447740, 8447995, 8448403, 8449140, 8449570, 8449932, 8451794, 8451800, 8451857, 8451917, 8451965]","[8448649, 8448643, 8448885, 8449420, 8449713, 8450314, 8450505, 8450508]","[8449547, 8450802, 8451525]"
2,NYI,19811982,"[8445611, 8445617, 8445983, 8447169, 8447193, 8447296, 8447683, 8448403, 8449140, 8449570, 8449932, 8451794, 8451800, 8451917, 8451965]","[8445625, 8448370, 8448649, 8448643, 8449420, 8449713, 8450314, 8450505]","[8449547, 8451525]"
2,NYI,19821983,"[8445611, 8445617, 8445983, 8446404, 8447169, 8447193, 8447296, 8447479, 8448403, 8449570, 8449932, 8451794, 8451800, 8451917, 8451965]","[8445625, 8446424, 8448370, 8448649, 8448643, 8449420, 8449713, 8450314, 8450505, 8450804]","[8449547, 8451525]"
2,NYI,19831984,"[8445611, 8445617, 8445983, 8446838, 8447169, 8447193, 8447296, 8447479, 8448403, 8448626, 8448957, 8449570, 8449932, 8451794, 8451800, 8451917, 8451965]","[8444905, 8445625, 8446424, 8448370, 8448649, 8448643, 8449420, 8449713, 8450314, 8450505, 8450804]","[8448020, 8449547, 8451525]"
2,NYI,19841985,"[8445611, 8445617, 8446838, 8447169, 8447193, 8447296, 8447479, 8447503, 8447506, 8447748, 8448016, 8448403, 8448467, 8448517, 8448626, 8449932, 8451794, 8451800, 8451917, 8451965]","[8445625, 8446417, 8446424, 8448370, 8448649, 8448643, 8448755, 8449713, 8450314, 8450505, 8451563]","[8448020, 8449547, 8451525]"
2,NYI,19851986,"[8445281, 8445611, 8445617, 8446084, 8446289, 8446838, 8447169, 8447193, 8447438, 8447503, 8447748, 8448016, 8448467, 8448517, 8448555, 8448626, 8449079, 8449932, 8451794, 8451800, 8451917, 8451965]","[8445625, 8445653, 8446417, 8446424, 8448286, 8448370, 8448521, 8448755, 8449713, 8450314, 8450505]","[8448020, 8451525]"
2,NYI,19861987,"[8445281, 8445611, 8446084, 8446289, 8446838, 8447169, 8447438, 8447503, 8447748, 8448467, 8448489, 8448555, 8448626, 8448664, 8449079, 8451794, 8451800, 8451965, 8452501]","[8445653, 8446263, 8446417, 8446424, 8448370, 8448521, 8448755, 8449713, 8450505]","[8448020, 8451525]"
2,NYI,19871988,"[8445281, 8446084, 8446289, 8446296, 8446838, 8447169, 8447438, 8447748, 8448467, 8448489, 8448555, 8448626, 8448664, 8449079, 8449456, 8451794, 8451965, 8452240, 8452278, 8452501]","[8446263, 8446417, 8446424, 8446826, 8448370, 8448521, 8448755, 8449713, 8449902, 8449969, 8450505, 8450558]","[8448020, 8451525]"
2,NYI,19881989,"[8445281, 8445424, 8446289, 8446296, 8446408, 8446830, 8446838, 8447169, 8447732, 8447748, 8448467, 8448489, 8448555, 8448626, 8448664, 8449079, 8451712, 8451794, 8451965, 8452239, 8452240, 8452278, 8452501]","[8445428, 8446081, 8446417, 8446826, 8448370, 8448521, 8448708, 8449328, 8449713, 8449902, 8449925, 8450389, 8450558]","[8446829, 8447449, 8448020, 8451525]"
2,NYI,19891990,"[8445323, 8446023, 8446296, 8446408, 8446830, 8446838, 8446993, 8447748, 8448467, 8448489, 8448547, 8448626, 8448664, 8448687, 8449079, 8449102, 8449412, 8451794, 8451915, 8451965, 8452239, 8452240, 8452501]","[8445428, 8446081, 8446238, 8446417, 8446734, 8446826, 8447436, 8449328, 8449902, 8449925, 8450389, 8450558, 8450742]","[8446829, 8447709]"
2,NYI,19901991,"[8445323, 8445424, 8445823, 8446023, 8446289, 8446408, 8446823, 8446830, 8446838, 8447435, 8448467, 8448489, 8448555, 8448626, 8448664, 8448687, 8449102, 8449412, 8450197, 8457971, 8451794, 8451987, 8452239, 8452240, 8452501]","[8446081, 8446238, 8446826, 8447436, 8448845, 8449328, 8449902, 8449925, 8450389, 8450742, 8458300]","[8446829, 8447449, 8447709, 8448778, 8449115]"
2,NYI,19911992,"[8445323, 8445424, 8446023, 8446226, 8446289, 8446408, 8446823, 8446830, 8446838, 8445423, 8448489, 8448555, 8448664, 8448870, 8449174, 8449412, 8457319, 8449488, 8450197, 8451794, 8451898, 8451954, 8451991, 8452239, 8452240, 8452501]","[8446081, 8446826, 8447402, 8447822, 8448554, 8448568, 8458518, 8449328, 8449902, 8449925, 8450389, 8450742, 8458269, 8458300]","[8446829, 8447709, 8448778, 8452355]"
2,NYI,19921993,"[8445424, 8446289, 8446823, 8446830, 8446838, 8456306, 8456430, 8445423, 8458606, 8448489, 8448555, 8448870, 8449174, 8457319, 8449742, 8450197, 8457971, 8451898, 8451954, 8451991, 8452239, 8452240]","[8458942, 8448554, 8448568, 8458518, 8457191, 8449902, 8449925, 8450389, 8458300]","[8446829, 8447709, 8448778]"
2,NYI,19931994,"[8444897, 8459064, 8446023, 8446289, 8456023, 8446823, 8446838, 8456430, 8456441, 8445423, 8458606, 8458613, 8448489, 8448870, 8449095, 8457319, 8458540, 8457685, 8457971, 8458033, 8451898, 8451991, 8452239, 8452240]","[8446081, 8458942, 8448554, 8448568, 8458518, 8448675, 8457191, 8449328, 8449442, 8450389, 8458300]","[8446480, 8447775, 8458562]"
2,NYI,19941995,"[8446023, 8446289, 8458557, 8446823, 8446838, 8456430, 8445423, 8458613, 8448489, 8460499, 8448841, 8457214, 8457319, 8449633, 8449740, 8458540, 8451293, 8451793, 8458185, 8451898, 8451991, 8459184, 8452240]","[8445385, 8446081, 8446424, 8458942, 8458518, 8448675, 8457191, 8450389, 8451224, 8451657, 8458219, 8458300, 8459112]","[8458562, 8459541, 8458080]"
2,NYI,19951996,"[8455408, 8455447, 8459064, 8459089, 8459444, 8446085, 8446127, 8446129, 8446289, 8458557, 8458992, 8446838, 8456430, 8456567, 8458650, 8448489, 8460499, 8457174, 8457319, 8449740, 8458540, 8459072, 8457685, 8457983, 8451293, 8458955, 8451820, 8458185, 8459184, 8452240]","[8445385, 8446081, 8447458, 8456586, 8459434, 8458942, 8458518, 8448675, 8459462, 8450389, 8451224, 8460555, 8458219, 8458300, 8459112]","[8460506, 8458562, 8459541, 8458080]"
2,NYI,19961997,"[8455447, 8445053, 8459064, 8459089, 8459444, 8458992, 8446449, 8456100, 8456430, 8448053, 8458650, 8448489, 8456903, 8448674, 8457319, 8449488, 8458540, 8457685, 8450767, 8458069, 8458185, 8458283, 8459184, 8452240, 8460664, 8452501]","[8462032, 8446936, 8460529, 8447981, 8459434, 8458942, 8458518, 8459462, 8450389, 8458300]","[8460506, 8459541, 8458080]"
2,NYI,19971998,"[8459089, 8459444, 8446026, 8458620, 8458549, 8456430, 8460539, 8447985, 8456695, 8448225, 8456903, 8448674, 8458632, 8448825, 8459517, 8449633, 8457491, 8449961, 8462136, 8458540, 8457685, 8450767, 8451093, 8458069, 8460664]","[8462032, 8465009, 8459487, 8446286, 8460529, 8447981, 8459434, 8458518, 8466132, 8459462, 8458631, 8450389, 8462215, 8460555, 8458300]","[8460506, 8456264, 8459541]"
2,NYI,19981999,"[8459089, 8446026, 8458620, 8458549, 8456087, 8447985, 8448222, 8458611, 8448674, 8458632, 8448825, 8459437, 8459517, 8449607, 8462049, 8457491, 8449961, 8462136, 8458540, 8450767, 8451093, 8458069, 8460523, 8460664]","[8462032, 8466142, 8459008, 8465009, 8459487, 8455976, 8456514, 8459434, 8458518, 8457194, 8450389, 8457805, 8462215]","[8458576, 8456264, 8457714, 8459541]"
2,NYI,19992000,"[8444963, 8455447, 8467878, 8458620, 8460518, 8456118, 8459021, 8464984, 8460539, 8448017, 8462094, 8466140, 8460713, 8467857, 8456932, 8448674, 8458632, 8459437, 8466217, 8460707, 8462049, 8449961, 8462136, 8450267, 8460533, 8460523, 8460664]","[8467345, 8466142, 8458600, 8459008, 8465009, 8459487, 8456153, 8460689, 8456576, 8456588, 8459434, 8465165, 8450389, 8459484, 8462215]","[8456264, 8466141, 8457714, 8465161, 8459463]"
2,NYI,20002001,"[8455564, 8445440, 8467844, 8467878, 8458620, 8462094, 8467974, 8467857, 8465018, 8448674, 8458632, 8459437, 8460484, 8460707, 8465026, 8458946, 8467881, 8460533, 8451673, 8459146, 8460664]","[8467345, 8458600, 8459008, 8465009, 8447004, 8447477, 8458938, 8459434, 8465165, 8467883, 8459550, 8462215]","[8468481, 8456264, 8451860, 8452157]"
2,NYI,20012002,"[8459527, 8467844, 8455984, 8458620, 8456087, 8467466, 8462094, 8468561, 8467974, 8467857, 8465018, 8448674, 8459437, 8449633, 8465026, 8458976, 8460522, 8459483, 8460533, 8468485, 8459141, 8460664, 8458939]","[8459053, 8459008, 8460689, 8447477, 8458938, 8459434, 8460560, 8465165, 8468101, 8467883, 8462215, 8451805, 8460757, 8459249]","[8458568, 8458075]"
2,NYI,20022003,"[8465025, 8459527, 8467844, 8468252, 8467466, 8462094, 8465018, 8448674, 8459472, 8468003, 8467372, 8465026, 8458976, 8466110, 8460533, 8468485, 8460664, 8467951, 8460498, 8458939]","[8459053, 8460548, 8459008, 8458938, 8459434, 8459624, 8468101, 8459558, 8459458, 8468747, 8462215, 8459262, 8459144]","[8468481, 8458568, 8458075]"
2,NYI,20032004,"[8465025, 8459527, 8462239, 8470176, 8467844, 8458620, 8468252, 8470373, 8467466, 8465018, 8459472, 8468003, 8467372, 8465026, 8458976, 8451005, 8460533, 8460664, 8467951, 8460498, 8458939]","[8459053, 8460548, 8459008, 8458938, 8459434, 8456793, 8468101, 8459458, 8468747, 8459144]","[8468481, 8470584, 8458075]"
2,NYI,20052006,"[8465025, 8459527, 8470176, 8467844, 8468153, 8469994, 8470651, 8468252, 8470373, 8467466, 8469588, 8468634, 8465018, 8470659, 8470608, 8471229, 8465026, 8471360, 8459534, 8466357, 8470620, 8467951, 8458939, 8466266]","[8459065, 8468682, 8470329, 8467365, 8470774, 8470268, 8460580, 8468101, 8459458, 8468747, 8467469, 8462176, 8458595]","[8468481, 8470584, 8458075]"
2,NYI,20062007,"[8465025, 8459527, 8467844, 8459615, 8470651, 8471260, 8468517, 8467466, 8459428, 8470144, 8460541, 8471360, 8466110, 8459534, 8451359, 8458031, 8460496, 8470620, 8458939, 8466266, 8460735]","[8469765, 8470329, 8469535, 8470774, 8456595, 8468101, 8470578, 8465012, 8460521, 8467469, 8459433, 8458595]","[8468481, 8470584, 8456137]"
2,NYI,20072008,"[8459527, 8470176, 8468732, 8467427, 8470651, 8471260, 8467964, 8468172, 8456464, 8468517, 8467466, 8469490, 8469510, 8470144, 8473449, 8460541, 8471360, 8459534, 8451359, 8465024, 8458031, 8470620, 8467416, 8471372]","[8462032, 8469765, 8470329, 8467422, 8469535, 8470774, 8474519, 8469534, 8468101, 8470578, 8469484, 8467304, 8459433]","[8468481, 8470584, 8469732]"
2,NYI,20082009,"[8474573, 8473905, 8470176, 8470651, 8471260, 8467964, 8468884, 8456464, 8468517, 8467466, 8471641, 8469490, 8473514, 8458536, 8472008, 8470144, 8473449, 8460541, 8474383, 8451359, 8465024, 8473942, 8470620, 8470775, 8471372, 8458361]","[8470086, 8470329, 8473827, 8470774, 8474519, 8473584, 8468101, 8470578, 8469919, 8470119, 8468309, 8467304, 8459433]","[8471186, 8468481, 8469732, 8474771]"
2,NYI,20092010,"[8474573, 8470176, 8471260, 8467579, 8474230, 8467466, 8469490, 8473514, 8474709, 8470203, 8470852, 8470144, 8473449, 8460541, 8474383, 8471238, 8465024, 8470620, 8475166, 8470775, 8458361]","[8470780, 8470774, 8474519, 8475270, 8471671, 8473584, 8468101, 8470578, 8470798, 8468309, 8467304, 8459433]","[8462047, 8468481, 8460806]"
2,NYI,20102011,"[8474573, 8470651, 8471260, 8474731, 8467579, 8473546, 8474230, 8467466, 8473514, 8469820, 8474709, 8470852, 8475799, 8470144, 8473449, 8469707, 8473456, 8471238, 8465024, 8475166, 8458361]","[8476208, 8475990, 8467580, 8470774, 8474612, 8474519, 8469684, 8474063, 8473584, 8468101, 8466309, 8470798, 8473611, 8473501, 8470222]","[8468481, 8475156, 8474855, 8471219, 8474690, 8460806]"
2,NYI,20112012,"[8474573, 8475231, 8471260, 8467579, 8473546, 8474230, 8474709, 8470852, 8475799, 8470144, 8473449, 8459454, 8469707, 8473456, 8464967, 8458525, 8475166, 8474666, 8473734]","[8475177, 8474659, 8467580, 8474612, 8469684, 8473584, 8466309, 8474604, 8470798, 8458541, 8468309, 8473501]","[8468481, 8471219, 8460705, 8475195, 8474690]"
2,NYI,20122013,"[8469779, 8474573, 8460720, 8468504, 8475231, 8473546, 8473514, 8475314, 8474709, 8470644, 8470852, 8475754, 8470144, 8473449, 8464967, 8475166, 8474666]","[8467931, 8471701, 8474612, 8474066, 8473584, 8468101, 8473565, 8468309, 8468598]","[8468481, 8460705, 8474690]"
2,NYI,20132014,"[8474573, 8470153, 8460720, 8475231, 8473504, 8474236, 8473546, 8476765, 8476086, 8475314, 8474709, 8470644, 8470852, 8475754, 8470144, 8473449, 8476367, 8471299, 8476458, 8476445, 8475166, 8470598]","[8467931, 8477814, 8475177, 8474659, 8474612, 8474066, 8473584, 8468101, 8476429, 8474604, 8473565, 8468598]","[8460705, 8475195, 8474690]"
2,NYI,20142015,"[8474573, 8460720, 8475231, 8473504, 8476195, 8473546, 8471362, 8471311, 8473579, 8475314, 8474709, 8470644, 8476147, 8475754, 8470144, 8473449, 8476458, 8475166, 8476158]","[8470187, 8475177, 8474659, 8474612, 8474066, 8475181, 8476429, 8476852, 8473565, 8468598]","[8470860, 8473434, 8473607, 8474690]"
2,NYI,20152016,"[8474573, 8475192, 8470609, 8460720, 8475231, 8473504, 8471362, 8477527, 8471996, 8473579, 8475314, 8474709, 8475754, 8470144, 8473449, 8476386, 8476409, 8476458, 8475166]","[8470187, 8475177, 8474612, 8474066, 8475181, 8476429, 8476917, 8477506, 8473565, 8469623]","[8475234, 8476444, 8471306, 8470860]"
2,NYI,20162017,"[8474573, 8478445, 8478463, 8466251, 8475231, 8473504, 8472410, 8477959, 8477881, 8471996, 8473579, 8471217, 8475314, 8475754, 8476386, 8476409, 8476458, 8475166]","[8470187, 8475177, 8474612, 8474066, 8475181, 8476429, 8476917, 8477506, 8469619]","[8475234, 8471306, 8470860]"
2,NYI,20172018,"[8474573, 8478445, 8478463, 8470609, 8466251, 8475231, 8473504, 8477936, 8474586, 8479206, 8477959, 8477527, 8473579, 8471217, 8475314, 8475754, 8476386, 8476409, 8475166, 8475780]","[8480222, 8470187, 8475869, 8475177, 8474066, 8475181, 8476429, 8476917, 8477506, 8469619]","[8476444, 8471306, 8470860]"
2,NYI,20182019,"[8474573, 8478445, 8478463, 8475231, 8473504, 8477936, 8474586, 8470047, 8479206, 8472410, 8477959, 8477527, 8473463, 8475832, 8471217, 8475314, 8474709, 8475754]","[8470187, 8474066, 8475181, 8476429, 8476917, 8477506, 8474579, 8478038]","[8476444, 8471306, 8475215]"
2,NYI,20192020,"[8474573, 8478367, 8478445, 8478463, 8479356, 8473544, 8475231, 8473504, 8477936, 8474586, 8477527, 8479526, 8473463, 8475832, 8471217, 8475314, 8474709, 8475754, 8476419, 8480789]","[8470187, 8480865, 8472382, 8475181, 8476429, 8476917, 8477506, 8478038]","[8471306, 8473575]"
2,NYI,20202021,"[8474573, 8478445, 8478463, 8479356, 8475231, 8473504, 8478512, 8477936, 8474586, 8477527, 8473463, 8475314, 8474709, 8475754, 8476419, 8475151, 8478857, 8480789, 8471233]","[8480222, 8470601, 8480865, 8472382, 8474066, 8475181, 8476429, 8476917, 8477506]","[8478009, 8473575]"
2,NYI,20212022,"[8476404, 8474573, 8478445, 8478463, 8479356, 8475231, 8473504, 8478512, 8477936, 8477527, 8479526, 8473463, 8475314, 8474709, 8475754, 8476419, 8475151, 8475209, 8470610, 8480789]","[8480222, 8465009, 8480865, 8472382, 8474066, 8480306, 8476983, 8476429, 8476917, 8477506, 8480071]","[8471239, 8478009, 8473575]"
2,NYI,20222023,"[8476404, 8474573, 8478367, 8478445, 8478463, 8479356, 8475231, 8473504, 8482207, 8480242, 8478115, 8477392, 8481601, 8477500, 8477527, 8479526, 8475314, 8474709, 8475754, 8476419, 8475151, 8470610, 8482691, 8478373, 8480789]","[8480222, 8481541, 8479395, 8480865, 8476429, 8476917, 8477506, 8481014, 8480071, 8478450]","[8478009, 8473575]"
2,NYI,20232024,"[8478445, 8475231, 8478115, 8477392, 8479328, 8481601, 8477500, 8481016, 8475314, 8481237, 8475754, 8476419, 8475151, 8480789]","[8481541, 8479395, 8480865, 8476429, 8476917, 8477506, 8481014]","[8480819, 8478009, 8473575]"
2,NYI,20242025,"[8478445, 8475231, 8477407, 8478115, 8477392, 8483553, 8481601, 8477500, 8475314, 8481237, 8474709, 8476419, 8475151, 8484958]","[8480871, 8477950, 8480865, 8476429, 8476917, 8481059, 8477506, 8476422, 8481014]","[8477405, 8478009, 8473575]"
36,SEN,19171918,"[8445802, 8445844, 8445874, 8446581, 8447013, 8447522, 8448011]","[8445135, 8445191, 8447848, 8448336, 8449025]",[8449817]
36,SEN,19181919,"[8445168, 8445844, 8445874, 8446581, 8447522, 8448011]","[8445135, 8445314, 8445497, 8448441]",[8449817]
36,SEN,19191920,"[8445168, 8445844, 8445874, 8446581, 8447791, 8448011]","[8445135, 8445191, 8445497, 8447848]",[8449817]
36,SEN,19201921,"[8445168, 8445844, 8445874, 8446581, 8446629, 8447791, 8448011]","[8445135, 8445191, 8445497]",[8449817]
36,SEN,19211922,"[8445044, 8445134, 8445168, 8445874, 8446581, 8446629, 8448011]","[8445135, 8445191, 8445471]",[8449817]
36,SEN,19221923,"[8445168, 8445844, 8445874, 8446581, 8446767, 8448011]","[8445135, 8445471, 8446886]",[8449817]
36,SEN,19231924,"[8445168, 8445844, 8445874, 8446298, 8446629, 8446767, 8448011, 8449090]","[8445135, 8445319, 8445471, 8446886]","[8449817, 8449990]"
36,SEN,19241925,"[8445874, 8446298, 8446629, 8446767, 8448011, 8449077]","[8445135, 8445319, 8445471, 8446616, 8446886, 8449059]",[8449856]
36,SEN,19251926,"[8445874, 8445959, 8446298, 8447181, 8448011, 8449077]","[8445135, 8445471, 8446616, 8449059]",[8449856]
36,SEN,19261927,"[8444861, 8445874, 8446298, 8446673, 8447035, 8447181, 8448011, 8449077]","[8445135, 8445471, 8446616, 8449059]",[8449856]
36,SEN,19271928,"[8445168, 8445874, 8446298, 8446600, 8446652, 8446673, 8447181, 8448011]","[8445135, 8445442, 8445471, 8449019, 8449059]",[8449856]
36,SEN,19281929,"[8446144, 8446298, 8446600, 8446652, 8446673, 8447181, 8447306, 8448011, 8449246]","[8445135, 8445471, 8449019, 8449059]",[8449856]
36,SEN,19291930,"[8445525, 8445762, 8446298, 8446514, 8446652, 8446924, 8447181, 8447183, 8447306, 8448011, 8449246]","[8445471, 8447012, 8449019, 8449059, 8449160]",[8449856]
36,SEN,19301931,"[8445525, 8445762, 8446298, 8446514, 8446652, 8447181, 8447198, 8447306, 8448138, 8449246]","[8445142, 8449059, 8449060, 8449160]","[8449821, 8449856]"
36,SEN,19321933,"[8445762, 8446298, 8446411, 8446557, 8446924, 8447181, 8447183, 8447523, 8447780, 8447859, 8448421, 8448383, 8449246, 8449381]","[8445142, 8445262, 8445293, 8448428, 8449019, 8449059, 8449160]","[8449821, 8449856]"
36,SEN,19331934,"[8445533, 8445762, 8446298, 8446558, 8446924, 8447132, 8447780, 8448421, 8448383, 8448789, 8449001, 8449246, 8449308, 8449366, 8449381]","[8445146, 8446895, 8447130, 8447371, 8449019]",[8449821]
11,ATL,19992000,"[8467867, 8445176, 8460014, 8460510, 8459596, 8445733, 8460573, 8459450, 8446675, 8446823, 8447071, 8460482, 8460524, 8459571, 8458888, 8458649, 8451673, 8467055, 8459562, 8459414, 8465975, 8458587, 8458348]","[8462090, 8465122, 8456024, 8459482, 8456514, 8467949, 8459098, 8457264, 8449754, 8460004, 8451333, 8458541, 8458179, 8462177, 8462097]","[8460761, 8459453, 8459549, 8457791, 8451834]"
11,ATL,20002001,"[8467867, 8445176, 8459596, 8460573, 8459450, 8446823, 8460482, 8468660, 8462107, 8459571, 8460663, 8458888, 8457566, 8458575, 8451392, 8467658, 8467055, 8459562, 8459414, 8468444, 8465975, 8468443]","[8445783, 8462090, 8465122, 8456514, 8448380, 8467949, 8449754, 8468427, 8466282, 8458052, 8458541, 8458179, 8462177, 8462097]","[8460761, 8458584, 8459549, 8457791]"
11,ATL,20012002,"[8466437, 8466183, 8446165, 8462419, 8460573, 8459450, 8446823, 8469997, 8468482, 8468660, 8448017, 8462107, 8459571, 8469454, 8466212, 8468001, 8457566, 8466336, 8459223, 8466240, 8467658, 8467055, 8459562, 8468444, 8468443]","[8462090, 8465122, 8456514, 8467949, 8468427, 8457783, 8467892, 8467903, 8458052, 8467304, 8458179, 8462115, 8462177, 8468478]","[8460696, 8458584, 8459549, 8469636, 8457791]"
11,ATL,20022003,"[8466437, 8467941, 8466183, 8462419, 8466191, 8468770, 8469997, 8468482, 8459159, 8448017, 8462107, 8469454, 8456887, 8466212, 8457297, 8457566, 8466336, 8459223, 8462118, 8466240, 8467658, 8467055, 8459562, 8468444, 8468443]","[8467387, 8468090, 8468520, 8467949, 8448554, 8467892, 8458058, 8467304, 8458179, 8462115, 8462177, 8468478]","[8460696, 8455994, 8458584, 8469636]"
11,ATL,20032004,"[8460649, 8467941, 8467427, 8465179, 8462419, 8468770, 8468482, 8469454, 8456887, 8462082, 8466212, 8458617, 8468001, 8457297, 8465180, 8466336, 8466110, 8468118, 8462118, 8466240, 8467055, 8469786, 8460603, 8468443]","[8468090, 8468520, 8462211, 8463125, 8467949, 8467450, 8469710, 8467358, 8467304, 8458179, 8462115, 8462177, 8468478]","[8455994, 8470140, 8469636]"
11,ATL,20052006,"[8467356, 8460649, 8466164, 8445575, 8460720, 8467333, 8447958, 8466148, 8469454, 8456887, 8470543, 8462082, 8466212, 8468001, 8449545, 8465180, 8462118, 8470289, 8467055, 8469786, 8468443]","[8470601, 8460254, 8468090, 8467956, 8460661, 8467450, 8467896, 8457403, 8469488, 8467304]","[8468720, 8456137, 8469529, 8470140, 8458615]"
11,ATL,20062007,"[8465050, 8460720, 8466393, 8462185, 8468121, 8447958, 8466148, 8467516, 8469454, 8456887, 8467857, 8462082, 8468001, 8449545, 8462823, 8459284, 8465024, 8470289, 8458229, 8468443]","[8470601, 8460254, 8468090, 8467956, 8460661, 8467896, 8469488, 8467304, 8467352, 8458595]","[8460704, 8470140]"
11,ATL,20072008,"[8469474, 8460720, 8470299, 8470937, 8466393, 8468121, 8447958, 8466148, 8469454, 8456887, 8462082, 8471778, 8473412, 8466399, 8450725, 8470289, 8470737, 8469582, 8469501, 8466392]","[8470828, 8468090, 8467956, 8456850, 8465168, 8467896, 8469488, 8471223, 8458595]","[8460704, 8470140, 8471715]"
11,ATL,20082009,"[8469474, 8460720, 8470299, 8470156, 8469454, 8456887, 8471778, 8473412, 8474146, 8470564, 8466399, 8471514, 8464967, 8470289, 8470737, 8469582, 8469501, 8466392, 8468789]","[8474567, 8470828, 8468090, 8468493, 8467956, 8471288, 8471253, 8470136, 8474557, 8451224, 8471223, 8472262]","[8460704, 8470140, 8471715]"
11,ATL,20092010,"[8466202, 8467353, 8469474, 8469543, 8471697, 8460720, 8475169, 8469454, 8456887, 8473412, 8470667, 8471514, 8464967, 8470289, 8472379, 8469501, 8466392]","[8474567, 8446053, 8470828, 8468493, 8465210, 8473459, 8469665, 8469488, 8474557, 8469575, 8471223]","[8460704, 8471715]"
11,ATL,20102011,"[8467353, 8471697, 8460720, 8475788, 8474616, 8470741, 8462041, 8470280, 8475169, 8475159, 8471217, 8473412, 8474146, 8473493, 8460556, 8471514, 8470321, 8471238, 8470289, 8472379, 8470618, 8469501, 8471218]","[8474567, 8470834, 8470828, 8468493, 8473459, 8470578, 8469665, 8474074, 8462176, 8470614, 8469505, 8471848]","[8474771, 8462152, 8471715]"
45,SLE,19341935,"[8444982, 8445097, 8445233, 8445334, 8445533, 8445754, 8446297, 8446298, 8446924, 8447055, 8447132, 8447148, 8447306, 8448098, 8448231, 8448334, 8448421, 8448383, 8449001, 8449308, 8449366, 8449467]","[8444989, 8445146, 8446502, 8446631, 8447130, 8449479]",[8449821]
33,WIN,19791980,"[8445454, 8446079, 8446293, 8446420, 8446482, 8447365, 8447419, 8447950, 8448019, 8448108, 8448804, 8448858, 8448912, 8449109, 8449119, 8449164, 8449190, 8447826, 8449650, 8450843, 8450849, 8451629, 8451781, 8451920, 8452495]","[8444923, 8445877, 8445900, 8446168, 8448959, 8449555, 8449927, 8451388, 8451529]","[8447483, 8449291, 8449588, 8451528]"
33,WIN,19801981,"[8445353, 8445643, 8446048, 8446079, 8446293, 8446482, 8446498, 8446535, 8446544, 8447115, 8448019, 8448743, 8448858, 8448912, 8449109, 8449119, 8449164, 8449190, 8451567, 8451691, 8451781, 8451957, 8452495]","[8445208, 8445520, 8445877, 8445900, 8446168, 8448745, 8448876, 8449122, 8449555, 8449731, 8450465, 8451621, 8452419]","[8446429, 8447483, 8448861, 8449291, 8449588]"
33,WIN,19811982,"[8445088, 8445643, 8446079, 8446353, 8446535, 8446544, 8447115, 8447685, 8447950, 8448858, 8448912, 8448860, 8448981, 8449119, 8451567, 8451697, 8451957, 8452495]","[8445208, 8448745, 8448816, 8448876, 8449122, 8449316, 8451150, 8451621, 8452347]","[8451595, 8451655]"
33,WIN,19821983,"[8445088, 8445603, 8445808, 8446079, 8446353, 8446535, 8446544, 8447685, 8447950, 8448858, 8448912, 8448860, 8448981, 8449119, 8449742, 8451567, 8451697, 8451957, 8452495]","[8445208, 8445901, 8448577, 8448816, 8449122, 8449316, 8451150, 8451621, 8452347]","[8447701, 8451595, 8451655]"
33,WIN,19831984,"[8445088, 8445603, 8446353, 8446469, 8446544, 8447161, 8447685, 8448688, 8448912, 8448860, 8448981, 8449119, 8449326, 8449742, 8451567, 8451697, 8451957, 8452495, 8452574]","[8445208, 8445901, 8445938, 8446435, 8448577, 8449122, 8449316, 8450359, 8451257, 8451621, 8452347]","[8445457, 8447701, 8451595, 8451655, 8452205]"
33,WIN,19841985,"[8445088, 8445603, 8446469, 8446544, 8447685, 8448912, 8448860, 8448981, 8449280, 8449326, 8449742, 8449884, 8450497, 8451567, 8451697, 8451992, 8452495]","[8445208, 8445901, 8445938, 8446435, 8446626, 8448577, 8449458, 8450359, 8451836, 8452347]","[8445457, 8447701, 8447940]"
33,WIN,19851986,"[8445088, 8445603, 8446363, 8446468, 8446544, 8447685, 8448860, 8448981, 8449280, 8449326, 8449540, 8449742, 8449860, 8449884, 8450497, 8451361, 8451567, 8451697, 8451729, 8451992, 8452495]","[8445208, 8445443, 8445901, 8445938, 8446435, 8446626, 8448577, 8449171, 8449458, 8450359, 8451836, 8452347]","[8445457, 8445462, 8445609, 8447701]"
33,WIN,19861987,"[8445223, 8445603, 8446363, 8446468, 8446516, 8446682, 8447180, 8447485, 8447685, 8448253, 8448366, 8448981, 8449280, 8449326, 8449742, 8449860, 8449884, 8451008, 8451567, 8451697, 8451992, 8452495]","[8445443, 8445938, 8446626, 8448577, 8449171, 8449971, 8451836, 8452347]","[8445462, 8450311, 8450727]"
33,WIN,19871988,"[8445223, 8445603, 8446468, 8446516, 8446676, 8447180, 8447485, 8447685, 8448253, 8448366, 8448563, 8448981, 8449326, 8449860, 8449884, 8451008, 8451567, 8451697, 8451981, 8452495]","[8445443, 8445625, 8445938, 8446626, 8446867, 8447292, 8448577, 8449171, 8449971, 8451239, 8451836, 8452347]","[8445462, 8450311, 8450727]"
33,WIN,19881989,"[8445118, 8445603, 8445654, 8446516, 8446676, 8446797, 8447180, 8447485, 8447685, 8448053, 8448116, 8448253, 8448366, 8448381, 8448567, 8448551, 8448678, 8448758, 8449326, 8449860, 8451567, 8451697, 8451981]","[8445443, 8447756, 8445625, 8445938, 8446437, 8446626, 8446852, 8446867, 8448577, 8449137, 8449171, 8449924, 8449971, 8451836]","[8445462, 8446052, 8446480, 8446719, 8450727]"
33,WIN,19891990,"[8445118, 8445603, 8446127, 8446261, 8446676, 8446735, 8446797, 8447685, 8448053, 8448366, 8448563, 8448919, 8449488, 8449487, 8450200, 8451567, 8451697, 8451828]","[8445443, 8445938, 8446243, 8446437, 8446626, 8446867, 8449122, 8449137, 8449924, 8449971, 8451836]","[8445382, 8445462, 8446480, 8446719]"
33,WIN,19901991,"[8445088, 8445118, 8445253, 8455659, 8446127, 8446485, 8446516, 8446508, 8446551, 8446676, 8446705, 8446735, 8446797, 8448481, 8448563, 8448678, 8448919, 8449488, 8449973, 8450073, 8450200, 8451567, 8451697, 8451828, 8452377]","[8445938, 8446243, 8446437, 8446626, 8447989, 8449122, 8449137, 8449924, 8449971, 8450486]","[8445382, 8446719, 8451834]"
33,WIN,19911992,"[8445118, 8445253, 8455521, 8455659, 8445725, 8455879, 8446127, 8456019, 8446353, 8446485, 8446551, 8446676, 8446705, 8446735, 8447673, 8448374, 8448765, 8448919, 8449488, 8449761, 8449773, 8449973, 8450073, 8457847, 8451334, 8451429, 8451697, 8451828, 8458229]","[8445938, 8446243, 8446437, 8447989, 8448449, 8448633, 8449122, 8449171, 8449924, 8449971, 8450260, 8450486, 8458715]","[8445382, 8446719, 8457559, 8451834]"
33,WIN,19921993,"[8455521, 8455659, 8445683, 8456019, 8446454, 8446485, 8446487, 8446551, 8446705, 8448374, 8448467, 8448487, 8448765, 8457061, 8449761, 8449773, 8449973, 8457847, 8457981, 8451334, 8451697, 8458229, 8458487]","[8458953, 8445938, 8456153, 8459359, 8447989, 8448449, 8448633, 8449924, 8449971, 8457589, 8458715]","[8446719, 8448014, 8457559, 8451834]"
33,WIN,19931994,"[8455521, 8455659, 8445683, 8446454, 8456106, 8446551, 8446675, 8446705, 8446832, 8447180, 8459568, 8458613, 8448487, 8448765, 8449354, 8449761, 8457847, 8457981, 8451334, 8451697, 8458229, 8458234, 8458321, 8452571, 8458487]","[8458953, 8455629, 8448449, 8449123, 8449328, 8458919, 8458963, 8449924, 8449971, 8450620, 8451333, 8458715, 8459020]","[8445382, 8446082, 8446719, 8457559]"
33,WIN,19941995,"[8455659, 8446454, 8456106, 8446551, 8456156, 8446675, 8447180, 8459568, 8460550, 8448487, 8458974, 8448765, 8457228, 8449761, 8449973, 8457847, 8457981, 8451334, 8451697, 8458229, 8458487]","[8455629, 8445655, 8449123, 8458919, 8449924, 8450620, 8451333, 8458212, 8458715, 8452503]","[8446082, 8459140]"
33,WIN,19951996,"[8455850, 8462038, 8456106, 8456156, 8456306, 8447180, 8459568, 8459518, 8448222, 8462035, 8448487, 8458974, 8449477, 8460596, 8449761, 8449973, 8457849, 8457981, 8451334, 8451673, 8458229, 8451994, 8458487]","[8462063, 8456153, 8446826, 8448961, 8457193, 8449123, 8449749, 8449924, 8460521, 8451333, 8458212, 8460493, 8452503]","[8446082, 8446480, 8459140, 8459453, 8457866]"
28,SJS,19911992,"[8444947, 8445253, 8445427, 8445662, 8445728, 8445989, 8455949, 8446210, 8458711, 8446718, 8446743, 8458516, 8446797, 8447071, 8448017, 8448505, 8458808, 8448662, 8448689, 8449449, 8449742, 8457566, 8450251, 8450523, 8457747, 8451596, 8458155, 8458537]","[8455911, 8446989, 8447489, 8448794, 8448987, 8449442, 8449694, 8457974, 8452503, 8458504, 8452489, 8452695]","[8456264, 8447449, 8447701, 8456692, 8449775]"
28,SJS,19921993,"[8445335, 8458761, 8445427, 8445728, 8445821, 8445989, 8446163, 8455949, 8458711, 8446356, 8446743, 8458516, 8447071, 8456347, 8448505, 8458808, 8448689, 8449095, 8449412, 8449718, 8457566, 8458647, 8450269, 8450357, 8457747, 8451429, 8451596, 8458155, 8458537, 8458559]","[8458507, 8448536, 8448987, 8449694, 8458544, 8457642, 8457974, 8452503, 8458504, 8452489, 8452695, 8458492]","[8456264, 8447449, 8447701, 8456692]"
28,SJS,19931994,"[8445202, 8445728, 8455752, 8445918, 8458711, 8446295, 8446497, 8446624, 8456183, 8446715, 8458516, 8447071, 8456347, 8448669, 8449163, 8449095, 8458755, 8449633, 8458947, 8457566, 8458647, 8458155, 8458537]","[8446243, 8459467, 8448633, 8449694, 8449902, 8458544, 8457642, 8458940, 8459059, 8452695, 8458492]","[8456692, 8452246]"
28,SJS,19941995,"[8445202, 8455752, 8446295, 8459450, 8446497, 8446624, 8446715, 8458516, 8460501, 8447071, 8448222, 8459428, 8448669, 8449163, 8449607, 8458947, 8457566, 8451849, 8458537, 8458559]","[8459683, 8446243, 8459467, 8448577, 8449694, 8449902, 8458544, 8457642, 8458940, 8459059]","[8456264, 8456692]"
28,SJS,19951996,"[8445202, 8445712, 8459011, 8446295, 8459450, 8458516, 8460501, 8448222, 8459428, 8448669, 8449607, 8458947, 8449895, 8457566, 8459479, 8451343, 8451849, 8451994, 8458537, 8458559, 8460558]","[8458953, 8445568, 8459467, 8448577, 8449694, 8458544, 8457642, 8450658, 8459035, 8458940, 8459059]","[8456264, 8456692, 8457928, 8451860]"
28,SJS,19961997,"[8459011, 8446295, 8459450, 8446715, 8446733, 8456306, 8460501, 8447350, 8460482, 8448118, 8459428, 8458947, 8449881, 8449895, 8459479, 8451793, 8451849, 8451994, 8458537, 8458559, 8460558]","[8445568, 8447187, 8447690, 8448124, 8459467, 8458879, 8449516, 8459035, 8458940, 8459059, 8459112]","[8445386, 8456264, 8448020, 8451860]"
28,SJS,19971998,"[8455447, 8445789, 8446217, 8459450, 8460501, 8447350, 8460482, 8460629, 8459428, 8448834, 8449499, 8466139, 8449295, 8449751, 8458947, 8449881, 8449895, 8459332, 8450817, 8451392, 8464979, 8451793, 8458559]","[8445568, 8458560, 8447187, 8447979, 8448124, 8449137, 8449516, 8459035, 8458940, 8451805, 8465250]","[8448020, 8457463, 8452217]"
28,SJS,19981999,"[8445202, 8445789, 8446213, 8446217, 8446303, 8460501, 8447350, 8460482, 8459256, 8460629, 8448834, 8466139, 8449295, 8449751, 8459033, 8449881, 8449895, 8450817, 8451392, 8451709, 8464979, 8451793]","[8466158, 8463125, 8447979, 8449137, 8449902, 8459035, 8458940, 8451022, 8451804, 8467304, 8465250]","[8458693, 8458615, 8452217]"
28,SJS,19992000,"[8446217, 8446303, 8460501, 8447350, 8459431, 8460629, 8448834, 8466139, 8449295, 8459033, 8449895, 8450817, 8451709, 8464979, 8459430, 8451793]","[8466158, 8463125, 8449137, 8449902, 8459035, 8458940, 8451022, 8467331, 8451804, 8467304]","[8460705, 8458615, 8452217]"
28,SJS,20002001,"[8465059, 8446303, 8460501, 8447350, 8459431, 8460629, 8456903, 8458617, 8466139, 8449295, 8459412, 8449895, 8450817, 8467463, 8457981, 8466343, 8464979, 8459430, 8451972]","[8446435, 8466158, 8463125, 8449137, 8449902, 8459035, 8458940, 8467331, 8451804]","[8462147, 8460705, 8458615]"
28,SJS,20012002,"[8465059, 8446213, 8446303, 8447364, 8459431, 8468130, 8460629, 8466139, 8449295, 8449895, 8450817, 8457981, 8466343, 8464979, 8459430, 8451972]","[8455505, 8466158, 8463125, 8467887, 8449137, 8459035, 8458940, 8467331, 8451804]","[8462147, 8460705, 8462117]"
28,SJS,20022003,"[8465059, 8467357, 8446303, 8468028, 8447364, 8459431, 8462227, 8468150, 8466139, 8462105, 8449895, 8460507, 8450817, 8457981, 8466343, 8464979, 8459430, 8451972, 8468726, 8467438]","[8467422, 8467540, 8467475, 8466158, 8463125, 8459522, 8467887, 8449137, 8459174, 8462040, 8459035, 8458940, 8467331]","[8462147, 8460705, 8462117]"
28,SJS,20032004,"[8468504, 8460534, 8467357, 8446303, 8468028, 8460595, 8469473, 8459431, 8460629, 8468150, 8466139, 8462105, 8470599, 8465016, 8460507, 8450817, 8470321, 8466343, 8464979, 8451972, 8467438]","[8467422, 8469555, 8467540, 8466158, 8457222, 8462040, 8470575, 8458940, 8467331]","[8460705, 8462117]"
28,SJS,20052006,"[8470609, 8467357, 8469622, 8468028, 8460595, 8469473, 8466200, 8466139, 8462105, 8470599, 8466210, 8465016, 8460507, 8470321, 8466343, 8470574, 8464979, 8466138, 8451972]","[8467931, 8470640, 8467422, 8469555, 8467540, 8470324, 8466158, 8462040, 8468114, 8470575, 8467331]","[8460705, 8468646, 8462117]"
28,SJS,20062007,"[8467335, 8470609, 8460534, 8467357, 8469622, 8468463, 8469473, 8459640, 8456464, 8466139, 8470599, 8466210, 8465016, 8470794, 8469587, 8470321, 8466343, 8466138]","[8470640, 8467422, 8469555, 8470324, 8466158, 8462040, 8468114, 8459004, 8471709]","[8460705, 8462117]"
28,SJS,20072008,"[8470609, 8460534, 8469629, 8467357, 8469622, 8469473, 8459640, 8471641, 8471235, 8466139, 8470599, 8471338, 8470794, 8469587, 8470321, 8450978, 8471682, 8462535, 8466138]","[8466285, 8470640, 8467422, 8469555, 8462040, 8468114, 8458544, 8459004, 8467909, 8471709]","[8462052, 8471306, 8460705, 8469556]"
28,SJS,20082009,"[8471516, 8469629, 8467357, 8469622, 8469473, 8459640, 8471235, 8448772, 8466139, 8473465, 8470599, 8471338, 8468635, 8470794, 8469587, 8450978, 8471682, 8462535, 8471521, 8466138, 8472215]","[8445550, 8467096, 8469555, 8471810, 8460580, 8468114, 8467909, 8471709]","[8462052, 8460705]"
28,SJS,20092010,"[8469622, 8474053, 8473600, 8468482, 8470131, 8467334, 8466139, 8473562, 8473465, 8473712, 8471338, 8459687, 8470580, 8470794, 8471682, 8462535, 8471521, 8466138, 8472215, 8471365]","[8445550, 8467096, 8470086, 8474218, 8467478, 8471810, 8467436, 8468114, 8471709, 8468577]","[8471306, 8460705]"
28,SJS,20102011,"[8469622, 8474053, 8471956, 8470280, 8473600, 8468482, 8466139, 8474850, 8459514, 8473562, 8473465, 8473712, 8471338, 8459687, 8470794, 8471682, 8466138, 8469581, 8474739]","[8467096, 8474027, 8474218, 8467478, 8471810, 8474531, 8468114, 8471709, 8468577, 8470273]","[8474550, 8467511, 8471774]"
28,SJS,20112012,"[8469622, 8474053, 8471956, 8473600, 8474001, 8462129, 8467899, 8466139, 8473562, 8473465, 8473712, 8471338, 8468575, 8469685, 8470794, 8466138, 8468515, 8474739, 8471476]","[8467096, 8474027, 8470613, 8474218, 8468114, 8468213, 8471709, 8465005]","[8471306, 8474550]"
28,SJS,20122013,"[8470063, 8469622, 8474053, 8471956, 8474001, 8467351, 8462129, 8467899, 8471996, 8471842, 8466139, 8473712, 8470794, 8471700, 8473536, 8466138, 8468485, 8474739]","[8467096, 8474027, 8470613, 8474218, 8466158, 8475625, 8468114, 8474032, 8467331, 8476807, 8471709]","[8471306, 8474550, 8471774]"
28,SJS,20132014,"[8471371, 8470063, 8474053, 8471956, 8475878, 8467899, 8477227, 8476881, 8471996, 8471311, 8466139, 8473562, 8476442, 8470794, 8471700, 8473536, 8466138, 8468485, 8474739]","[8467096, 8474027, 8470613, 8474218, 8466158, 8475625, 8467331, 8471709]","[8474550, 8471774]"
28,SJS,20142015,"[8471371, 8470063, 8474053, 8471956, 8476624, 8474230, 8475878, 8477227, 8476881, 8477922, 8471311, 8474516, 8466139, 8475775, 8476442, 8470794, 8473722, 8473536, 8474727, 8476549, 8466138, 8476919, 8474739]","[8474027, 8470613, 8474218, 8475455, 8476166, 8466158, 8475625, 8477509, 8476798, 8476807, 8471709]","[8477234, 8474550, 8471774]"
28,SJS,20152016,"[8471371, 8477846, 8474053, 8475820, 8477958, 8476624, 8474230, 8476881, 8477922, 8474516, 8466139, 8473562, 8476442, 8470794, 8474727, 8474096, 8466138, 8476919, 8468208, 8474739, 8464977]","[8474027, 8470613, 8476331, 8475455, 8468542, 8477509, 8471392, 8476807, 8471709]","[8474889, 8473503, 8471774]"
28,SJS,20162017,"[8474571, 8477846, 8474053, 8475820, 8477958, 8476624, 8474230, 8471498, 8476881, 8477922, 8478099, 8466139, 8478414, 8476442, 8476982, 8470794, 8475834, 8466138, 8476919, 8468208, 8474739]","[8474027, 8470613, 8476331, 8475455, 8475841, 8468542, 8477509, 8473673, 8471709]","[8477180, 8474889]"
28,SJS,20172018,"[8474571, 8477846, 8474053, 8475820, 8470611, 8479580, 8476624, 8471498, 8476881, 8475169, 8477922, 8478099, 8478414, 8476982, 8470794, 8475834, 8466138, 8476919, 8468208]","[8474027, 8470613, 8476331, 8475455, 8475841, 8468542, 8477046, 8471709]","[8477180, 8474889]"
28,SJS,20182019,"[8478078, 8474053, 8475820, 8479580, 8476624, 8474230, 8476881, 8475169, 8477922, 8478099, 8478414, 8474679, 8470794, 8480780, 8475834, 8480965, 8466138]","[8474027, 8470613, 8475455, 8475841, 8474578, 8478136, 8477046, 8480160, 8471709]","[8477180, 8474889]"
28,SJS,20192020,"[8481640, 8479571, 8477380, 8474053, 8479580, 8476624, 8479393, 8476881, 8475169, 8477922, 8481516, 8478099, 8477983, 8466139, 8478414, 8476474, 8480780, 8475834, 8480965, 8466138, 8480384, 8481515]","[8470613, 8476953, 8475869, 8475455, 8479983, 8475841, 8474578, 8481812, 8478136, 8474774, 8480160, 8471709]","[8477180, 8474889]"
28,SJS,20202021,"[8478870, 8482222, 8481640, 8479571, 8480276, 8480053, 8474053, 8477987, 8476545, 8479580, 8479393, 8482248, 8476881, 8475169, 8481516, 8478099, 8481077, 8466139, 8478414, 8476442, 8476474, 8475834, 8480965, 8480384, 8479705]","[8470613, 8476368, 8479983, 8478868, 8474578, 8481812, 8478467, 8478136, 8482369, 8474688, 8480160, 8471709]","[8471227, 8474889, 8480373, 8482246]"
28,SJS,20212022,"[8478870, 8482222, 8474009, 8482133, 8480053, 8471699, 8474053, 8479373, 8476288, 8482667, 8479981, 8479393, 8480304, 8476881, 8478099, 8481077, 8478414, 8478447, 8476442, 8478967, 8482197, 8480060, 8479705, 8481061]","[8470613, 8479983, 8481701, 8474578, 8481552, 8477034, 8478467, 8480847, 8478136, 8480160, 8471709]","[8478499, 8478039, 8473503, 8479313, 8471774]"
28,SJS,20222023,"[8475461, 8482222, 8474009, 8482133, 8474053, 8479304, 8482667, 8479591, 8479981, 8479393, 8482101, 8476881, 8477341, 8480822, 8479316, 8478099, 8478067, 8478904, 8478414, 8476442, 8480216, 8482197, 8482181, 8481477, 8478058, 8478431, 8479705, 8480188]","[8476988, 8482824, 8479983, 8476449, 8474578, 8481812, 8479439, 8477034, 8476884, 8480160, 8481567, 8471709]","[8477180, 8478039, 8480199, 8473503]"
28,SJS,20232024,"[8477473, 8482133, 8474053, 8480848, 8482667, 8476624, 8484911, 8475798, 8479336, 8480011, 8479316, 8479379, 8481477, 8480188]","[8476988, 8480834, 8479983, 8480172, 8481567, 8471709, 8478013]","[8478406, 8477970]"
28,SJS,20242025,"[8482133, 8484801, 8474053, 8480848, 8482667, 8476624, 8479393, 8479336, 8480011, 8481042, 8483481, 8484227, 8475726, 8477505]","[8479576, 8479983, 8480043, 8482166, 8480172, 8481567, 8471709]","[8480382, 8484312]"
42,QBD,19191920,"[8445326, 8445740, 8447594, 8447616, 8447674, 8447761, 8447816, 8449087, 8449382]","[8445330, 8447796, 8447907, 8448336]","[8449843, 8450017]"
29,CBJ,20002001,"[8459446, 8460649, 8459993, 8459011, 8468463, 8462121, 8446423, 8456118, 8458645, 8456556, 8456857, 8448542, 8449093, 8459889, 8467362, 8459486, 8457921, 8460628, 8459605, 8462535, 8466971, 8462184, 8459455, 8458537, 8458526]","[8459449, 8456000, 8458801, 8462211, 8456588, 8468484, 8448543, 8468613, 8449957, 8458546, 8460521, 8459144]","[8462055, 8451837]"
29,CBJ,20012002,"[8460649, 8468468, 8468463, 8462121, 8446423, 8456512, 8456857, 8448542, 8459602, 8458959, 8466394, 8468766, 8467362, 8458565, 8457921, 8462535, 8451359, 8466971, 8462184, 8459455, 8458537, 8458526]","[8459466, 8459449, 8462211, 8456588, 8468484, 8449957, 8458546, 8460521, 8467439, 8459144, 8466381, 8469442]","[8462055, 8459239, 8451837]"
29,CBJ,20022003,"[8468468, 8446003, 8468463, 8462121, 8446423, 8468130, 8462107, 8456857, 8459602, 8458959, 8466349, 8470041, 8468766, 8470030, 8458565, 8457921, 8462535, 8451359, 8459455, 8458537, 8458526]","[8459466, 8462211, 8468484, 8458518, 8467388, 8450824, 8467319, 8467439, 8459249, 8466381, 8469442]","[8462055, 8459239]"
29,CBJ,20032004,"[8446003, 8470639, 8469997, 8458638, 8469490, 8456857, 8465189, 8459602, 8462062, 8467334, 8459587, 8470203, 8466349, 8466394, 8470564, 8470041, 8468766, 8467402, 8470030, 8466174, 8457921, 8462535, 8469456, 8459455, 8458526, 8470597]","[8459443, 8462211, 8469534, 8468484, 8465032, 8458518, 8458546, 8450824, 8467054, 8467319, 8467439, 8458172, 8466381, 8469442]","[8459252, 8462055, 8469461]"
29,CBJ,20052006,"[8470185, 8471680, 8466251, 8446788, 8470639, 8470064, 8469997, 8462159, 8465189, 8470152, 8467334, 8459587, 8470564, 8470041, 8471221, 8470882, 8467336, 8457921, 8466271, 8466317, 8462535, 8466240, 8459455, 8458526, 8470597]","[8467400, 8462032, 8462416, 8456283, 8468493, 8459002, 8469534, 8468484, 8458546, 8450824, 8466443, 8470170, 8469442]","[8462055, 8469461, 8468037]"
29,CBJ,20062007,"[8470185, 8471680, 8459156, 8466251, 8446788, 8470639, 8471185, 8470064, 8469997, 8469820, 8470152, 8467334, 8460556, 8470564, 8470041, 8471221, 8470882, 8462535, 8469456, 8459455, 8470597]","[8462032, 8473923, 8459443, 8456283, 8468493, 8469534, 8468484, 8470760, 8468544, 8470170, 8466381, 8469442]","[8462052, 8469152, 8469461, 8470090, 8471793]"
29,CBJ,20072008,"[8467880, 8471766, 8473544, 8471680, 8466251, 8446788, 8470639, 8471185, 8469820, 8470152, 8468001, 8467334, 8460556, 8469685, 8470041, 8469475, 8458976, 8471221, 8471259, 8473542, 8462535, 8459455, 8470597]","[8456283, 8468493, 8470699, 8468484, 8470760, 8470310, 8471729, 8460757, 8470170, 8469442, 8472262]","[8471305, 8469461, 8470090]"
29,CBJ,20082009,"[8471766, 8473544, 8466251, 8473432, 8474566, 8459425, 8466181, 8465041, 8468001, 8467334, 8474195, 8460556, 8469685, 8470041, 8469475, 8458976, 8471221, 8468485, 8469469, 8468535, 8474161, 8468789, 8466266]","[8467348, 8467915, 8470699, 8468484, 8470760, 8470310, 8471729, 8470170, 8469492, 8472262]","[8470584, 8471305, 8469461, 8473461, 8470090]"
29,CBJ,20092010,"[8471663, 8471766, 8473544, 8466251, 8460567, 8473432, 8474566, 8473687, 8466181, 8473491, 8471411, 8468001, 8474195, 8460556, 8470735, 8469685, 8470041, 8465192, 8471221, 8473542, 8468485, 8469469, 8468535, 8474161]","[8471482, 8467915, 8470699, 8469684, 8468484, 8470760, 8469509, 8470804, 8471729, 8471873, 8469492]","[8464999, 8473461]"
29,CBJ,20102011,"[8471663, 8471766, 8473544, 8474685, 8460567, 8473432, 8474566, 8466181, 8474693, 8468001, 8474195, 8460504, 8469685, 8470041, 8465192, 8473542, 8469469, 8470105, 8468535, 8474161, 8471483]","[8471482, 8467915, 8470317, 8470699, 8474207, 8468484, 8471279, 8470760, 8475186, 8459004, 8471729, 8471873, 8469492]","[8464999, 8470263, 8473461]"
29,CBJ,20112012,"[8474715, 8471760, 8471766, 8470986, 8473544, 8471261, 8474685, 8470604, 8473432, 8474121, 8468086, 8466181, 8475793, 8470838, 8474693, 8473914, 8468001, 8474195, 8470041, 8465192, 8459492, 8471868, 8469469, 8468535]","[8471482, 8474597, 8469534, 8471677, 8471187, 8468101, 8470760, 8475186, 8471348, 8474774, 8471729, 8475233, 8469492, 8470222]","[8476803, 8473461, 8468166, 8474057]"
29,CBJ,20122013,"[8473573, 8474715, 8471766, 8473544, 8474685, 8474744, 8471260, 8473432, 8471832, 8471273, 8473422, 8468483, 8474121, 8475793, 8473914, 8468001, 8476539, 8459492, 8469469]","[8459053, 8475148, 8474597, 8474207, 8471677, 8475186, 8471348, 8474774, 8475233, 8469492, 8470222]","[8475683, 8473461]"
29,CBJ,20132014,"[8473573, 8474715, 8471760, 8471766, 8474685, 8475808, 8474744, 8471260, 8470065, 8471273, 8473422, 8474192, 8468483, 8470596, 8476432, 8475793, 8473914, 8468001, 8471681, 8474130, 8469469]","[8475148, 8474597, 8471677, 8476850, 8471348, 8474774, 8475233, 8468513, 8469492, 8470222]","[8475683, 8470147, 8470093]"
29,CBJ,20142015,"[8474609, 8476981, 8473573, 8474715, 8471766, 8471504, 8474685, 8475808, 8470920, 8474744, 8471490, 8470065, 8477448, 8471273, 8473422, 8476207, 8468486, 8476432, 8475793, 8476448, 8473914, 8475214, 8477510, 8471681, 8474130, 8474095, 8477505]","[8475246, 8475148, 8473992, 8474597, 8471677, 8467917, 8476850, 8474774, 8475233, 8473647, 8469492, 8470222]","[8475683, 8476341, 8470147]"
29,CBJ,20152016,"[8476981, 8474715, 8477416, 8471766, 8471504, 8474685, 8470169, 8475808, 8470920, 8471273, 8473422, 8478541, 8468486, 8476432, 8475793, 8476448, 8477947, 8477510, 8476438, 8477505]","[8473550, 8475246, 8473992, 8474597, 8471677, 8477495, 8478567, 8476850, 8476394, 8474774, 8475829, 8475233, 8469492]","[8475683, 8476341, 8476914, 8470147]"
29,CBJ,20162017,"[8476981, 8474715, 8477416, 8474685, 8471273, 8473422, 8474040, 8478541, 8468486, 8476432, 8476448, 8471232, 8477947, 8476438, 8476310, 8476391, 8477505]","[8478506, 8476449, 8471677, 8477495, 8476850, 8478906, 8474774, 8470724, 8475233, 8478460]","[8475683, 8476341, 8476914, 8470147]"
29,CBJ,20172018,"[8476981, 8474715, 8477416, 8476283, 8474685, 8474610, 8471273, 8479400, 8473422, 8471804, 8478541, 8476432, 8469638, 8473914, 8477947, 8477353, 8478550, 8480762, 8475147, 8476310, 8470598, 8477505]","[8478506, 8471710, 8474013, 8476449, 8471677, 8477495, 8478567, 8476850, 8478906, 8475233, 8478460]","[8475683, 8476914]"
29,CBJ,20182019,"[8476981, 8474715, 8477416, 8474610, 8471273, 8479400, 8475168, 8477407, 8476288, 8473422, 8478541, 8476432, 8473914, 8477947, 8474062, 8478550, 8480762, 8476310, 8478949, 8478831, 8480074, 8477505]","[8478506, 8476431, 8478882, 8476449, 8477495, 8478567, 8471717, 8476850, 8478906, 8475233, 8478460]","[8475683, 8476914]"
29,CBJ,20192020,"[8476981, 8474715, 8480205, 8477416, 8477448, 8479400, 8473422, 8480853, 8471804, 8476432, 8481650, 8477974, 8476870, 8477947, 8474062, 8474679, 8480762, 8478949, 8476913, 8478831, 8480074, 8479557, 8477505]","[8478506, 8478882, 8476449, 8477495, 8478567, 8476850, 8478906, 8479369, 8475233, 8478460]","[8480162, 8476914, 8478007]"
29,CBJ,20202021,"[8474715, 8480205, 8477416, 8474610, 8477503, 8479400, 8482623, 8473422, 8480853, 8471804, 8476888, 8476432, 8469459, 8479339, 8477974, 8476870, 8474062, 8480762, 8478458, 8478949, 8478831, 8480074]","[8479945, 8478506, 8474584, 8478882, 8476449, 8477495, 8478567, 8482247, 8479369, 8475233, 8478460]","[8480162, 8476914, 8478007, 8481001]"
29,CBJ,20212022,"[8480205, 8477416, 8482475, 8479941, 8477503, 8480441, 8480853, 8476867, 8476345, 8476432, 8482660, 8476374, 8479339, 8480292, 8474679, 8480762, 8478458, 8482705, 8478831, 8480074, 8474161]","[8479945, 8479402, 8483565, 8480871, 8478506, 8481161, 8478882, 8476449, 8478567, 8479369, 8478460]","[8475234, 8476914, 8478007, 8480193]"
29,CBJ,20222023,"[8481690, 8480205, 8482475, 8479941, 8482623, 8480441, 8480853, 8476346, 8476867, 8476432, 8482660, 8476374, 8479339, 8481649, 8480893, 8484125, 8480292, 8474679, 8479671, 8478967, 8482451, 8482179, 8480762, 8478458, 8482705, 8474161]","[8479945, 8479402, 8481072, 8483620, 8483565, 8480871, 8481161, 8478882, 8475790, 8483460, 8482448, 8479369, 8482711, 8482399, 8478460]","[8476903, 8482982, 8474636, 8476914, 8478007, 8480193]"
29,CBJ,20232024,"[8484149, 8482475, 8479941, 8484166, 8476346, 8476432, 8482660, 8476374, 8480893, 8479671, 8482705, 8481716]","[8480871, 8475790, 8478500, 8476923, 8478460]","[8478007, 8480193]"
29,CBJ,20242025,"[8479944, 8482475, 8479941, 8484166, 8478432, 8476432, 8482660, 8479316, 8476374, 8478099, 8480893, 8477497, 8479671, 8482705, 8474037, 8481716, 8485469]","[8481161, 8479371, 8475790, 8480887, 8471677, 8478500, 8476923, 8478460]","[8478007, 8480193]"
53,ARI,20142015,"[8476062, 8474571, 8470719, 8471231, 8470647, 8475414, 8462038, 8468064, 8474040, 8477715, 8471691, 8474793, 8473970, 8471232, 8476451, 8476921, 8475775, 8474646, 8469664, 8476356, 8476868, 8475996, 8475224, 8468535, 8471856]","[8474638, 8476403, 8475171, 8475759, 8469760, 8475186, 8476473, 8470798, 8475194, 8473673, 8474628, 8473589, 8471735]","[8475839, 8471227, 8470093, 8469608]"
53,ARI,20152016,"[8474571, 8471231, 8475414, 8477460, 8462038, 8477503, 8471703, 8477407, 8477715, 8470159, 8471691, 8474138, 8476921, 8478928, 8470755, 8476356, 8473722, 8478137, 8474554, 8467338, 8475749, 8474588, 8468535, 8471856]","[8475246, 8476403, 8475171, 8475206, 8474005, 8471269, 8469760, 8476473, 8475194, 8474628, 8475797]","[8475839, 8474765, 8469608, 8478999]"
53,ARI,20162017,"[8475788, 8478474, 8477460, 8462038, 8477503, 8477407, 8477989, 8478432, 8477715, 8471691, 8475180, 8477591, 8479343, 8476921, 8473465, 8477943, 8475800, 8470755, 8476356, 8478440, 8468085, 8473466]","[8479345, 8475246, 8477950, 8475171, 8471274, 8473571, 8469760, 8476473, 8474568, 8474628]","[8475839, 8476986, 8471251, 8469608]"
53,ARI,20172018,"[8476326, 8476393, 8478474, 8477460, 8477503, 8477407, 8477989, 8478432, 8475878, 8479343, 8474131, 8476921, 8478447, 8475209, 8477943, 8470755, 8476356, 8474736, 8474613, 8478440]","[8478476, 8479345, 8476431, 8475246, 8474218, 8475171, 8471274, 8477810, 8471769, 8477541, 8477634, 8474568]","[8475839, 8478499, 8475311, 8476986, 8477293, 8475809]"
53,ARI,20182019,"[8476326, 8478047, 8476393, 8478474, 8477460, 8477989, 8478432, 8476851, 8478856, 8473546, 8476994, 8479343, 8474131, 8475209, 8477943, 8470755, 8477951, 8474613, 8478440, 8475738]","[8478476, 8479345, 8475246, 8474218, 8475171, 8471274, 8471769, 8480950, 8477541, 8477851]","[8478499, 8475311, 8480112, 8475717, 8477293]"
53,ARI,20192020,"[8475808, 8478474, 8477989, 8478432, 8478856, 8473546, 8475791, 8480849, 8476994, 8479343, 8473548, 8470755, 8477951, 8471262, 8474613]","[8478476, 8479345, 8474218, 8475171, 8471274, 8480913, 8471769, 8480950, 8474604, 8477851]","[8478499, 8475311, 8477293]"
53,ARI,20202021,"[8473544, 8478047, 8479465, 8475808, 8478474, 8477989, 8477392, 8478432, 8478856, 8477512, 8477401, 8480849, 8478211, 8480890, 8479343, 8473548, 8475728, 8478967, 8475752, 8477951]","[8478476, 8479345, 8474218, 8475171, 8471274, 8480913, 8471769, 8480950, 8474604, 8477851, 8481599]","[8478499, 8475311, 8481031, 8477293]"
53,ARI,20212022,"[8474291, 8476329, 8479619, 8478474, 8476288, 8470626, 8477392, 8478432, 8476851, 8480849, 8478147, 8476436, 8480890, 8479343, 8473548, 8471217, 8475728, 8481711, 8480855, 8481827, 8474062, 8477070, 8477941, 8474849, 8477951, 8480979, 8478480]","[8478476, 8479345, 8479341, 8476906, 8481609, 8480950, 8478062, 8482655, 8481599, 8471873, 8479982]","[8475622, 8480373, 8481031, 8474667, 8478872, 8475809]"
53,ARI,20222023,"[8475760, 8476329, 8479619, 8478474, 8477460, 8477520, 8478432, 8482699, 8480849, 8478147, 8480890, 8475178, 8483597, 8479343, 8481711, 8480855, 8477070, 8476439, 8477941, 8477951, 8480979]","[8477384, 8479345, 8476906, 8480891, 8481609, 8482067, 8478062, 8482655, 8475747, 8481599, 8479442, 8479982, 8479976]","[8478971, 8481031, 8478872]"
53,ARI,20232024,[],[],[]
5,PIT,19671968,"[8444934, 8445032, 8445855, 8445906, 8446342, 8446858, 8447016, 8447718, 8447744, 8448121, 8448345, 8448923, 8449197, 8449273]","[8445111, 8447228, 8447324, 8447580, 8447639, 8447657, 8448194, 8449131]","[8449804, 8449825]"
5,PIT,19681969,"[8444934, 8444952, 8445151, 8445289, 8445855, 8445906, 8446342, 8446707, 8447016, 8447359, 8447718, 8450566, 8448923, 8449092, 8449209, 8449210, 8449273]","[8444966, 8445024, 8445111, 8447285, 8447639, 8447657, 8448190, 8448194, 8448606, 8449131, 8449367, 8449603]","[8449825, 8446290, 8449914]"
5,PIT,19691970,"[8445151, 8445163, 8446342, 8446696, 8446846, 8447168, 8447718, 8448191, 8450566, 8448788, 8448923, 8448937, 8449092, 8449210]","[8445083, 8447657, 8447807, 8447895, 8448190, 8448606, 8449367, 8449603]","[8449825, 8446290, 8451474]"
5,PIT,19701971,"[8445022, 8445032, 8445151, 8445292, 8445325, 8446342, 8446696, 8446846, 8447168, 8447536, 8447718, 8450490, 8448191, 8450566, 8448788, 8448923, 8448937, 8449185, 8449671]","[8445083, 8447137, 8448595, 8447657, 8447895, 8448606, 8449367, 8449603]","[8449825, 8449996, 8450051, 8451474]"
5,PIT,19711972,"[8445022, 8445151, 8445292, 8445325, 8446342, 8446696, 8446846, 8446856, 8447168, 8447378, 8447718, 8447767, 8447793, 8448032, 8450490, 8450566, 8450894, 8448923, 8448937, 8448974, 8449185]","[8445792, 8446560, 8446917, 8447137, 8448606, 8449367, 8449603]","[8449825, 8449915, 8451076]"
5,PIT,19721973,"[8445022, 8445292, 8445325, 8446696, 8446846, 8447168, 8448642, 8447536, 8447767, 8450490, 8450566, 8448923, 8448937, 8448974, 8449023, 8452365]","[8445792, 8446560, 8447137, 8447285, 8447531, 8448606, 8449367]","[8449844, 8447755, 8450051, 8451076]"
5,PIT,19731974,"[8445022, 8445089, 8445460, 8446846, 8448434, 8448642, 8447525, 8447536, 8447767, 8447808, 8448035, 8450490, 8450566, 8448937, 8449112, 8451770, 8452365]","[8445456, 8445080, 8445792, 8445867, 8445965, 8446560, 8447116, 8448595, 8447285, 8447531, 8450168, 8451624, 8449367]","[8449844, 8447755, 8448175, 8451076]"
5,PIT,19741975,"[8445022, 8445089, 8445056, 8445069, 8445460, 8445862, 8446658, 8448420, 8448434, 8447275, 8448642, 8448707, 8447536, 8447808, 8447897, 8448189, 8450566, 8448937, 8449200]","[8445080, 8445792, 8445893, 8445867, 8445965, 8446780, 8447285, 8450085, 8450168, 8451624, 8449473]","[8447755, 8448175, 8450004, 8450468]"
5,PIT,19751976,"[8445022, 8445089, 8445056, 8445460, 8446170, 8446584, 8446586, 8446658, 8448420, 8448434, 8448707, 8447536, 8447808, 8447897, 8448031, 8450566, 8448937]","[8445792, 8445893, 8445965, 8446780, 8450085, 8450168, 8451624, 8449299, 8449473]","[8448175, 8448710, 8450468, 8450123]"
5,PIT,19761977,"[8445022, 8445069, 8445460, 8446035, 8445614, 8446584, 8446586, 8446658, 8448420, 8448434, 8448707, 8447536, 8449101, 8447897, 8450566, 8448937]","[8444961, 8444988, 8445792, 8446780, 8447533, 8450085, 8450555, 8451624, 8449299]","[8447755, 8448710, 8450148]"
5,PIT,19771978,"[8445022, 8445460, 8445332, 8445350, 8446035, 8445614, 8446170, 8446320, 8446849, 8447492, 8448420, 8448707, 8448741, 8447536, 8449062, 8449101, 8449675, 8447897, 8450566, 8448671, 8451245, 8451614]","[8444961, 8445792, 8445893, 8446593, 8446780, 8450085, 8450168, 8450555, 8451624]","[8447755, 8448710, 8450097, 8450148]"
5,PIT,19781979,"[8445460, 8446035, 8446170, 8446320, 8446809, 8447492, 8448420, 8448495, 8448741, 8448882, 8449062, 8449101, 8449320, 8449531, 8451245, 8451246, 8451335, 8451614]","[8444961, 8445520, 8445893, 8445938, 8448045, 8450168, 8450555, 8451624, 8451853]","[8447755, 8448710, 8449627]"
5,PIT,19791980,"[8446035, 8446320, 8446809, 8447492, 8448075, 8448304, 8448420, 8448495, 8448741, 8448846, 8448882, 8449101, 8449230, 8449320, 8451246, 8451335]","[8444961, 8445520, 8445938, 8446077, 8446780, 8451624, 8451728, 8451853]","[8447931, 8449627, 8450806]"
5,PIT,19801981,"[8445771, 8446320, 8446809, 8447047, 8447492, 8448075, 8448304, 8448420, 8448495, 8448741, 8448846, 8448882, 8449101, 8449230, 8449320, 8450848, 8451246, 8451335, 8451892]","[8444961, 8445338, 8445792, 8445938, 8446061, 8446780, 8446805, 8448905, 8450554, 8451624, 8452521]","[8447931, 8449627, 8450806]"
5,PIT,19811982,"[8445618, 8445771, 8446809, 8447047, 8447076, 8447346, 8447492, 8447515, 8448304, 8448420, 8448741, 8448982, 8449101, 8449354, 8449738, 8450848, 8451246, 8451327, 8451335, 8451378, 8451741]","[8444961, 8445338, 8445653, 8445938, 8446061, 8446780, 8446805, 8447984, 8450554, 8451624, 8452521]","[8446429, 8446602, 8447663, 8450806]"
5,PIT,19821983,"[8445618, 8445771, 8446809, 8447047, 8447063, 8447076, 8447346, 8446661, 8447492, 8447515, 8448026, 8448364, 8448420, 8448743, 8448741, 8448982, 8449101, 8449354, 8450848, 8451246, 8451327, 8451378, 8451741, 8451791]","[8445338, 8445653, 8445796, 8445938, 8446061, 8446805, 8447984, 8448847, 8449538, 8450554, 8451990, 8452521]","[8446429, 8447755, 8450806, 8450993]"
5,PIT,19831984,"[8445629, 8445618, 8445683, 8445771, 8445773, 8446358, 8446715, 8446869, 8447047, 8447076, 8447492, 8447515, 8448026, 8448420, 8448656, 8448841, 8448837, 8449354, 8450053, 8450848, 8451029, 8451099, 8451127, 8451246, 8451327, 8451741, 8451791, 8451867, 8451904, 8451922, 8452575]","[8445653, 8445796, 8445938, 8446039, 8446061, 8446947, 8447217, 8447984, 8449316, 8449346, 8449516, 8451223, 8451875]","[8446429, 8447755, 8450993, 8451958]"
5,PIT,19841985,"[8445207, 8445410, 8445618, 8445683, 8445771, 8446029, 8446255, 8446715, 8446869, 8447076, 8447089, 8447492, 8447515, 8448265, 8448420, 8448656, 8448782, 8448841, 8449443, 8450053, 8450848, 8451327, 8451867, 8452367, 8452575]","[8445568, 8445796, 8446039, 8446947, 8447822, 8447984, 8450339, 8449122, 8449316, 8449346, 8449414, 8449516, 8451018]","[8446429, 8446899, 8447755, 8450993]"
5,PIT,19851986,"[8445207, 8445546, 8445629, 8445771, 8446029, 8446261, 8446531, 8446715, 8446962, 8447515, 8448782, 8448858, 8448841, 8449288, 8449443, 8449934, 8450053, 8451029, 8451065, 8451327, 8451376]","[8445568, 8445796, 8446039, 8446288, 8447822, 8448303, 8449122, 8449414, 8451018, 8451223, 8451382]","[8447755, 8449550, 8450993]"
5,PIT,19861987,"[8445546, 8445629, 8445771, 8446029, 8446261, 8446531, 8446715, 8446962, 8447165, 8447515, 8448520, 8448712, 8448773, 8448782, 8448858, 8448841, 8449288, 8449443, 8449657, 8450635, 8451065, 8451376, 8452490, 8452575]","[8445415, 8445568, 8445796, 8446039, 8446288, 8447822, 8448303, 8449122, 8451018, 8451223, 8451239, 8451382]","[8447390, 8449550, 8450835, 8450993]"
5,PIT,19871988,"[8444918, 8445629, 8445689, 8445861, 8446261, 8446705, 8446715, 8446962, 8447033, 8447165, 8447304, 8447433, 8447515, 8448116, 8448406, 8448520, 8448782, 8448841, 8449119, 8449288, 8449312, 8449488, 8450107, 8450635, 8451365, 8451376, 8451711, 8452159, 8452575]","[8445568, 8445796, 8446039, 8446117, 8446288, 8447263, 8447822, 8448303, 8448380, 8449122, 8451223, 8451382, 8452584]","[8447390, 8449550, 8450390, 8450835]"
5,PIT,19881989,"[8445492, 8445629, 8445689, 8445861, 8446013, 8446251, 8446261, 8446527, 8446715, 8446962, 8447033, 8447515, 8448406, 8448782, 8448841, 8449488, 8450635, 8450725, 8451711, 8452687]","[8445568, 8445796, 8446117, 8446288, 8446424, 8447822, 8448303, 8451382, 8452584]","[8445275, 8447390, 8450390, 8451834, 8452576]"
5,PIT,19891990,"[8445629, 8445689, 8445861, 8445918, 8446013, 8446251, 8446715, 8447180, 8448406, 8448771, 8448782, 8448841, 8449326, 8450271, 8450635, 8450725, 8451516, 8451711, 8451858, 8452687]","[8445796, 8446117, 8446288, 8446372, 8446424, 8447822, 8448303, 8448577, 8452584]","[8445275, 8446052, 8450390, 8452576]"
5,PIT,19901991,"[8444918, 8445629, 8445689, 8446013, 8446251, 8446305, 8446715, 8446951, 8447180, 8448029, 8448208, 8448771, 8448782, 8448841, 8449743, 8450271, 8450560, 8450725, 8451711, 8451858, 8451965, 8452569]","[8446117, 8446288, 8446424, 8447822, 8448271, 8448303, 8448577, 8449745, 8450089, 8450905, 8451107, 8451657, 8451836, 8452584]","[8445275, 8450390, 8452576]"
5,PIT,19911992,"[8445629, 8445861, 8446013, 8446305, 8446715, 8446951, 8448029, 8448208, 8448771, 8448782, 8448841, 8457297, 8449583, 8449743, 8457451, 8457481, 8450560, 8450725, 8451711, 8451925, 8451965]","[8446050, 8446117, 8446424, 8448271, 8449745, 8457490, 8450089, 8450905, 8451105, 8451107, 8451657, 8451836]","[8445275, 8450390, 8452535, 8452576]"
5,PIT,19921993,"[8446013, 8446305, 8446715, 8446951, 8448208, 8448771, 8448782, 8448841, 8457297, 8449743, 8457481, 8451673, 8451711, 8458955, 8451911, 8451925]","[8458507, 8446050, 8446873, 8448271, 8449745, 8450089, 8450645, 8451105, 8451107, 8451657, 8451836]","[8445275, 8452535]"
5,PIT,19931994,"[8445730, 8446305, 8446356, 8456120, 8446951, 8448208, 8456782, 8448782, 8457297, 8449477, 8449743, 8458530, 8457481, 8458662, 8451122, 8451673, 8451711, 8458955, 8451925, 8451965]","[8455452, 8445655, 8447690, 8448271, 8449516, 8449745, 8457479, 8450089, 8450645, 8451105, 8451107, 8451836, 8458179]","[8445275, 8456090, 8450993, 8452535]"
5,PIT,19941995,"[8445283, 8455871, 8446251, 8458552, 8446951, 8448046, 8448208, 8457297, 8449477, 8449743, 8449773, 8458530, 8460541, 8450941, 8451122, 8451711, 8458955]","[8455452, 8445413, 8447690, 8448271, 8448380, 8448822, 8448961, 8457421, 8449745, 8451105, 8451107, 8451836, 8458179]","[8445275, 8459051, 8452535, 8452576]"
5,PIT,19951996,"[8445283, 8455871, 8456150, 8458552, 8446951, 8448208, 8448664, 8448782, 8449488, 8449607, 8458532, 8458530, 8449807, 8460541, 8458662, 8459483, 8451122, 8458069, 8458521, 8460514]","[8458778, 8455452, 8445413, 8459447, 8446286, 8446936, 8448380, 8448822, 8448961, 8458672, 8457421, 8458179, 8452503, 8458494]","[8445275, 8452535]"
5,PIT,19961997,"[8445017, 8455521, 8455575, 8455871, 8456150, 8446951, 8459256, 8448208, 8458650, 8456734, 8448490, 8448782, 8449743, 8458532, 8449807, 8457570, 8449973, 8460541, 8458662, 8459474, 8450635, 8459483, 8451122, 8458521, 8452161, 8458526]","[8459447, 8446286, 8447680, 8458942, 8448822, 8458672, 8457421, 8449749, 8449971, 8458179, 8452503, 8458454]","[8445275, 8459051, 8459579, 8452535]"
5,PIT,19971998,"[8455521, 8445689, 8462843, 8459021, 8458960, 8446951, 8459256, 8448208, 8458650, 8456734, 8456966, 8462054, 8449973, 8458565, 8458955, 8452161, 8458526]","[8460548, 8458965, 8447680, 8458942, 8457421, 8449971, 8458052, 8458179, 8458373, 8452503]","[8445275, 8464715, 8452535]"
5,PIT,19981999,"[8459019, 8455521, 8459147, 8445689, 8456602, 8462159, 8448208, 8458609, 8458529, 8456966, 8448775, 8449633, 8462054, 8458565, 8461658, 8466436, 8458955, 8459672, 8458526, 8462824]","[8455452, 8460548, 8446435, 8459482, 8447680, 8459179, 8458942, 8457421, 8451290, 8464982, 8458052, 8458179, 8458373, 8452503]","[8462102, 8445275, 8464715]"
5,PIT,19992000,"[8459019, 8455575, 8459996, 8445689, 8446026, 8458538, 8462843, 8458516, 8462159, 8448208, 8458529, 8456966, 8448764, 8449633, 8462054, 8466436, 8458955, 8459672, 8458526]","[8455666, 8460548, 8466333, 8459700, 8458942, 8458805, 8457421, 8457706, 8465058, 8458048, 8458052, 8459074, 8458373]","[8462102, 8445275, 8464715, 8451837]"
5,PIT,20002001,"[8459019, 8455575, 8459996, 8458538, 8460563, 8462159, 8448208, 8458529, 8467347, 8464983, 8456966, 8448782, 8464875, 8449633, 8462054, 8459486, 8467543, 8460507, 8468753, 8451711, 8458955, 8468438]","[8445428, 8455666, 8460548, 8446435, 8466333, 8459700, 8458942, 8448543, 8458805, 8466203, 8457421, 8449902, 8465058, 8458052, 8459074]","[8462102, 8460704, 8465962, 8458075]"
5,PIT,20012002,"[8467880, 8459450, 8468532, 8462159, 8466398, 8458529, 8467347, 8464983, 8456966, 8448782, 8457203, 8465220, 8462054, 8466210, 8459486, 8467543, 8460507, 8450825, 8466110, 8451711, 8458955, 8468438, 8459146]","[8466189, 8466333, 8459522, 8459700, 8458942, 8458805, 8466203, 8457421, 8458546, 8465058, 8459448]","[8462102, 8460704]"
5,PIT,20022003,"[8467356, 8467880, 8459423, 8459450, 8467333, 8458638, 8462159, 8458990, 8467891, 8466398, 8458529, 8467347, 8464983, 8468707, 8448782, 8457203, 8464875, 8465220, 8462054, 8466210, 8460507, 8466110, 8467463, 8467902, 8458955, 8469568, 8458587]","[8445428, 8459065, 8466333, 8464964, 8463125, 8459700, 8458805, 8465252, 8467907, 8466203, 8457421, 8468498, 8458546, 8465058, 8460757]","[8462102, 8467959, 8460704]"
5,PIT,20032004,"[8467356, 8467880, 8465059, 8445733, 8456156, 8467333, 8458638, 8467564, 8467891, 8466398, 8467347, 8448782, 8467988, 8464875, 8465220, 8462054, 8467924, 8470030, 8465024, 8458036, 8458955, 8469568, 8460664, 8459441]","[8460500, 8445413, 8445428, 8459490, 8464964, 8464959, 8466203, 8468498, 8467452, 8459645, 8460757]","[8462102, 8459289, 8467959, 8469613, 8470594]"
5,PIT,20052006,"[8469474, 8459615, 8470299, 8471675, 8468532, 8467333, 8468517, 8467564, 8467891, 8448622, 8468707, 8448782, 8467988, 8467924, 8466320, 8468604, 8458540, 8470030, 8450725, 8467886, 8460639, 8469568, 8470171, 8459109]","[8459008, 8458929, 8458951, 8464959, 8466203, 8459558, 8449957, 8468498, 8458838, 8467452, 8460757, 8469505, 8470309]","[8467959, 8470594, 8467430, 8459432]"
5,PIT,20062007,"[8469474, 8470299, 8471675, 8460595, 8462060, 8448622, 8471215, 8467988, 8468575, 8468604, 8465180, 8450725, 8450900, 8460639, 8467393, 8473533, 8469786, 8470171, 8469501]","[8459008, 8468750, 8467580, 8458951, 8465168, 8471724, 8466203, 8459558, 8468498, 8467452, 8469505, 8470309]","[8470594, 8459432]"
5,PIT,20072008,"[8469474, 8467880, 8470283, 8470299, 8471675, 8466393, 8470663, 8467925, 8466148, 8470295, 8471311, 8462060, 8471215, 8467988, 8470383, 8450725, 8450900, 8467393, 8468503, 8473533, 8470625, 8460465, 8468510, 8470171]","[8467580, 8459628, 8471274, 8458951, 8471724, 8459558, 8468498, 8467452, 8458172, 8470309]","[8469152, 8470594, 8467430]"
5,PIT,20082009,"[8465166, 8470713, 8473997, 8465951, 8471675, 8466393, 8468172, 8468252, 8456464, 8470295, 8474138, 8471311, 8470543, 8471215, 8470383, 8471480, 8459534, 8473533, 8470625, 8460465, 8468510, 8470171, 8472361, 8473734, 8467937]","[8458527, 8467580, 8459628, 8471274, 8458951, 8471724, 8473933, 8468498, 8467452, 8458172, 8470309]","[8474202, 8470594, 8464999, 8467430]"
5,PIT,20092010,"[8465166, 8471246, 8473997, 8472368, 8465951, 8471675, 8466393, 8468172, 8468252, 8456464, 8474138, 8471280, 8471311, 8470543, 8473914, 8471215, 8467412, 8467336, 8473533, 8470171, 8474025, 8473734]","[8467580, 8468674, 8471274, 8458951, 8470317, 8467917, 8471724, 8473933, 8462045, 8468498, 8467343]","[8474202, 8470594, 8462161, 8474708]"
5,PIT,20102011,"[8465166, 8465025, 8467964, 8472368, 8465951, 8470065, 8471675, 8466393, 8468252, 8474138, 8471280, 8471311, 8458529, 8470543, 8473914, 8471215, 8471707, 8467336, 8473533, 8470737, 8470171, 8474025, 8471856, 8473734]","[8468674, 8471274, 8467927, 8471724, 8473933, 8468542, 8469760, 8471702, 8468498, 8470714, 8473565]","[8470594, 8462161]"
5,PIT,20112012,"[8465166, 8465025, 8465951, 8471675, 8466393, 8474138, 8471311, 8470543, 8473914, 8470896, 8471215, 8470644, 8471707, 8471811, 8460541, 8473533, 8460719, 8474025, 8471856, 8468789]","[8474145, 8475155, 8468674, 8471724, 8473933, 8468542, 8469760, 8471702, 8468498, 8470678, 8473539, 8473565]","[8470594, 8462161, 8475097]"
5,PIT,20122013,"[8465166, 8475761, 8474576, 8465951, 8471675, 8466393, 8470854, 8462042, 8474138, 8469638, 8471311, 8470543, 8470896, 8471215, 8466160, 8471707, 8473942, 8474091, 8474025, 8471856]","[8474145, 8475155, 8467580, 8468674, 8471724, 8473933, 8468542, 8468114, 8471702, 8468498, 8470798]","[8470594, 8460712]"
5,PIT,20132014,"[8465166, 8475761, 8472368, 8471675, 8471851, 8471832, 8466393, 8473682, 8476207, 8470854, 8469473, 8474138, 8469638, 8469467, 8470543, 8471428, 8471215, 8477126, 8471707, 8476522, 8467881, 8475119, 8470740, 8474091, 8471856, 8476158]","[8474145, 8475155, 8475208, 8468674, 8471724, 8476874, 8468542, 8471702, 8468498, 8475194, 8467452]","[8470594, 8473553]"
5,PIT,20142015,"[8465166, 8476062, 8475761, 8471260, 8471675, 8471703, 8466393, 8473682, 8476769, 8469473, 8471887, 8473970, 8470543, 8470654, 8471215, 8477126, 8474102, 8475810, 8475119, 8474096, 8474091, 8476339, 8476293, 8471476]","[8474145, 8471710, 8474013, 8475155, 8475208, 8469555, 8476449, 8471724, 8473933, 8476874, 8468542, 8476884, 8467452]","[8470594, 8471306, 8473553]"
5,PIT,20152016,"[8476326, 8475761, 8474009, 8471675, 8464989, 8466393, 8476769, 8470611, 8474176, 8471887, 8473548, 8475832, 8470543, 8471215, 8476147, 8474102, 8478928, 8471331, 8475810, 8473542, 8477839, 8478866, 8478466, 8476897, 8476293]","[8476431, 8474013, 8470110, 8475208, 8471724, 8473933, 8476874, 8476884, 8474602, 8467452, 8474660]","[8470594, 8476899, 8473553]"
5,PIT,20162017,"[8476326, 8474009, 8471675, 8464989, 8477520, 8470611, 8477404, 8474176, 8471887, 8473548, 8475832, 8470543, 8471215, 8471331, 8477240, 8475810, 8473542, 8477839, 8478866, 8476897, 8476293]","[8474013, 8476302, 8470110, 8475208, 8474611, 8468493, 8471724, 8476874, 8476162, 8476884, 8477244, 8474602, 8468309, 8474660]","[8477237, 8470594, 8477465, 8476899]"
5,PIT,20172018,"[8476326, 8479944, 8473544, 8471675, 8477520, 8477404, 8474176, 8471887, 8477591, 8473548, 8475832, 8471215, 8475735, 8471817, 8477240, 8475810, 8475772, 8477839, 8478866, 8478466, 8476293]","[8474013, 8476302, 8475208, 8471436, 8471724, 8476874, 8476467, 8477244, 8474602, 8475902]","[8479193, 8477465, 8476899, 8474550]"
5,PIT,20182019,"[8479944, 8475760, 8477010, 8476927, 8473544, 8471675, 8464989, 8477520, 8474683, 8477404, 8474176, 8471887, 8480341, 8473548, 8471215, 8477955, 8476871, 8475810, 8475772, 8478866, 8478466, 8475253]","[8475208, 8475790, 8471677, 8471724, 8476874, 8476467, 8477969, 8480945, 8477244, 8474602, 8475902]","[8479193, 8477465, 8476899]"
5,PIT,20192020,"[8475461, 8478074, 8479944, 8475760, 8477010, 8476927, 8471675, 8476974, 8476851, 8477404, 8471887, 8480341, 8480946, 8478043, 8471215, 8466139, 8477955, 8476474, 8478542, 8475810, 8477839, 8478866, 8479293, 8475722]","[8475208, 8475790, 8471677, 8471724, 8478507, 8477969, 8480945, 8477244, 8474602, 8475902]","[8477465, 8476899]"
5,PIT,20202021,"[8478074, 8479944, 8476927, 8470604, 8471675, 8477680, 8477919, 8477404, 8476873, 8477953, 8478043, 8471215, 8477955, 8482055, 8478542, 8475810, 8474098, 8479293, 8482241, 8475722]","[8476879, 8477814, 8475208, 8478017, 8480058, 8471724, 8478507, 8476875, 8477969, 8480945, 8477244, 8474134]","[8479193, 8477465, 8476509]"
5,PIT,20212022,"[8478074, 8479944, 8479512, 8476927, 8470619, 8470604, 8471675, 8477404, 8480842, 8478046, 8477953, 8478043, 8471215, 8476934, 8482055, 8481703, 8476483, 8478542, 8475810, 8478866, 8482241, 8475722]","[8475208, 8478017, 8480058, 8471724, 8478507, 8476875, 8477969, 8480945, 8477244]","[8479193, 8475839, 8477465]"
5,PIT,20222023,"[8476326, 8476927, 8474009, 8479465, 8470604, 8471675, 8475798, 8480836, 8477404, 8480842, 8478046, 8477953, 8471215, 8476934, 8479423, 8482055, 8480068, 8481591, 8476483, 8475810, 8475722]","[8475208, 8476166, 8478017, 8480058, 8475179, 8471724, 8473507, 8477969, 8477244, 8480172, 8480883]","[8479193, 8477465, 8474682]"
5,PIT,20232024,"[8478569, 8478047, 8471675, 8474189, 8475763, 8471215, 8476442, 8482055, 8479344, 8476483, 8475810, 8475191]","[8477435, 8474578, 8471724, 8481206, 8477969]","[8477465, 8477968]"
5,PIT,20242025,"[8478569, 8471675, 8480980, 8475763, 8478046, 8478147, 8481481, 8471215, 8483487, 8476442, 8478438, 8476483, 8475810, 8481577]","[8477435, 8476891, 8480058, 8474578, 8481609, 8471724, 8478854, 8479982]","[8477465, 8477968]"
13,FLA,19931994,"[8455521, 8455526, 8445283, 8455564, 8446305, 8456019, 8446830, 8446876, 8447180, 8447391, 8447985, 8448092, 8448553, 8448771, 8448775, 8457061, 8458617, 8458652, 8448834, 8449545, 8459427, 8451293, 8451427]","[8455441, 8445419, 8445713, 8446062, 8456153, 8447247, 8447690, 8457003, 8449754, 8457803, 8451527, 8451570]","[8446829, 8450727, 8452157]"
13,FLA,19941995,"[8455521, 8455564, 8446305, 8446497, 8446830, 8447071, 8447985, 8448092, 8448553, 8460045, 8458617, 8458652, 8448834, 8449545, 8459427, 8451293, 8451427, 8458234]","[8445419, 8445713, 8446062, 8456153, 8457003, 8449662, 8449754, 8457803, 8451527, 8459014, 8458163, 8458454]","[8446829, 8452157]"
13,FLA,19951996,"[8455521, 8455564, 8455818, 8446415, 8462041, 8446830, 8447071, 8456512, 8447985, 8448092, 8448553, 8458617, 8448834, 8449545, 8460574, 8459427, 8451343, 8451427, 8460044, 8458955, 8459499]","[8445920, 8460492, 8457003, 8449754, 8451527, 8459014, 8458163, 8460517, 8458454]","[8446829, 8452157]"
13,FLA,19961997,"[8455521, 8462041, 8456235, 8446832, 8446830, 8447071, 8447985, 8448092, 8458617, 8448834, 8457228, 8449545, 8449740, 8460574, 8459427, 8460522, 8451343, 8451427, 8460044, 8458955, 8459499, 8460514]","[8445920, 8460747, 8460492, 8457003, 8449754, 8451527, 8459014, 8460517, 8458454]","[8446829, 8452157]"
13,FLA,19971998,"[8446063, 8462041, 8446830, 8446997, 8447071, 8448092, 8460527, 8459428, 8458617, 8448834, 8449545, 8449740, 8460574, 8459427, 8451343, 8451905, 8459499, 8460514, 8458537, 8462198]","[8465013, 8445920, 8456153, 8459522, 8460492, 8457003, 8449754, 8449902, 8459014, 8460517]","[8446829, 8449474, 8452157, 8459463]"
13,FLA,19981999,"[8455738, 8455752, 8446063, 8462041, 8446997, 8447071, 8462071, 8459256, 8460527, 8459428, 8465018, 8458617, 8449545, 8449740, 8460574, 8459427, 8465253, 8465026, 8465975, 8459499, 8460514, 8458537, 8462198]","[8465013, 8467096, 8445920, 8456547, 8459522, 8460492, 8462225, 8457003, 8449754, 8449902, 8464980, 8467439, 8459014, 8462046, 8460517, 8459448]","[8445769, 8449474]"
13,FLA,19992000,"[8445283, 8459615, 8455738, 8462106, 8462041, 8456235, 8462071, 8459256, 8460527, 8459428, 8465018, 8449545, 8459427, 8465253, 8466225, 8465026, 8451343, 8451359, 8458126, 8460514, 8458537, 8462198]","[8467096, 8466146, 8456547, 8459522, 8462225, 8457003, 8457681, 8460782, 8467439, 8459014, 8459448]","[8445769, 8456830, 8459365, 8458932, 8452217]"
13,FLA,20002001,"[8444894, 8459446, 8445283, 8458964, 8455738, 8456182, 8466140, 8459428, 8448669, 8449545, 8459427, 8465253, 8466225, 8466421, 8465178, 8459492, 8467885, 8451359, 8465035, 8464963, 8458537, 8462198]","[8467096, 8459443, 8466146, 8460513, 8456547, 8459522, 8457003, 8457681, 8464980, 8460782, 8467439, 8459014, 8462099, 8459448]","[8456830, 8466141]"
13,FLA,20012002,"[8459446, 8467417, 8455738, 8458969, 8465003, 8467943, 8460582, 8466181, 8467414, 8460527, 8466140, 8459428, 8458617, 8468545, 8465253, 8466225, 8462197, 8467885, 8466206, 8465035, 8464963, 8469457, 8460498, 8462198]","[8467096, 8466146, 8456547, 8469477, 8457003, 8459636, 8449902, 8458544, 8457681, 8467358, 8459014, 8462099, 8458715, 8459249]","[8456264, 8456830, 8466141]"
13,FLA,20022003,"[8467417, 8469502, 8458969, 8458542, 8464989, 8465003, 8467943, 8468660, 8466181, 8460527, 8466140, 8467974, 8459428, 8449295, 8465253, 8466225, 8462197, 8467885, 8465035, 8459146, 8464963, 8469457, 8462198]","[8467345, 8470151, 8466146, 8458585, 8468534, 8469710, 8467883, 8458544, 8459484, 8467358, 8460594, 8458715, 8458636]","[8466192, 8466141]"
13,FLA,20032004,"[8445176, 8467417, 8469502, 8467363, 8458969, 8470169, 8464989, 8466197, 8468436, 8467943, 8468660, 8470596, 8466181, 8466140, 8466152, 8467974, 8459428, 8465041, 8460012, 8468494, 8465253, 8466225, 8468670, 8466336, 8462197, 8467463, 8467885, 8469457]","[8467345, 8470151, 8469477, 8467901, 8468534, 8469518, 8467883, 8449957, 8467358, 8460594, 8467350]","[8466141, 8458615]"
13,FLA,20052006,"[8470169, 8447091, 8470305, 8459425, 8467943, 8470596, 8466181, 8469805, 8466140, 8467974, 8449893, 8471220, 8466421, 8450900, 8465024, 8470618, 8458554, 8470248, 8469457, 8468490]","[8459466, 8470151, 8459008, 8456595, 8464959, 8456793, 8469477, 8465168, 8467883, 8468927, 8467909, 8467350]","[8466141, 8458562]"
13,FLA,20062007,"[8459444, 8471266, 8470169, 8447091, 8470305, 8459425, 8470596, 8469805, 8466140, 8467974, 8470631, 8470970, 8449893, 8471220, 8459479, 8450900, 8468714, 8470618, 8458554, 8469457]","[8467332, 8470151, 8464959, 8465168, 8470698, 8467883, 8468927, 8464962, 8467909, 8467350, 8469505]","[8467950, 8467913, 8445386]"
13,FLA,20072008,"[8460502, 8471266, 8471906, 8470169, 8462041, 8470854, 8470305, 8470596, 8466140, 8470631, 8470970, 8473574, 8465968, 8470648, 8469528, 8471220, 8459479, 8470618, 8458554, 8469457, 8460735]","[8467332, 8470151, 8458543, 8473981, 8470698, 8467883, 8468927, 8473924, 8464962, 8467519, 8467350, 8469505]","[8467950, 8460712]"
13,FLA,20082009,"[8460502, 8471266, 8470169, 8462041, 8473564, 8470854, 8470596, 8470631, 8473574, 8471694, 8465968, 8471220, 8459479, 8474153, 8468714, 8470618, 8458943, 8470876, 8469457, 8460735]","[8467332, 8470054, 8470151, 8466145, 8458543, 8470192, 8474520, 8459462, 8473924, 8467519, 8469505]","[8467950, 8460712]"
13,FLA,20092010,"[8470700, 8471266, 8470169, 8474149, 8471941, 8462041, 8473564, 8470596, 8470631, 8470896, 8473574, 8471694, 8468575, 8471220, 8471268, 8468432, 8474153, 8458943, 8468510, 8470876, 8469457]","[8467332, 8470054, 8474184, 8474520, 8473385, 8475179, 8467917, 8459462, 8469619, 8472262]","[8466339, 8475130, 8460712]"
13,FLA,20102011,"[8471697, 8470609, 8471266, 8473646, 8474149, 8471941, 8462041, 8473564, 8470274, 8468660, 8470605, 8471842, 8473574, 8471694, 8471220, 8464967, 8468432, 8474153, 8470321, 8466035, 8471390, 8471681, 8458943, 8472361, 8475304, 8469457]","[8467332, 8470086, 8474184, 8474520, 8475179, 8459462, 8470685, 8468478, 8469770, 8472262]","[8466339, 8474593, 8460712]"
13,FLA,20112012,"[8467428, 8470176, 8471266, 8465059, 8473646, 8470005, 8474149, 8470039, 8469473, 8471996, 8471842, 8468518, 8466371, 8473444, 8473574, 8473867, 8474153, 8467463, 8471390, 8471681, 8468162, 8464979, 8472361, 8470105, 8471346, 8469457, 8471234]","[8466285, 8474184, 8474520, 8475790, 8460492, 8475179, 8474606, 8470729, 8468478, 8467910]","[8466339, 8471822, 8474593, 8460535]"
13,FLA,20122013,"[8475760, 8470039, 8469473, 8475769, 8476456, 8468518, 8458529, 8473574, 8473526, 8468095, 8473867, 8473616, 8471390, 8474554, 8475213, 8471681, 8468162, 8475304, 8470105, 8471346, 8469457]","[8474113, 8466285, 8473416, 8474184, 8475790, 8460492, 8462225, 8475179, 8475755, 8474606, 8470729, 8468478, 8467910]","[8466339, 8474593, 8460535]"
13,FLA,20132014,"[8467428, 8477493, 8470176, 8475760, 8468504, 8475637, 8470156, 8470039, 8469473, 8467351, 8474625, 8475769, 8476456, 8468518, 8473574, 8475204, 8475213, 8476389, 8470105, 8471346, 8475253, 8474498]","[8466285, 8470104, 8475118, 8475790, 8460492, 8475179, 8466309, 8475153, 8475755, 8476411, 8474606, 8468478, 8470309]","[8466339, 8468540, 8466141, 8474593, 8460703]"
13,FLA,20142015,"[8477493, 8470176, 8475760, 8471245, 8468504, 8470039, 8476428, 8474625, 8476456, 8448208, 8469638, 8468518, 8468001, 8475204, 8465978, 8476389, 8470105, 8475253]","[8466285, 8477932, 8475790, 8474000, 8475179, 8465185, 8470839, 8475153, 8475755, 8474606]","[8468540, 8466141, 8471219]"
13,FLA,20152016,"[8477493, 8475760, 8471245, 8475736, 8476428, 8475769, 8476456, 8470201, 8448208, 8469638, 8475260, 8468001, 8475756, 8475735, 8475204, 8473962, 8476415, 8476400, 8475191, 8465978, 8476389, 8475253]","[8466285, 8477932, 8475790, 8474000, 8471693, 8475179, 8476875, 8465185, 8475153, 8475755, 8474698]","[8466141, 8471219]"
13,FLA,20162017,"[8477493, 8475760, 8476495, 8475597, 8476456, 8448208, 8469638, 8468001, 8478843, 8476539, 8477955, 8475735, 8476415, 8474098, 8475958, 8475191, 8476200, 8465978, 8476389, 8470598]","[8474218, 8477932, 8474000, 8471693, 8476875, 8477452, 8475795, 8475755, 8475796, 8477346, 8471735]","[8473499, 8466141, 8473503]"
13,FLA,20172018,"[8476322, 8477493, 8475760, 8479404, 8475736, 8474149, 8480164, 8474230, 8476456, 8478211, 8468001, 8478843, 8479553, 8477955, 8473465, 8474098, 8480015, 8476389, 8477583, 8478366, 8468085]","[8477932, 8476875, 8477452, 8475755, 8475796, 8477346, 8471735]","[8466141, 8474550, 8473503, 8474667]"
13,FLA,20182019,"[8477493, 8475760, 8479404, 8473544, 8471426, 8474149, 8479447, 8474230, 8477963, 8474884, 8476456, 8478211, 8477996, 8468001, 8478843, 8479553, 8477955, 8473465, 8474098, 8475772, 8476389, 8478366]","[8477384, 8477932, 8481442, 8480955, 8479439, 8476875, 8477452, 8475755, 8475796, 8479388, 8477346, 8475227, 8471735]","[8474636, 8466141, 8478470, 8473503]"
13,FLA,20192020,"[8478569, 8477493, 8479404, 8470619, 8475792, 8474149, 8475287, 8477963, 8474884, 8476456, 8478211, 8478843, 8478839, 8474098, 8476952, 8476389, 8478366, 8478027]","[8477384, 8477932, 8481442, 8476875, 8475796, 8479388, 8471873, 8477346, 8471735]","[8475683, 8476904, 8478470]"
13,FLA,20202021,"[8478569, 8477493, 8477935, 8475792, 8480844, 8477407, 8477038, 8480037, 8476994, 8471887, 8476456, 8477996, 8479066, 8480185, 8478975, 8480015, 8478366, 8477409, 8478027, 8477505]","[8475246, 8477932, 8478055, 8475462, 8478454, 8481442, 8482641, 8477986, 8478906, 8479388, 8471873, 8477346, 8471735]","[8475683, 8476904, 8481519]"
13,FLA,20212022,"[8478569, 8477493, 8477935, 8474610, 8480844, 8477407, 8473512, 8480037, 8471887, 8476456, 8479066, 8482113, 8480185, 8479553, 8478975, 8477933, 8481655, 8466138, 8480015, 8478366, 8477409]","[8479523, 8475279, 8475246, 8477932, 8478055, 8475462, 8477462, 8479355, 8482641, 8476989, 8477986, 8478906, 8479597, 8477346]","[8475683, 8477992, 8481519]"
13,FLA,20222023,"[8478870, 8477493, 8477935, 8476393, 8474610, 8480844, 8477407, 8480037, 8471887, 8483641, 8479066, 8482113, 8480185, 8477933, 8479379, 8470595, 8476919, 8479314, 8477409, 8478400]","[8479523, 8477932, 8479578, 8478055, 8475462, 8482641, 8479372, 8477986, 8471686]","[8475683, 8481519, 8479312]"
13,FLA,20232024,"[8477493, 8477935, 8479981, 8480825, 8479367, 8482113, 8480185, 8477933, 8478542, 8482713, 8482088, 8479314, 8477409]","[8484304, 8482107, 8481600, 8477932, 8478055, 8482641, 8478859]","[8475683, 8481519]"
13,FLA,20242025,"[8477493, 8477935, 8480003, 8479981, 8478421, 8482113, 8480185, 8473419, 8477931, 8479344, 8477933, 8478542, 8482713, 8481477, 8479314, 8477409]","[8484304, 8478055, 8477495, 8475179, 8477034, 8478859, 8477220]","[8475683, 8477970]"
12,CAR,19971998,"[8460620, 8459023, 8446305, 8446423, 8446675, 8447091, 8447386, 8462114, 8448542, 8448764, 8457203, 8460484, 8460545, 8460495, 8450550, 8450653, 8450812, 8450900, 8457921, 8451343]","[8445700, 8445783, 8446051, 8455875, 8459161, 8447477, 8456595, 8448797, 8459538, 8460007, 8452371]","[8445769, 8458981, 8448207, 8456830, 8449474]"
12,CAR,19981999,"[8460620, 8446423, 8446675, 8446951, 8447091, 8462114, 8456882, 8448542, 8465041, 8457203, 8460495, 8450550, 8450653, 8462197, 8450900, 8451343, 8462085]","[8445783, 8446051, 8446117, 8459161, 8456595, 8458582, 8448797, 8459493, 8459538, 8460007, 8452371]","[8456692, 8456830]"
12,CAR,19992000,"[8460620, 8445735, 8446305, 8446951, 8447091, 8462114, 8456882, 8448542, 8457203, 8458566, 8460495, 8450653, 8462197, 8450900, 8467418, 8462085]","[8446117, 8459161, 8456595, 8458582, 8448797, 8459493, 8459538, 8467889, 8452371]","[8460506, 8446829, 8456692]"
12,CAR,20002001,"[8465166, 8460620, 8445735, 8446305, 8446408, 8446951, 8447091, 8462114, 8467097, 8459391, 8460495, 8457646, 8467416, 8467418, 8462085]","[8459161, 8447680, 8458582, 8465184, 8459493, 8458544, 8460007, 8467889, 8468577, 8452371]","[8456692, 8459451]"
12,CAR,20012002,"[8465166, 8459446, 8460620, 8445735, 8467396, 8446305, 8460509, 8446951, 8447091, 8464965, 8462114, 8459391, 8465041, 8460495, 8462197, 8467535, 8467416, 8467418, 8462085]","[8459161, 8456547, 8456595, 8459493, 8458544, 8467889, 8466157, 8468577, 8458519, 8452371]","[8445275, 8456692, 8459463]"
12,CAR,20022003,"[8465166, 8459446, 8460620, 8468560, 8465067, 8467877, 8445735, 8467396, 8446305, 8466163, 8466171, 8446951, 8467337, 8462081, 8462114, 8468512, 8459391, 8465041, 8460495, 8468047, 8467535, 8467416, 8468085, 8460523, 8467418, 8467937]","[8459161, 8456547, 8456595, 8469515, 8459493, 8467558, 8467889, 8468577, 8458519, 8452371]","[8467340, 8456692, 8459463]"
12,CAR,20032004,"[8465166, 8459446, 8468560, 8465067, 8467877, 8445735, 8467396, 8446951, 8468512, 8467922, 8459521, 8460495, 8470595, 8468047, 8467535, 8465035, 8467416, 8468085, 8468508, 8467937]","[8455666, 8467957, 8456547, 8456595, 8469515, 8462258, 8467469, 8467558, 8468577, 8458519, 8452371]","[8456692, 8460497, 8459463]"
12,CAR,20052006,"[8465166, 8459446, 8469779, 8465067, 8445735, 8467396, 8464989, 8469132, 8471217, 8469812, 8466320, 8450725, 8470595, 8458943, 8467416, 8468085, 8458361, 8458537, 8468508, 8467937]","[8470265, 8467915, 8456547, 8467927, 8467949, 8470624, 8460493, 8468577, 8458519, 8452371]","[8469675, 8470320]"
12,CAR,20062007,"[8465166, 8459446, 8469779, 8468560, 8465050, 8445735, 8459156, 8467396, 8469132, 8471217, 8469812, 8465189, 8470595, 8458943, 8467416, 8459547, 8458537, 8468508]","[8470265, 8467915, 8469476, 8456547, 8467927, 8467949, 8469619, 8467889, 8468577, 8452371]","[8460715, 8470320]"
12,CAR,20072008,"[8465166, 8469779, 8468560, 8445735, 8469044, 8467396, 8470101, 8464989, 8470622, 8470373, 8470821, 8471217, 8469812, 8465189, 8469522, 8469462, 8466035, 8470595, 8458943, 8459547, 8458537, 8468508]","[8471282, 8467915, 8466215, 8469476, 8456547, 8467949, 8470208, 8469619, 8467889, 8468577, 8452371]","[8460715, 8468038, 8470320]"
12,CAR,20082009,"[8468560, 8474576, 8445735, 8469044, 8467396, 8470101, 8464989, 8470302, 8470622, 8470131, 8469638, 8464983, 8469812, 8471477, 8469462, 8467905, 8466035, 8470595, 8474091, 8459547, 8458537, 8468508]","[8470265, 8471282, 8471321, 8466215, 8469476, 8467949, 8466203, 8470137, 8470988, 8469619, 8468577]","[8468038, 8470320]"
12,CAR,20092010,"[8474137, 8474576, 8445735, 8467396, 8470101, 8464989, 8470302, 8470064, 8469638, 8466398, 8469812, 8473496, 8469462, 8474220, 8466035, 8470595, 8474091, 8473482, 8459547, 8458537, 8459122]","[8469626, 8471282, 8471321, 8466215, 8469476, 8469531, 8473571, 8470678, 8470137, 8468427, 8470988, 8468577, 8458519]","[8459308, 8468038, 8471251, 8470320]"
12,CAR,20102011,"[8470867, 8474137, 8474576, 8473646, 8467396, 8474610, 8470302, 8469638, 8466398, 8469812, 8473444, 8470649, 8469462, 8474220, 8466035, 8475784, 8470595, 8458943, 8474091, 8471840, 8473482]","[8467332, 8470265, 8471321, 8466215, 8469476, 8469531, 8471810, 8473571, 8470137, 8470988, 8470273]","[8471251, 8470320]"
12,CAR,20112012,"[8474137, 8474576, 8470283, 8474610, 8470302, 8469638, 8469812, 8474062, 8473568, 8467412, 8469462, 8474220, 8475784, 8470595, 8470618, 8474091, 8471840, 8473482, 8476819]","[8467332, 8475753, 8469476, 8469531, 8471810, 8465200, 8473571, 8470137, 8473610, 8467439]","[8462052, 8474729, 8471251, 8470320]"
12,CAR,20122013,"[8471853, 8474137, 8474576, 8470283, 8474610, 8470302, 8467925, 8469638, 8469812, 8474062, 8473568, 8469462, 8470120, 8475784, 8470595, 8474615, 8473533, 8471840, 8474052, 8473482, 8473734, 8476819, 8473908]","[8474135, 8469765, 8466215, 8475753, 8469476, 8471752, 8469531, 8474661, 8473571, 8476465, 8470137, 8473610]","[8468540, 8471251, 8470320]"
12,CAR,20132014,"[8474137, 8474576, 8462041, 8470302, 8471804, 8477496, 8474681, 8467334, 8474062, 8474030, 8469462, 8470120, 8475784, 8470595, 8473533, 8471840, 8474052, 8473482, 8473908]","[8474135, 8475753, 8469476, 8468493, 8469531, 8469460, 8468639, 8476465, 8471284]","[8471418, 8471251, 8470320]"
12,CAR,20142015,"[8474576, 8477887, 8470302, 8471804, 8477496, 8474089, 8469508, 8474062, 8475250, 8476437, 8470120, 8475826, 8475784, 8470595, 8473533, 8475980, 8474052, 8473482, 8476944]","[8474135, 8475732, 8475753, 8469476, 8468493, 8469531, 8474519, 8474661, 8468639, 8476397, 8476465, 8475294, 8471284]","[8471418, 8470320]"
12,CAR,20152016,"[8477887, 8476858, 8471804, 8477496, 8474089, 8469508, 8476934, 8474062, 8475250, 8475807, 8476437, 8478585, 8475784, 8470595, 8473533, 8475980, 8474052, 8477566, 8471346, 8476944]","[8476953, 8475753, 8468493, 8478396, 8474661, 8468639, 8476465, 8477488, 8476958, 8470222]","[8475663, 8470320]"
12,CAR,20162017,"[8478427, 8471254, 8477887, 8476858, 8476924, 8477496, 8469508, 8476934, 8475250, 8475807, 8479249, 8476437, 8476427, 8478585, 8475784, 8473533, 8473537, 8470740, 8476882, 8477566, 8478027, 8477458]","[8476403, 8475753, 8468493, 8478396, 8476465, 8478562, 8477488, 8476958, 8476807]","[8479115, 8475663, 8468038, 8477968, 8470320]"
12,CAR,20172018,"[8478427, 8476858, 8477998, 8477591, 8475323, 8479511, 8477496, 8476934, 8480039, 8475807, 8476437, 8478462, 8478585, 8475784, 8473533, 8470740, 8476882, 8478027, 8468508, 8477458]","[8476953, 8476403, 8475753, 8477938, 8478396, 8477981, 8477488, 8476958, 8477845]","[8474152, 8470320]"
12,CAR,20182019,"[8478427, 8478056, 8477887, 8476858, 8475907, 8477998, 8479511, 8477357, 8476921, 8476934, 8475735, 8480039, 8475799, 8476437, 8478462, 8478839, 8473533, 8480830, 8476882, 8478027, 8468508, 8477458]","[8479402, 8476953, 8475177, 8475753, 8477938, 8476462, 8477488, 8476958, 8477845]","[8474152, 8470147, 8475852, 8477968]"
12,CAR,20192020,"[8478427, 8478056, 8476288, 8477998, 8479328, 8479987, 8476207, 8475287, 8480185, 8476921, 8476934, 8480039, 8475799, 8473533, 8480830, 8476882, 8476389, 8478027, 8468508]","[8476441, 8477938, 8474581, 8476462, 8477488, 8476869, 8476958, 8477845, 8475222]","[8479188, 8476341, 8475852, 8477968, 8473503]"
12,CAR,20202021,"[8478427, 8476288, 8475855, 8477998, 8479987, 8478904, 8476921, 8476323, 8476934, 8480039, 8475799, 8476975, 8480776, 8475213, 8473533, 8480830, 8476882, 8476389]","[8479402, 8477938, 8474581, 8475825, 8476462, 8480466, 8479320, 8477488, 8477046, 8476869, 8476958]","[8475852, 8477968, 8473503]"
12,CAR,20212022,"[8478427, 8477503, 8480835, 8475855, 8482093, 8480829, 8476410, 8478904, 8476921, 8480039, 8475799, 8476474, 8479249, 8480083, 8473533, 8474613, 8480830, 8476882, 8476389]","[8478451, 8478970, 8474013, 8477950, 8480466, 8479320, 8477488, 8476869, 8476958, 8474090]","[8475883, 8481611, 8479581, 8479312, 8477293]"
12,CAR,20222023,"[8478427, 8480835, 8475855, 8482093, 8478131, 8480829, 8476907, 8476921, 8480039, 8476474, 8474157, 8479344, 8473533, 8471669, 8474613, 8480830, 8476882]","[8470613, 8478970, 8479639, 8475177, 8476906, 8479320, 8477488, 8476869, 8476958]","[8475883, 8481611, 8477293]"
12,CAR,20232024,"[8478427, 8482809, 8480835, 8475855, 8482093, 8480829, 8475744, 8477962, 8484203, 8480039, 8473533, 8481576, 8480830]","[8470613, 8478970, 8479639, 8482666, 8475200, 8482187, 8476958]","[8475883, 8481611, 8477484]"
12,CAR,20242025,"[8478427, 8482809, 8477478, 8475791, 8476873, 8482093, 8479370, 8480829, 8476921, 8480762, 8478458, 8473533, 8482702, 8480830]","[8470613, 8478970, 8476906, 8475200, 8476958, 8479388, 8480336]","[8475883, 8481611]"
54,VGK,20172018,"[8477930, 8477846, 8477478, 8475236, 8475287, 8476617, 8476448, 8476894, 8475715, 8476539, 8476870, 8471707, 8477931, 8474102, 8475204, 8471817, 8479650, 8475191, 8475193, 8477949]","[8468674, 8474520, 8476779, 8475188, 8475750, 8476525, 8474579, 8477220, 8477447, 8480727]","[8476861, 8480263, 8470594, 8476509, 8476876]"
54,VGK,20182019,"[8477930, 8477846, 8477901, 8477478, 8475236, 8475287, 8476617, 8476448, 8475715, 8476539, 8477931, 8474157, 8475204, 8471817, 8475191, 8471669, 8475913, 8477949, 8477458]","[8468674, 8474207, 8476779, 8475188, 8475750, 8476525, 8477220, 8481486, 8477447]","[8470594, 8476509, 8476876]"
54,VGK,20192020,"[8477887, 8477478, 8476393, 8475236, 8479996, 8476448, 8478434, 8476539, 8477931, 8474157, 8475204, 8479748, 8471817, 8478462, 8475191, 8471669, 8476905, 8475913, 8477949, 8477458]","[8476987, 8468674, 8479980, 8474207, 8474166, 8475188, 8475750, 8477220, 8477447, 8480727]","[8476861, 8470594, 8475215, 8476343, 8476876]"
54,VGK,20202021,"[8477887, 8477478, 8479996, 8477406, 8476430, 8476448, 8478434, 8481522, 8476539, 8477931, 8474157, 8471817, 8478462, 8478106, 8475191, 8476905, 8475913, 8477949]","[8479639, 8479980, 8474207, 8474166, 8475188, 8474565, 8477447, 8480727]","[8476861, 8470594, 8475215, 8480313]"
54,VGK,20212022,"[8478020, 8476466, 8478996, 8477478, 8481032, 8474149, 8481604, 8478403, 8479353, 8477406, 8480259, 8476448, 8478434, 8481522, 8479991, 8476539, 8474157, 8479974, 8480007, 8478462, 8475191, 8476905, 8475913]","[8479639, 8479980, 8481849, 8477018, 8481527, 8474166, 8475188, 8482624, 8481167, 8474565, 8476884, 8477447, 8480727]","[8476316, 8475215, 8480313]"
54,VGK,20222023,"[8478020, 8477964, 8476927, 8477478, 8481032, 8481604, 8478403, 8475278, 8479353, 8476448, 8473548, 8478434, 8479991, 8476539, 8480776, 8480007, 8478462, 8475191, 8476905, 8475913]","[8479980, 8477018, 8481527, 8474166, 8475188, 8482624, 8481167, 8474565, 8477447, 8480727]","[8476316, 8478499, 8480238, 8471734, 8480313]"
54,VGK,20232024,"[8477964, 8482153, 8480844, 8481604, 8478403, 8476881, 8482125, 8479353, 8476448, 8478434, 8481462, 8480007, 8478462, 8475913]","[8479980, 8478396, 8477018, 8481527, 8478062, 8475188, 8474565, 8482138, 8477447, 8480727]","[8478499, 8481520, 8482484]"
54,VGK,20242025,"[8477964, 8482250, 8481604, 8478403, 8476881, 8482125, 8479353, 8476448, 8478434, 8479550, 8481534, 8478109, 8476871, 8480007, 8478462, 8476438, 8483511, 8481655, 8475191, 8475913]","[8477462, 8479980, 8478396, 8477018, 8481527, 8478062, 8475188, 8474565, 8477447, 8480727]","[8478499, 8482761, 8478492, 8481033]"
25,DAL,19931994,"[8445273, 8445493, 8445657, 8445724, 8445736, 8445689, 8446071, 8446208, 8446213, 8446295, 8446618, 8446743, 8446997, 8447177, 8456849, 8449297, 8449477, 8449495, 8449645, 8457481, 8451517, 8451849, 8458970]","[8445443, 8446014, 8446437, 8456531, 8448303, 8456756, 8448633, 8448740, 8448845, 8458522, 8458043, 8451869, 8458492]","[8449681, 8452248]"
25,DAL,19941995,"[8444894, 8458602, 8445724, 8445736, 8446071, 8446208, 8446449, 8446743, 8456306, 8446997, 8447177, 8459431, 8458611, 8456849, 8459457, 8458632, 8458959, 8449297, 8449606, 8449645, 8458970, 8452685]","[8446014, 8446437, 8456531, 8447680, 8448633, 8448740, 8448845, 8458522, 8457801, 8458492]","[8458988, 8449681, 8458588, 8452248]"
25,DAL,19951996,"[8444894, 8445281, 8459013, 8458602, 8446036, 8446071, 8460846, 8446449, 8446791, 8446997, 8447177, 8459431, 8445423, 8456647, 8458611, 8458609, 8456849, 8459457, 8458632, 8459024, 8449174, 8458959, 8449606, 8449645, 8449893, 8458946, 8458589, 8452501]","[8446014, 8456531, 8447680, 8448633, 8448740, 8448845, 8448987, 8458522, 8457801, 8458172, 8458492]","[8445458, 8458988, 8449681, 8452248, 8459663]"
25,DAL,19961997,"[8444894, 8445281, 8445724, 8446036, 8460846, 8447177, 8459431, 8445423, 8456647, 8458611, 8456926, 8459457, 8459024, 8449163, 8458959, 8449645, 8449893, 8450773, 8452216]","[8456531, 8448419, 8448633, 8448740, 8448845, 8458522, 8458172, 8458494]","[8456692, 8449681, 8458266]"
25,DAL,19971998,"[8444894, 8445281, 8460510, 8446036, 8460846, 8446468, 8446715, 8459431, 8445423, 8448017, 8448415, 8458611, 8459457, 8459024, 8459114, 8458959, 8459489, 8449645, 8449893, 8450773, 8451392, 8451427, 8451849, 8452216, 8460587]","[8462090, 8446042, 8462096, 8456531, 8448419, 8448845, 8460580, 8458522, 8449749, 8458172, 8458494]","[8445386, 8458988, 8458266]"
25,DAL,19981999,"[8460510, 8446036, 8458666, 8459010, 8445423, 8448017, 8448091, 8448415, 8459457, 8459024, 8458959, 8449645, 8449893, 8457686, 8450773, 8451293, 8465024, 8451427, 8466971, 8452216, 8460587]","[8462090, 8446042, 8462096, 8456531, 8448419, 8448839, 8448845, 8460580, 8458522, 8458172, 8458494]","[8445386, 8458988, 8458266]"
25,DAL,19992000,"[8464714, 8446036, 8465066, 8459010, 8448091, 8448415, 8459457, 8459024, 8459114, 8459517, 8466186, 8458959, 8449645, 8466160, 8449740, 8460545, 8449893, 8467468, 8457686, 8465024, 8451427, 8466971, 8451972, 8460587]","[8459065, 8446042, 8446181, 8456024, 8456531, 8464959, 8459624, 8460580, 8449123, 8458522, 8458546, 8458172, 8458494]","[8445386, 8458988]"
25,DAL,20002001,"[8467383, 8456087, 8466209, 8445423, 8448091, 8448415, 8459457, 8466403, 8459024, 8466186, 8449499, 8458959, 8449645, 8466160, 8449740, 8449893, 8465024, 8466971, 8452147, 8460587]","[8446417, 8456531, 8459038, 8464959, 8448740, 8460580, 8458522, 8458172, 8459173, 8458494]","[8445386, 8460612]"
25,DAL,20012002,"[8459429, 8445176, 8445734, 8446408, 8466209, 8447177, 8445423, 8456770, 8467516, 8459457, 8459024, 8466186, 8449499, 8467334, 8449450, 8449645, 8459412, 8466160, 8449740, 8449893, 8457646, 8458534, 8465024, 8451991, 8452147, 8452216]","[8467365, 8456531, 8447690, 8459038, 8460580, 8448824, 8449123, 8458522, 8458172, 8458494]","[8445386, 8460612]"
25,DAL,20022003,"[8459429, 8455521, 8446295, 8446408, 8465992, 8456464, 8467516, 8459024, 8448772, 8467334, 8449645, 8459412, 8466160, 8449740, 8458658, 8468505, 8457646, 8465024, 8451991, 8452569]","[8458527, 8467365, 8456531, 8459038, 8458522, 8449957, 8462196, 8458172, 8458494]","[8458680, 8451837, 8460612]"
25,DAL,20032004,"[8459429, 8455521, 8458969, 8446167, 8446408, 8465992, 8466209, 8456464, 8467516, 8459024, 8467334, 8468704, 8449645, 8468406, 8466160, 8458658, 8468505, 8466971, 8467969, 8451991, 8458628, 8452569]","[8458527, 8470110, 8467365, 8456852, 8467594, 8458522, 8449924, 8462196, 8468712, 8451819, 8458202, 8458494]","[8468540, 8451837, 8460612]"
25,DAL,20052006,"[8459429, 8455521, 8456464, 8467943, 8469638, 8467516, 8459024, 8471206, 8468704, 8449645, 8466160, 8458658, 8468505, 8462072, 8470629, 8458996, 8467535, 8467969]","[8458527, 8470110, 8467365, 8467939, 8456852, 8465185, 8459458, 8462196, 8467343, 8458986, 8458494]","[8460704, 8460612]"
25,DAL,20062007,"[8467428, 8459019, 8455521, 8472368, 8470626, 8467943, 8467831, 8469638, 8459024, 8471206, 8458515, 8468548, 8468704, 8449645, 8466160, 8466304, 8468505, 8470629, 8467371, 8467055, 8467969]","[8460500, 8458527, 8470110, 8471269, 8456852, 8457403, 8458984, 8462196, 8458172, 8458494]","[8469608, 8460612]"
25,DAL,20072008,"[8467428, 8455521, 8472368, 8470647, 8470626, 8466292, 8467943, 8467831, 8469638, 8459024, 8471206, 8468548, 8468704, 8449645, 8466160, 8468505, 8467543, 8467371, 8467389, 8468515]","[8458527, 8470110, 8471241, 8471269, 8467939, 8471702, 8458984, 8462196, 8458494]","[8466303, 8469608, 8470266, 8460612]"
25,DAL,20082009,"[8468224, 8467428, 8474552, 8464994, 8472368, 8470647, 8470626, 8459024, 8468548, 8449645, 8459461, 8466160, 8471707, 8468505, 8465026, 8467543, 8467371, 8467389, 8471265, 8468506, 8471807, 8459441]","[8458527, 8470110, 8471241, 8471269, 8467927, 8467939, 8467928, 8471702, 8462196, 8471011, 8458172, 8473582, 8458494]","[8474488, 8468489, 8470266, 8460612]"
25,DAL,20092010,"[8467428, 8473994, 8474552, 8470626, 8471451, 8459024, 8471738, 8449645, 8466160, 8471707, 8468505, 8468887, 8467543, 8467371, 8467389, 8471265, 8469755, 8468506, 8471807, 8470777]","[8470110, 8471241, 8469798, 8471269, 8474707, 8471702, 8462196, 8467519, 8473582, 8469480]","[8467913, 8474488, 8470140, 8460612]"
25,DAL,20102011,"[8467428, 8473994, 8470063, 8470626, 8471451, 8459457, 8471474, 8466160, 8471707, 8468505, 8467543, 8467371, 8467389, 8471265, 8474098, 8469755, 8468506, 8475266, 8471807, 8470777, 8468789]","[8470110, 8471241, 8471274, 8471269, 8474707, 8460580, 8471702, 8462196, 8467519, 8469480]","[8473614, 8470140, 8467453]"
25,DAL,20112012,"[8467428, 8473994, 8470063, 8471352, 8462041, 8470626, 8469759, 8475671, 8476116, 8475173, 8466160, 8470180, 8468505, 8467543, 8467371, 8467545, 8475191, 8475266, 8471807, 8470777]","[8474818, 8470110, 8475455, 8471241, 8471274, 8471269, 8474707, 8471385, 8462196, 8460561]","[8473614, 8470140, 8467453]"
25,DAL,20122013,"[8473994, 8475163, 8467396, 8475236, 8470626, 8469759, 8475671, 8476116, 8448208, 8475283, 8466160, 8470180, 8467543, 8474849, 8469485, 8467545, 8474098, 8475191, 8475266, 8471807, 8470777, 8458537]","[8474818, 8470110, 8475455, 8471274, 8474707, 8476467, 8462196, 8470310]","[8473614, 8470140, 8476846]"
25,DAL,20132014,"[8473994, 8475163, 8467396, 8475236, 8469759, 8476116, 8467423, 8474138, 8475283, 8471474, 8474535, 8477501, 8471514, 8474849, 8474098, 8475794, 8458537]","[8474818, 8475246, 8470110, 8475455, 8469798, 8474611, 8471274, 8458951, 8475747, 8476467, 8462196, 8470310]","[8475789, 8468540, 8470140, 8476846, 8460703]"
25,DAL,20142015,"[8473994, 8467396, 8475236, 8470622, 8469759, 8476116, 8469466, 8467423, 8475310, 8468635, 8471474, 8477501, 8475896, 8476439, 8474849, 8474098, 8475794, 8469455]","[8474818, 8475246, 8470110, 8474218, 8475455, 8471274, 8458951, 8476279, 8475906, 8475747, 8476467, 8473673]","[8473523, 8470140, 8474765, 8475680]"
25,DAL,20152016,"[8473994, 8477450, 8475236, 8470622, 8476889, 8469759, 8469466, 8477406, 8475310, 8468635, 8477501, 8476439, 8474849, 8474098, 8475794, 8469544, 8476913, 8469455]","[8474818, 8474218, 8471274, 8475730, 8476279, 8475906, 8476902, 8475747, 8469665, 8476467, 8471729]","[8470140, 8474550]"
25,DAL,20162017,"[8473994, 8471490, 8477450, 8475413, 8475236, 8470622, 8477461, 8476889, 8478495, 8469466, 8470201, 8471232, 8475310, 8476471, 8476439, 8474849, 8475794, 8469544, 8476913, 8476966, 8469455]","[8474818, 8469465, 8477945, 8475730, 8475906, 8476902, 8475747, 8469665, 8476467, 8474688]","[8470140, 8474550]"
25,DAL,20172018,"[8473994, 8471490, 8477450, 8477461, 8476889, 8471691, 8477406, 8475310, 8475752, 8471228, 8476439, 8474849, 8475794, 8476913, 8476966, 8469455]","[8469465, 8477471, 8477945, 8475730, 8475906, 8476902, 8470760, 8476467, 8474688]","[8471750, 8470140, 8470093]"
25,DAL,20182019,"[8473994, 8471699, 8471260, 8473588, 8477450, 8475413, 8476889, 8478495, 8471691, 8478449, 8477406, 8480769, 8477501, 8475752, 8471228, 8476439, 8475794, 8476913, 8476966, 8469455, 8475692]","[8479945, 8476941, 8476166, 8479416, 8477810, 8477471, 8480036, 8477945, 8475906, 8476902, 8473933, 8470760, 8476467, 8471392]","[8471750, 8479016, 8471418]"
25,DAL,20192020,"[8473994, 8479381, 8471699, 8471260, 8477450, 8475413, 8476889, 8479587, 8478495, 8478449, 8477406, 8481641, 8480769, 8470794, 8470621, 8471228, 8480027, 8475794]","[8476166, 8477810, 8481581, 8480036, 8475730, 8475906, 8476902, 8476467, 8471392, 8471284]","[8471750, 8471418, 8479979]"
25,DAL,20202021,"[8473994, 8479381, 8471699, 8471260, 8480848, 8477450, 8475413, 8476889, 8479587, 8478495, 8478449, 8478528, 8481641, 8480769, 8470794, 8471228, 8480027, 8475794]","[8477810, 8480036, 8475906, 8476902, 8476467, 8475796, 8471284, 8475222]","[8471418, 8479979]"
25,DAL,20212022,"[8473994, 8471260, 8480988, 8480848, 8476889, 8479587, 8476822, 8478495, 8478449, 8479518, 8478528, 8481641, 8476480, 8470794, 8480216, 8471228, 8477290, 8480027, 8475794, 8480226, 8479362]","[8475825, 8477810, 8481581, 8480036, 8475906, 8476902, 8471284, 8470600]","[8474651, 8471418, 8479979, 8475809]"
25,DAL,20222023,"[8473994, 8481712, 8474149, 8480848, 8477503, 8476889, 8476822, 8478495, 8478449, 8482740, 8479518, 8481641, 8478975, 8478028, 8470794, 8480216, 8480027, 8475794, 8480226, 8479362]","[8475825, 8477810, 8481581, 8480036, 8476902, 8480878, 8476525, 8470600]","[8483575, 8479979, 8475809]"
25,DAL,20232024,"[8480840, 8473994, 8481712, 8482145, 8474149, 8476889, 8478449, 8482740, 8478975, 8480027, 8475794, 8482702]","[8483425, 8481581, 8480036, 8476902, 8475755]","[8479979, 8482465]"
25,DAL,20242025,"[8473994, 8476278, 8482145, 8480840, 8474149, 8475168, 8475798, 8478449, 8482740, 8478975, 8478420, 8480027, 8475794, 8479351]","[8483425, 8476879, 8476856, 8481581, 8480036, 8476902, 8480878, 8480950, 8475755, 8474090]","[8479193, 8479979]"
52,WPG,20112012,"[8467353, 8475788, 8474616, 8470611, 8471451, 8470854, 8468881, 8475169, 8475159, 8471217, 8473412, 8474146, 8474050, 8473493, 8471694, 8468704, 8476460, 8470289, 8472379, 8469501, 8469581, 8471218]","[8474567, 8470834, 8471482, 8470828, 8471978, 8470780, 8468493, 8470905, 8473459, 8470061, 8469665, 8474074, 8470614]","[8474771, 8462152, 8471715]"
52,WPG,20122013,"[8467353, 8475788, 8474616, 8471451, 8466140, 8475169, 8471217, 8473412, 8468704, 8474061, 8467412, 8471390, 8476460, 8470289, 8474025, 8469501, 8469581, 8471218, 8474674]","[8474567, 8470834, 8471482, 8470828, 8468493, 8470061, 8474074, 8474743, 8470614]","[8471219, 8471715]"
52,WPG,20132014,"[8474012, 8474616, 8473564, 8474094, 8466140, 8475169, 8475159, 8471217, 8473412, 8474603, 8474061, 8476460, 8471682, 8470289, 8474025, 8469501, 8471218, 8474674]","[8474567, 8470834, 8475279, 8471482, 8474184, 8470828, 8475815, 8471385, 8474074, 8474743, 8470614, 8476885]","[8474636, 8471219, 8471715]"
52,WPG,20142015,"[8477429, 8474616, 8473564, 8474001, 8474094, 8475169, 8475159, 8471217, 8473412, 8476392, 8474603, 8474061, 8473618, 8476460, 8470289, 8471226, 8470740, 8469501, 8473482, 8471218]","[8474567, 8475567, 8470834, 8475279, 8471482, 8474184, 8470828, 8469531, 8474574, 8471385, 8474074, 8470614, 8476885]","[8474636, 8471715]"
52,WPG,20152016,"[8476469, 8475788, 8477429, 8474616, 8477448, 8478029, 8477940, 8474094, 8476910, 8471217, 8477076, 8473412, 8476392, 8474061, 8473618, 8477464, 8476460, 8471226, 8479293, 8469501, 8471218]","[8470834, 8475279, 8470828, 8475815, 8477504, 8474574, 8471385, 8474074, 8470614, 8476885]","[8476945, 8474636, 8471715]"
52,WPG,20162017,"[8476469, 8475788, 8478398, 8477429, 8477448, 8477940, 8475769, 8479339, 8473412, 8476392, 8473574, 8473618, 8477464, 8478458, 8476460, 8471226, 8479293, 8469501, 8471218]","[8470834, 8475279, 8470828, 8475815, 8477504, 8474574, 8478031, 8474074, 8473565, 8470614, 8476885]","[8477480, 8476945, 8474636, 8471715]"
52,WPG,20172018,"[8476469, 8478398, 8477429, 8477448, 8477940, 8468611, 8479339, 8477962, 8473412, 8476392, 8473574, 8473618, 8477464, 8478458, 8476460, 8471669, 8479293, 8471218]","[8470834, 8475279, 8470828, 8475179, 8477504, 8476476, 8474574, 8478915, 8477359, 8476885]","[8477480, 8476945, 8474636, 8473461]"
52,WPG,20182019,"[8478891, 8478398, 8477429, 8477940, 8475763, 8468611, 8479339, 8477962, 8480944, 8473412, 8476392, 8473618, 8477464, 8478458, 8476460, 8479293, 8480005, 8471218]","[8476470, 8470834, 8475279, 8475179, 8477504, 8476476, 8474574, 8478915, 8478031, 8476799, 8476885]","[8476316, 8477480, 8476945]"
52,WPG,20192020,"[8478891, 8475268, 8481642, 8478398, 8477429, 8475236, 8477940, 8481019, 8478424, 8479339, 8473914, 8473412, 8476392, 8481649, 8473618, 8478458, 8476460, 8476400, 8476406, 8478058, 8471218]","[8476470, 8475868, 8477472, 8476331, 8481572, 8475179, 8477504, 8478915, 8480145, 8477359, 8474579]","[8476316, 8476945]"
52,WPG,20202021,"[8478891, 8478398, 8477429, 8479400, 8477940, 8481019, 8478424, 8479339, 8473453, 8476392, 8473618, 8476460, 8471669, 8470775, 8476952, 8480005, 8471218]","[8476470, 8474818, 8476331, 8475762, 8481572, 8477504, 8478915, 8480145, 8477359, 8479378]","[8476316, 8476945]"
52,WPG,20212022,"[8478891, 8480289, 8478996, 8478398, 8477429, 8479400, 8477940, 8479591, 8481019, 8478424, 8476392, 8482408, 8474062, 8482149, 8478040, 8480443, 8477482, 8476460, 8471669, 8478058, 8478431, 8476952, 8480005, 8471218]","[8476470, 8480990, 8476331, 8475455, 8481572, 8480192, 8477504, 8480145, 8480049, 8477220, 8479378]","[8477480, 8476945]"
52,WPG,20222023,"[8478891, 8480289, 8478398, 8479400, 8477940, 8479591, 8474040, 8481019, 8478424, 8479536, 8480901, 8476392, 8477357, 8476480, 8475799, 8482149, 8480443, 8476460, 8478831, 8476952, 8471218]","[8478476, 8476331, 8475455, 8481572, 8477504, 8480145, 8480049, 8477220, 8479378]","[8476945, 8479496]"
52,WPG,20232024,"[8478891, 8480289, 8478398, 8477940, 8481019, 8480113, 8479536, 8480845, 8476392, 8476480, 8475799, 8482149, 8476460, 8480014]","[8476331, 8477504, 8480145, 8480049, 8477220, 8479378]",[8476945]
52,WPG,20242025,"[8479994, 8478891, 8480289, 8478398, 8477940, 8481019, 8480113, 8479536, 8480845, 8476392, 8476480, 8475799, 8482149, 8476460, 8479972, 8479293, 8476952, 8480014]","[8479639, 8476331, 8477938, 8481572, 8476525, 8477504, 8482192, 8480145, 8483510, 8480049, 8474568, 8479378]","[8477480, 8476904, 8476945]"
14,TBL,19921993,"[8444963, 8445437, 8445672, 8445775, 8445861, 8445918, 8446127, 8446226, 8446408, 8456117, 8447180, 8447673, 8447891, 8448411, 8448520, 8448627, 8449093, 8449498, 8449677, 8450071, 8450650, 8457883, 8451291, 8451381, 8451718, 8451987, 8458477]","[8445385, 8445428, 8447756, 8446042, 8446177, 8446238, 8458938, 8458879, 8450642, 8450742, 8457803, 8458825, 8451836]","[8445438, 8448207, 8448776, 8452576]"
14,TBL,19931994,"[8444963, 8445437, 8445672, 8445775, 8446127, 8446226, 8455984, 8446408, 8446676, 8447001, 8459425, 8458985, 8448490, 8448627, 8449399, 8457883, 8451146, 8451987, 8458477]","[8445385, 8445428, 8446042, 8455843, 8455875, 8458929, 8446501, 8458938, 8448380, 8458879, 8450486, 8450742, 8450953]","[8445438, 8448207, 8450627, 8452576]"
14,TBL,19941995,"[8444963, 8445672, 8445775, 8446127, 8455984, 8447001, 8459425, 8458985, 8456496, 8448490, 8459033, 8451146, 8460628, 8457983, 8451791, 8451987, 8460498, 8452571, 8458477]","[8445428, 8446042, 8455843, 8455875, 8458929, 8447458, 8458938, 8458879, 8450471, 8450486]","[8445438, 8450627]"
14,TBL,19951996,"[8444963, 8445417, 8445672, 8445789, 8446251, 8459206, 8459010, 8459425, 8448490, 8462036, 8458523, 8460628, 8459146, 8451987, 8460498, 8452571, 8458477]","[8458962, 8455843, 8455875, 8458929, 8446825, 8447458, 8458938, 8447979, 8458879, 8450348, 8450471, 8450486, 8451314, 8458715]","[8445438, 8450627, 8450743, 8459081]"
14,TBL,19961997,"[8444963, 8445417, 8445672, 8458964, 8445789, 8446063, 8446251, 8459206, 8459010, 8459425, 8462036, 8459033, 8459415, 8458523, 8460628, 8459146, 8460498, 8452571, 8458477]","[8458962, 8458929, 8458938, 8447979, 8448104, 8449902, 8450486, 8451314, 8458715, 8452366, 8452516]","[8450627, 8457969, 8451834, 8459081]"
14,TBL,19971998,"[8444963, 8460494, 8445672, 8458964, 8446063, 8456031, 8459206, 8448092, 8462037, 8462036, 8449094, 8458566, 8458947, 8459415, 8458523, 8457785, 8450825, 8460628, 8462434, 8459146, 8459574, 8458587, 8452240, 8460498, 8452571, 8458477]","[8455875, 8458929, 8458543, 8456149, 8458938, 8448104, 8465210, 8449137, 8462059, 8449902, 8450658, 8451314, 8458715, 8458956]","[8462247, 8446829, 8450627, 8457969, 8459081]"
14,TBL,19981999,"[8444963, 8460494, 8446085, 8446251, 8459423, 8465125, 8460654, 8459425, 8445423, 8448222, 8462037, 8462036, 8467329, 8458566, 8458947, 8458573, 8459415, 8458946, 8457785, 8450825, 8460628, 8451359, 8462434, 8459574, 8452571, 8458477]","[8458962, 8466242, 8455875, 8458929, 8458543, 8456149, 8462096, 8459038, 8465210, 8464969, 8466144, 8462059, 8451105, 8466282, 8451789, 8459059, 8458956]","[8462247, 8459357, 8450627, 8450651, 8457969, 8459081]"
14,TBL,19992000,"[8445789, 8455752, 8466162, 8456117, 8465020, 8460595, 8466195, 8460654, 8466198, 8458645, 8459425, 8460482, 8462071, 8458638, 8458650, 8466109, 8460527, 8458609, 8467329, 8460484, 8460556, 8458573, 8458946, 8460507, 8450825, 8468160, 8459047, 8451359, 8458036, 8464970, 8460763, 8459574, 8458941]","[8468000, 8458543, 8462096, 8456576, 8447979, 8465210, 8466144, 8457264, 8463638, 8464990, 8464981, 8466282, 8451789, 8465250]","[8462247, 8460516, 8459357, 8459523, 8465962, 8450627]"
14,TBL,20002001,"[8467397, 8459019, 8466162, 8456117, 8465020, 8460595, 8466195, 8459545, 8466198, 8458638, 8466109, 8460527, 8467920, 8468561, 8467329, 8460484, 8460556, 8460507, 8467389, 8466378, 8458941, 8468743]","[8468000, 8459053, 8458543, 8459482, 8462096, 8465210, 8467901, 8448740, 8466144, 8460711, 8463638, 8460520, 8464990, 8464981, 8451789, 8465250]","[8460516, 8456264, 8459140, 8459523, 8467940, 8459463]"
14,TBL,20012002,"[8467397, 8468488, 8445000, 8459019, 8467557, 8446133, 8466162, 8460509, 8465020, 8458638, 8467920, 8467329, 8462823, 8460556, 8467961, 8459492, 8467389, 8460639, 8460821, 8466378, 8458192, 8462633, 8462085, 8458605]","[8467345, 8465044, 8467096, 8458543, 8466288, 8465210, 8467901, 8448740, 8460520, 8459538, 8464981, 8465250]","[8459140, 8459523, 8459463]"
14,TBL,20022003,"[8468488, 8445000, 8466162, 8460509, 8468172, 8458638, 8467920, 8467329, 8460556, 8467961, 8459492, 8467389, 8460639, 8466378, 8469456, 8458192]","[8445428, 8467096, 8458543, 8465210, 8458805, 8460580, 8460520, 8459538, 8451059, 8464981]","[8460715, 8459357, 8459140, 8467940]"
14,TBL,20032004,"[8467397, 8445000, 8467557, 8466162, 8460509, 8468172, 8467329, 8460556, 8466399, 8467389, 8460639, 8466378, 8458943, 8469456, 8458192, 8462085]","[8467096, 8458543, 8465210, 8460580, 8460520, 8459538, 8451059, 8464981, 8458172]","[8460715, 8459140]"
14,TBL,20052006,"[8467397, 8445000, 8469543, 8458542, 8467557, 8470065, 8446408, 8460509, 8468172, 8467329, 8467373, 8460556, 8459492, 8470076, 8467389, 8466378, 8470876, 8458192]","[8467096, 8468035, 8465210, 8470784, 8459538, 8470085, 8464981, 8458172]","[8445769, 8470813, 8468706, 8460715]"
14,TBL,20062007,"[8467397, 8468488, 8470065, 8468172, 8471767, 8459571, 8467329, 8466399, 8459492, 8467389, 8460639, 8466378, 8469786, 8470876, 8458192, 8467962, 8466147]","[8467096, 8467928, 8462225, 8470839, 8459538, 8470085, 8450824, 8464981]","[8462055, 8466303, 8471403]"
14,TBL,20072008,"[8470065, 8468463, 8459425, 8467831, 8462081, 8469638, 8471767, 8459571, 8467329, 8471206, 8465041, 8468604, 8459492, 8467389, 8460639, 8466378, 8469786, 8470876, 8467962, 8466147]","[8467096, 8467939, 8467928, 8462225, 8467436, 8460580, 8471314, 8470839, 8470678, 8470085, 8470634]","[8462055, 8466303, 8471403, 8469608]"
14,TBL,20082009,"[8469543, 8469666, 8470065, 8471703, 8459425, 8467925, 8467831, 8469638, 8471277, 8468626, 8469820, 8467329, 8467988, 8468523, 8459492, 8450725, 8450900, 8469755, 8471736, 8466378, 8474564, 8473898, 8468085, 8466147]","[8470640, 8470192, 8456588, 8467927, 8475073, 8469477, 8471696, 8471314, 8459493, 8466203, 8471236, 8471704, 8473924, 8471359, 8470839, 8469564, 8473433, 8470085, 8470634, 8469505, 8473501]","[8473474, 8448535, 8470093, 8471403, 8469608]"
14,TBL,20092010,"[8469666, 8470065, 8471703, 8466292, 8467831, 8471767, 8469820, 8467329, 8467988, 8470778, 8465026, 8473962, 8466378, 8474564, 8473898, 8467338, 8470775, 8469542, 8474674]","[8468520, 8468502, 8475167, 8471711, 8469477, 8471696, 8471314, 8471236, 8471704, 8460503, 8470085, 8470634, 8467408]","[8467511, 8469608, 8474682]"
14,TBL,20102011,"[8470176, 8471703, 8467346, 8467925, 8474085, 8471767, 8467329, 8467988, 8468575, 8470615, 8473962, 8471668, 8466378, 8474564, 8470775, 8474095, 8474674]","[8469765, 8466142, 8465122, 8475167, 8470905, 8465210, 8471314, 8460503, 8470804, 8470634, 8471413]","[8473638, 8468540, 8460806, 8469608]"
14,TBL,20112012,"[8471916, 8476806, 8475792, 8471703, 8467925, 8471767, 8474201, 8467329, 8467988, 8468575, 8473962, 8471768, 8471668, 8469755, 8471634, 8473942, 8466378, 8474564, 8470775, 8474095, 8473734, 8471312]","[8474048, 8469765, 8466142, 8465122, 8467915, 8470774, 8475118, 8475167, 8465210, 8471683, 8471705, 8475104]","[8467959, 8464999, 8460806, 8474682]"
14,TBL,20122013,"[8471916, 8476195, 8475792, 8470647, 8467925, 8474870, 8473986, 8474201, 8467329, 8467988, 8476292, 8475209, 8471678, 8473962, 8471768, 8466378, 8474564, 8470775, 8474095, 8471312]","[8474048, 8474717, 8469765, 8466142, 8470640, 8475462, 8475167, 8471683, 8471705, 8470804, 8465202, 8477205, 8475060]","[8471750, 8473638, 8464999, 8474765]"
14,TBL,20132014,"[8476806, 8471339, 8475792, 8470647, 8470047, 8474870, 8473986, 8476453, 8477832, 8474201, 8467988, 8476480, 8476292, 8475209, 8476975, 8473962, 8471768, 8466378, 8474564, 8470775, 8474095]","[8474048, 8474717, 8466142, 8470640, 8468745, 8475462, 8475167, 8477082, 8474497, 8465202, 8477205, 8475060]","[8471750, 8473638, 8477356, 8474765]"
14,TBL,20142015,"[8471916, 8471663, 8470619, 8476806, 8471339, 8475792, 8477494, 8470047, 8474870, 8473986, 8476453, 8476539, 8466160, 8476480, 8476292, 8476975, 8474564, 8474722]","[8474717, 8466142, 8470640, 8470601, 8474520, 8475462, 8475167, 8476886, 8476300, 8471873, 8477205]","[8471750, 8460705, 8476883]"
14,TBL,20152016,"[8471916, 8471663, 8470619, 8476806, 8471339, 8473588, 8477494, 8470047, 8476826, 8474870, 8473986, 8476453, 8476539, 8475775, 8476480, 8476292, 8476975, 8474564, 8477326, 8474722]","[8470640, 8470601, 8474520, 8475167, 8476886, 8476300, 8471873, 8477205, 8475060]","[8471750, 8477356, 8476883]"
14,TBL,20162017,"[8475739, 8470619, 8476806, 8471339, 8476195, 8473588, 8477494, 8475254, 8477454, 8470047, 8475278, 8476826, 8474870, 8473986, 8476453, 8475735, 8476480, 8476292, 8476975, 8476285, 8478010, 8476911, 8474564, 8477326, 8474722]","[8470601, 8477009, 8474520, 8475167, 8476886, 8476300, 8471873, 8477205]","[8471750, 8469514, 8477356, 8476883]"
14,TBL,20172018,"[8475739, 8476806, 8471339, 8478519, 8476195, 8475254, 8477454, 8476826, 8474870, 8473986, 8476453, 8470543, 8476468, 8476480, 8476292, 8476975, 8476285, 8478010, 8474564]","[8470601, 8477009, 8471958, 8475167, 8476886, 8474151, 8479410, 8471873, 8477205]","[8469514, 8475839, 8476883]"
14,TBL,20182019,"[8471339, 8478519, 8476195, 8477454, 8476826, 8474870, 8478472, 8473986, 8476453, 8478365, 8476468, 8476292, 8476975, 8478010, 8474564]","[8478416, 8470601, 8474611, 8471958, 8475167, 8476886, 8474151, 8480172, 8479410, 8471873]","[8475839, 8475277, 8476883]"
14,TBL,20192020,"[8478519, 8476399, 8476195, 8476624, 8476826, 8474870, 8478472, 8473986, 8476453, 8474034, 8476292, 8476975, 8478010, 8476966, 8474564, 8478477, 8477409, 8480186, 8474722]","[8474567, 8478416, 8470601, 8474611, 8475167, 8474151, 8480172, 8474568, 8479410, 8474031]","[8470147, 8476883]"
14,TBL,20202021,"[8479718, 8478519, 8476399, 8479525, 8476624, 8476826, 8474870, 8478472, 8473986, 8476453, 8474034, 8476292, 8478010, 8476966, 8474564, 8478477, 8480186, 8478069]","[8480158, 8478416, 8476368, 8479984, 8475167, 8474151, 8480172, 8475233, 8474568, 8479410, 8478049]","[8476444, 8470147, 8476883]"
14,TBL,20212022,"[8479718, 8477930, 8478519, 8479525, 8477461, 8480863, 8479542, 8478472, 8479383, 8473986, 8476453, 8474034, 8474062, 8476292, 8477426, 8470621, 8478010, 8479390, 8474564]","[8474567, 8478416, 8476368, 8479413, 8479984, 8475167, 8474151, 8478178, 8480172, 8479410, 8477205]","[8481597, 8470880, 8476509, 8476883]"
14,TBL,20222023,"[8478870, 8479718, 8477930, 8478519, 8479525, 8479591, 8480863, 8479542, 8479661, 8473986, 8481043, 8476453, 8474034, 8476480, 8477426, 8470621, 8478010, 8474564]","[8474567, 8478416, 8474013, 8477938, 8479984, 8475167, 8479026, 8480246, 8478178, 8479410]","[8470880, 8476883]"
14,TBL,20232024,"[8482070, 8478519, 8479591, 8476822, 8477404, 8479542, 8476453, 8477426, 8478010, 8477839]","[8478416, 8475167, 8474151, 8482655, 8480246, 8478178]","[8477992, 8476883]"
14,TBL,20242025,"[8474715, 8477416, 8482070, 8478519, 8483447, 8476878, 8476822, 8482201, 8476826, 8477404, 8479542, 8476453, 8477426, 8478010]","[8478416, 8475167, 8482929, 8474151, 8482655, 8480246, 8478178]","[8477992, 8476883]"
18,NSH,19981999,"[8455479, 8459494, 8459596, 8460846, 8446305, 8446830, 8458734, 8467577, 8456734, 8456848, 8458949, 8458888, 8467330, 8467323, 8458550, 8459479, 8451005, 8460044, 8466208, 8451994, 8458628, 8459547, 8460551]","[8445413, 8459065, 8455666, 8446286, 8460254, 8456588, 8448419, 8449694, 8467519, 8458048, 8459670, 8458993, 8452695]","[8456137, 8460506, 8462152, 8460712]"
18,NSH,19992000,"[8455447, 8459494, 8464991, 8460846, 8458508, 8446830, 8462104, 8456734, 8456848, 8458949, 8467330, 8467323, 8459479, 8466110, 8451005, 8451994, 8458628, 8459547, 8460551]","[8445413, 8465061, 8464783, 8459065, 8455666, 8447979, 8448419, 8465252, 8460711, 8462057, 8458631, 8467519, 8459670, 8458993]","[8456137, 8460712]"
18,NSH,20002001,"[8467386, 8459494, 8464991, 8468449, 8446830, 8460539, 8468486, 8456734, 8456848, 8467330, 8459033, 8459479, 8466110, 8451005, 8458996, 8458628, 8459547, 8460523, 8460551]","[8445413, 8465061, 8464783, 8467580, 8459469, 8447979, 8459002, 8465252, 8460711, 8462057, 8467519, 8464982, 8459670]","[8456137, 8462152, 8460712]"
18,NSH,20012002,"[8467906, 8467386, 8464991, 8468449, 8456121, 8468064, 8446830, 8462104, 8447386, 8467925, 8468486, 8468656, 8456734, 8456848, 8467330, 8467323, 8462136, 8462072, 8451005, 8458575, 8458036, 8458996, 8468103, 8459547, 8460551]","[8465061, 8458560, 8462416, 8467580, 8456533, 8447979, 8459002, 8459569, 8462057, 8466211, 8467519, 8464982, 8459670]","[8456137, 8467938, 8460712]"
18,NSH,20022003,"[8467386, 8468449, 8468064, 8469759, 8447177, 8467925, 8468486, 8468121, 8458650, 8456734, 8467330, 8462126, 8459071, 8462136, 8459435, 8462072, 8458641, 8459474, 8465024, 8458036, 8466357, 8470105, 8459547, 8458941, 8462182, 8460551]","[8465061, 8465914, 8462416, 8467580, 8447979, 8459002, 8467450, 8466211, 8467519, 8459670, 8460087, 8458468]","[8456137, 8467879, 8456264, 8467938, 8460712]"
18,NSH,20032004,"[8467386, 8468463, 8468064, 8467553, 8469759, 8468770, 8467925, 8468486, 8458650, 8456734, 8467330, 8449477, 8462149, 8459071, 8462136, 8468569, 8469486, 8466357, 8458996, 8460719, 8469547, 8470105, 8459547, 8458991]","[8459466, 8455653, 8469044, 8467580, 8469465, 8460661, 8467927, 8467450, 8460520, 8466211, 8459670, 8458468, 8469623]","[8462152, 8460712]"
18,NSH,20052006,"[8467880, 8468064, 8469759, 8468770, 8467925, 8468486, 8468660, 8456734, 8459426, 8467330, 8459687, 8458561, 8451359, 8468162, 8458996, 8460719, 8469547, 8470105, 8459547]","[8459466, 8467580, 8469465, 8470630, 8462258, 8470600, 8459670, 8470642, 8459433, 8468636, 8469623]","[8467879, 8462152, 8471469, 8460712]"
18,NSH,20062007,"[8467356, 8459429, 8464957, 8468064, 8469759, 8458520, 8468486, 8468660, 8459426, 8467444, 8467330, 8459687, 8471514, 8471228, 8468162, 8460719, 8469547, 8470105, 8467416]","[8469992, 8469465, 8470630, 8469714, 8470600, 8459670, 8467352, 8470642, 8468636, 8469623]","[8468038, 8462152, 8460712]"
18,NSH,20072008,"[8459429, 8469666, 8460105, 8464957, 8468064, 8469759, 8447091, 8462081, 8468660, 8466200, 8467330, 8459687, 8470580, 8471514, 8473973, 8471228, 8468162, 8469547]","[8460254, 8469465, 8470630, 8473385, 8470600, 8470642, 8468636, 8469623]","[8468540, 8462152, 8471469]"
18,NSH,20082009,"[8459429, 8460502, 8460105, 8464957, 8468064, 8469759, 8471887, 8471323, 8467330, 8459687, 8471811, 8470580, 8471514, 8473973, 8471390, 8468162, 8460719, 8470876, 8469547, 8468208]","[8460254, 8469465, 8470630, 8473385, 8470685, 8470600, 8470642, 8468636]","[8468540, 8471469]"
18,NSH,20092010,"[8459429, 8460502, 8471310, 8464957, 8468064, 8469473, 8470899, 8466300, 8471887, 8471323, 8467330, 8471811, 8471290, 8471390, 8460533, 8468162, 8474096, 8460719, 8474154, 8469547, 8468208, 8474569]","[8465914, 8471742, 8470268, 8469465, 8470630, 8471741, 8470685, 8470600, 8470642]","[8468540, 8471469]"
18,NSH,20102011,"[8464994, 8460502, 8464957, 8468064, 8467370, 8473608, 8469473, 8474094, 8471887, 8475677, 8471859, 8467330, 8468695, 8474535, 8471811, 8468162, 8474096, 8460719, 8469670, 8474154, 8469547, 8468208, 8474569]","[8474164, 8465914, 8471742, 8470630, 8471741, 8470839, 8470685, 8470600, 8470642]","[8473532, 8474765, 8471469]"
18,NSH,20112012,"[8471697, 8475268, 8468064, 8467370, 8468700, 8473608, 8474094, 8471887, 8470603, 8471859, 8467330, 8467977, 8474535, 8471811, 8471228, 8475225, 8468162, 8474096, 8470687, 8474143, 8469547, 8474569, 8471483, 8471450]","[8474164, 8465914, 8475218, 8475176, 8459628, 8474519, 8474600, 8470630, 8471741, 8470600, 8470642]","[8474765, 8471469]"
18,NSH,20122013,"[8476835, 8475192, 8475268, 8474576, 8475637, 8471733, 8468064, 8467370, 8476887, 8468700, 8474094, 8471912, 8471887, 8471859, 8467330, 8467977, 8474535, 8475893, 8475225, 8474096, 8475766, 8474569, 8471450]","[8473658, 8474164, 8475218, 8475176, 8459628, 8466158, 8474600, 8470630, 8470642]","[8462152, 8471469]"
18,NSH,20132014,"[8475192, 8475268, 8471733, 8464989, 8470622, 8467370, 8476887, 8468700, 8468611, 8471887, 8475714, 8467330, 8477666, 8470180, 8476925, 8475225, 8474096, 8473537, 8474939, 8474569]","[8473658, 8474584, 8475218, 8475176, 8477495, 8474600, 8470630, 8473921, 8470642]","[8471227, 8476433, 8475622, 8476992, 8471469]"
18,NSH,20142015,"[8476062, 8478042, 8475192, 8475268, 8471733, 8464989, 8477942, 8467370, 8476887, 8468700, 8475714, 8466140, 8471707, 8470180, 8467371, 8469485, 8476447, 8471390, 8475225, 8473537, 8474569]","[8473658, 8475868, 8475218, 8475176, 8471742, 8477495, 8474600, 8473921, 8468501, 8470642]","[8475622, 8476992, 8471469]"
18,NSH,20152016,"[8476857, 8478042, 8471760, 8475268, 8477942, 8467370, 8476887, 8468700, 8474570, 8475714, 8475793, 8471707, 8470180, 8467371, 8476447, 8476925, 8475225, 8475766, 8474569]","[8473658, 8475868, 8475218, 8475206, 8475176, 8475774, 8467890, 8477495, 8474600, 8470714, 8470642]","[8475622, 8471469, 8477424]"
18,NSH,20162017,"[8476857, 8478042, 8471760, 8476423, 8477942, 8469759, 8467370, 8476887, 8477919, 8474683, 8475714, 8475793, 8477973, 8475436, 8471657, 8471707, 8469707, 8467371, 8476447, 8476925, 8475225, 8473942, 8475766, 8474569, 8476158]","[8475868, 8470640, 8478851, 8475218, 8475176, 8475774, 8476779, 8475625, 8474600, 8471385, 8474056, 8474134]","[8476992, 8471469, 8477424]"
18,NSH,20172018,"[8476857, 8478042, 8474009, 8477942, 8467370, 8476887, 8477919, 8477451, 8468486, 8475714, 8475793, 8471657, 8476447, 8476925, 8475225, 8480009, 8474068, 8475766]","[8475868, 8475218, 8475176, 8471296, 8479398, 8475625, 8474600, 8474056, 8474134]","[8471469, 8477424]"
18,NSH,20182019,"[8478042, 8476278, 8474009, 8470619, 8476858, 8477942, 8476887, 8477919, 8475798, 8476428, 8477451, 8475714, 8475793, 8471657, 8479514, 8478409, 8474736, 8476447, 8474190, 8476925, 8475225, 8480009, 8474068, 8475766]","[8475868, 8474659, 8475218, 8475176, 8479371, 8469465, 8475625, 8474600, 8474056, 8474134]","[8471469, 8477424]"
18,NSH,20192020,"[8478042, 8476278, 8474009, 8477901, 8475168, 8476887, 8475798, 8476428, 8475714, 8475793, 8479671, 8478409, 8476447, 8476925, 8475225, 8478508, 8474068, 8475766]","[8478851, 8475218, 8475176, 8479371, 8469465, 8473560, 8475625, 8474600, 8477463, 8475797, 8474134]","[8471469, 8477424]"
18,NSH,20202021,"[8478042, 8476393, 8475168, 8476887, 8475798, 8476428, 8475287, 8475714, 8479661, 8475793, 8479316, 8477391, 8477446, 8479671, 8479514, 8470755, 8476925, 8482062, 8480009, 8478508]","[8479329, 8476988, 8474697, 8478851, 8479602, 8475218, 8475176, 8479371, 8480063, 8475790, 8477433, 8474600, 8477343, 8474579, 8475797]","[8479288, 8471469, 8477424]"
18,NSH,20212022,"[8476393, 8475168, 8476887, 8479996, 8475798, 8476428, 8479661, 8475793, 8479316, 8479644, 8477446, 8478438, 8479671, 8478949, 8476925, 8482062, 8480009, 8481577, 8478508]","[8476988, 8474697, 8478851, 8479602, 8475218, 8479371, 8477433, 8474600, 8478468, 8479026, 8476807]","[8478971, 8479496, 8477424]"
18,NSH,20222023,"[8481585, 8479335, 8475168, 8482146, 8476887, 8479996, 8475798, 8476873, 8479661, 8475793, 8481077, 8477446, 8475799, 8478438, 8481704, 8477482, 8480748, 8476925, 8482062, 8480009, 8481577, 8478508]","[8475197, 8474697, 8478851, 8475218, 8479371, 8479984, 8475857, 8480913, 8474600, 8478468, 8484256, 8474151, 8477981, 8481056]","[8482137, 8480947, 8477424]"
18,NSH,20232024,"[8482146, 8476887, 8479996, 8476873, 8477446, 8478438, 8474679, 8475158, 8476925, 8482062]","[8479371, 8474600, 8478468, 8474568]",[8477424]
18,NSH,20242025,"[8478047, 8482146, 8476887, 8482742, 8476539, 8477446, 8475158, 8476925, 8482062, 8474564, 8477944, 8484241]","[8482111, 8483565, 8477971, 8474600, 8478468, 8477851, 8476869, 8482482]","[8481020, 8477424]"
27,PHX,19961997,"[8446165, 8462038, 8456106, 8456156, 8447067, 8460550, 8448046, 8448222, 8462035, 8448487, 8458974, 8448781, 8449477, 8450978, 8451005, 8451334, 8458033, 8451673, 8458229, 8458605]","[8445266, 8456000, 8446417, 8456153, 8446826, 8448303, 8448961, 8449123, 8449403, 8449694, 8449924, 8460521, 8458212, 8460493]","[8456127, 8448207, 8459140, 8452248]"
27,PHX,19971998,"[8464975, 8455871, 8446165, 8455984, 8462038, 8456106, 8447067, 8462094, 8448222, 8448225, 8462035, 8448781, 8457061, 8449477, 8450978, 8451005, 8451334, 8451673, 8458229, 8451925, 8458605]","[8445266, 8455805, 8446417, 8462063, 8460912, 8448303, 8448961, 8449694, 8449924, 8450348, 8460521, 8458048, 8458598, 8460493]","[8459140, 8459453, 8452246]"
27,PHX,19981999,"[8444894, 8464975, 8446165, 8455984, 8456031, 8462038, 8456106, 8456150, 8460550, 8462094, 8459305, 8448764, 8465189, 8449761, 8449894, 8450767, 8450978, 8451005, 8451673, 8458155, 8458229, 8451925, 8459184, 8458605]","[8455805, 8446286, 8446417, 8462063, 8460912, 8459406, 8448104, 8448824, 8460520, 8449924, 8460521, 8458598, 8460493]","[8465093, 8459140, 8459453, 8459365, 8452246]"
27,PHX,19992000,"[8444894, 8455413, 8464975, 8456031, 8462038, 8456106, 8456430, 8460550, 8445423, 8465189, 8458658, 8457785, 8450978, 8460836, 8466357, 8458155, 8458229, 8451925, 8466039, 8458605]","[8455805, 8446286, 8447187, 8448380, 8448824, 8460520, 8449924, 8449957, 8460521, 8466443]","[8445769, 8465093, 8446719, 8459365]"
27,PHX,20002001,"[8455413, 8464975, 8456031, 8462038, 8456430, 8462129, 8460550, 8466109, 8456760, 8448772, 8465189, 8457261, 8466304, 8467926, 8450978, 8466357, 8458155, 8458229, 8459441, 8458605]","[8459065, 8455805, 8467843, 8448380, 8448824, 8466144, 8460520, 8449924, 8460782, 8466443, 8467369]","[8445769, 8465093]"
27,PHX,20012002,"[8460742, 8459494, 8467383, 8464975, 8462038, 8462129, 8468660, 8467944, 8466109, 8468499, 8462036, 8448772, 8465189, 8457261, 8466304, 8458947, 8459435, 8467966, 8458682, 8466357, 8458155, 8466039, 8458941, 8459441]","[8445413, 8467843, 8464964, 8467918, 8466144, 8462258, 8449924, 8467892, 8460782, 8466443, 8467369]","[8445769, 8467340, 8465093]"
27,PHX,20022003,"[8467356, 8455429, 8459570, 8464975, 8445733, 8462038, 8459425, 8468660, 8462159, 8467944, 8466109, 8468499, 8462036, 8448772, 8457261, 8466304, 8458947, 8457646, 8467966, 8450653, 8458682, 8468510, 8459441]","[8445413, 8466146, 8464964, 8467918, 8466144, 8462258, 8449924, 8460521, 8460782, 8466443, 8467369]","[8462247, 8462052, 8445769, 8467340, 8466165]"
27,PHX,20032004,"[8466149, 8467964, 8462038, 8459425, 8462159, 8467944, 8466109, 8468499, 8462036, 8466304, 8460733, 8458947, 8466225, 8467966, 8467336, 8458682, 8451359, 8469464, 8470559, 8468510, 8467488, 8459441]","[8468107, 8466146, 8459406, 8459002, 8466144, 8464966, 8457783, 8469484, 8466443, 8467889, 8467369]","[8462247, 8462052, 8445769, 8462161, 8466165]"
27,PHX,20052006,"[8467877, 8467964, 8464960, 8462038, 8466209, 8469844, 8448091, 8469490, 8466109, 8468499, 8465018, 8462084, 8468566, 8467882, 8466304, 8460733, 8449807, 8469584, 8468432, 8459223, 8450817, 8467336, 8457921, 8467884, 8460533, 8469464, 8468510, 8472361]","[8470054, 8462050, 8470088, 8466144, 8469760, 8464966, 8458637, 8459484, 8469619, 8469484, 8467889]","[8462052, 8448382, 8470263, 8467364]"
27,PHX,20062007,"[8459446, 8470666, 8467964, 8462038, 8472418, 8469844, 8467516, 8462060, 8468566, 8471263, 8462062, 8466304, 8449895, 8469584, 8458561, 8468432, 8450817, 8450978, 8467884, 8460533, 8469464, 8468510, 8472361, 8467969, 8467937]","[8470054, 8469516, 8466145, 8470088, 8460492, 8469760, 8464966, 8469143, 8469619, 8471735]","[8448382, 8470263, 8467486, 8468550]"
27,PHX,20072008,"[8470666, 8462038, 8469844, 8471691, 8468496, 8467516, 8471263, 8473526, 8467924, 8469584, 8468432, 8469464, 8472361, 8467969, 8474068, 8467137, 8468085, 8468647, 8471476, 8466266, 8467937]","[8470054, 8469516, 8466145, 8468682, 8470088, 8460492, 8470578, 8469760, 8464966, 8471735]","[8466290, 8467913, 8468524, 8468550]"
27,PHX,20082009,"[8474571, 8470666, 8470741, 8462038, 8466292, 8470064, 8471691, 8470004, 8466140, 8470152, 8471263, 8468695, 8467977, 8473526, 8469528, 8471334, 8469584, 8471331, 8470072, 8471283, 8468432, 8474588, 8474068, 8470105, 8471476]","[8468502, 8460492, 8467354, 8456850, 8469760, 8464966, 8468568, 8473673, 8471735]","[8468524, 8471219, 8468550, 8473632]"
27,PHX,20092010,"[8470713, 8474571, 8462038, 8469759, 8471691, 8470004, 8471232, 8456966, 8468695, 8473526, 8471229, 8469584, 8471331, 8470072, 8467881, 8470740, 8470105, 8468085, 8471476, 8471234]","[8459053, 8459443, 8471895, 8460492, 8471279, 8469760, 8464966, 8468568, 8473673, 8451224, 8468213, 8471735]","[8468524, 8467391]"
27,PHX,20102011,"[8465050, 8470713, 8474571, 8462038, 8473682, 8469759, 8471691, 8469681, 8471232, 8474050, 8470072, 8467881, 8470740, 8474068, 8470105, 8468085, 8458537, 8471234]","[8459053, 8475171, 8460492, 8468484, 8471279, 8464966, 8465058, 8473673, 8471011, 8473589, 8471735, 8467910]","[8468524, 8474488, 8467391]"
27,PHX,20112012,"[8470713, 8474571, 8470719, 8471680, 8471231, 8462038, 8470159, 8471691, 8471232, 8462036, 8476206, 8471229, 8471811, 8470649, 8470615, 8467881, 8468485, 8474068, 8468535, 8468085, 8471821, 8458537]","[8459053, 8475171, 8468484, 8464966, 8465058, 8475182, 8473673, 8474628, 8473589, 8471735]","[8467391, 8470147, 8469608]"
27,PHX,20122013,"[8470713, 8474571, 8470719, 8475161, 8471231, 8472368, 8462038, 8470159, 8471691, 8471280, 8473970, 8471232, 8468695, 8476206, 8469664, 8460719, 8468485, 8468535, 8468085]","[8475171, 8468484, 8469760, 8464966, 8475182, 8473673, 8474628, 8473589, 8471735]","[8473434, 8467391, 8469608]"
27,PHX,20132014,"[8470713, 8474571, 8475161, 8471680, 8471231, 8462038, 8468064, 8467831, 8471691, 8471842, 8473970, 8471232, 8476451, 8474646, 8476206, 8469664, 8467371, 8475224, 8468535, 8468085, 8471450]","[8475171, 8475759, 8468484, 8469760, 8464966, 8476473, 8475182, 8473673, 8474628, 8473589, 8471735]","[8471306, 8469608, 8475771]"
41,MWN,19171918,"[8445044, 8446580, 8447013, 8447616, 8447761, 8449181, 8449231]","[8448052, 8448336, 8448456, 8449048]",[8450014]
39,QUA,19301931,"[8445029, 8445843, 8446924, 8447050, 8447183, 8447523, 8447534, 8447602, 8447671, 8447859, 8449392]","[8445741, 8445818, 8445955, 8446489, 8447012, 8447795, 8449019, 8449082]","[8449861, 8449918, 8450043]"
37,HAM,19201921,"[8445326, 8445972, 8447594, 8447674, 8448212, 8448349]","[8445330, 8445744, 8447637, 8447765, 8448315]",[8450017]
37,HAM,19211922,"[8444956, 8445326, 8447594, 8448212, 8448349, 8449551]","[8447637, 8447907, 8448315]",[8450017]
37,HAM,19221923,"[8444956, 8445131, 8445255, 8445326, 8446629, 8448212, 8448349, 8449551]","[8445571, 8447907, 8448315]",[8449918]
37,HAM,19231924,"[8445131, 8445255, 8445873, 8446643, 8446644, 8448212, 8448246, 8448349, 8448948]","[8446492, 8448315, 8449141]",[8449918]
37,HAM,19241925,"[8445131, 8445255, 8445644, 8446643, 8446644, 8447323, 8447794, 8448212, 8448246, 8448349]",[8449141],[8449918]
40,DCG,19261927,"[8445047, 8445162, 8446463, 8446493, 8446613, 8446727, 8447143, 8447832, 8448039, 8448332, 8449007, 8449310]","[8444964, 8445962, 8446662, 8447216, 8447517]","[8449997, 8450121]"
40,DCG,19271928,"[8444987, 8445541, 8446463, 8446750, 8447143, 8448013, 8448080, 8449006, 8449007, 8449310]","[8445187, 8446489, 8447517, 8449254]",[8449997]
40,DCG,19281929,"[8444987, 8445047, 8445178, 8445526, 8445541, 8445839, 8446643, 8446750, 8446785, 8447484, 8448013]","[8445203, 8446489, 8449254]",[8449897]
40,DCG,19291930,"[8444987, 8445047, 8445178, 8445526, 8445541, 8446612, 8446750, 8446785, 8447484, 8447654, 8448013]","[8446857, 8446966, 8447638, 8448428]","[8449821, 8449897]"
35,CLR,19761977,"[8444999, 8445089, 8445129, 8445309, 8446253, 8446349, 8446371, 8446378, 8445964, 8447047, 8446653, 8446944, 8448031, 8450107, 8450631, 8448353, 8448460, 8448999, 8451403]","[8445893, 8445965, 8446593, 8447106, 8448498, 8447373, 8448760, 8447768, 8448190, 8452156]","[8446794, 8449491, 8450468]"
35,CLR,19771978,"[8444908, 8444999, 8445089, 8446149, 8446253, 8446371, 8445964, 8447047, 8446944, 8448283, 8448501, 8449813, 8448012, 8450107, 8450384, 8450631, 8451403, 8451623]","[8445397, 8446058, 8446593, 8448498, 8447373, 8448760, 8449325, 8447768, 8448040, 8450085, 8451802, 8452156]","[8446794, 8449491, 8449978, 8450468]"
35,CLR,19781979,"[8444999, 8445103, 8446120, 8446149, 8446253, 8446371, 8446539, 8447047, 8447191, 8448501, 8448866, 8449100, 8449571, 8450091, 8450107, 8450384, 8450631, 8451100, 8451403, 8451623, 8452155]","[8444988, 8445397, 8445456, 8446058, 8448285, 8448498, 8447238, 8448601, 8450085, 8452156, 8449371]","[8446794, 8449978, 8450468]"
35,CLR,19791980,"[8445103, 8445158, 8445451, 8446120, 8446253, 8446353, 8446371, 8446539, 8446849, 8447191, 8447790, 8449100, 8449423, 8449440, 8450107, 8450338, 8450384, 8450631, 8450894, 8451100, 8451204, 8449004, 8451403, 8451475, 8451775, 8452155, 8452304]","[8445397, 8445456, 8446058, 8447140, 8448285, 8448498, 8449420, 8449715, 8450085, 8450633, 8450642, 8451995]","[8445121, 8449491, 8449978, 8450468]"
35,CLR,19801981,"[8445158, 8445451, 8445725, 8446162, 8455965, 8446353, 8446371, 8446419, 8446993, 8447191, 8449100, 8449423, 8449440, 8449623, 8450384, 8450894, 8449004, 8451475, 8451775, 8451857, 8452155, 8452197, 8452290, 8452304]","[8445175, 8445212, 8446058, 8447140, 8447568, 8448071, 8448285, 8448498, 8449420, 8449927, 8450633, 8450642, 8451995]","[8445121, 8448412, 8449784, 8450802, 8451474]"
35,CLR,19811982,"[8445118, 8445725, 8445878, 8446054, 8446162, 8446439, 8446939, 8446993, 8447434, 8448426, 8448474, 8448706, 8448808, 8448991, 8449100, 8449318, 8449423, 8449611, 8449623, 8450384, 8450501, 8451857, 8452197, 8452364, 8452368]","[8445212, 8446062, 8448071, 8448498, 8448817, 8448885, 8449580, 8449880, 8450633, 8450642]","[8448218, 8448614, 8449784, 8450802]"
38,PIR,19251926,"[8445071, 8445496, 8445648, 8445843, 8447521, 8447741, 8447859, 8449049, 8449392]","[8445514, 8445955, 8449082, 8449141]",[8450153]
38,PIR,19261927,"[8444967, 8445496, 8445648, 8445843, 8447323, 8447741, 8447779, 8447859, 8449392]","[8445514, 8445955, 8447795, 8449082]",[8450153]
38,PIR,19271928,"[8444967, 8445496, 8445648, 8445843, 8447323, 8447655, 8447741, 8447779, 8447859, 8448462, 8449392]","[8445262, 8445955, 8447795, 8449082]",[8450153]
38,PIR,19281929,"[8445131, 8445648, 8445843, 8446493, 8447523, 8447545, 8447655, 8447741, 8447859, 8449392]","[8445955, 8446907, 8447795, 8449082, 8449141]",[8450043]
38,PIR,19291930,"[8445029, 8445162, 8445843, 8446493, 8447050, 8447523, 8447602, 8447655, 8447859, 8449392]","[8445955, 8446489, 8447795, 8449082, 8449141]","[8450043, 8450117]"
34,HFD,19791980,"[8444912, 8444913, 8445015, 8445414, 8445618, 8445723, 8445981, 8446355, 8446469, 8446940, 8447508, 8447821, 8448000, 8448108, 8448327, 8448468, 8448612, 8449860, 8450981, 8451028, 8451145, 8451244, 8451324, 8451696, 8451770, 8452294]","[8447209, 8447911, 8448002, 8448005, 8448838, 8448906, 8450478, 8450798, 8450905, 8451364, 8451561]","[8447066, 8451474]"
34,HFD,19801981,"[8444912, 8444913, 8445618, 8445723, 8446355, 8446469, 8446819, 8446940, 8447000, 8448327, 8448468, 8449535, 8449629, 8449789, 8449860, 8450981, 8451028, 8451770]","[8444892, 8445090, 8445270, 8448002, 8448005, 8448447, 8448838, 8448905, 8449436, 8450798, 8450905, 8451364, 8451561, 8452235]","[8447066, 8447927, 8452205]"
34,HFD,19811982,"[8445628, 8446469, 8446819, 8446951, 8446977, 8447000, 8447188, 8447995, 8448468, 8448707, 8448914, 8448919, 8448952, 8448982, 8449353, 8449416, 8449535, 8449565, 8449629, 8449789, 8449860, 8451028, 8451770, 8451778]","[8444961, 8445270, 8445715, 8448002, 8448005, 8448529, 8448905, 8449418, 8449436, 8450798, 8451352, 8451561, 8452235, 8452370]","[8447066, 8449627, 8452205]"
34,HFD,19821983,"[8444898, 8446951, 8446977, 8447000, 8447180, 8447733, 8447917, 8448304, 8448707, 8448691, 8448914, 8448919, 8449100, 8449230, 8449416, 8449535, 8449629, 8449860, 8451770, 8451778, 8451782]","[8444961, 8445715, 8447980, 8448529, 8448615, 8450219, 8450798, 8451362, 8451561, 8452235, 8452370]","[8449627, 8452205]"
34,HFD,19831984,"[8445628, 8446219, 8446237, 8446279, 8446535, 8446951, 8448304, 8448691, 8448919, 8449101, 8449860, 8450384, 8450920, 8451770, 8451771, 8451778, 8451911, 8451988, 8452555, 8452694]","[8445211, 8445719, 8446533, 8446985, 8447757, 8447980, 8448005, 8448529, 8449418, 8450219, 8450633, 8451362]","[8449627, 8451655, 8452205]"
34,HFD,19841985,"[8445618, 8446219, 8446237, 8446279, 8446423, 8446743, 8446797, 8446823, 8446951, 8447917, 8448272, 8448304, 8448516, 8448901, 8448919, 8449101, 8449860, 8450384, 8450920, 8451911, 8451988, 8452367, 8452694]","[8445719, 8446181, 8446533, 8446985, 8448005, 8448529, 8450219, 8450633, 8451107, 8451362]","[8448865, 8449627, 8451655, 8452355]"
34,HFD,19851986,"[8444944, 8445207, 8446219, 8446423, 8446743, 8446797, 8446823, 8446951, 8447039, 8447078, 8447917, 8448254, 8448516, 8448691, 8448919, 8449101, 8449860, 8449871, 8450345, 8450920, 8451911, 8451988, 8452694]","[8445208, 8445604, 8445719, 8446181, 8449420, 8449774, 8450219, 8450633, 8451107, 8451305, 8451362]","[8448865, 8452355]"
34,HFD,19861987,"[8444944, 8445207, 8445273, 8445682, 8446071, 8446203, 8446423, 8446743, 8446823, 8446951, 8447039, 8447078, 8448075, 8448254, 8448516, 8448691, 8448919, 8449610, 8450920, 8451298, 8451346, 8451911, 8451988]","[8445208, 8445604, 8446181, 8448616, 8449420, 8449774, 8450633, 8451107, 8451305]","[8448865, 8452355]"
34,HFD,19871988,"[8444944, 8446007, 8446071, 8446423, 8446743, 8446823, 8446951, 8447078, 8448254, 8448516, 8448691, 8448919, 8449280, 8449610, 8450341, 8450741, 8450920, 8451346, 8451911, 8451988, 8452457, 8452482, 8452569]","[8445208, 8445623, 8446181, 8448616, 8449420, 8449774, 8450633, 8451107, 8451305, 8451319, 8452207]","[8445694, 8448865, 8451369, 8452355]"
34,HFD,19881989,"[8444944, 8446423, 8446743, 8446823, 8446951, 8447072, 8448092, 8448413, 8448516, 8448689, 8448919, 8449102, 8449280, 8450341, 8450741, 8450920, 8451914, 8451911, 8451988, 8452482, 8452557, 8452569]","[8445208, 8445783, 8446181, 8448271, 8448616, 8448961, 8450257, 8450633, 8451107, 8451305, 8451983]","[8448865, 8451369, 8452440]"
34,HFD,19891990,"[8444963, 8445493, 8445567, 8446163, 8446261, 8446423, 8446527, 8446743, 8446823, 8446951, 8447313, 8448092, 8448413, 8448549, 8448689, 8448919, 8449280, 8449477, 8451911, 8451863, 8452216, 8452557, 8452569]","[8445208, 8445783, 8446181, 8446257, 8448271, 8448616, 8448623, 8450633, 8451107, 8451305, 8451983]","[8448865, 8451369, 8452440]"
34,HFD,19901991,"[8444963, 8445493, 8445689, 8446163, 8446251, 8446261, 8446264, 8446423, 8446743, 8446823, 8446951, 8447313, 8447383, 8447958, 8448106, 8448413, 8448549, 8449477, 8450199, 8450357, 8457921, 8451849, 8451863, 8452216, 8452482, 8452557, 8452569]","[8445208, 8445195, 8445428, 8445783, 8455833, 8446181, 8446238, 8447981, 8448271, 8448616, 8457800, 8451107, 8451305, 8451710, 8452584]","[8449451, 8450702, 8451369, 8452440]"
34,HFD,19911992,"[8444963, 8445493, 8445689, 8446003, 8446163, 8446217, 8446251, 8446261, 8446264, 8456023, 8446423, 8447192, 8447383, 8447958, 8448106, 8448413, 8449477, 8450271, 8450357, 8458523, 8457921, 8451331, 8451849, 8451863, 8452216, 8452557]","[8445195, 8445428, 8445783, 8447981, 8448419, 8448521, 8448616, 8449905, 8457800, 8451305, 8451710, 8452584]","[8450390, 8451369, 8452440]"
34,HFD,19921993,"[8446003, 8446163, 8446217, 8446251, 8446261, 8456009, 8456023, 8447192, 8447313, 8447383, 8448225, 8448471, 8448542, 8448539, 8448771, 8449477, 8458821, 8458573, 8458946, 8458523, 8457921, 8452216, 8452557]","[8444893, 8445783, 8447981, 8448419, 8448521, 8448616, 8450270, 8452353, 8452584]","[8445769, 8455996, 8447303, 8457049, 8450390]"
34,HFD,19931994,"[8446003, 8459363, 8446163, 8446261, 8456118, 8447383, 8456513, 8448225, 8448542, 8448539, 8448781, 8449477, 8458573, 8458946, 8450504, 8458523, 8450595, 8450653, 8457921, 8451119, 8459015, 8458589, 8451863, 8451994, 8452216]","[8445783, 8455976, 8447247, 8447981, 8448419, 8448543, 8449137, 8449403, 8449442, 8450223, 8450270, 8459424, 8451710, 8452353, 8452584]","[8445769, 8447303, 8457049, 8450390, 8450743]"
34,HFD,19941995,"[8445979, 8446003, 8446125, 8459363, 8456009, 8456118, 8448225, 8448542, 8448781, 8458983, 8458946, 8450653, 8450812, 8457921, 8451119, 8459015, 8458589, 8451994, 8452216]","[8445783, 8446778, 8447630, 8447247, 8448543, 8459493, 8449403, 8459424, 8452371]","[8445769, 8450743]"
34,HFD,19951996,"[8445979, 8446003, 8446125, 8456009, 8446423, 8446675, 8448225, 8462114, 8448542, 8448781, 8460484, 8458983, 8460495, 8450653, 8450812, 8457921, 8451302, 8459015]","[8445700, 8445783, 8446417, 8446778, 8447630, 8447247, 8448543, 8459493, 8459017, 8449403, 8452371]","[8445769, 8457463, 8450743]"
34,HFD,19961997,"[8459023, 8446003, 8446125, 8446305, 8446423, 8460573, 8446675, 8447386, 8448225, 8462114, 8448489, 8448542, 8457203, 8460484, 8460545, 8458983, 8460495, 8450550, 8450653, 8450812, 8457921, 8451302]","[8445700, 8445783, 8446051, 8446117, 8446417, 8446778, 8447630, 8447247, 8447477, 8448797, 8459493, 8459017, 8459538, 8452371]","[8445769, 8462044, 8457463]"
1,NJD,19821983,"[8445015, 8445118, 8445725, 8445878, 8446870, 8446939, 8446993, 8447995, 8448706, 8448808, 8448844, 8448991, 8449100, 8449140, 8449535, 8449565, 8449656, 8450384, 8450501, 8451857, 8452197, 8452216, 8452368]","[8445722, 8446062, 8456667, 8448498, 8448817, 8448885, 8450135, 8450633, 8452140]","[8448891, 8448965, 8449588, 8450802]"
1,NJD,19831984,"[8445015, 8445685, 8445725, 8445878, 8446054, 8446870, 8446993, 8447812, 8447995, 8448288, 8448706, 8448808, 8448844, 8449499, 8448991, 8449140, 8449318, 8449320, 8449535, 8449565, 8449734, 8451968, 8452197, 8452216]","[8445722, 8446062, 8446309, 8446484, 8447753, 8447918, 8448498, 8448811, 8448885, 8450135, 8451075]","[8448891, 8450802]"
1,NJD,19841985,"[8444894, 8445685, 8445725, 8446054, 8446993, 8447812, 8448808, 8448844, 8449499, 8449320, 8449535, 8449740, 8450539, 8451778, 8451968, 8452216, 8452490]","[8446062, 8446309, 8446484, 8447753, 8447806, 8447918, 8448811, 8448885, 8450378, 8451075]","[8448408, 8448891, 8450802]"
1,NJD,19851986,"[8444894, 8444947, 8445685, 8445725, 8446129, 8446448, 8446993, 8447812, 8448304, 8448844, 8449499, 8449525, 8449740, 8450539, 8451719, 8451778, 8452216]","[8445722, 8446062, 8446309, 8446405, 8446484, 8447753, 8447806, 8448811, 8448885, 8450378, 8451075, 8452209, 8452516]","[8445470, 8446052, 8449474, 8450802, 8451743]"
1,NJD,19861987,"[8444894, 8444947, 8445683, 8445685, 8445725, 8445730, 8445937, 8446054, 8448304, 8448799, 8448870, 8448844, 8449499, 8449525, 8449740, 8451719, 8451778, 8452216]","[8445557, 8445722, 8446062, 8446309, 8446484, 8447806, 8449167, 8450811, 8452209, 8452516]","[8445470, 8446052, 8446971, 8449474, 8451860]"
1,NJD,19871988,"[8444947, 8445683, 8445725, 8445730, 8445937, 8446072, 8446129, 8446252, 8446448, 8448304, 8448870, 8449499, 8449095, 8449513, 8449740, 8451302, 8451719, 8451778, 8451786, 8452216]","[8445722, 8446062, 8446309, 8446484, 8448523, 8448568, 8449167, 8449949, 8452209, 8452516]","[8445769, 8446052, 8451143]"
1,NJD,19881989,"[8444947, 8445725, 8445730, 8445937, 8446072, 8446129, 8448304, 8448870, 8449499, 8449095, 8449513, 8449718, 8449740, 8449964, 8451008, 8451302, 8451719, 8451786, 8451901, 8452216, 8452571]","[8444919, 8446062, 8446309, 8446484, 8446936, 8448104, 8448523, 8448568, 8449949, 8452209, 8452353, 8452516]","[8445470, 8445769, 8451143, 8451860]"
1,NJD,19891990,"[8445657, 8445690, 8445725, 8445730, 8446129, 8446252, 8448304, 8449499, 8449095, 8449718, 8449740, 8449964, 8450483, 8451302, 8451689, 8451786, 8451784, 8451914, 8451988, 8452225, 8452571]","[8444919, 8446309, 8446484, 8446789, 8448104, 8448416, 8448523, 8448568, 8451056, 8451680, 8452209, 8452353, 8452516]","[8445769, 8451860]"
1,NJD,19901991,"[8444947, 8445603, 8445657, 8445730, 8446133, 8446129, 8446252, 8448772, 8449499, 8449029, 8449095, 8449632, 8449718, 8449740, 8450483, 8451302, 8451392, 8451689, 8451719, 8451786, 8451901, 8452571]","[8444919, 8446309, 8446484, 8446789, 8448104, 8448416, 8449136, 8449905, 8449939, 8452353]","[8445769, 8449547, 8451860]"
1,NJD,19911992,"[8445273, 8445603, 8445657, 8445730, 8446026, 8455871, 8446133, 8446129, 8456100, 8456464, 8448772, 8449095, 8449094, 8449450, 8449632, 8449718, 8449964, 8450483, 8450825, 8457983, 8451392, 8451689, 8451719, 8451786, 8451901, 8452225, 8458483]","[8444919, 8446309, 8446484, 8446789, 8448416, 8458517, 8449939, 8451715, 8452353]","[8445470, 8455710, 8456191, 8451860]"
1,NJD,19921993,"[8445273, 8445730, 8446026, 8446133, 8456100, 8456182, 8456464, 8456496, 8447958, 8448772, 8449499, 8449094, 8449450, 8449632, 8449718, 8449881, 8449964, 8457646, 8450825, 8457983, 8451392, 8451689, 8458152, 8451901, 8452225, 8458483]","[8444919, 8446309, 8446484, 8446789, 8448416, 8458517, 8449939, 8451715]","[8445470, 8451860]"
1,NJD,19931994,"[8445977, 8446026, 8456100, 8456182, 8456464, 8456496, 8447958, 8448772, 8449499, 8449450, 8449606, 8449881, 8457646, 8450293, 8450825, 8457983, 8458483]","[8444919, 8446309, 8446484, 8446789, 8457403, 8458517, 8458954, 8451715]","[8455710, 8451369, 8451860]"
1,NJD,19941995,"[8445724, 8458978, 8445977, 8446026, 8446127, 8456100, 8456182, 8456464, 8456496, 8447958, 8448772, 8449499, 8449450, 8449606, 8450293, 8450825, 8458525, 8457983, 8458036, 8458483]","[8444919, 8446042, 8446309, 8456024, 8446484, 8446789, 8457264, 8457403, 8458517, 8458954, 8451715]","[8455710, 8451860]"
1,NJD,19951996,"[8445000, 8445724, 8458978, 8445977, 8456100, 8460542, 8456464, 8447958, 8448781, 8449499, 8449450, 8459435, 8457646, 8450293, 8450825, 8458525, 8458036, 8460719, 8460465, 8451898, 8451905, 8458483]","[8444919, 8446042, 8446309, 8456024, 8447989, 8459002, 8458517, 8457661, 8458954, 8451715]","[8455710, 8457969, 8451860]"
1,NJD,19961997,"[8445000, 8445724, 8458978, 8445977, 8460542, 8447206, 8456464, 8447958, 8449499, 8449450, 8459486, 8459454, 8459435, 8450293, 8459223, 8458525, 8460515, 8458036, 8460719, 8460465, 8451898, 8458483, 8452685]","[8446042, 8446309, 8456024, 8446626, 8458517, 8449957, 8457661, 8458954, 8451715]","[8455710, 8456137, 8450743]"
1,NJD,19971998,"[8445000, 8459429, 8458978, 8445977, 8456009, 8460542, 8447206, 8456464, 8447958, 8462835, 8449499, 8449450, 8459461, 8459486, 8459454, 8459435, 8458525, 8458036, 8460465, 8451898, 8458483, 8452685]","[8445568, 8455653, 8446309, 8456024, 8459467, 8458517, 8449957, 8460561, 8451715, 8451805]","[8455710, 8456137, 8458932, 8451369]"
1,NJD,19981999,"[8445000, 8459429, 8458978, 8445977, 8456009, 8460542, 8447958, 8462835, 8466371, 8449450, 8459461, 8457491, 8459486, 8459454, 8459435, 8458525, 8460515, 8460465]","[8455653, 8446309, 8456024, 8463638, 8458517, 8449957, 8460561, 8451715, 8451805]","[8455710, 8451860]"
1,NJD,19992000,"[8459429, 8460014, 8459566, 8458978, 8460542, 8467351, 8447958, 8462037, 8448772, 8466371, 8449450, 8449654, 8459461, 8457491, 8459486, 8459454, 8459435, 8458525, 8460515, 8460465]","[8455653, 8446309, 8457191, 8465185, 8458517, 8449957, 8460521, 8467856, 8460561, 8451715, 8451805, 8465005]","[8455710, 8451860]"
1,NJD,20002001,"[8459429, 8466261, 8458978, 8446165, 8465003, 8468615, 8460542, 8467351, 8466173, 8447958, 8462037, 8466371, 8449450, 8449477, 8449654, 8457491, 8459454, 8458125, 8460465, 8458348]","[8467915, 8446309, 8466288, 8465185, 8458517, 8458637, 8467856, 8451715, 8451805, 8465005]","[8455710, 8451860, 8452157]"
1,NJD,20012002,"[8459429, 8467363, 8466261, 8458978, 8465003, 8460542, 8458645, 8467407, 8467351, 8447958, 8456770, 8459457, 8466371, 8449450, 8449477, 8457491, 8449893, 8459454, 8450825, 8469610, 8458125, 8460465]","[8444919, 8459065, 8465044, 8467915, 8446309, 8466288, 8458517, 8467856, 8451715, 8465005, 8465250]","[8455710, 8466339, 8466159, 8452157]"
1,NJD,20022003,"[8467363, 8466261, 8458978, 8468615, 8458557, 8460542, 8460501, 8467407, 8467351, 8460482, 8459457, 8466371, 8458959, 8449477, 8449893, 8459454, 8459223, 8467336, 8458125]","[8444919, 8446309, 8460689, 8458517, 8467856, 8458058, 8451715, 8460493, 8465005, 8465250]","[8455710, 8457969]"
1,NJD,20032004,"[8467363, 8466261, 8458978, 8458557, 8460542, 8460501, 8467407, 8467351, 8462159, 8459428, 8459457, 8448669, 8466371, 8458959, 8459454, 8469499, 8464968, 8467336, 8462259, 8458125, 8468536]","[8444919, 8462051, 8460689, 8468502, 8468542, 8458517, 8467856, 8451715, 8465005]","[8455710, 8466339, 8457969]"
1,NJD,20052006,"[8458978, 8460542, 8467407, 8467351, 8470123, 8459428, 8459391, 8459457, 8466371, 8458959, 8449654, 8459486, 8459454, 8470610, 8469499, 8464968, 8459223, 8470075, 8468536, 8470199, 8460498]","[8444919, 8462051, 8468502, 8456850, 8460580, 8457191, 8468542, 8458522, 8459174, 8467856, 8465005]","[8455710, 8466339]"
1,NJD,20062007,"[8458978, 8470920, 8456100, 8460542, 8467407, 8467351, 8470123, 8464983, 8459457, 8466371, 8459454, 8470610, 8472355, 8469499, 8464968, 8467336, 8470199, 8471233]","[8470335, 8467540, 8471748, 8472382, 8468502, 8460580, 8468542, 8458522, 8469665, 8467856, 8465005]","[8455710, 8466339]"
1,NJD,20072008,"[8465025, 8471697, 8458978, 8468123, 8470920, 8460542, 8467407, 8459457, 8466371, 8459454, 8470610, 8472355, 8467336, 8470199, 8471233, 8464977]","[8469992, 8472382, 8468597, 8468542, 8466309, 8469665, 8466353, 8460626, 8467352, 8465005]","[8455710, 8459463]"
1,NJD,20082009,"[8471697, 8470920, 8471764, 8460542, 8467407, 8474094, 8447958, 8459457, 8471428, 8466371, 8459454, 8470610, 8458525, 8467336, 8451302, 8470199, 8470635, 8471233, 8464977]","[8469992, 8472382, 8467956, 8467436, 8468542, 8466309, 8469665, 8474557, 8460626, 8465005]","[8455710, 8466339, 8459463]"
1,NJD,20092010,"[8471697, 8470920, 8471764, 8460542, 8474094, 8469454, 8459457, 8471428, 8458536, 8459427, 8473999, 8459454, 8470610, 8472355, 8467355, 8470225, 8458525, 8471636, 8471372, 8471233, 8473592, 8464977]","[8473580, 8467422, 8471429, 8471748, 8472382, 8468542, 8466309, 8473924, 8469665, 8474557, 8460626, 8467343, 8465005]","[8455710, 8471186]"
1,NJD,20102011,"[8459429, 8470920, 8460542, 8472410, 8474641, 8475185, 8469454, 8459457, 8471428, 8466216, 8473927, 8473999, 8470610, 8472355, 8458525, 8471636, 8469483, 8474582, 8473605, 8471233, 8473592, 8464977]","[8473580, 8471429, 8471816, 8471748, 8472382, 8467436, 8471508, 8474557, 8466182, 8475060, 8475248, 8468501, 8465005]","[8455710, 8460704, 8470093]"
1,NJD,20112012,"[8470609, 8460720, 8473646, 8470920, 8460542, 8472410, 8474641, 8470123, 8475185, 8469454, 8473927, 8473999, 8470610, 8472355, 8467412, 8471636, 8460465, 8474582, 8469542, 8471233, 8471365, 8473592, 8464977]","[8471816, 8468520, 8471748, 8472382, 8472394, 8476457, 8460626, 8466182, 8475060, 8475248, 8468501, 8469623]","[8455710, 8460704]"
1,NJD,20122013,"[8473944, 8467428, 8470609, 8475637, 8473646, 8470920, 8471851, 8460542, 8472410, 8474641, 8470123, 8475185, 8466398, 8469454, 8474681, 8476870, 8476849, 8467412, 8471636, 8460719, 8474582, 8471233, 8464977]","[8471816, 8475199, 8472382, 8472394, 8476457, 8460626, 8466182, 8475248, 8468501, 8469623]","[8455710, 8471712, 8460704, 8476234]"
1,NJD,20132014,"[8470609, 8476423, 8477059, 8473646, 8469622, 8460542, 8472410, 8474641, 8448208, 8470123, 8475185, 8474681, 8471220, 8469462, 8467545, 8471636, 8476209, 8474582, 8476227, 8471233, 8464977]","[8471816, 8475199, 8472382, 8472394, 8476457, 8475750, 8460626, 8468501, 8469623]","[8455710, 8471239]"
1,NJD,20142015,"[8470609, 8476423, 8477059, 8469500, 8469622, 8460542, 8472410, 8467351, 8467899, 8474641, 8448208, 8475185, 8476870, 8469462, 8467545, 8471636, 8476209, 8469547, 8476227, 8471233, 8464977]","[8471748, 8475199, 8472382, 8472394, 8475274, 8477127, 8476457, 8475750, 8460626, 8476923, 8469623]","[8466339, 8476234, 8471239]"
1,NJD,20152016,"[8477010, 8476423, 8469500, 8460542, 8476769, 8472410, 8474641, 8475185, 8478566, 8471311, 8476870, 8474024, 8476772, 8475151, 8476370, 8469462, 8476209, 8475758, 8470740, 8476200, 8473482, 8469547, 8477425, 8478401, 8471233]","[8475199, 8471752, 8472382, 8475274, 8476457, 8475750, 8475186, 8478584, 8477463, 8473673, 8476923, 8474660]","[8471186, 8476234, 8471239, 8475809]"
1,NJD,20162017,"[8475761, 8477010, 8476423, 8469500, 8476399, 8469759, 8473989, 8475791, 8474641, 8475185, 8478566, 8479250, 8476474, 8475151, 8469707, 8476370, 8477961, 8479291, 8475758, 8478480, 8476526, 8477425, 8478401, 8471233]","[8479483, 8472382, 8475274, 8480081, 8473933, 8475750, 8475186, 8474774, 8470724, 8477463, 8476923, 8476798]","[8476234, 8471239]"
1,NJD,20172018,"[8470619, 8479407, 8476399, 8476207, 8473546, 8475791, 8474625, 8474641, 8480002, 8475149, 8479250, 8474034, 8476474, 8475151, 8476370, 8477961, 8479291, 8471226, 8477425, 8478401, 8471233]","[8477355, 8472382, 8473933, 8475186, 8477509, 8474774, 8477463, 8476923, 8475222]","[8478965, 8476234, 8475663, 8471239]"
1,NJD,20182019,"[8475844, 8479315, 8479414, 8470619, 8479407, 8476399, 8477520, 8476545, 8479330, 8475791, 8480002, 8475149, 8479250, 8479415, 8476474, 8475151, 8476370, 8477961, 8479291, 8478881, 8471226, 8474025, 8477425, 8478401, 8471233]","[8477355, 8476941, 8472382, 8473468, 8477972, 8473933, 8477509, 8476465, 8477463, 8476923, 8475222, 8478841, 8480948]","[8478406, 8476234, 8471239]"
1,NJD,20192020,"[8479315, 8480003, 8479407, 8476399, 8477038, 8475791, 8477401, 8480002, 8481559, 8479511, 8479415, 8478447, 8475151, 8479291, 8478881, 8474190, 8476043, 8477425, 8478401, 8471233]","[8477355, 8476941, 8476368, 8472382, 8477972, 8477541, 8477509, 8476923, 8474056, 8476807, 8475222, 8478841]","[8478406, 8475839, 8471239, 8480213]"
1,NJD,20202021,"[8479414, 8480003, 8479407, 8481518, 8478421, 8477038, 8480002, 8481559, 8477341, 8479511, 8479573, 8479415, 8478447, 8475151, 8481068, 8480226, 8481740, 8477425, 8478401, 8471233]","[8480860, 8477355, 8476941, 8475179, 8476850, 8476923, 8478399, 8480883, 8474056, 8476807, 8475222, 8478841]","[8478406, 8477480, 8477180, 8475809]"
1,NJD,20212022,"[8479414, 8480003, 8479407, 8478029, 8481518, 8477512, 8478421, 8480002, 8482125, 8481559, 8477341, 8479511, 8479415, 8482110, 8481068, 8480226, 8475193, 8481740, 8476918, 8477425, 8478401, 8480188]","[8480860, 8477419, 8477435, 8476462, 8478868, 8481537, 8476923, 8478399, 8480883, 8474056, 8480054, 8478841]","[8473541, 8478406, 8482076, 8476903, 8477202, 8481033, 8475809]"
1,NJD,20222023,"[8479414, 8480003, 8479407, 8481518, 8475287, 8480002, 8482125, 8481559, 8477341, 8477508, 8479415, 8478414, 8482110, 8476292, 8481068, 8475193, 8481740, 8477425, 8480188]","[8480860, 8477435, 8476462, 8482684, 8478507, 8481537, 8476923, 8478399, 8474090]","[8478406, 8481033, 8477970]"
1,NJD,20232024,"[8479414, 8479407, 8481032, 8481518, 8475287, 8480002, 8481559, 8477508, 8477073, 8478414, 8482110, 8476292]","[8480084, 8476462, 8482684, 8480192, 8483495, 8478399]","[8474596, 8474593]"
1,NJD,20242025,"[8479414, 8479407, 8481032, 8475413, 8481518, 8479996, 8483531, 8482635, 8475287, 8480002, 8481559, 8477508, 8481594, 8477073, 8483397, 8478414, 8482110, 8476474, 8476292, 8478466, 8475193]","[8483429, 8479395, 8475455, 8475208, 8476462, 8482684, 8480192, 8483495, 8477488, 8478399, 8482873, 8478841]","[8474596, 8482076, 8474593, 8483659]"
9,OTT,19921993,"[8445053, 8455479, 8445202, 8445603, 8445657, 8459349, 8446935, 8446970, 8448092, 8459178, 8448553, 8448641, 8448676, 8457083, 8448793, 8449326, 8449755, 8450293, 8451567, 8458095, 8451914, 8451988]","[8446424, 8447489, 8459009, 8448577, 8448717, 8448675, 8448961, 8449175, 8449608, 8457589, 8450260, 8451059, 8451305]","[8445462, 8459350, 8451369, 8452355]"
9,OTT,19931994,"[8445053, 8455646, 8445629, 8455736, 8459423, 8456019, 8459648, 8456647, 8448422, 8448553, 8448641, 8448664, 8457061, 8448793, 8449094, 8449326, 8449488, 8449773, 8459318, 8458961, 8450635, 8450650, 8451083, 8459316, 8451954, 8451988, 8452148, 8458939]","[8446424, 8458563, 8447630, 8459009, 8448048, 8448521, 8456959, 8448822, 8457135, 8448961, 8457262, 8450260, 8451059, 8451305]","[8445462, 8445470, 8448628, 8459350]"
9,OTT,19941995,"[8445053, 8455646, 8460105, 8445629, 8446261, 8459423, 8456019, 8459648, 8446676, 8456347, 8459034, 8456647, 8456985, 8457061, 8449094, 8449488, 8449773, 8450357, 8458955, 8451988, 8452148, 8458939]","[8459449, 8446288, 8456595, 8448048, 8456974, 8448961, 8460520, 8450089, 8457681, 8451305]","[8455501, 8445381, 8445470, 8459350]"
9,OTT,19951996,"[8460621, 8445053, 8460105, 8445629, 8446026, 8446261, 8459423, 8459648, 8456118, 8446676, 8456347, 8457061, 8449094, 8459230, 8449488, 8450357, 8450635, 8459325, 8458955, 8460759, 8452148, 8458939]","[8446062, 8446288, 8446494, 8456595, 8448048, 8456974, 8458805, 8457403, 8446955, 8460520, 8457681, 8458986]","[8455501, 8445381, 8457791]"
9,OTT,19961997,"[8460621, 8460105, 8455850, 8446026, 8458508, 8446261, 8465090, 8459423, 8458645, 8447515, 8458888, 8457297, 8452147, 8452148, 8458939, 8458485, 8458991]","[8459449, 8446494, 8456595, 8458805, 8446955, 8460520, 8459690, 8457681, 8462033, 8458327, 8458468]","[8455501, 8457791, 8451837]"
9,OTT,19971998,"[8460621, 8459064, 8466249, 8460105, 8465230, 8458508, 8446261, 8465090, 8459423, 8458516, 8458645, 8466148, 8458888, 8457297, 8460545, 8459492, 8452147, 8452148, 8458939, 8458485, 8458991]","[8459449, 8460747, 8456595, 8458585, 8458805, 8460520, 8464956, 8457681, 8462033, 8458468]","[8457791, 8451837]"
9,OTT,19981999,"[8460621, 8466249, 8445424, 8460105, 8455752, 8458508, 8465090, 8456087, 8446675, 8458645, 8466148, 8458650, 8448764, 8460484, 8457297, 8460545, 8458658, 8459492, 8458575, 8452147, 8458939]","[8459449, 8456455, 8458585, 8458805, 8460520, 8464956, 8457681, 8462033, 8465202, 8458986, 8458468]","[8457791, 8451837]"
9,OTT,19992000,"[8460621, 8466249, 8460105, 8455752, 8465090, 8446423, 8459545, 8467370, 8460654, 8458645, 8466148, 8456760, 8460484, 8457297, 8449607, 8459492, 8460639, 8458575, 8467425, 8452147, 8458477]","[8446435, 8465222, 8456455, 8458585, 8458805, 8448740, 8464956, 8466353, 8462033, 8465202, 8458986, 8462527, 8458468]","[8445275, 8458981, 8466192, 8459579, 8451837]"
9,OTT,20002001,"[8460621, 8466249, 8460105, 8465230, 8465090, 8459545, 8467370, 8460654, 8467899, 8466148, 8456933, 8457297, 8458658, 8459492, 8460639, 8467425, 8451359, 8466392, 8458939, 8458477]","[8460912, 8460661, 8458585, 8465168, 8448797, 8457661, 8464956, 8466353, 8462033, 8459484, 8465202, 8458468]","[8458981, 8466192, 8459579]"
9,OTT,20012002,"[8460621, 8466249, 8467384, 8460105, 8445734, 8465230, 8469728, 8467370, 8467899, 8459159, 8466148, 8448092, 8466200, 8460484, 8457297, 8460707, 8467493, 8460639, 8467425, 8466392, 8458605]","[8465009, 8460661, 8465168, 8448797, 8457661, 8464956, 8466353, 8462033, 8459484, 8465202]","[8466192, 8467921, 8459579, 8468037]"
9,OTT,20022003,"[8460621, 8466249, 8460105, 8459996, 8469728, 8467370, 8467899, 8466148, 8448092, 8466200, 8460484, 8467493, 8450678, 8462093, 8467425, 8458069, 8460044, 8469455, 8465035, 8452147, 8460579, 8466392]","[8465009, 8460661, 8465168, 8448797, 8464956, 8468427, 8466353, 8462033, 8468501]","[8469548, 8459579, 8468037]"
9,OTT,20032004,"[8460621, 8445575, 8460105, 8467370, 8462185, 8467899, 8466148, 8448092, 8467967, 8469639, 8466200, 8467493, 8466421, 8450678, 8462093, 8467425, 8458069, 8469455, 8452147, 8460579, 8468535, 8466392]","[8465009, 8460254, 8460661, 8448797, 8464956, 8468427, 8466353, 8462033, 8460782, 8467399, 8468501]","[8469548, 8459579, 8468037]"
9,OTT,20052006,"[8460621, 8467483, 8469666, 8470622, 8467370, 8462185, 8467899, 8468482, 8467967, 8460484, 8467977, 8467493, 8462093, 8469575, 8458069, 8469455, 8460579, 8468535]","[8465009, 8469515, 8471236, 8459636, 8468544, 8464956, 8468427, 8462033, 8468501]","[8469548, 8447687, 8467486]"
9,OTT,20062007,"[8460621, 8469546, 8467964, 8470622, 8467370, 8462185, 8468482, 8470636, 8470267, 8467967, 8458536, 8467977, 8467493, 8466421, 8467884, 8462093, 8469575, 8469455, 8468535]","[8466215, 8469515, 8471236, 8468184, 8464956, 8470575, 8462033, 8468501]","[8469548, 8469675]"
9,OTT,20072008,"[8460621, 8471760, 8459450, 8470622, 8467370, 8473422, 8468482, 8470636, 8467967, 8458524, 8458536, 8467977, 8467493, 8471334, 8466110, 8469575, 8469455, 8458943, 8468535, 8474498, 8471763]","[8467915, 8466215, 8471683, 8471236, 8468184, 8464956, 8462033, 8450824, 8468501]","[8470880, 8469548, 8469675]"
9,OTT,20082009,"[8460621, 8471760, 8467964, 8459450, 8467370, 8473422, 8468482, 8470636, 8467967, 8458536, 8467493, 8471299, 8467393, 8469575, 8471634, 8474250, 8469455, 8468535, 8474498, 8471763]","[8469516, 8470329, 8467931, 8462225, 8471683, 8464956, 8470678, 8450824, 8458954, 8468501]","[8467913, 8470880, 8469675]"
9,OTT,20092010,"[8460621, 8475637, 8467357, 8464989, 8473484, 8459450, 8467370, 8473422, 8470636, 8471972, 8467967, 8458529, 8470599, 8467493, 8471299, 8467393, 8471634, 8474250, 8469455, 8470366, 8474498]","[8470329, 8467931, 8475174, 8474578, 8462225, 8471683, 8464956, 8470678, 8473953, 8467304, 8468501]","[8470800, 8470880, 8469461]"
9,OTT,20102011,"[8460621, 8471760, 8475637, 8473588, 8476205, 8467370, 8473422, 8471862, 8467967, 8458529, 8466212, 8470705, 8470599, 8467493, 8474024, 8470680, 8471299, 8467393, 8471634, 8474250, 8469455, 8469670, 8471368, 8474498]","[8470378, 8470329, 8467931, 8458951, 8468502, 8474578, 8462225, 8471683, 8464956, 8473953, 8474605]","[8467950, 8470800, 8470880, 8469461, 8475215, 8470147]"
9,OTT,20112012,"[8460621, 8475637, 8473588, 8476205, 8473484, 8474566, 8473422, 8471862, 8474884, 8473970, 8469820, 8470599, 8467493, 8474024, 8474670, 8471299, 8475164, 8474250, 8469455, 8475913, 8474068, 8474498, 8476459]","[8474697, 8467931, 8475174, 8475118, 8458951, 8474578, 8462225, 8471683, 8464956, 8475182]","[8467950, 8467913, 8471750, 8475215]"
9,OTT,20122013,"[8460621, 8476195, 8473588, 8476205, 8473484, 8475661, 8474683, 8471862, 8474884, 8471719, 8471670, 8470599, 8467493, 8474024, 8476419, 8471299, 8475164, 8474250, 8469455, 8475913, 8474068, 8476459]","[8470378, 8474697, 8475174, 8458951, 8473468, 8474578, 8471314, 8470760, 8464956, 8474605]","[8467950, 8471750, 8475215]"
9,OTT,20132014,"[8476195, 8473588, 8476205, 8474683, 8471862, 8469466, 8474884, 8471719, 8470667, 8470599, 8467493, 8476419, 8471676, 8474250, 8469455, 8475913, 8474068, 8476459]","[8474697, 8476879, 8466215, 8475174, 8473468, 8474578, 8470760, 8464956, 8474605]","[8467950, 8477202, 8474855, 8475215]"
9,OTT,20142015,"[8475163, 8473588, 8471862, 8474884, 8477508, 8467330, 8470667, 8470599, 8467493, 8476419, 8476386, 8476477, 8471676, 8474250, 8475913, 8474068, 8476459]","[8474697, 8476879, 8475174, 8473468, 8474578, 8470760, 8464956, 8474605]","[8467950, 8476904, 8477202, 8475215]"
9,OTT,20152016,"[8475163, 8476288, 8475661, 8467351, 8471862, 8474884, 8477508, 8470667, 8476323, 8470599, 8467493, 8476419, 8477426, 8476386, 8476477, 8477210, 8471676, 8474250, 8475913, 8474068, 8475321, 8476459]","[8474697, 8476879, 8476368, 8475174, 8477433, 8474578, 8474497, 8470760, 8470602, 8475227, 8474605]","[8467950, 8476904, 8477202, 8478559]"
9,OTT,20162017,"[8478376, 8471663, 8473544, 8470358, 8474018, 8476288, 8474884, 8467967, 8477508, 8470667, 8476323, 8467493, 8476419, 8477426, 8476477, 8471768, 8477210, 8471676, 8474250, 8473537, 8475913, 8474068, 8475321, 8478400, 8474739]","[8474697, 8476879, 8478469, 8476368, 8477971, 8477433, 8476279, 8474578, 8470760, 8470602, 8475227]","[8467950, 8477237, 8476904, 8477202]"
9,OTT,20172018,"[8471663, 8473544, 8479366, 8470358, 8478488, 8474018, 8475168, 8475254, 8476288, 8480029, 8468483, 8474884, 8476323, 8474024, 8475175, 8476419, 8477426, 8471768, 8478268, 8471676, 8475328, 8476406, 8474250, 8475913, 8470775, 8474068, 8478400]","[8474697, 8475982, 8476879, 8478469, 8476368, 8477971, 8477433, 8478868, 8474578, 8469665, 8470602, 8476890, 8475227, 8478846]","[8467950, 8477237, 8471433]"
9,OTT,20182019,"[8479411, 8475423, 8478870, 8480208, 8474571, 8479366, 8474008, 8478488, 8475168, 8477407, 8476288, 8480029, 8476207, 8475715, 8476323, 8475175, 8476419, 8477426, 8471768, 8478268, 8471676, 8474250, 8475913, 8476919, 8480801, 8480314, 8478400]","[8474697, 8480073, 8475982, 8476879, 8478469, 8476331, 8475206, 8477971, 8473992, 8474597, 8477433, 8478868, 8479320, 8475227, 8478846]","[8467950, 8477237, 8478916, 8477405, 8470093, 8475195]"
9,OTT,20192020,"[8479411, 8473573, 8478870, 8480208, 8478833, 8474571, 8477015, 8479366, 8478488, 8480247, 8477407, 8474589, 8477963, 8476480, 8480064, 8476419, 8477426, 8476285, 8471676, 8477149, 8475224, 8476919, 8480801, 8480314, 8478400]","[8474697, 8480073, 8478469, 8476331, 8477971, 8474597, 8468493, 8478868, 8479320, 8476422, 8478846, 8479458]","[8467950, 8477405, 8475195]"
9,OTT,20202021,"[8479411, 8478020, 8473573, 8480208, 8478056, 8477015, 8479366, 8478488, 8474149, 8476288, 8480029, 8476851, 8474230, 8480448, 8480064, 8476975, 8477426, 8476285, 8481596, 8474613, 8482116, 8476919, 8480801, 8475766, 8478400]","[8481629, 8480879, 8480073, 8477384, 8478469, 8470601, 8475790, 8479376, 8476422, 8478846, 8479458, 8482245]","[8478916, 8476341, 8479406, 8477405, 8476899]"
9,OTT,20212022,"[8475461, 8480208, 8478056, 8477015, 8474589, 8480029, 8479580, 8478874, 8478472, 8480355, 8480448, 8481657, 8480064, 8477426, 8481596, 8481133, 8477149, 8477482, 8478485, 8476400, 8481102, 8482116, 8476919, 8480801, 8475766, 8478400]","[8480879, 8480073, 8477384, 8478469, 8474584, 8474612, 8477471, 8474207, 8479376, 8481575, 8479458, 8482245]","[8476341, 8479406, 8476899, 8481544]"
9,OTT,20222023,"[8480208, 8473544, 8477887, 8478078, 8479337, 8479580, 8479328, 8473512, 8482092, 8478472, 8480355, 8480448, 8481422, 8477353, 8480064, 8481596, 8481102, 8482116, 8480801, 8475766]","[8480879, 8480073, 8478469, 8479345, 8481679, 8474612, 8477471, 8474207, 8482095, 8478491, 8482105, 8481575, 8479458, 8482245]","[8480263, 8476341, 8476433, 8480867, 8482447, 8481544, 8475660]"
9,OTT,20232024,"[8480208, 8473512, 8482092, 8478472, 8479772, 8480064, 8481596, 8482116, 8480801]","[8480879, 8478469, 8479345, 8474612, 8482105, 8482245]","[8476341, 8476999]"
9,OTT,20242025,"[8478020, 8480208, 8476393, 8481528, 8478874, 8473512, 8482092, 8478146, 8478173, 8474102, 8481596, 8482116, 8480801, 8480188]","[8478469, 8478502, 8474612, 8475324, 8482095, 8484321, 8482105, 8482245]","[8476341, 8476999]"
21,COL,19951996,"[8458964, 8458538, 8459436, 8458520, 8447515, 8456770, 8448415, 8456882, 8448674, 8448772, 8460526, 8449773, 8449895, 8450817, 8458534, 8451089, 8451101, 8458031, 8459441, 8459122, 8452569]","[8456283, 8447363, 8456852, 8448554, 8458805, 8448770, 8448797, 8457384, 8459550, 8458544, 8458048, 8452516]","[8446831, 8451033, 8459432]"
21,COL,19961997,"[8460502, 8458538, 8459436, 8458520, 8456745, 8456770, 8448415, 8456933, 8448772, 8460526, 8459576, 8460012, 8450817, 8451101, 8458575, 8451293, 8459441, 8459122, 8452569]","[8458560, 8456283, 8447363, 8456852, 8448554, 8448770, 8448797, 8457384, 8458544]","[8445470, 8462055, 8451033]"
21,COL,19971998,"[8460502, 8458538, 8459436, 8459450, 8446830, 8458520, 8456745, 8456770, 8448569, 8456933, 8462082, 8448772, 8460526, 8459576, 8460012, 8457566, 8450817, 8451089, 8451101, 8458575, 8459122]","[8456283, 8447363, 8456852, 8448554, 8448770, 8448822, 8457384, 8458544, 8460087]","[8445470, 8451033]"
21,COL,19981999,"[8460649, 8460502, 8458538, 8459436, 8460509, 8459450, 8460562, 8446847, 8458520, 8460577, 8448117, 8456745, 8456770, 8456933, 8448772, 8459576, 8460012, 8457566, 8465016, 8457704, 8451089, 8451101, 8459122]","[8459264, 8455976, 8460254, 8456283, 8458801, 8447363, 8456852, 8448770, 8457384, 8458544, 8451073, 8462213, 8460753]","[8445470, 8462055, 8451033]"
21,COL,19992000,"[8445000, 8460649, 8459436, 8460509, 8459450, 8460562, 8458520, 8460577, 8465175, 8448772, 8459576, 8460012, 8466210, 8457566, 8457704, 8450773, 8458525, 8451101, 8467338, 8465113, 8459122]","[8445621, 8460254, 8456283, 8447363, 8459038, 8456852, 8457384, 8458544, 8467343, 8462213]","[8462055, 8451033, 8451834]"
21,COL,20002001,"[8465002, 8459436, 8460509, 8460562, 8458520, 8460577, 8465175, 8462082, 8460012, 8466210, 8465016, 8457704, 8459654, 8450773, 8468432, 8451101, 8462600, 8467338, 8459122]","[8466189, 8445550, 8445621, 8460254, 8456283, 8447363, 8456852, 8457384, 8463638, 8459538, 8467343]","[8466290, 8451033]"
21,COL,20012002,"[8464922, 8460562, 8458666, 8458520, 8468056, 8460577, 8465175, 8448415, 8468025, 8462082, 8460012, 8467379, 8468494, 8466210, 8465016, 8457704, 8468432, 8451101, 8467338, 8468085, 8465113, 8459122]","[8466189, 8445550, 8460254, 8456283, 8447187, 8458942, 8463638, 8462220, 8467343, 8460087]","[8466290, 8451033]"
21,COL,20022003,"[8460649, 8460620, 8459566, 8458520, 8468056, 8460577, 8465175, 8448415, 8462082, 8462068, 8458536, 8460012, 8467379, 8468494, 8465016, 8468432, 8451101, 8458972, 8467904, 8467338, 8468085, 8465113]","[8445550, 8460254, 8456283, 8449137, 8464966, 8463638, 8464997, 8467343, 8462069]","[8466290, 8451033]"
21,COL,20032004,"[8459019, 8460620, 8459996, 8464993, 8455984, 8458520, 8459425, 8468056, 8460577, 8456567, 8465175, 8459426, 8458572, 8468025, 8467898, 8462082, 8462068, 8469591, 8467379, 8458983, 8451101, 8457981, 8467904, 8469670, 8467338, 8462198]","[8445550, 8455666, 8465122, 8456283, 8468639, 8464966, 8468568, 8467343, 8467519, 8467369]","[8466290, 8459541, 8467364]"
21,COL,20052006,"[8459596, 8456100, 8459614, 8460577, 8465175, 8458572, 8466316, 8459094, 8457261, 8469591, 8465968, 8470755, 8451101, 8469670, 8467338, 8451991, 8471234]","[8445550, 8455666, 8445739, 8465122, 8468639, 8468568, 8467519, 8467369]","[8466290, 8469514, 8471915, 8460535]"
21,COL,20062007,"[8467483, 8459596, 8466300, 8460577, 8466316, 8459094, 8457261, 8469591, 8465968, 8465016, 8468095, 8470755, 8468466, 8451101, 8471669, 8469670, 8451991, 8471234]","[8445739, 8465122, 8471879, 8468113, 8456850, 8467917, 8468639, 8468568, 8467519, 8467369]","[8469514, 8460535]"
21,COL,20072008,"[8467483, 8459596, 8458520, 8466300, 8460577, 8471753, 8473979, 8470877, 8459094, 8469591, 8471657, 8465016, 8470755, 8451101, 8466357, 8460496, 8471669, 8469670, 8471234]","[8470187, 8465122, 8471879, 8468113, 8456283, 8466158, 8467917, 8468639, 8464962, 8468568, 8467519]","[8469514, 8460535, 8470062]"
21,COL,20082009,"[8467483, 8470697, 8472263, 8474001, 8466300, 8460577, 8468611, 8471753, 8470877, 8459094, 8473407, 8469591, 8471657, 8451101, 8460496, 8471669, 8473485, 8469670, 8459574, 8465113, 8471234]","[8465122, 8471879, 8456283, 8466158, 8467917, 8468639, 8471786, 8471004, 8468184, 8471327, 8471396, 8464962, 8462115, 8471413]","[8469514, 8467453]"
21,COL,20092010,"[8475168, 8470697, 8472263, 8474001, 8468121, 8460577, 8468611, 8471753, 8470877, 8468626, 8471657, 8471829, 8473526, 8475158, 8471331, 8471669, 8473485, 8471708, 8469670, 8459574, 8465113, 8471234, 8459122, 8471450]","[8465122, 8471879, 8456283, 8466158, 8468639, 8471327, 8471396, 8470575, 8470724, 8464962, 8473700]","[8467950, 8469514]"
21,COL,20102011,"[8475168, 8470697, 8470039, 8458520, 8474001, 8460577, 8470877, 8468626, 8470203, 8469508, 8471657, 8475158, 8474705, 8471331, 8471669, 8473485, 8471708, 8470189, 8471476, 8471450]","[8470623, 8474002, 8471879, 8456283, 8474611, 8466158, 8474730, 8471436, 8473446, 8470656, 8468639, 8471786, 8470672, 8470724, 8474031, 8473700]","[8467950, 8469514, 8470880]"
21,COL,20112012,"[8471730, 8476225, 8471703, 8475168, 8474001, 8460577, 8470877, 8469467, 8476455, 8470152, 8474089, 8469508, 8473465, 8471657, 8473526, 8475158, 8474705, 8471331, 8471669, 8470189, 8471476, 8471450]","[8475197, 8475206, 8470699, 8471436, 8473446, 8470839, 8470672, 8470724, 8473700]","[8462044, 8473575]"
21,COL,20122013,"[8471326, 8471703, 8475168, 8460577, 8470877, 8469467, 8476455, 8474089, 8473465, 8471657, 8470750, 8475158, 8474705, 8474030, 8469707, 8475958, 8471669, 8470189, 8475266]","[8475197, 8475206, 8470699, 8471436, 8473446, 8470839, 8470672, 8473700, 8468636]","[8475824, 8462044, 8473575]"
21,COL,20132014,"[8471326, 8474008, 8471718, 8471703, 8475168, 8475767, 8476455, 8477492, 8474089, 8473465, 8471657, 8470750, 8475158, 8469707, 8471669, 8470171, 8467338, 8470189]","[8475197, 8470378, 8475206, 8470317, 8470699, 8474207, 8471436, 8473446, 8464981, 8476798, 8473700]","[8475824, 8473499, 8462044, 8473575]"
21,COL,20142015,"[8475461, 8471326, 8464975, 8474008, 8475150, 8471718, 8475168, 8477902, 8475878, 8475767, 8462042, 8476455, 8477492, 8473465, 8471657, 8470750, 8475158, 8477916, 8475958, 8476536, 8476043, 8470171, 8467338, 8475266]","[8475197, 8475206, 8470317, 8470699, 8474207, 8473446, 8474743, 8476464, 8476798, 8467331, 8473700]","[8473499, 8475717, 8473575]"
21,COL,20152016,"[8475461, 8474571, 8471260, 8475168, 8477902, 8476888, 8462042, 8476455, 8477492, 8478561, 8473574, 8471657, 8470750, 8478420, 8477916, 8471681, 8471262, 8476043, 8467338, 8475780]","[8475197, 8467400, 8477453, 8473550, 8475199, 8475759, 8470317, 8474207, 8473446, 8474743, 8467331, 8477507]","[8473499, 8475717, 8473575, 8477914]"
21,COL,20162017,"[8477413, 8475268, 8471504, 8474577, 8471260, 8477456, 8475168, 8478421, 8476888, 8476428, 8476511, 8462042, 8479370, 8476455, 8477492, 8478561, 8471657, 8470750, 8476442, 8478420, 8474727, 8471262]","[8474717, 8475197, 8467400, 8475199, 8474597, 8473446, 8478073, 8476464, 8469492, 8474605, 8477507]","[8477484, 8475717, 8474092, 8473575]"
21,COL,20172018,"[8477413, 8475268, 8471260, 8477456, 8475168, 8478421, 8476428, 8479370, 8477973, 8477021, 8476455, 8477492, 8476442, 8478420, 8471262, 8476952, 8474569, 8476855]","[8475729, 8474717, 8475197, 8477453, 8479398, 8473446, 8478073, 8478842, 8475747, 8476464, 8474660, 8477507]","[8473541, 8477202, 8473575]"
21,COL,20182019,"[8475461, 8477413, 8475268, 8473544, 8474685, 8477456, 8477448, 8480326, 8478421, 8479370, 8477973, 8477021, 8476455, 8477492, 8476442, 8481186, 8478420, 8471262, 8476952, 8474569]","[8475729, 8474717, 8475197, 8474013, 8479398, 8477435, 8473446, 8478073, 8480069, 8475747, 8477507]","[8480925, 8475831, 8473575]"
21,COL,20192020,"[8477930, 8477444, 8474685, 8477456, 8475820, 8480326, 8479370, 8475172, 8477973, 8480822, 8476455, 8477492, 8477126, 8476480, 8477501, 8476442, 8481186, 8478420, 8476391, 8474569]","[8474717, 8474013, 8475246, 8479398, 8477435, 8473446, 8478073, 8480069, 8480157, 8479982, 8477507]","[8477312, 8480925, 8475831, 8474636, 8479530]"
21,COL,20202021,"[8477930, 8477444, 8474685, 8477456, 8475820, 8480326, 8479370, 8475172, 8480822, 8476455, 8477492, 8477126, 8481618, 8477501, 8477070, 8481186, 8480846, 8478420, 8476438, 8480748, 8471262]","[8477335, 8481524, 8474013, 8478502, 8479398, 8477435, 8473446, 8479439, 8480069, 8479387, 8475747, 8474688, 8479252, 8479982, 8478038]","[8471227, 8475831, 8477992, 8480112]"
21,COL,20212022,"[8477979, 8477444, 8471699, 8477456, 8471794, 8479370, 8475172, 8480822, 8476455, 8477476, 8477492, 8479573, 8476870, 8477126, 8483570, 8481618, 8477501, 8481186, 8480846, 8478420, 8480748, 8478106, 8481477]","[8482111, 8481524, 8479398, 8480913, 8473446, 8471677, 8477073, 8479439, 8480069, 8476312, 8476850, 8478038]","[8481020, 8480925, 8477992, 8475311]"
21,COL,20222023,"[8477320, 8480032, 8482250, 8471699, 8477456, 8474189, 8482147, 8476851, 8471794, 8476948, 8478211, 8480822, 8477476, 8477492, 8478843, 8479573, 8477126, 8483570, 8481618, 8477501, 8476442, 8481186, 8482712, 8480846, 8478420, 8478542, 8476310]","[8481524, 8477971, 8479398, 8476779, 8473446, 8471677, 8477073, 8479439, 8480069, 8476312, 8478038]","[8481020, 8480925, 8480382, 8477992, 8476234]"
21,COL,20232024,"[8479525, 8482147, 8481042, 8477476, 8477492, 8479999, 8481186, 8478420, 8475780, 8477425]","[8482072, 8479398, 8480069, 8484258, 8476312, 8479387, 8478038]","[8481020, 8480382, 8481529]"
21,COL,20242025,"[8479525, 8475745, 8477494, 8480835, 8480448, 8481641, 8476455, 8477476, 8477492, 8480039, 8475754, 8477501, 8481186, 8476918, 8477425]","[8479398, 8473446, 8479324, 8480069, 8484258, 8476312, 8479387, 8478038]","[8478406, 8475809]"
44,NYA,19251926,"[8445109, 8445131, 8445255, 8445312, 8446643, 8446644, 8446665, 8447323, 8447794, 8447896, 8448246, 8448349]","[8445319, 8449045]","[8449918, 8450000]"
44,NYA,19261927,"[8445131, 8445255, 8445526, 8446643, 8446644, 8446877, 8447289, 8447323, 8447794, 8448246, 8448349, 8448949]","[8445143, 8445514, 8448315, 8449045]",[8449918]
44,NYA,19271928,"[8445026, 8445131, 8445133, 8445255, 8446643, 8446877, 8447794, 8448462]","[8445143, 8445514, 8448315, 8449045]","[8449918, 8450043]"
44,NYA,19281929,"[8445131, 8445168, 8445255, 8445525, 8445972, 8446877, 8447827, 8449007, 8449392]","[8445514, 8448315, 8449045, 8449141]","[8449918, 8450144, 8450153]"
44,NYA,19291930,"[8445148, 8445255, 8445284, 8446877, 8446897, 8447634, 8447827, 8448098, 8449007]","[8445203, 8445514, 8448315, 8449045]","[8449918, 8449983, 8450153]"
44,NYA,19301931,"[8445255, 8445284, 8445346, 8446152, 8446877, 8446954, 8447634, 8447827, 8447999, 8448098, 8449007]","[8444989, 8445203, 8445968, 8445969, 8448210, 8448241, 8449045]",[8450153]
44,NYA,19311932,"[8445255, 8445284, 8445527, 8446152, 8446245, 8446652, 8446877, 8446954, 8447054, 8447139, 8447183, 8447306, 8447634, 8447780, 8447827, 8448098, 8449007, 8449553]","[8444989, 8445203, 8445969, 8449019]","[8449918, 8450009, 8450104, 8450153]"
44,NYA,19321933,"[8445261, 8445527, 8446245, 8446877, 8447036, 8447139, 8447221, 8447242, 8447628, 8447827, 8448098, 8448141, 8449007, 8449161, 8449238, 8449366]","[8444989, 8445203, 8445968, 8445969, 8448298]","[8449918, 8450153]"
44,NYA,19331934,"[8445261, 8445362, 8445518, 8446628, 8446649, 8446877, 8447036, 8447221, 8447628, 8447827, 8448098, 8448149]","[8445203, 8445926, 8445968, 8445969, 8447924, 8449133]","[8449856, 8449858, 8449983, 8450003, 8450104, 8450153]"
44,NYA,19341935,"[8445261, 8445333, 8445362, 8445518, 8446152, 8446628, 8446787, 8446843, 8446877, 8447221, 8447827, 8448055, 8448946]","[8445203, 8445969, 8447924, 8449059]",[8450153]
44,NYA,19351936,"[8444931, 8445333, 8445362, 8445648, 8446152, 8446771, 8446787, 8447221, 8448055, 8448946, 8449189, 8449308, 8449593]","[8445203, 8445926, 8445969, 8447056, 8447130, 8447924]",[8450153]
44,NYA,19361937,"[8444931, 8444982, 8445333, 8445362, 8445648, 8445830, 8446152, 8446771, 8447027, 8447052, 8447221, 8447306, 8447470, 8448055, 8448946, 8449189, 8449593]","[8445042, 8445926, 8446215, 8446559, 8446631, 8447056, 8447130, 8447924, 8448309, 8449019]","[8449850, 8450045, 8450151, 8450153]"
44,NYA,19371938,"[8444931, 8445037, 8445333, 8445362, 8446152, 8447221, 8447306, 8448946, 8449022, 8449077, 8449128, 8449189, 8449593]","[8445854, 8446559, 8447056, 8447098, 8447924]",[8450105]
44,NYA,19381939,"[8444931, 8445037, 8445333, 8445362, 8446607, 8447023, 8447052, 8448946, 8449077, 8449128, 8449189, 8449593]","[8446215, 8446559, 8447056, 8447924, 8449235]","[8450045, 8450105]"
44,NYA,19391940,"[8444931, 8444972, 8445113, 8445333, 8445362, 8445512, 8446553, 8447025, 8448440, 8449077, 8449128, 8449189, 8449593]","[8445042, 8446135, 8446215, 8447924, 8449000, 8449024, 8449235]",[8450105]
44,NYA,19401941,"[8444874, 8444931, 8444972, 8445060, 8445113, 8445333, 8445512, 8445579, 8446246, 8446968, 8447025, 8447148, 8447331, 8448051, 8449077, 8449128, 8449239, 8449636]","[8445155, 8446135, 8446215, 8449053, 8449235]","[8450096, 8450105]"
15,WSH,19741975,"[8444929, 8444984, 8444997, 8445101, 8445704, 8445749, 8445964, 8446141, 8446512, 8446586, 8446654, 8446929, 8447240, 8447275, 8448642, 8448804, 8449248, 8447880, 8447897, 8448009, 8450290, 8450631, 8450843, 8451731, 8452427, 8449481]","[8444926, 8445179, 8448363, 8447116, 8448595, 8447528, 8447531, 8447857, 8448963, 8451529]","[8449783, 8449811, 8448891]"
15,WSH,19751976,"[8444997, 8445056, 8445667, 8446100, 8446141, 8446586, 8446654, 8447196, 8448642, 8447314, 8449248, 8447829, 8449675, 8448009, 8450090, 8450631, 8451385, 8449158, 8451731, 8452427, 8449481]","[8445114, 8445179, 8448363, 8447116, 8448595, 8448649, 8447452, 8447531, 8449500, 8450168, 8451162, 8451529]","[8449811, 8448891, 8452519]"
15,WSH,19761977,"[8444997, 8445056, 8445667, 8446044, 8445505, 8446921, 8447196, 8448642, 8447314, 8449248, 8447829, 8449675, 8448009, 8450216, 8448093, 8450843, 8451028, 8448967, 8451385, 8451731, 8452427]","[8445114, 8447402, 8448595, 8448649, 8447452, 8447531, 8447857, 8450168, 8451162, 8451529, 8449367]","[8449859, 8448891, 8452519]"
15,WSH,19771978,"[8444997, 8445667, 8445793, 8446044, 8445505, 8446908, 8447157, 8446588, 8447245, 8448642, 8448873, 8449248, 8449440, 8447829, 8450216, 8448093, 8450843, 8451028, 8451385, 8451731, 8452427]","[8445114, 8447402, 8448595, 8448649, 8447452, 8447531, 8450359, 8451529, 8449367]","[8445388, 8451528, 8452519]"
15,WSH,19781979,"[8445089, 8445430, 8445667, 8445793, 8445981, 8446044, 8446543, 8446908, 8446588, 8447245, 8447774, 8448642, 8448873, 8449248, 8449284, 8447829, 8449738, 8450216, 8448093, 8450490, 8450843, 8450848, 8451028, 8451385, 8451731, 8452281]","[8445612, 8447402, 8448595, 8448649, 8447531, 8450359, 8451162, 8451529, 8451803, 8451956, 8449367]","[8445388, 8445619, 8448175, 8452519]"
15,WSH,19791980,"[8446019, 8446044, 8446103, 8446159, 8446269, 8446543, 8447067, 8446588, 8447429, 8447508, 8447774, 8448260, 8448401, 8448746, 8448873, 8449284, 8449738, 8449889, 8450482, 8450490, 8450655, 8450848, 8451028, 8451385, 8452281]","[8445612, 8447402, 8448595, 8448649, 8448975, 8450359, 8450805, 8451162, 8451803, 8451887, 8451956]","[8445619, 8448175, 8451695]"
15,WSH,19801981,"[8446019, 8446044, 8446269, 8446543, 8447067, 8447429, 8447508, 8447733, 8448260, 8448444, 8448873, 8449284, 8449738, 8450566, 8450655, 8450920, 8451922, 8452220, 8452281]","[8445612, 8447402, 8448351, 8448595, 8448898, 8448975, 8449507, 8450805, 8451538, 8451887, 8452206, 8452254]","[8445619, 8448175, 8450132, 8450209, 8451695]"
15,WSH,19811982,"[8445477, 8445977, 8446019, 8446269, 8446497, 8446952, 8447067, 8447305, 8447429, 8447508, 8448260, 8448444, 8448495, 8449284, 8449443, 8450482, 8450566, 8450655, 8450920, 8451028, 8451363, 8451737, 8451922, 8452153, 8452281]","[8445557, 8445612, 8445858, 8445870, 8447402, 8447801, 8447941, 8448351, 8448975, 8449507, 8449772, 8449905, 8450805, 8451887, 8452206, 8452254]","[8448275, 8450132, 8450209]"
15,WSH,19821983,"[8445773, 8445977, 8446269, 8446497, 8447067, 8447305, 8447429, 8447684, 8447990, 8448254, 8448713, 8449284, 8449938, 8450920, 8452153]","[8445557, 8445858, 8446679, 8447801, 8447941, 8448651, 8448975, 8449905, 8451715, 8451887, 8452206]","[8448275, 8449691, 8450209, 8450835]"
15,WSH,19831984,"[8444898, 8445977, 8446079, 8446269, 8446497, 8446705, 8446743, 8446952, 8447067, 8447305, 8447429, 8447684, 8447805, 8447990, 8448254, 8448713, 8449320, 8451108, 8452153]","[8444962, 8445557, 8446679, 8448651, 8448975, 8449745, 8451323, 8451715, 8451887, 8452206]","[8448275, 8449286, 8450209, 8450835]"
15,WSH,19841985,"[8444898, 8445977, 8446079, 8446269, 8446497, 8446705, 8446743, 8446952, 8447047, 8447067, 8447305, 8447429, 8447684, 8447805, 8448254, 8448713, 8448752, 8449443, 8451108, 8451867]","[8444962, 8445557, 8447680, 8448651, 8449420, 8449745, 8451323, 8451715, 8452206]","[8448275, 8449286, 8450835]"
15,WSH,19851986,"[8444898, 8445977, 8446079, 8446163, 8446497, 8446737, 8446952, 8447067, 8447305, 8447429, 8447684, 8448254, 8448272, 8448413, 8448713, 8448764, 8450345, 8451108, 8451867]","[8444962, 8445276, 8445375, 8447680, 8448651, 8449259, 8449745, 8451239, 8451531, 8451715, 8452206]","[8448275, 8449286, 8450343, 8450835]"
15,WSH,19861987,"[8444898, 8445977, 8446079, 8446163, 8446219, 8446497, 8446952, 8447067, 8447305, 8447391, 8447684, 8448272, 8448413, 8448713, 8448764, 8449621, 8450408, 8450832, 8451108, 8451914]","[8445276, 8445375, 8445559, 8446014, 8447004, 8447680, 8448651, 8449259, 8449745, 8451531, 8451715]","[8448275, 8449286, 8450343]"
15,WSH,19871988,"[8444898, 8446079, 8446163, 8446952, 8447067, 8447305, 8447391, 8447429, 8448117, 8448272, 8448413, 8448713, 8448764, 8449621, 8450408, 8450820, 8450832, 8451784]","[8445375, 8446014, 8446779, 8447004, 8447680, 8447979, 8448271, 8448651, 8448740, 8449745, 8451531, 8451715]","[8449096, 8450343, 8450680]"
15,WSH,19881989,"[8446079, 8446063, 8446163, 8446205, 8446487, 8446952, 8447067, 8447305, 8447429, 8448117, 8448516, 8448764, 8449610, 8449621, 8450408, 8450832, 8451784, 8451914, 8452445]","[8445936, 8446243, 8446779, 8447680, 8447979, 8448287, 8448651, 8448740, 8449745, 8451022, 8451319, 8451715]","[8445381, 8449096, 8450343]"
15,WSH,19891990,"[8445335, 8445437, 8446079, 8446063, 8446163, 8446205, 8446487, 8448117, 8448374, 8448516, 8448539, 8448663, 8448764, 8449093, 8449297, 8449621, 8449761, 8450408, 8450820, 8450832, 8451987, 8451981, 8452445]","[8446177, 8446779, 8446792, 8447680, 8447979, 8448287, 8448651, 8449289, 8450260, 8451022, 8451319, 8451509, 8451715, 8452017]","[8445381, 8448014, 8448535, 8448865, 8449286]"
15,WSH,19901991,"[8445437, 8445575, 8446063, 8446487, 8447391, 8448117, 8448374, 8448484, 8448534, 8448539, 8448764, 8449093, 8449297, 8449621, 8449761, 8450408, 8450624, 8450832, 8451152, 8451261, 8451911, 8451981, 8452685]","[8445201, 8446779, 8446792, 8447680, 8448124, 8448287, 8448633, 8448651, 8448777, 8450260, 8450633, 8451022, 8451097, 8451319, 8451840]","[8445381, 8448014, 8448865]"
15,WSH,19911992,"[8445437, 8445575, 8445790, 8446063, 8446487, 8447391, 8448117, 8448484, 8458572, 8448549, 8448539, 8448919, 8449297, 8449621, 8450408, 8450832, 8451911]","[8446042, 8446181, 8447680, 8448124, 8448287, 8448633, 8448651, 8451097, 8457955, 8458454]","[8445381, 8448014, 8448865]"
15,WSH,19921993,"[8445575, 8445790, 8445977, 8446676, 8447391, 8448117, 8448106, 8456745, 8448484, 8458572, 8448549, 8448919, 8449297, 8449621, 8449607, 8450408, 8450832, 8451152]","[8444957, 8445201, 8446014, 8446181, 8447680, 8448124, 8448287, 8448651, 8457955, 8458454]","[8445381, 8455994, 8448014, 8448535, 8451834]"
15,WSH,19931994,"[8444897, 8459439, 8445437, 8445440, 8445575, 8445790, 8446676, 8448117, 8456745, 8456760, 8448394, 8448484, 8458572, 8448549, 8449297, 8449621, 8458528, 8450408, 8450512, 8450832]","[8444957, 8455875, 8446181, 8446263, 8447680, 8448124, 8448287, 8448303, 8457490, 8450742, 8458048, 8458454]","[8445381, 8455994, 8448535, 8451834]"
15,WSH,19941995,"[8459439, 8445440, 8445575, 8445790, 8446551, 8459007, 8448117, 8456745, 8456760, 8448394, 8448484, 8458572, 8449621, 8458550, 8458528, 8457640, 8450408, 8450512]","[8446181, 8458951, 8448287, 8448303, 8456850, 8450742, 8458048, 8451869, 8458715]","[8458968, 8455994, 8448535, 8451834]"
15,WSH,19951996,"[8459439, 8445440, 8445575, 8459596, 8455850, 8446551, 8459007, 8448117, 8456745, 8456760, 8448394, 8458572, 8448549, 8449621, 8458550, 8458528, 8450408, 8458989, 8460735]","[8460500, 8455843, 8446181, 8458951, 8448287, 8448303, 8456850, 8457193, 8458838, 8450742, 8451869, 8459433]","[8458968, 8448535]"
15,WSH,19961997,"[8459439, 8445440, 8445575, 8459596, 8459156, 8446551, 8448117, 8456745, 8456760, 8448394, 8458572, 8448549, 8449621, 8458983, 8449951, 8458528, 8450408, 8458031, 8464970, 8451925, 8458989, 8460735]","[8459490, 8455843, 8446181, 8458951, 8447989, 8448287, 8456850, 8448797, 8457193, 8450742, 8451869, 8459433]","[8458968, 8448535, 8450651]"
15,WSH,19971998,"[8445417, 8460851, 8445440, 8445575, 8459596, 8464998, 8462048, 8446551, 8462135, 8462071, 8448117, 8456760, 8458572, 8448549, 8449621, 8459110, 8458983, 8449951, 8458528, 8450408, 8458031, 8464970, 8451905, 8459146, 8460735]","[8460500, 8445700, 8446181, 8458951, 8456514, 8447989, 8448287, 8456850, 8457193, 8450742, 8451869, 8459433]","[8448535, 8450651]"
15,WSH,19981999,"[8459085, 8445417, 8445440, 8445493, 8445575, 8464998, 8446026, 8446551, 8462135, 8458535, 8460582, 8448117, 8456760, 8458572, 8457037, 8449621, 8458983, 8449951, 8450408, 8458031, 8464970, 8459146, 8460735]","[8460500, 8459490, 8455875, 8458951, 8448287, 8456850, 8457193, 8458672, 8458838, 8450742, 8451305, 8465071, 8451869, 8459433]","[8459289, 8448535, 8451013, 8451834]"
15,WSH,19992000,"[8445493, 8445575, 8464998, 8446295, 8446551, 8462053, 8467831, 8458572, 8449477, 8462823, 8459641, 8449751, 8458983, 8449951, 8451093, 8458031, 8464970, 8459146, 8464958, 8465056, 8452557, 8460735]","[8460500, 8458951, 8448104, 8448287, 8456850, 8458672, 8450742, 8465071, 8459433, 8452695]","[8445470, 8448535]"
15,WSH,20002001,"[8467880, 8445440, 8445493, 8445575, 8464998, 8446295, 8467831, 8460582, 8448484, 8458572, 8448825, 8462823, 8449751, 8459033, 8458983, 8449951, 8468523, 8451093, 8458031, 8465056, 8452557, 8460735, 8464977]","[8446181, 8468541, 8458951, 8448287, 8456850, 8457222, 8458672, 8450742, 8459433, 8452695]","[8445470, 8458680, 8448535]"
15,WSH,20012002,"[8445575, 8465230, 8467429, 8446295, 8467553, 8459021, 8458960, 8460654, 8467831, 8445423, 8448208, 8448484, 8458572, 8448825, 8462823, 8458983, 8449951, 8467360, 8468523, 8451093, 8458031, 8468506, 8465056, 8464977]","[8459490, 8446181, 8468541, 8466170, 8458951, 8448287, 8456850, 8448543, 8459016, 8450742, 8467054, 8459433, 8467910, 8452695]","[8445470, 8462120, 8448535]"
15,WSH,20022003,"[8460742, 8445575, 8465230, 8467553, 8460654, 8464984, 8459640, 8467831, 8448208, 8458572, 8456966, 8462823, 8449633, 8458573, 8467360, 8468523, 8469610, 8458031, 8468506, 8465056, 8464977]","[8466189, 8465044, 8446181, 8462063, 8470192, 8466170, 8458951, 8467392, 8448287, 8456850, 8465168, 8459433]","[8445470, 8462120, 8448535]"
15,WSH,20032004,"[8459328, 8460620, 8445575, 8459156, 8465230, 8460654, 8469539, 8470159, 8459640, 8467831, 8448208, 8456729, 8458572, 8469639, 8456966, 8449633, 8469920, 8458573, 8467360, 8468523, 8465178, 8470120, 8470479, 8468506, 8468005, 8468798, 8465056, 8465113, 8464977]","[8466189, 8465044, 8468541, 8462063, 8470192, 8466170, 8458951, 8462211, 8456455, 8464986, 8465168, 8469472, 8459636, 8467054, 8459433, 8467910, 8468413]","[8462120, 8448535, 8467895, 8467497, 8467548]"
15,WSH,20052006,"[8467880, 8465059, 8446003, 8460567, 8460931, 8467333, 8470611, 8470039, 8460654, 8460501, 8470159, 8467831, 8470150, 8465028, 8470134, 8469639, 8469920, 8471214, 8467360, 8468523, 8468800, 8469483, 8468506, 8466208, 8470850, 8465113, 8464977]","[8467345, 8466162, 8470192, 8471242, 8456588, 8469710, 8469472, 8463638, 8459433, 8467910]","[8460696, 8462161, 8448535]"
15,WSH,20062007,"[8467880, 8465059, 8459246, 8460567, 8467333, 8470611, 8470039, 8468086, 8470159, 8470134, 8469639, 8469475, 8471214, 8468523, 8470120, 8469483, 8468506, 8460735, 8464977]","[8466162, 8470192, 8467365, 8471242, 8468035, 8456588, 8472375, 8469684, 8469472, 8463638, 8468184, 8468427, 8471240]","[8460696, 8462161, 8448535]"
15,WSH,20072008,"[8473563, 8471246, 8465059, 8459246, 8460567, 8465951, 8446788, 8470611, 8470039, 8470159, 8459428, 8469639, 8466232, 8470564, 8458573, 8471214, 8468523, 8470120, 8469483, 8468506]","[8470192, 8467365, 8471242, 8469684, 8471279, 8469472, 8468427, 8465012, 8471240]","[8469658, 8462161, 8448535]"
15,WSH,20082009,"[8469779, 8473563, 8474291, 8471246, 8465059, 8459246, 8460567, 8446788, 8470611, 8470039, 8468086, 8471409, 8470159, 8459428, 8469639, 8466232, 8469920, 8458573, 8473496, 8471214, 8470120, 8469483]","[8473991, 8473913, 8467365, 8471242, 8459406, 8469684, 8470058, 8471279, 8469472, 8468427, 8465012, 8471240, 8468846]","[8462161, 8473607, 8460535, 8473575]"
15,WSH,20092010,"[8469779, 8473563, 8474291, 8465050, 8471246, 8465059, 8466251, 8460567, 8470611, 8470039, 8468086, 8471409, 8470159, 8465028, 8458590, 8469639, 8466232, 8459461, 8471214, 8473618, 8470120, 8469483, 8459547, 8471483]","[8473991, 8474590, 8466215, 8467365, 8471242, 8469684, 8469472, 8468427, 8465012, 8471240, 8468846]","[8473607, 8460535, 8473575]"
15,WSH,20102011,"[8459429, 8469779, 8473563, 8474291, 8465059, 8466251, 8470611, 8470039, 8471409, 8470159, 8468611, 8475149, 8470294, 8458590, 8469639, 8471214, 8473618, 8470120, 8469483, 8464979, 8465113]","[8473991, 8474590, 8473913, 8467365, 8468599, 8471242, 8466158, 8465012, 8471240, 8468846, 8469770]","[8474651, 8473607, 8473575]"
15,WSH,20112012,"[8469779, 8473563, 8474291, 8471426, 8466251, 8475236, 8467831, 8468611, 8475149, 8470294, 8458590, 8469639, 8471214, 8473618, 8474383, 8470120, 8468208]","[8473991, 8474590, 8473913, 8467365, 8471242, 8458938, 8474649, 8475200, 8471240, 8469770]","[8474651, 8473607, 8460712]"
15,WSH,20122013,"[8473563, 8474291, 8471426, 8466251, 8470156, 8468064, 8470611, 8468611, 8475149, 8469639, 8471214, 8473618, 8467371, 8475619, 8468208, 8476880, 8471234]","[8473991, 8474590, 8467365, 8471242, 8458938, 8474519, 8474649, 8476162, 8475200, 8465012, 8476799, 8471240]","[8475831, 8474651, 8473607]"
15,WSH,20132014,"[8473563, 8474291, 8471426, 8475161, 8466251, 8474598, 8468064, 8470611, 8471362, 8475149, 8475744, 8469639, 8475247, 8473505, 8471214, 8471208, 8471708, 8475619, 8468208, 8475602, 8476880]","[8473991, 8475567, 8474590, 8476941, 8467365, 8471242, 8474519, 8476162, 8475200, 8476799, 8477220, 8470729, 8475248, 8475275]","[8475831, 8470860, 8474651, 8473607]"
15,WSH,20142015,"[8473563, 8474291, 8471426, 8475161, 8477444, 8466251, 8472368, 8470611, 8475816, 8471185, 8475149, 8475744, 8469639, 8475247, 8477070, 8471214, 8475619, 8468208, 8476880]","[8473991, 8474590, 8469476, 8471242, 8474519, 8471702, 8476162, 8468498, 8476799, 8477220]","[8475831, 8474651, 8471251]"
15,WSH,20152016,"[8473563, 8474291, 8475161, 8477444, 8474008, 8466251, 8474744, 8475816, 8475149, 8475744, 8469639, 8475247, 8471698, 8471214, 8470617, 8475119, 8476905, 8468508, 8476880, 8471476]","[8473991, 8474590, 8476941, 8471710, 8474604, 8471702, 8475200, 8468498, 8477220, 8475598, 8473426]","[8475831, 8474651]"
15,WSH,20162017,"[8473563, 8477003, 8474291, 8477444, 8474008, 8475792, 8474189, 8475149, 8475744, 8475291, 8477070, 8471698, 8471214, 8477482, 8476905, 8477944, 8468508, 8476880, 8471476]","[8473991, 8474590, 8471710, 8474604, 8471702, 8475200, 8468498, 8477220, 8474031]","[8475831, 8474651]"
15,WSH,20172018,"[8473563, 8474291, 8476329, 8477444, 8475163, 8475792, 8474189, 8478063, 8476344, 8475744, 8477070, 8471698, 8471214, 8474061, 8475758, 8476905, 8477944, 8477573, 8476880]","[8477474, 8474590, 8471710, 8477043, 8480143, 8479482, 8474604, 8471702, 8475200, 8468498]","[8475831, 8474651]"
15,WSH,20182019,"[8473563, 8476329, 8477444, 8475792, 8475343, 8474189, 8474176, 8476436, 8475744, 8471698, 8471214, 8475758, 8476905, 8477944, 8477573, 8476880]","[8477474, 8474590, 8477043, 8475324, 8479482, 8477343, 8471702, 8475200, 8468498, 8478399]","[8477831, 8474651]"
15,WSH,20192020,"[8473563, 8476329, 8475343, 8474189, 8474176, 8477903, 8469454, 8475744, 8476894, 8479359, 8471698, 8471214, 8475209, 8477314, 8475958, 8476905, 8477944, 8476880]","[8474590, 8475455, 8477043, 8480796, 8475462, 8475324, 8479482, 8477343, 8475200, 8478399]","[8474651, 8478492]"
15,WSH,20202021,"[8473563, 8477901, 8475343, 8474189, 8474176, 8477903, 8475744, 8477544, 8477511, 8481580, 8471698, 8471214, 8475209, 8479516, 8477314, 8477290, 8475958, 8477839, 8478466, 8477944, 8476880]","[8474590, 8465009, 8475455, 8475324, 8475200, 8474602, 8478399, 8477845]","[8467950, 8478492, 8477970]"
15,WSH,20212022,"[8473563, 8475343, 8474189, 8474176, 8477903, 8475149, 8479536, 8475744, 8482148, 8475728, 8481517, 8479359, 8477511, 8481580, 8471698, 8471214, 8479516, 8481656, 8475958, 8477839, 8481441, 8478466, 8480087, 8476880]","[8480823, 8474590, 8479395, 8480796, 8475625, 8475324, 8479321, 8479482, 8475200, 8474602, 8477845]","[8477831, 8477457, 8478492, 8477970]"
15,WSH,20222023,"[8477979, 8473563, 8479404, 8477015, 8475343, 8474189, 8477903, 8475149, 8475744, 8479359, 8477511, 8481580, 8477947, 8471698, 8471214, 8481656, 8477839, 8475225, 8481441, 8478440, 8476880]","[8480823, 8474590, 8478506, 8480796, 8476979, 8482861, 8475625, 8475324, 8479321, 8475795, 8475200, 8480873, 8477845]","[8475311, 8479292]"
15,WSH,20232024,"[8473563, 8475343, 8479400, 8478233, 8481580, 8477947, 8471698, 8471214, 8481656, 8475958, 8478440, 8476880]","[8480823, 8478451, 8474590, 8480796, 8475324, 8480873, 8477845]","[8479292, 8480313]"
15,WSH,20242025,"[8473563, 8478463, 8475343, 8479400, 8479520, 8474189, 8483573, 8484186, 8478233, 8481580, 8477947, 8471698, 8471214, 8481656, 8479390, 8478440, 8476880]","[8480823, 8478451, 8474590, 8479345, 8480796, 8475795, 8478911, 8480873, 8477845]","[8479292, 8483532, 8480313]"
31,MNS,19671968,"[8445007, 8445137, 8445363, 8445505, 8445521, 8445827, 8446312, 8446605, 8446670, 8446708, 8446918, 8447527, 8447537, 8447608, 8447635, 8447695, 8449440, 8447834, 8450196, 8448213, 8449148, 8451870, 8449227]","[8446601, 8447092, 8447107, 8447710, 8447807, 8447974, 8448157, 8449214, 8449303, 8449603]","[8449806, 8450020, 8450147]"
31,MNS,19681969,"[8445137, 8445365, 8445505, 8445521, 8445827, 8445910, 8446605, 8447352, 8447105, 8447330, 8448730, 8447537, 8447608, 8449440, 8447834, 8448068, 8448063, 8450196, 8449061]","[8445111, 8446864, 8446865, 8447107, 8447549, 8447710, 8447807, 8447974, 8448311, 8448606, 8449303]","[8449806, 8450020, 8450102]"
31,MNS,19691970,"[8445021, 8445289, 8445505, 8445827, 8446172, 8446605, 8447352, 8447330, 8448730, 8449440, 8448068, 8448063, 8450196, 8449396, 8449481]","[8445111, 8447154, 8447107, 8447873, 8447974, 8448173, 8450737, 8448311, 8449055, 8449303]","[8449839, 8447170, 8450020, 8450102, 8450152]"
31,MNS,19701971,"[8445021, 8445038, 8445289, 8445304, 8446482, 8446605, 8447352, 8447496, 8446729, 8446763, 8447265, 8448730, 8449440, 8447880, 8448068, 8448056, 8450196, 8448464, 8448950, 8449481]","[8445274, 8446576, 8447154, 8446717, 8447107, 8447906, 8447974, 8448040, 8448173, 8450737, 8448311]","[8447170, 8450020, 8450152]"
31,MNS,19711972,"[8445289, 8445313, 8446482, 8446563, 8446605, 8447352, 8447496, 8446729, 8446763, 8447774, 8447265, 8447880, 8448001, 8448056, 8450196, 8448191]","[8447154, 8446717, 8447974, 8448040, 8450168, 8448311]","[8447170, 8450020, 8450152]"
31,MNS,19721973,"[8445084, 8445289, 8445820, 8446482, 8446605, 8447352, 8446729, 8447774, 8446893, 8447880, 8448001, 8448056, 8450196, 8448191]","[8445274, 8447154, 8446717, 8447768, 8447781, 8447974, 8448040, 8448311]","[8447170, 8450020, 8450152]"
31,MNS,19731974,"[8445820, 8445373, 8446482, 8446522, 8446196, 8446563, 8446605, 8447352, 8446729, 8447774, 8446893, 8447321, 8448033, 8448056, 8450196, 8448191, 8448433, 8449149]","[8444865, 8445274, 8445070, 8447154, 8446717, 8447974, 8448040, 8448157, 8448311]","[8450020, 8450102, 8450152]"
31,MNS,19741975,"[8445129, 8445313, 8445373, 8455907, 8445530, 8445807, 8446482, 8446522, 8446849, 8446605, 8446634, 8447774, 8447782, 8447321, 8447631, 8447976, 8448033, 8448056, 8450196, 8448433, 8448439, 8449149, 8451851]","[8444865, 8445274, 8445079, 8447154, 8447801, 8447538, 8447974, 8448040, 8448157, 8448311]","[8448886, 8450020, 8450102]"
31,MNS,19751976,"[8445015, 8445313, 8445807, 8446522, 8446849, 8446605, 8446634, 8446846, 8447774, 8447782, 8447929, 8447049, 8448277, 8447976, 8448439, 8448788, 8451851, 8452574]","[8444865, 8445274, 8445079, 8446154, 8447801, 8447974, 8448040, 8448157, 8448311]","[8447663, 8448886, 8450020]"
31,MNS,19761977,"[8446522, 8446710, 8446187, 8446605, 8447782, 8447929, 8447049, 8448277, 8447976, 8450409, 8450917, 8451325, 8451851, 8452574, 8452577]","[8444865, 8445274, 8445456, 8445079, 8446154, 8447801, 8447974, 8448040, 8448311]","[8447663, 8448886, 8451528]"
31,MNS,19771978,"[8444943, 8445056, 8445677, 8446710, 8446187, 8447003, 8447929, 8447049, 8448277, 8449033, 8450409, 8450917, 8451325, 8451851, 8452574, 8452577, 8452692]","[8444865, 8445274, 8445456, 8445597, 8445810, 8446154, 8447801, 8448201, 8449315, 8449316, 8447974, 8448040, 8448311]","[8447663, 8448886, 8451528]"
31,MNS,19781979,"[8444943, 8445089, 8445677, 8445932, 8446074, 8446541, 8446819, 8447929, 8448915, 8449109, 8449284, 8450196, 8450259, 8450409, 8450491, 8450917, 8451325, 8451476, 8452574, 8452577, 8452692]","[8445206, 8445274, 8445810, 8448201, 8449315, 8449316, 8449476, 8450508, 8451123, 8451531]","[8446602, 8448886, 8449550]"
31,MNS,19791980,"[8444943, 8445677, 8446074, 8446065, 8446439, 8446541, 8446819, 8446868, 8446883, 8448636, 8448915, 8449109, 8449348, 8450259, 8450491, 8451325, 8451476, 8452427, 8452574, 8452577, 8452692]","[8445274, 8447176, 8447552, 8447667, 8448201, 8449315, 8451123, 8451352, 8451531]","[8446602, 8448218, 8448807, 8449550]"
31,MNS,19801981,"[8444943, 8445724, 8445932, 8446065, 8446063, 8446149, 8446439, 8446541, 8446819, 8446868, 8446883, 8446975, 8448915, 8449318, 8449348, 8449546, 8450133, 8450259, 8450491, 8451325, 8451476, 8451584, 8452574, 8452577, 8452692]","[8445274, 8445722, 8447176, 8447667, 8448201, 8449315, 8450905, 8451123, 8451352, 8451531]","[8445381, 8449550]"
31,MNS,19811982,"[8444943, 8445015, 8445724, 8445932, 8446065, 8446063, 8446439, 8446541, 8446975, 8446661, 8447696, 8447733, 8448304, 8448915, 8449318, 8449348, 8449546, 8450133, 8450259, 8451476, 8451584, 8452574, 8452575, 8452577]","[8445274, 8445722, 8447176, 8447667, 8448478, 8449315, 8449538, 8449933, 8457716, 8450827, 8450905, 8451123]","[8445381, 8449550, 8449588]"
31,MNS,19821983,"[8445417, 8445724, 8446063, 8446469, 8446541, 8446809, 8446975, 8446661, 8448260, 8448915, 8449348, 8450259, 8450474, 8451476, 8451584, 8452574, 8452575]","[8445274, 8445433, 8447176, 8447667, 8449111, 8449315, 8450827, 8450905, 8451123, 8452209]","[8445381, 8449291, 8449550]"
31,MNS,19831984,"[8444897, 8445118, 8445417, 8445492, 8445724, 8446063, 8446159, 8446469, 8446809, 8447345, 8447934, 8448689, 8448915, 8449284, 8449348, 8449795, 8450259, 8450474, 8451476]","[8447176, 8447667, 8447863, 8448274, 8448816, 8448851, 8449111, 8449315, 8450827, 8450905, 8451022, 8452209]","[8445381, 8446011, 8446212, 8449550]"
31,MNS,19841985,"[8444897, 8445054, 8445118, 8445417, 8445434, 8445463, 8445492, 8445724, 8446063, 8446159, 8447345, 8447934, 8448689, 8449164, 8449277, 8449284, 8449348, 8449445, 8449795, 8450259, 8450474, 8451346, 8451584, 8451957]","[8447176, 8447667, 8447863, 8448274, 8449111, 8449315, 8450558, 8450827, 8450905, 8451022, 8451587, 8452209, 8452484]","[8445381, 8449547, 8449550, 8451121]"
31,MNS,19851986,"[8444897, 8445054, 8445417, 8445434, 8445492, 8445724, 8446063, 8446159, 8446356, 8447345, 8447440, 8447479, 8447975, 8448689, 8449284, 8449348, 8449445, 8449887, 8450259, 8450474, 8451346, 8451535]","[8447176, 8447667, 8447980, 8448274, 8448643, 8448816, 8449111, 8450558, 8450827, 8450905, 8451022, 8451732, 8452227, 8452484]","[8445381, 8446011, 8449547, 8451845]"
31,MNS,19861987,"[8444897, 8445054, 8445417, 8445492, 8445690, 8445724, 8445932, 8446063, 8446356, 8447345, 8447440, 8447479, 8447732, 8447975, 8448689, 8448980, 8449284, 8449445, 8449887, 8450251, 8450259, 8450474, 8451535, 8451926]","[8445625, 8446045, 8447176, 8447436, 8447667, 8449315, 8446955, 8450558, 8450905, 8451022, 8452227, 8452484]","[8445381, 8451121, 8451845]"
31,MNS,19871988,"[8444897, 8445053, 8445197, 8445417, 8445492, 8445580, 8445690, 8445724, 8446013, 8446063, 8446356, 8446957, 8446997, 8447345, 8447440, 8447975, 8448689, 8448980, 8449284, 8449498, 8449563, 8449585, 8450259, 8451035, 8451065, 8451235, 8451301, 8451861, 8451929, 8452687]","[8445276, 8445435, 8446042, 8446424, 8446500, 8447176, 8447667, 8447863, 8449122, 8446955, 8450554, 8450558, 8450905, 8451022, 8451983, 8452227, 8452484]","[8445381, 8446011, 8451845]"
31,MNS,19881989,"[8445053, 8445197, 8445253, 8445417, 8445427, 8445690, 8445724, 8446071, 8446063, 8446356, 8446957, 8446997, 8447067, 8447078, 8447304, 8447440, 8447891, 8448394, 8448980, 8449280, 8449284, 8449449, 8449498, 8449563, 8449645, 8450233, 8451065, 8451235, 8452687]","[8445435, 8446042, 8446424, 8446989, 8447176, 8447569, 8447667, 8448267, 8448536, 8448708, 8449122, 8449745, 8446955, 8451022, 8451382, 8451869, 8452695]","[8445381, 8446011, 8449775, 8451845]"
31,MNS,19891990,"[8445053, 8445245, 8445253, 8445417, 8445427, 8445690, 8445725, 8445724, 8446071, 8446295, 8446452, 8446497, 8446957, 8446997, 8447067, 8447078, 8448662, 8448939, 8449449, 8449498, 8449563, 8449645, 8450167, 8451963]","[8446042, 8446989, 8447176, 8448755, 8449694, 8449745, 8446955, 8451382, 8451869, 8452503, 8452695]","[8445462, 8446011, 8449775, 8451845]"
31,MNS,19901991,"[8445197, 8445253, 8445417, 8445427, 8445724, 8445775, 8446071, 8446213, 8446295, 8446356, 8446497, 8446718, 8446997, 8447078, 8447304, 8449449, 8449498, 8449563, 8449645, 8450595, 8451383, 8451567, 8451476]","[8446042, 8446288, 8447176, 8447630, 8448303, 8448419, 8448536, 8448987, 8449745, 8446955, 8451836, 8451869, 8452503, 8452695]","[8446011, 8447701, 8449775, 8451845]"
31,MNS,19911992,"[8445417, 8445724, 8445775, 8446071, 8446213, 8446295, 8446497, 8446624, 8446997, 8447078, 8448225, 8456849, 8449093, 8449281, 8449498, 8449633, 8449645, 8450595, 8451476, 8451517]","[8445443, 8455875, 8446288, 8447630, 8456531, 8448303, 8448845, 8450270, 8450642, 8451116, 8451314, 8451869]","[8446011, 8452248]"
31,MNS,19921993,"[8455526, 8445493, 8445724, 8446071, 8446208, 8446213, 8446295, 8446497, 8446624, 8446997, 8447078, 8447177, 8456849, 8449495, 8449645, 8450595, 8450635, 8458036, 8451476, 8451517]","[8445443, 8455875, 8456531, 8448303, 8448845, 8458522, 8457399, 8457589, 8458043, 8451869]","[8446011, 8452248]"
26,LAK,19671968,"[8444924, 8445316, 8445572, 8445614, 8446866, 8446642, 8446964, 8448162, 8447021, 8447117, 8447179, 8447265, 8447453, 8447536, 8447845, 8448371, 8449061]","[8444876, 8446959, 8447106, 8447381, 8447967, 8448178, 8448437, 8449321, 8449389]","[8445966, 8450110, 8450111]"
26,LAK,19681969,"[8444928, 8445316, 8446253, 8445958, 8446866, 8446335, 8446964, 8448162, 8447021, 8447117, 8447234, 8447265, 8447453, 8447536, 8447845, 8448137, 8448371]","[8444876, 8445305, 8446959, 8447381, 8448437, 8449321, 8449389]","[8445966, 8449868, 8450110]"
26,LAK,19691970,"[8445316, 8445614, 8446253, 8445957, 8446866, 8447296, 8447774, 8446964, 8447021, 8447117, 8447234, 8447453, 8448882, 8447883, 8448137, 8448427, 8448974, 8449151, 8449455]","[8445305, 8447930, 8446959, 8447381, 8447617, 8448249, 8448437, 8449321, 8449389]","[8449866, 8449868, 8450110]"
26,LAK,19701971,"[8444996, 8445072, 8445302, 8445957, 8446866, 8447296, 8446645, 8447117, 8447265, 8447453, 8448882, 8447767, 8447853, 8448227, 8448371, 8448974, 8449151, 8449455]","[8445305, 8445834, 8447930, 8446926, 8447617, 8450508, 8448194, 8448249]","[8449866, 8450054]"
26,LAK,19711972,"[8444996, 8445446, 8445072, 8445302, 8445328, 8445614, 8446866, 8447296, 8446645, 8447099, 8447117, 8447453, 8448804, 8448882, 8447767, 8448227, 8449151, 8449455]","[8445024, 8445834, 8446864, 8447930, 8446926, 8447617, 8447857, 8450508, 8449603]","[8449866, 8446602, 8451525, 8452122]"
26,LAK,19721973,"[8444996, 8445446, 8445072, 8445614, 8447296, 8446890, 8448538, 8447453, 8448804, 8449104, 8448137, 8449143, 8452210, 8449307, 8449455]","[8445710, 8445834, 8447568, 8446926, 8448518, 8448876, 8447617]","[8446602, 8452122]"
26,LAK,19731974,"[8445072, 8445332, 8445614, 8447296, 8446890, 8448538, 8447453, 8448804, 8449104, 8449744, 8448001, 8448137, 8448460, 8449143, 8452210, 8449455, 8449483]","[8445710, 8447568, 8447137, 8448518, 8448876, 8447617, 8449736]","[8446602, 8452122]"
26,LAK,19741975,"[8445072, 8445332, 8445614, 8447296, 8446890, 8448538, 8449104, 8449744, 8448001, 8448137, 8449143, 8452210, 8449455, 8449483]","[8445710, 8447568, 8456667, 8447137, 8448518, 8449736]","[8446602, 8452122]"
26,LAK,19751976,"[8444890, 8445072, 8445332, 8445614, 8446430, 8447296, 8448538, 8449744, 8448001, 8449143, 8452210, 8449455, 8449483, 8452466]","[8445710, 8445764, 8445867, 8456667, 8447137, 8448518, 8449736, 8451123, 8449596]","[8446602, 8452122]"
26,LAK,19761977,"[8445072, 8445332, 8446103, 8446430, 8447290, 8447296, 8448538, 8447905, 8449744, 8451245, 8449143, 8451629, 8452210, 8452258, 8449455, 8449483, 8452466]","[8445710, 8445867, 8456667, 8447137, 8448518, 8449736, 8451123]","[8446602, 8450114, 8452122]"
26,LAK,19771978,"[8445022, 8445332, 8446430, 8447290, 8447296, 8447352, 8447782, 8448538, 8449675, 8449744, 8451245, 8451355, 8451365, 8451629, 8449179, 8451866, 8452210, 8452258, 8449483, 8452466]","[8445710, 8445980, 8446560, 8456667, 8448518, 8449110, 8449736, 8450135, 8451123]","[8450114, 8452122]"
26,LAK,19781979,"[8445022, 8446430, 8446567, 8447290, 8447296, 8447352, 8447707, 8448277, 8449744, 8451365, 8451866, 8452210, 8449483, 8452466, 8452488]","[8445456, 8446560, 8447218, 8447481, 8447497, 8447941, 8449110, 8449731, 8449736, 8450135]","[8447344, 8448805]"
26,LAK,19791980,"[8445022, 8445931, 8446430, 8447290, 8447296, 8447658, 8447962, 8448015, 8448277, 8448435, 8449248, 8449744, 8451365, 8451741, 8451866, 8452466]","[8447154, 8447481, 8447497, 8447569, 8447941, 8448524, 8448811, 8449110, 8449731, 8450135, 8451296, 8452366]","[8447344, 8448410, 8448805]"
26,LAK,19801981,"[8445602, 8446430, 8446945, 8447161, 8447290, 8447658, 8447962, 8448277, 8448435, 8448892, 8449275, 8449700, 8449744, 8451172, 8451365, 8451741, 8451866, 8451882, 8452086, 8452243]","[8446047, 8447481, 8447569, 8448524, 8448811, 8449745, 8450135, 8452366]","[8447344, 8448410, 8448805, 8450094, 8451076]"
26,LAK,19811982,"[8445602, 8445662, 8446430, 8446737, 8446945, 8447161, 8447290, 8447433, 8447508, 8447658, 8447951, 8447962, 8448277, 8448435, 8449275, 8449700, 8449738, 8449744, 8449881, 8449004, 8451365, 8451516, 8451741, 8451866, 8451882, 8451939]","[8446047, 8447569, 8448285, 8448524, 8448811, 8449745, 8450135, 8451364, 8451990, 8452366]","[8445551, 8448410, 8448805, 8451076]"
26,LAK,19821983,"[8445269, 8445558, 8445602, 8445662, 8446430, 8446737, 8446945, 8447032, 8447212, 8447433, 8447951, 8447962, 8448185, 8448435, 8448980, 8449700, 8449744, 8447993, 8449881, 8451065, 8451365, 8451516, 8451828, 8451866]","[8445711, 8446047, 8447217, 8447569, 8447729, 8448449, 8448524, 8448811, 8449745, 8451237, 8451364, 8451995, 8452366]","[8445551, 8448410, 8448715, 8448805, 8449291]"
26,LAK,19831984,"[8445680, 8446065, 8446430, 8446737, 8446945, 8446661, 8447658, 8447951, 8447990, 8448260, 8448273, 8448435, 8448631, 8448712, 8448980, 8449881, 8449950, 8451065, 8451365, 8451516, 8451828, 8451866]","[8444961, 8445274, 8446061, 8446679, 8447569, 8447719, 8448449, 8449420, 8449745, 8452366]","[8445272, 8445551, 8448715, 8448805, 8449291]"
26,LAK,19841985,"[8446430, 8446737, 8446945, 8446661, 8448435, 8448980, 8449623, 8449657, 8449881, 8449950, 8451065, 8451259, 8451354, 8451365, 8451516, 8451828, 8451866, 8452452, 8452457]","[8444961, 8446679, 8447004, 8447489, 8447569, 8448695, 8450735, 8452366]","[8446637, 8448219]"
26,LAK,19851986,"[8445680, 8446269, 8446430, 8446508, 8446705, 8446945, 8447032, 8447435, 8447439, 8446661, 8448435, 8448912, 8448980, 8449475, 8449678, 8449881, 8450221, 8451516, 8451828, 8451866, 8452452, 8452457]","[8446679, 8447004, 8447489, 8447569, 8448449, 8448695, 8448740, 8450350, 8450469, 8450735, 8451983, 8452366]","[8446637, 8447709, 8448219, 8449547]"
26,LAK,19861987,"[8445617, 8445977, 8445979, 8446430, 8446508, 8446705, 8446945, 8447435, 8448912, 8449475, 8449881, 8450221, 8450941, 8451828, 8451866, 8452452, 8452457]","[8446418, 8446494, 8447004, 8447489, 8447569, 8448449, 8448637, 8448643, 8448740, 8450350, 8450469, 8450735, 8452366]","[8446637, 8448219, 8448275, 8449547]"
26,LAK,19871988,"[8444914, 8445323, 8445617, 8445977, 8445979, 8446269, 8446531, 8446508, 8446705, 8446797, 8446945, 8447357, 8447435, 8448520, 8448553, 8448713, 8449475, 8449881, 8450221, 8450941, 8451828, 8451866, 8451922, 8452457]","[8446494, 8446684, 8447121, 8447489, 8447569, 8448449, 8448637, 8448682, 8448740, 8449328, 8450350, 8450469, 8450518, 8450735, 8452366]","[8447709, 8448219, 8449547]"
26,LAK,19881989,"[8444914, 8445323, 8445977, 8446199, 8446531, 8446508, 8446797, 8447400, 8447435, 8447485, 8448411, 8448520, 8448566, 8448553, 8448830, 8448821, 8449412, 8449624, 8449881, 8450204, 8450941, 8451828, 8451866, 8451917, 8451922, 8452252, 8452452]","[8446238, 8446364, 8446494, 8447919, 8448449, 8448637, 8449328, 8449516, 8450469, 8450518, 8450811, 8452347, 8452449]","[8446829, 8447709, 8448020, 8448219, 8449547]"
26,LAK,19891990,"[8444914, 8445323, 8445492, 8446242, 8446508, 8446624, 8446945, 8447350, 8447400, 8448411, 8448520, 8448566, 8448553, 8448823, 8449079, 8449412, 8449624, 8449881, 8450941, 8451122, 8451866, 8451917, 8452252]","[8445397, 8445419, 8445550, 8446494, 8447458, 8448637, 8449516, 8450518, 8450936, 8452347]","[8447303, 8448020, 8451236, 8451685]"
26,LAK,19901991,"[8445492, 8445738, 8446199, 8446449, 8446624, 8447350, 8447400, 8448366, 8448411, 8448566, 8448553, 8449439, 8449624, 8450941, 8451122, 8451383, 8451866, 8451914, 8451917]","[8445419, 8445550, 8445796, 8446126, 8446494, 8447458, 8447699, 8449516, 8450936, 8451509, 8452347]","[8445462, 8448020]"
26,LAK,19911992,"[8445492, 8445738, 8446199, 8446449, 8447180, 8447350, 8447400, 8456784, 8448553, 8448569, 8457282, 8449439, 8449606, 8449624, 8450941, 8451122, 8451383, 8451866, 8451914, 8458394]","[8458507, 8445419, 8445550, 8445796, 8446126, 8446050, 8446117, 8448038, 8449516, 8450936, 8458172, 8458212, 8452347]","[8445462, 8456411, 8448020, 8452355]"
26,LAK,19921993,"[8445738, 8445979, 8446129, 8446449, 8446935, 8447350, 8447400, 8456597, 8448553, 8448569, 8456966, 8458556, 8457083, 8449439, 8449606, 8450504, 8450941, 8451089, 8451122, 8457984, 8458020, 8451866, 8451914, 8458394, 8458412]","[8458507, 8445550, 8446126, 8446050, 8446117, 8447569, 8448038, 8449516, 8458172, 8458212, 8452347, 8458595]","[8456411, 8448020, 8456855, 8451685]"
26,LAK,19931994,"[8445979, 8446129, 8458508, 8446250, 8446449, 8446487, 8447350, 8447400, 8448569, 8456966, 8458556, 8457297, 8449487, 8449755, 8450504, 8458593, 8450941, 8451089, 8451122, 8458020, 8451866, 8451862, 8451901, 8458347]","[8445550, 8446501, 8447569, 8458975, 8447981, 8448038, 8456709, 8448717, 8449516, 8450089, 8458172, 8458212, 8452347, 8458595]","[8456411, 8448020, 8456855, 8451685]"
26,LAK,19941995,"[8459023, 8445689, 8445790, 8446129, 8446252, 8446449, 8446487, 8447350, 8447400, 8460524, 8448569, 8456933, 8456966, 8458561, 8450635, 8451089, 8459047, 8458020, 8451862, 8451925, 8451901]","[8445550, 8455629, 8458527, 8458820, 8448038, 8458539, 8449516, 8458637, 8450348, 8458659, 8458172, 8459460, 8452347, 8458595]","[8446991, 8448020, 8458622, 8451685, 8460497]"
26,LAK,19951996,"[8459023, 8455763, 8446071, 8446129, 8446252, 8446487, 8446823, 8447350, 8447400, 8456729, 8460524, 8448484, 8448569, 8456933, 8458579, 8456966, 8459094, 8456985, 8458561, 8459332, 8458020, 8451711, 8458183, 8451925, 8451901, 8460239, 8460551]","[8459500, 8462034, 8445550, 8455629, 8458527, 8458820, 8446825, 8449516, 8457403, 8458984, 8458637, 8450348, 8458048, 8458172, 8459460, 8458993, 8458492]","[8455994, 8448020, 8460497]"
26,LAK,19961997,"[8445724, 8455763, 8456080, 8446823, 8456441, 8456729, 8460524, 8448484, 8448490, 8458579, 8459094, 8457214, 8464875, 8462149, 8458532, 8465167, 8449973, 8458561, 8459332, 8459047, 8460044, 8451711, 8460239, 8460660, 8460551]","[8462034, 8445550, 8458527, 8446825, 8457403, 8458984, 8458637, 8458048, 8458993, 8458492]","[8445438, 8455994, 8446831, 8460497]"
26,LAK,19971998,"[8455763, 8446208, 8446823, 8456729, 8460524, 8466140, 8458579, 8459094, 8462062, 8464875, 8457406, 8462149, 8458532, 8458561, 8450941, 8460044, 8458554, 8460239, 8460660, 8460551]","[8462034, 8445550, 8458527, 8447004, 8458984, 8458637, 8458993, 8458492]","[8446134, 8446831, 8460497]"
26,LAK,19981999,"[8445176, 8467844, 8455763, 8458945, 8446208, 8446823, 8464984, 8456729, 8460524, 8466140, 8456933, 8458579, 8459094, 8464875, 8457406, 8458532, 8458561, 8460522, 8458565, 8450941, 8462078, 8458554, 8460239, 8460660]","[8445208, 8445550, 8445568, 8458527, 8446494, 8447004, 8457403, 8460701, 8458984, 8458637, 8459020]","[8459198, 8446831, 8459308, 8460497]"
26,LAK,19992000,"[8445176, 8445283, 8467844, 8445733, 8455763, 8467682, 8446165, 8446675, 8456647, 8456729, 8459094, 8464875, 8458532, 8458540, 8460522, 8468432, 8450941, 8462078, 8458069, 8458554, 8460239, 8459141]","[8462034, 8445550, 8458527, 8447004, 8467949, 8459569, 8457403, 8460701, 8458984, 8458637]","[8458576, 8446831, 8460497]"
26,LAK,20002001,"[8465050, 8467844, 8445733, 8467682, 8446165, 8459436, 8446675, 8447386, 8456729, 8462037, 8459094, 8466216, 8458532, 8458540, 8468432, 8450941, 8458069, 8458554, 8458208, 8459141, 8459543]","[8462034, 8445550, 8458527, 8458560, 8459569, 8468534, 8457384, 8457403, 8458984, 8451224, 8468598]","[8446831, 8459132, 8457714, 8460935, 8460497]"
26,LAK,20012002,"[8459439, 8469502, 8465050, 8459089, 8467427, 8445733, 8467682, 8459436, 8456087, 8468120, 8446675, 8467461, 8456556, 8456729, 8462037, 8459094, 8466216, 8458532, 8458540, 8466110, 8451005, 8458069, 8458554, 8458628]","[8458527, 8460529, 8459569, 8468534, 8457384, 8457403, 8458984, 8451224, 8468598]","[8457714, 8460497]"
26,LAK,20022003,"[8459439, 8459064, 8468527, 8468224, 8466164, 8469502, 8462239, 8465050, 8459089, 8467427, 8469500, 8467682, 8459436, 8468120, 8467461, 8468500, 8456556, 8456729, 8462037, 8459094, 8458540, 8464968, 8462078, 8460599, 8465024, 8468162, 8458069]","[8466215, 8460529, 8462056, 8468534, 8457264, 8457384, 8457403, 8458984, 8459636, 8451224, 8468598, 8458636, 8467499]","[8469658, 8457714, 8460497]"
26,LAK,20032004,"[8459064, 8468224, 8466164, 8465050, 8467427, 8470606, 8469500, 8459156, 8467682, 8468123, 8462419, 8468500, 8462037, 8456849, 8459094, 8458540, 8470766, 8450941, 8462078, 8465024, 8468162, 8458955, 8458554, 8462103]","[8466215, 8459181, 8469476, 8470268, 8460529, 8462056, 8457384, 8457403, 8463638, 8458984, 8459636, 8459645, 8468598, 8467499]","[8468651, 8467341, 8458584, 8469658]"
26,LAK,20052006,"[8459064, 8468224, 8465050, 8459089, 8470606, 8469500, 8468123, 8455919, 8462419, 8459648, 8467461, 8468500, 8470001, 8470295, 8470055, 8466398, 8465026, 8468095, 8470637, 8450941, 8450978, 8471524, 8470620]","[8466215, 8459181, 8469476, 8470268, 8457384, 8458984, 8469564, 8462176, 8468598, 8468478]","[8464999, 8467954, 8467391]"
26,LAK,20062007,"[8459064, 8468224, 8470606, 8469500, 8468123, 8455919, 8462419, 8468500, 8473644, 8469120, 8469490, 8471685, 8466398, 8467882, 8462105, 8459521, 8470649, 8470637, 8469720, 8451972, 8471224, 8466147, 8465113, 8470113]","[8445550, 8469795, 8472394, 8456588, 8471677, 8457384, 8457403, 8458984, 8473921, 8462176, 8460493, 8468598, 8468478]","[8470264, 8445769, 8460516, 8470534, 8464999]"
26,LAK,20072008,"[8459064, 8470619, 8470606, 8466260, 8469500, 8470018, 8468500, 8473644, 8470001, 8462129, 8469120, 8471685, 8470852, 8470744, 8466304, 8470649, 8473962, 8451972, 8471224, 8465113, 8470113]","[8445550, 8469795, 8472394, 8471677, 8456852, 8457403, 8470575, 8467331, 8468598]","[8462102, 8473541, 8460516, 8473975, 8467391, 8471734, 8471433]"
26,LAK,20082009,"[8459064, 8470619, 8470606, 8466260, 8468500, 8462129, 8469120, 8471685, 8473453, 8474114, 8470852, 8470649, 8473962, 8470755, 8474190, 8468526, 8473908, 8468508, 8470113]","[8474563, 8474518, 8462050, 8470121, 8472394, 8471677, 8458637, 8470575, 8470724]","[8473975, 8467391, 8471734]"
26,LAK,20092010,"[8470606, 8471718, 8471733, 8475086, 8468500, 8467831, 8462129, 8469120, 8471685, 8473453, 8474681, 8460556, 8474114, 8471386, 8473962, 8470755, 8475170, 8469755, 8474190, 8460496, 8468526, 8468508]","[8474563, 8474518, 8470121, 8472394, 8471677, 8470905, 8474166, 8458637, 8467452]","[8473541, 8473975, 8471734]"
26,LAK,20102011,"[8470606, 8475160, 8462129, 8474100, 8471685, 8473453, 8474681, 8474114, 8471386, 8471208, 8467412, 8470755, 8475170, 8474190, 8460496, 8468526, 8464979, 8473908, 8468508, 8470113]","[8474563, 8474518, 8470121, 8472394, 8471677, 8474166, 8465185, 8474162, 8467452]","[8473541, 8471734]"
26,LAK,20112012,"[8470606, 8470604, 8475160, 8470662, 8467346, 8467466, 8474100, 8471685, 8473453, 8474681, 8460504, 8475325, 8471386, 8471208, 8470617, 8470755, 8468526, 8473908, 8468508]","[8474563, 8474518, 8470121, 8471677, 8474166, 8465185, 8467452, 8474594]","[8473541, 8471734]"
26,LAK,20122013,"[8470606, 8470604, 8475160, 8470662, 8467346, 8474100, 8471685, 8473453, 8475325, 8476871, 8471208, 8470617, 8470755, 8468526, 8475726, 8468508]","[8474563, 8474518, 8474184, 8470121, 8474166, 8474162, 8467344, 8467452, 8474594]","[8473541, 8471734]"
26,LAK,20132014,"[8470606, 8470666, 8470604, 8475160, 8470662, 8474192, 8468483, 8474100, 8471685, 8473453, 8475325, 8476871, 8470617, 8468526, 8475726, 8475223, 8468508]","[8474638, 8474563, 8470121, 8474166, 8465185, 8474162, 8467344, 8471240, 8474594]","[8474889, 8471734, 8475681]"
26,LAK,20142015,"[8476404, 8470606, 8470604, 8475160, 8468483, 8474100, 8471685, 8473453, 8475325, 8476871, 8470617, 8476406, 8468526, 8475726, 8470189, 8468508]","[8474563, 8470121, 8474166, 8473571, 8475188, 8474162, 8467344, 8471240, 8471284, 8474594]","[8474889, 8471734]"
26,LAK,20152016,"[8476404, 8470606, 8470604, 8475160, 8475343, 8468483, 8474100, 8471685, 8467329, 8473453, 8473473, 8476352, 8475325, 8476871, 8476406, 8475726, 8471346, 8475738]","[8474563, 8469555, 8475762, 8475857, 8470121, 8474166, 8473571, 8475188, 8474162, 8474568, 8471240, 8467452]","[8469514, 8473523, 8471734]"
26,LAK,20162017,"[8476404, 8477380, 8470606, 8470604, 8475160, 8475343, 8468483, 8462042, 8477960, 8474100, 8471685, 8473453, 8475325, 8476871, 8473962, 8471682, 8476406, 8475726]","[8474563, 8475762, 8470104, 8475857, 8470121, 8476983, 8474166, 8475188, 8474162]","[8471750, 8469514, 8475789, 8471734, 8473553]"
26,LAK,20172018,"[8478020, 8476404, 8477428, 8477380, 8470606, 8469500, 8470604, 8475160, 8476020, 8475343, 8468483, 8480113, 8469638, 8477960, 8471685, 8469639, 8473453, 8471338, 8476871, 8476356, 8476406, 8470775, 8475726]","[8480771, 8474563, 8480147, 8477850, 8475762, 8475857, 8476983, 8477073, 8474166, 8474162, 8470602]","[8475789, 8475311, 8471734]"
26,LAK,20182019,"[8478020, 8479994, 8477380, 8470606, 8470604, 8475160, 8479336, 8474176, 8480113, 8477960, 8471685, 8469454, 8476894, 8473453, 8481481, 8479644, 8476871, 8480776, 8477957, 8470775, 8475726, 8478455]","[8480771, 8474563, 8480147, 8475762, 8476983, 8477073, 8474166, 8474162, 8470602, 8478911, 8480336]","[8469514, 8475789, 8477361, 8471734]"
26,LAK,20192020,"[8478020, 8479994, 8470606, 8470604, 8475160, 8476924, 8479336, 8480113, 8477960, 8471685, 8469454, 8473453, 8481481, 8479644, 8479675, 8476947, 8477213, 8475726, 8480014, 8478455]","[8479998, 8481600, 8479348, 8474563, 8475762, 8477018, 8476983, 8477073, 8474166, 8478911, 8477046, 8480336]","[8475789, 8477361, 8471734]"
26,LAK,20202021,"[8478020, 8479994, 8480072, 8476960, 8470606, 8482124, 8470604, 8476924, 8479336, 8480113, 8481560, 8477960, 8471685, 8480845, 8477962, 8481481, 8479644, 8479675, 8480221, 8480014, 8478455]","[8475729, 8479998, 8481600, 8479348, 8474563, 8476874, 8477073, 8478911, 8480467, 8480336, 8478846]","[8477234, 8477361, 8471734]"
26,LAK,20212022,"[8479994, 8480072, 8478042, 8476960, 8470606, 8482124, 8476479, 8481239, 8476924, 8479336, 8480113, 8481560, 8477960, 8471685, 8480845, 8477962, 8481481, 8479675, 8478250, 8481532, 8476391, 8480014]","[8479998, 8481600, 8479348, 8474563, 8480434, 8471303, 8476874, 8479421, 8478911, 8481606, 8479442, 8480467, 8480336, 8478846]","[8477361, 8471734, 8476343]"
26,LAK,20222023,"[8479994, 8480072, 8478042, 8482124, 8476479, 8481239, 8477942, 8479336, 8480113, 8481560, 8477960, 8471685, 8480845, 8477962, 8481481, 8479772, 8479675, 8481532, 8480014]","[8479998, 8481600, 8482730, 8474563, 8480434, 8471303, 8478882, 8479421, 8478911, 8481606, 8480336]","[8477831, 8476914, 8477361, 8471734]"
26,LAK,20232024,"[8482124, 8476479, 8477942, 8479661, 8481560, 8477960, 8471685, 8482155, 8479675]","[8479998, 8477335, 8482730, 8474563, 8477971, 8478882, 8479421, 8481606]","[8475311, 8479496]"
26,LAK,20242025,"[8482124, 8476479, 8477942, 8477998, 8482726, 8479661, 8477960, 8471685, 8483808, 8482155, 8473453, 8482408, 8479675, 8480851, 8481532]","[8479998, 8477335, 8482730, 8474563, 8476441, 8478882, 8479421, 8481606]","[8475311, 8479496]"
23,VAN,19701971,"[8445137, 8445530, 8445614, 8445827, 8446670, 8446747, 8447094, 8447252, 8447527, 8447592, 8448079, 8448348, 8451204, 8448950, 8449191, 8451870, 8449594]","[8444966, 8445100, 8446434, 8446698, 8448178, 8448240, 8448259, 8451169, 8449055, 8451853, 8449473, 8449667]","[8449967, 8449995, 8450148]"
23,VAN,19711972,"[8445007, 8445137, 8445521, 8445614, 8446670, 8447094, 8447252, 8448640, 8447464, 8447592, 8448079, 8451204, 8449130, 8449192, 8451870, 8449357]","[8445104, 8446434, 8447420, 8448400, 8448178, 8448240, 8451169, 8451853, 8449473]","[8449913, 8449967, 8450148]"
23,VAN,19721973,"[8445007, 8445137, 8446911, 8447252, 8448640, 8447464, 8448808, 8447592, 8447825, 8448050, 8451204, 8449215, 8449468, 8449604]","[8445104, 8445114, 8447420, 8446698, 8448400, 8447589, 8451853, 8449473]","[8449846, 8449913, 8450032, 8450148]"
23,VAN,19731974,"[8445601, 8445137, 8446592, 8447300, 8446619, 8447252, 8448640, 8447314, 8447464, 8448808, 8447825, 8448050, 8448059, 8449952, 8451204, 8448950, 8449117, 8449194, 8449215, 8452220, 8449604]","[8445104, 8446291, 8446525, 8446334, 8447420, 8448400, 8448524, 8447589, 8447711, 8448190, 8449473]","[8445966, 8449913, 8451528]"
23,VAN,19741975,"[8445601, 8445137, 8447300, 8446988, 8448640, 8448808, 8447829, 8447883, 8448050, 8449952, 8448427, 8451251, 8452220, 8449468, 8452365]","[8445104, 8446291, 8445867, 8446525, 8446647, 8447420, 8448400, 8447589, 8447925, 8448190, 8448373, 8451587, 8449473]","[8449846, 8450015, 8451528]"
23,VAN,19751976,"[8445558, 8445601, 8445137, 8447086, 8447300, 8448640, 8448808, 8447883, 8448050, 8449952, 8448329, 8448427, 8451251, 8452220, 8449337, 8452365]","[8445104, 8446291, 8445867, 8446647, 8448400, 8447925, 8448190, 8448373, 8451587]","[8450015, 8450830, 8451528]"
23,VAN,19761977,"[8445558, 8446868, 8447086, 8447300, 8447365, 8448640, 8448808, 8447883, 8448050, 8449952, 8448671, 8451251, 8451623, 8449191, 8452220, 8449337, 8452365]","[8445980, 8446291, 8446932, 8447293, 8446647, 8448400, 8449121, 8449436, 8447925, 8448373, 8451587]","[8449846, 8450020, 8450830]"
23,VAN,19771978,"[8445558, 8446868, 8447086, 8447194, 8447365, 8448808, 8447627, 8447883, 8448050, 8449952, 8451251, 8449191, 8452220, 8452202, 8449337]","[8444869, 8445980, 8447293, 8446647, 8447137, 8448400, 8449121, 8449436, 8451587]","[8445249, 8447505, 8450020, 8450830]"
23,VAN,19781979,"[8445558, 8445860, 8446363, 8446710, 8446868, 8446957, 8447086, 8447194, 8447335, 8447365, 8448538, 8448808, 8447627, 8449952, 8451251, 8451493, 8451566, 8451986, 8452220]","[8447293, 8446647, 8447941, 8448400, 8448851, 8449121, 8449346, 8449436, 8451587, 8449686]","[8445695, 8447505, 8450148]"
23,VAN,19791980,"[8445118, 8445558, 8445591, 8445677, 8445808, 8445860, 8446363, 8446957, 8447194, 8447335, 8447703, 8448808, 8448913, 8449109, 8449952, 8451025, 8451251, 8451493, 8451566, 8451986, 8452152, 8452457]","[8444905, 8447293, 8448024, 8448070, 8448400, 8448851, 8448871, 8449121, 8449346, 8449436, 8449616, 8451587]","[8445695, 8447505, 8450830]"
23,VAN,19801981,"[8445118, 8445558, 8445591, 8445677, 8445808, 8446957, 8447194, 8447335, 8448913, 8448917, 8449952, 8450553, 8451025, 8451204, 8451566, 8452457]","[8445893, 8446058, 8447481, 8448400, 8448667, 8448851, 8448871, 8449121, 8449171, 8449346, 8449616, 8451587]","[8445694, 8445695, 8447505]"
23,VAN,19811982,"[8445591, 8445677, 8445808, 8446222, 8446279, 8446371, 8446957, 8447335, 8447868, 8448758, 8448913, 8448917, 8449659, 8449884, 8451025, 8451566, 8452457]","[8445415, 8445727, 8445803, 8445893, 8446635, 8447481, 8448667, 8448851, 8449346, 8449414, 8449616, 8451190, 8451587]","[8445694, 8447505, 8447725]"
23,VAN,19821983,"[8445591, 8446222, 8446279, 8446371, 8446957, 8447335, 8447868, 8448503, 8448567, 8448758, 8448913, 8448917, 8449659, 8449884, 8451025, 8451566, 8451786, 8451858, 8452457]","[8445415, 8445727, 8445803, 8446635, 8447481, 8448667, 8448851, 8449346, 8449616, 8450348, 8451587]","[8445694, 8445919, 8446625, 8447066]"
23,VAN,19831984,"[8446222, 8446279, 8446371, 8447194, 8447335, 8447463, 8448503, 8448665, 8448758, 8448913, 8449525, 8449659, 8449812, 8449884, 8451025, 8451566, 8451786, 8451858, 8452457]","[8445415, 8445727, 8445803, 8447481, 8448667, 8448839, 8448851, 8449259, 8449346, 8449616, 8450348, 8451190, 8451587]","[8445694, 8445919, 8447066]"
23,VAN,19841985,"[8446210, 8446222, 8446371, 8447194, 8447335, 8447463, 8448503, 8448665, 8448758, 8448913, 8448915, 8449525, 8449700, 8449812, 8451429, 8451566, 8451712, 8451786, 8451858]","[8445415, 8445727, 8445803, 8446286, 8447481, 8447956, 8448667, 8448839, 8449259, 8450348, 8451190]","[8445694, 8445919, 8447066]"
23,VAN,19851986,"[8445728, 8446210, 8446222, 8447335, 8447463, 8448665, 8448758, 8448834, 8448913, 8449812, 8450341, 8451119, 8451429, 8451566, 8451786, 8451857, 8451858]","[8445415, 8445727, 8445803, 8446111, 8446286, 8446504, 8447481, 8448667, 8448839, 8450348]","[8445694, 8445919, 8452576]"
23,VAN,19861987,"[8445728, 8446210, 8446222, 8447463, 8447909, 8448567, 8448765, 8448758, 8448834, 8450271, 8450341, 8451119, 8451429, 8451566, 8451783, 8451786, 8451791, 8451857, 8451858]","[8444893, 8445277, 8445416, 8445803, 8446111, 8447481, 8448667, 8448816, 8448839, 8449315, 8450348, 8450827]","[8445694, 8445919, 8447029, 8452576]"
23,VAN,19871988,"[8444894, 8445232, 8445455, 8445672, 8445728, 8446210, 8447909, 8448665, 8448691, 8448765, 8448834, 8449755, 8450271, 8450987, 8451119, 8451135, 8451429, 8451566, 8451709, 8451783, 8451791, 8451857, 8451858, 8452225, 8452445, 8452504]","[8444893, 8445416, 8445653, 8445803, 8448025, 8448479, 8448839, 8448922, 8449549, 8450348, 8450827, 8451653]","[8445694, 8445919, 8449474, 8452355]"
23,VAN,19881989,"[8444894, 8444898, 8445455, 8445662, 8445672, 8445685, 8445728, 8446043, 8447693, 8447909, 8448825, 8449319, 8449755, 8450271, 8450987, 8451119, 8451429, 8451516, 8451566, 8451709, 8451791, 8451858]","[8445416, 8445653, 8445803, 8447437, 8448479, 8448839, 8449549, 8449898, 8450795, 8451587, 8451653]","[8447029, 8449474, 8452355]"
23,VAN,19891990,"[8444894, 8445662, 8445672, 8445918, 8446210, 8447693, 8448548, 8448669, 8448799, 8448825, 8449319, 8449326, 8449755, 8450271, 8450635, 8451119, 8451429, 8451516, 8451566, 8451709, 8451791, 8451858]","[8444893, 8445416, 8445796, 8445803, 8447437, 8448839, 8448824, 8449549, 8449898, 8450471, 8450795, 8451587, 8451653]","[8449474, 8452355]"
23,VAN,19901991,"[8444894, 8445017, 8445662, 8445672, 8445753, 8445918, 8446205, 8446210, 8448542, 8448669, 8448825, 8449319, 8449326, 8449669, 8449755, 8449807, 8449961, 8450635, 8451005, 8451119, 8451429, 8451566, 8451709, 8452161]","[8444893, 8445803, 8445917, 8446417, 8446376, 8447162, 8447437, 8448568, 8448839, 8448824, 8449774, 8449898, 8450471]","[8447029, 8449286, 8449400, 8449474, 8452355]"
23,VAN,19911992,"[8444894, 8445017, 8445335, 8455738, 8446205, 8446807, 8448542, 8448669, 8448825, 8449319, 8449326, 8449669, 8449755, 8449807, 8449961, 8451005, 8451119, 8452161, 8452281]","[8444893, 8445208, 8446417, 8446376, 8447398, 8447489, 8448839, 8448824, 8449774, 8450471]","[8447029, 8449474]"
23,VAN,19921993,"[8444894, 8445017, 8455738, 8446205, 8446217, 8446807, 8448118, 8448542, 8448825, 8449669, 8449698, 8449807, 8449961, 8451005, 8451119, 8451291, 8452161, 8452281, 8458347]","[8445208, 8446417, 8446376, 8448839, 8448824, 8449774, 8450471, 8457761, 8458052]","[8449474, 8452440]"
23,VAN,19931994,"[8444894, 8445017, 8455738, 8445979, 8446043, 8446205, 8446217, 8456170, 8447091, 8448118, 8456695, 8458609, 8458579, 8448825, 8449439, 8449669, 8449698, 8449961, 8458976, 8451005, 8458347]","[8445208, 8445700, 8446417, 8446376, 8447630, 8456547, 8448824, 8449774, 8458631, 8450471, 8458052]","[8449474, 8452440]"
23,VAN,19941995,"[8444894, 8445017, 8455575, 8455738, 8446043, 8446205, 8446208, 8447091, 8448118, 8456695, 8458579, 8448754, 8448825, 8449439, 8449669, 8449961, 8457570, 8458976, 8451005, 8451080, 8458521, 8459547]","[8459053, 8445208, 8445700, 8458543, 8446417, 8456547, 8448824, 8449774, 8458631, 8450471, 8458052, 8459173]","[8449474, 8452440]"
23,VAN,19951996,"[8455564, 8455575, 8459995, 8455738, 8446208, 8459542, 8456100, 8447091, 8448118, 8448519, 8448825, 8459046, 8449654, 8458530, 8449961, 8457570, 8450832, 8451005, 8451119, 8451359, 8458521, 8451905, 8459547]","[8459053, 8445208, 8445700, 8458543, 8456547, 8448543, 8448824, 8457194, 8449774, 8458631, 8457840]","[8458680, 8449474]"
23,VAN,19961997,"[8459995, 8459246, 8455738, 8446208, 8459542, 8446252, 8447091, 8448825, 8449654, 8458530, 8457491, 8449894, 8449961, 8450832, 8457816, 8457983, 8451359, 8451905, 8459547]","[8459053, 8445208, 8458543, 8456547, 8448380, 8448543, 8448824, 8449774, 8458631, 8457840, 8458541, 8459173]","[8458981, 8458680, 8449474]"
23,VAN,19971998,"[8459444, 8459995, 8459246, 8455738, 8458945, 8459542, 8447091, 8448825, 8457261, 8462068, 8449573, 8449654, 8458530, 8449894, 8449961, 8457816, 8457921, 8460533, 8451359, 8465176, 8459547, 8452685]","[8459053, 8445208, 8455875, 8456547, 8448104, 8448740, 8448824, 8459462, 8449774, 8460503, 8459674, 8458541, 8460555, 8459173]","[8445769, 8458680, 8456692, 8449474, 8458075]"
23,VAN,19981999,"[8459444, 8459246, 8458945, 8465951, 8446997, 8460530, 8456567, 8464965, 8456849, 8457261, 8462068, 8449573, 8449654, 8460707, 8458530, 8460533, 8462093, 8459499, 8462824, 8452685]","[8459053, 8445266, 8456547, 8448104, 8460492, 8459462, 8449774, 8460503, 8459674, 8462176, 8458541, 8460555]","[8458680, 8458075, 8459463]"
23,VAN,19992000,"[8459444, 8459246, 8446003, 8467359, 8465951, 8466171, 8456567, 8464965, 8467851, 8456849, 8466431, 8457261, 8449573, 8449654, 8459461, 8460707, 8458530, 8459435, 8467393, 8460533, 8462093, 8460515, 8465176, 8462824]","[8459053, 8445266, 8445568, 8466169, 8447690, 8448380, 8460492, 8465032, 8458966, 8460503, 8462176, 8460555]","[8467866, 8457714, 8457969, 8458075, 8459463]"
23,VAN,20002001,"[8459444, 8459246, 8466155, 8446003, 8467359, 8465951, 8466171, 8464965, 8467851, 8466184, 8456849, 8459461, 8458530, 8459435, 8467393, 8462093, 8467875, 8467876, 8451673]","[8467332, 8459053, 8445266, 8445413, 8447690, 8459406, 8460492, 8458518, 8460503, 8462176, 8460555]","[8460516, 8446719, 8457714]"
23,VAN,20012002,"[8459444, 8459246, 8466155, 8446003, 8467359, 8465951, 8466171, 8462081, 8467851, 8456849, 8466431, 8465189, 8448825, 8459461, 8458530, 8459435, 8467393, 8467875, 8467876, 8465975, 8458941]","[8467332, 8445266, 8445413, 8459406, 8460492, 8462111, 8458518, 8460503, 8462176, 8460555, 8465071]","[8467913, 8459289, 8460516, 8464715]"
23,VAN,20022003,"[8459444, 8467359, 8465951, 8466171, 8468055, 8462081, 8466184, 8469656, 8456849, 8459391, 8465189, 8448825, 8459437, 8457261, 8459461, 8458530, 8468161, 8467393, 8467875, 8467876, 8458941]","[8467332, 8445266, 8460500, 8459406, 8467421, 8460492, 8465032, 8459493, 8460503, 8465202, 8462176]","[8467913, 8460516, 8459451, 8464715]"
23,VAN,20032004,"[8466249, 8459444, 8467383, 8467359, 8465951, 8468055, 8466184, 8448415, 8470616, 8469656, 8448825, 8457261, 8459461, 8458530, 8458565, 8468161, 8458534, 8467393, 8457921, 8467875, 8467876, 8468503]","[8467332, 8460500, 8445428, 8469044, 8467918, 8460492, 8459493, 8460503, 8465202, 8458052, 8462176]","[8467913, 8460516, 8460704]"
23,VAN,20052006,"[8468558, 8459444, 8467383, 8470358, 8459156, 8465951, 8466197, 8464984, 8470616, 8448825, 8459461, 8458530, 8460541, 8467393, 8471628, 8467875, 8467876, 8468503]","[8467332, 8460500, 8469598, 8469044, 8462051, 8460548, 8455805, 8460492, 8467896, 8469689, 8460503, 8471200, 8465202, 8452353]","[8467913, 8460516, 8469750, 8466156, 8467895]"
23,VAN,20062007,"[8467383, 8464998, 8470358, 8462061, 8465951, 8462419, 8466197, 8464984, 8471498, 8470616, 8448825, 8466394, 8459461, 8458530, 8467881, 8468161, 8471628, 8468118, 8470343, 8467875, 8467876, 8468503, 8458069]","[8469598, 8471684, 8470935, 8471303, 8459469, 8469477, 8470843, 8465185, 8460503, 8465202, 8462176, 8462177]","[8466141, 8467430]"
23,VAN,20072008,"[8467880, 8471371, 8470358, 8465951, 8462419, 8471498, 8462094, 8468881, 8470616, 8448825, 8459461, 8458530, 8468523, 8467881, 8471664, 8462197, 8471628, 8467875, 8467876, 8471634]","[8469598, 8471684, 8471303, 8470681, 8469477, 8470843, 8457384, 8465185, 8460503, 8465202, 8468478]","[8466141, 8469569, 8468166]"
23,VAN,20082009,"[8470609, 8470719, 8471371, 8470358, 8459648, 8471498, 8468660, 8468881, 8460527, 8470616, 8467857, 8468604, 8467881, 8471664, 8471628, 8467875, 8467876, 8451774, 8469581]","[8469598, 8467422, 8471303, 8465185, 8468184, 8470839, 8460503, 8465202, 8467369]","[8467391, 8466141, 8468166, 8471239]"
23,VAN,20092010,"[8470609, 8471863, 8470719, 8470358, 8459648, 8470708, 8470854, 8473546, 8471498, 8468660, 8460527, 8470616, 8468523, 8471664, 8471628, 8467463, 8467875, 8467876, 8473488, 8469581]","[8469626, 8460500, 8469598, 8471303, 8469555, 8460580, 8465185, 8470839, 8475104, 8470310, 8465202, 8451224]","[8466141, 8467453, 8471239]"
23,VAN,20102011,"[8467906, 8471863, 8470719, 8470358, 8470708, 8470854, 8471498, 8470274, 8474570, 8470616, 8470654, 8467334, 8471268, 8469584, 8471664, 8471628, 8467463, 8462093, 8467875, 8467876, 8473488, 8470620, 8468485, 8475619]","[8469626, 8470054, 8469598, 8471303, 8469555, 8469465, 8475104, 8471692, 8470310, 8465202, 8474601, 8473931, 8475690]","[8466141, 8471239]"
23,VAN,20112012,"[8470700, 8471266, 8470358, 8471941, 8473682, 8471498, 8470274, 8474570, 8475178, 8470616, 8470654, 8467334, 8471419, 8471268, 8465192, 8471664, 8467463, 8467875, 8467876, 8464979, 8474035, 8475619, 8474668]","[8469626, 8470054, 8469598, 8471303, 8471752, 8469465, 8470310, 8465202, 8470685, 8475690]","[8466141, 8471239]"
23,VAN,20122013,"[8471266, 8470358, 8473682, 8471409, 8471498, 8470274, 8476482, 8475178, 8470616, 8470654, 8467334, 8473911, 8471664, 8469485, 8475147, 8467875, 8467876, 8473542, 8474035, 8475619, 8474668]","[8469626, 8470054, 8471216, 8469598, 8476302, 8471303, 8474520, 8469465, 8471810, 8475690]","[8466141, 8471239]"
23,VAN,20132014,"[8475423, 8471266, 8470358, 8474610, 8473600, 8471498, 8470274, 8476482, 8475178, 8470616, 8477201, 8473574, 8469752, 8470755, 8471390, 8475147, 8467875, 8467876, 8473542, 8474668, 8476819, 8477816]","[8469626, 8469598, 8476302, 8476244, 8471303, 8474520, 8469465, 8474601, 8475598, 8475690, 8474134]","[8474754, 8475663, 8466141, 8474593]"
23,VAN,20142015,"[8476466, 8474009, 8470358, 8476214, 8473432, 8471498, 8470274, 8477500, 8476482, 8475178, 8477589, 8473574, 8474646, 8470755, 8467875, 8467876, 8473542, 8475223, 8468085]","[8473415, 8469598, 8476431, 8476302, 8471303, 8469465, 8474579, 8475598, 8475690, 8474134]","[8475663, 8474593, 8468011]"
23,VAN,20152016,"[8476466, 8470358, 8471490, 8473432, 8475770, 8475836, 8476867, 8476440, 8476414, 8471498, 8470274, 8477500, 8477589, 8477955, 8471283, 8467875, 8467876, 8477445, 8474091, 8475223, 8477937, 8468085, 8477816]","[8474749, 8473415, 8471303, 8476166, 8469465, 8477018, 8476388, 8474579, 8475690, 8477997, 8474134]","[8473614, 8474593, 8468011]"
23,VAN,20162017,"[8476466, 8478444, 8476423, 8470358, 8475808, 8476390, 8473432, 8470626, 8476867, 8477958, 8476440, 8476414, 8471498, 8477500, 8476425, 8477126, 8479969, 8477916, 8475210, 8467875, 8467876, 8475213, 8471681, 8474091, 8477937, 8477816]","[8473415, 8471303, 8475790, 8477018, 8474707, 8477091, 8474579, 8479442, 8475690, 8477997]","[8473614, 8474593, 8468011]"
23,VAN,20172018,"[8475423, 8476466, 8478444, 8476423, 8475788, 8475808, 8473432, 8475343, 8470626, 8474040, 8478874, 8476867, 8477958, 8476440, 8477500, 8469638, 8476894, 8477126, 8477353, 8467875, 8467876, 8474091, 8470598, 8477937]","[8473415, 8474584, 8471303, 8475790, 8480163, 8477018, 8476884, 8477085, 8479442, 8475690]","[8477967, 8474593, 8475195]"
23,VAN,20182019,"[8475423, 8476466, 8474291, 8478444, 8476423, 8470626, 8474040, 8478874, 8476867, 8477958, 8476440, 8477500, 8476894, 8476410, 8479772, 8477353, 8476871, 8480012, 8474849, 8477213, 8475727, 8474091, 8477937]","[8473415, 8478465, 8474584, 8471303, 8475790, 8480800, 8477018, 8476884, 8481479, 8477085, 8474568, 8479442, 8475690, 8481425]","[8473614, 8477967, 8480022, 8474593, 8475195]"
23,VAN,20192020,"[8476466, 8477473, 8474291, 8478444, 8470626, 8475907, 8478874, 8477958, 8476344, 8477500, 8476410, 8479772, 8476468, 8477353, 8476871, 8480012, 8474849, 8477213, 8474091, 8475726, 8477937]","[8474818, 8471303, 8480147, 8480800, 8479355, 8474574, 8477085, 8479442, 8475690]","[8477967, 8480022, 8475839, 8474593]"
23,VAN,20202021,"[8477473, 8474291, 8478444, 8476329, 8470626, 8479981, 8478874, 8476344, 8477963, 8478146, 8481535, 8477500, 8479986, 8479367, 8479772, 8482063, 8476468, 8477353, 8476871, 8480012, 8474849, 8474091, 8476918, 8477937]","[8474818, 8478465, 8478970, 8471303, 8474612, 8480800, 8479355, 8474574, 8481479, 8480056, 8477220]","[8477967, 8474651]"
23,VAN,20212022,"[8477473, 8478444, 8475163, 8477450, 8475413, 8480326, 8478856, 8478146, 8481535, 8477500, 8477996, 8479367, 8476468, 8477353, 8476871, 8477464, 8480012, 8481617, 8480776, 8470755]","[8477474, 8478465, 8477335, 8478408, 8475171, 8474612, 8480800, 8476779, 8478454, 8474574, 8477359, 8480056, 8474568]","[8477967, 8480022, 8470860, 8477484]"
23,VAN,20222023,"[8482496, 8478463, 8478444, 8476858, 8480326, 8478856, 8481535, 8477500, 8478057, 8480833, 8483808, 8477508, 8479367, 8481683, 8481624, 8476468, 8476871, 8478967, 8480012, 8481617, 8482691, 8480021]","[8478451, 8478465, 8477335, 8478408, 8475171, 8484254, 8479425, 8480800, 8478454, 8484287, 8474574, 8477359, 8480056, 8474568, 8479388, 8478846]","[8480420, 8477967, 8477484, 8481668]"
23,VAN,20232024,"[8482496, 8483395, 8476927, 8478444, 8476858, 8478856, 8481535, 8478057, 8481024, 8482918, 8483476, 8476468, 8480012, 8481617, 8482691, 8484136, 8480459]","[8478017, 8479425, 8480800, 8478454, 8484287, 8474574, 8483678, 8477359, 8477369, 8478846]","[8477967, 8481668, 8484268]"
23,VAN,20242025,"[8482496, 8476927, 8478444, 8480078, 8478498, 8478856, 8481535, 8478057, 8482055, 8480012, 8480748, 8480459]","[8475762, 8479425, 8480800, 8478454, 8474574, 8483678, 8477969]","[8477967, 8480947]"
30,MIN,20002001,"[8468694, 8460015, 8459147, 8456100, 8466393, 8468483, 8459010, 8456567, 8460524, 8458949, 8466316, 8459576, 8464875, 8457511, 8465167, 8467468, 8457646, 8460061, 8468753, 8458126, 8468612, 8452285]","[8459478, 8460751, 8455653, 8446286, 8462225, 8448797, 8466023, 8465185, 8458637, 8469143, 8468712, 8467304]","[8462247, 8458988, 8468477, 8458562]"
30,MIN,20012002,"[8460015, 8459494, 8459596, 8460573, 8456100, 8466393, 8468483, 8459010, 8456567, 8460524, 8458949, 8466316, 8460541, 8460061, 8468753, 8469552, 8452285, 8458991]","[8460751, 8455653, 8460508, 8467843, 8462225, 8457222, 8466023, 8465185, 8469143, 8468513, 8468712, 8467304]","[8458988, 8468477, 8460806]"
30,MIN,20022003,"[8460015, 8470153, 8459596, 8460573, 8456100, 8466393, 8468483, 8456567, 8460524, 8466316, 8460707, 8460541, 8451005, 8458996, 8466039, 8469542, 8467491, 8452285, 8467962, 8458991]","[8460751, 8455653, 8460508, 8462225, 8457222, 8465185, 8467731, 8468513, 8468712, 8465250]","[8458988, 8459523, 8460806]"
30,MIN,20032004,"[8470153, 8470172, 8459596, 8467342, 8462061, 8459423, 8456100, 8466393, 8468483, 8456567, 8460524, 8466316, 8460541, 8458996, 8469542, 8467491, 8452285, 8467962, 8460498, 8458991]","[8455653, 8460508, 8470613, 8467392, 8462225, 8457222, 8469760, 8465185, 8469143, 8468513, 8465250]","[8458988, 8460806]"
30,MIN,20052006,"[8469647, 8470153, 8462061, 8459423, 8466393, 8470165, 8468483, 8469459, 8458947, 8466110, 8458525, 8469542, 8452285, 8467962, 8467951, 8467488, 8466392]","[8470613, 8460051, 8468520, 8467392, 8462225, 8465185, 8468650, 8468513, 8467343, 8462115, 8465250]","[8458988, 8470216, 8460806]"
30,MIN,20062007,"[8469647, 8470153, 8459648, 8466393, 8470165, 8468483, 8467925, 8469459, 8468575, 8462149, 8465026, 8471678, 8467966, 8458525, 8466357, 8469542, 8452285, 8468208, 8467951, 8466392]","[8470623, 8470613, 8455805, 8468520, 8460770, 8468613, 8468650, 8468513, 8467343]","[8473404, 8458988, 8470216]"
30,MIN,20072008,"[8465050, 8469647, 8470153, 8473504, 8459648, 8466292, 8470165, 8468483, 8462037, 8469459, 8468575, 8465026, 8471678, 8467966, 8458525, 8473536, 8458031, 8469542, 8469672, 8452285]","[8470613, 8455805, 8468520, 8456595, 8460770, 8468613, 8468650, 8468513, 8467343]","[8473404, 8470216]"
30,MIN,20082009,"[8465050, 8469647, 8470153, 8459596, 8473504, 8470639, 8468483, 8474121, 8469459, 8468499, 8468704, 8449895, 8471290, 8471678, 8473536, 8469542, 8468647]","[8469765, 8470613, 8468520, 8460770, 8469689, 8468650, 8468513, 8473722, 8467343, 8469623]","[8473404, 8470216]"
30,MIN,20092010,"[8474042, 8465050, 8469647, 8470153, 8470803, 8459596, 8473504, 8471399, 8473682, 8467899, 8468517, 8470671, 8471713, 8469467, 8469459, 8471670, 8468704, 8449895, 8471678, 8473536, 8468503, 8460465, 8475602]","[8471216, 8470613, 8473992, 8460661, 8460770, 8474222, 8475613, 8468513, 8473722, 8472338, 8470886, 8468636, 8469623]","[8473404, 8470584, 8470216, 8471418]"
30,MIN,20102011,"[8474042, 8470153, 8470803, 8459596, 8473504, 8464989, 8471399, 8474121, 8467899, 8471719, 8469467, 8469459, 8471670, 8466371, 8474077, 8468704, 8470180, 8470649, 8470580, 8468887, 8471521, 8475602]","[8470787, 8471216, 8470613, 8473992, 8474222, 8475613, 8474618, 8468513, 8474716, 8470886, 8468636, 8469623]","[8473404, 8471418, 8460535]"
30,MIN,20112012,"[8474042, 8470153, 8470803, 8475757, 8470299, 8473504, 8464989, 8468584, 8475219, 8474121, 8468482, 8471280, 8471719, 8469459, 8471670, 8473511, 8474077, 8470580, 8475679, 8473999, 8468887, 8473932, 8471885, 8471682, 8471521, 8468510, 8469542, 8475602, 8475722]","[8474585, 8473992, 8468520, 8471846, 8476224, 8470104, 8474000, 8471314, 8475613, 8474618, 8468513, 8474716, 8470886, 8468636, 8469623]","[8473404, 8475252, 8470216]"
30,MIN,20122013,"[8470153, 8470803, 8473504, 8475745, 8464989, 8471352, 8475798, 8468482, 8469459, 8469820, 8475728, 8471338, 8470610, 8469506, 8473932, 8467336, 8471682, 8469542, 8475722]","[8476463, 8465122, 8473992, 8470104, 8475613, 8474618, 8474716, 8470886, 8470600]","[8473404, 8475252, 8470216, 8475311]"
30,MIN,20132014,"[8470803, 8475757, 8465951, 8475745, 8471352, 8476235, 8475798, 8475287, 8468482, 8469459, 8469820, 8469591, 8474077, 8471338, 8470852, 8475799, 8470610, 8469506, 8467336, 8469542, 8475722]","[8470054, 8474164, 8476463, 8476856, 8477850, 8475613, 8474618, 8474716, 8470886, 8470600]","[8473404, 8468524, 8474202, 8470216, 8475311]"
30,MIN,20142015,"[8470176, 8470803, 8473646, 8465951, 8475745, 8476235, 8475798, 8476344, 8475287, 8469459, 8475799, 8470610, 8469506, 8475147, 8473485, 8471840, 8470598, 8469542, 8475722]","[8470054, 8474772, 8474164, 8476463, 8476856, 8473992, 8477850, 8467917, 8475613, 8474618, 8474716, 8470600]","[8473404, 8474202, 8471227, 8475311]"
30,MIN,20152016,"[8477006, 8475757, 8473646, 8475745, 8474610, 8476235, 8476545, 8475798, 8476344, 8475287, 8470877, 8477923, 8469459, 8475799, 8470610, 8469506, 8470871, 8475147, 8468526, 8470598, 8475722]","[8476463, 8476856, 8477850, 8477467, 8475613, 8476422, 8474618, 8474716, 8470729, 8470600]","[8471227, 8475311]"
30,MIN,20162017,"[8477006, 8476219, 8475745, 8474610, 8478493, 8476545, 8475798, 8476344, 8471691, 8475287, 8469459, 8476619, 8475799, 8470610, 8469506, 8475800, 8475147, 8470595, 8473485, 8477949, 8473466, 8475722]","[8476463, 8476856, 8477850, 8477467, 8475613, 8476422, 8474618, 8474716, 8470600]","[8471227, 8475311, 8471774]"
30,MIN,20172018,"[8477006, 8475745, 8464989, 8474589, 8478493, 8475157, 8475220, 8475798, 8478413, 8480082, 8469459, 8479316, 8476619, 8475799, 8471811, 8470610, 8476415, 8470595, 8473485, 8471476, 8475722]","[8478011, 8476463, 8476856, 8476465, 8477467, 8475613, 8470724, 8476422, 8476372, 8477369, 8474716, 8470600]","[8471227, 8471774]"
30,MIN,20182019,"[8476857, 8476806, 8475745, 8477987, 8478493, 8470611, 8477942, 8475220, 8475798, 8478413, 8468611, 8469459, 8479316, 8475799, 8470610, 8476437, 8476415, 8476177, 8470595, 8481477, 8475722]","[8474749, 8478011, 8475868, 8476463, 8476856, 8476779, 8476465, 8474688, 8475613, 8476372, 8474716, 8470600]","[8471227, 8471774]"
30,MIN,20192020,"[8477987, 8475254, 8478493, 8477942, 8475220, 8476851, 8478413, 8477451, 8477366, 8469459, 8479316, 8479933, 8470610, 8476437, 8470595, 8481477, 8475692, 8475722]","[8474749, 8476463, 8476856, 8476779, 8479734, 8474688, 8476372, 8477369, 8474716, 8470600]","[8471227, 8478039, 8471774]"
30,MIN,20202021,"[8475760, 8474009, 8476390, 8478493, 8477942, 8475220, 8478413, 8477451, 8475149, 8477366, 8478864, 8479933, 8470610, 8476437, 8476415, 8481477, 8475692]","[8480884, 8474749, 8478011, 8476463, 8474013, 8476856, 8476779, 8477541, 8474688, 8477369, 8474716, 8470600]","[8478039, 8475660]"
30,MIN,20212022,"[8481550, 8475760, 8481557, 8482070, 8476390, 8475235, 8480980, 8479520, 8478493, 8477942, 8475220, 8477919, 8478413, 8477451, 8479370, 8478864, 8479514, 8476437, 8476415, 8482079, 8479972, 8481477, 8475692]","[8480884, 8474818, 8476463, 8476856, 8471274, 8475179, 8481489, 8477541, 8475750, 8478136, 8474716]","[8470594, 8478039, 8475660]"
30,MIN,20222023,"[8481550, 8481557, 8476390, 8480980, 8479520, 8478493, 8476396, 8475220, 8477919, 8480994, 8478413, 8477451, 8475149, 8479370, 8478864, 8474679, 8477464, 8471817, 8482079, 8479972, 8479351, 8476897, 8480275, 8480267, 8475692]","[8480884, 8476463, 8476856, 8482122, 8471274, 8475906, 8477541, 8475750, 8478136, 8474716]","[8470594, 8479406]"
30,MIN,20232024,"[8481557, 8478493, 8475220, 8477919, 8477451, 8475149, 8478864, 8482177, 8480880, 8483499, 8482079, 8475692]","[8474567, 8476463, 8480990, 8482122, 8475750, 8478136, 8474716]","[8470594, 8479406]"
30,MIN,20242025,"[8481557, 8476329, 8479638, 8478493, 8475220, 8477919, 8476867, 8483452, 8477451, 8476994, 8475149, 8480259, 8478864, 8474679, 8483499, 8482079, 8476913, 8478508, 8475692]","[8474567, 8476463, 8484798, 8480990, 8480075, 8482122, 8482781, 8475750, 8478136, 8474716]","[8470594, 8479406, 8482085, 8482661]"
43,MMR,19241925,"[8445071, 8445168, 8445911, 8447521, 8448013, 8448087, 8448462, 8448948, 8449049]","[8445308, 8445340, 8447908, 8447912]",[8449817]
43,MMR,19251926,"[8445168, 8445178, 8445346, 8445911, 8446914, 8447521, 8448013, 8448141, 8448462, 8449038, 8449189]","[8445308, 8446907, 8447216, 8447908]",[8449817]
43,MMR,19261927,"[8445168, 8445346, 8445911, 8446152, 8446914, 8448013, 8448039, 8448141, 8448462, 8449038, 8449189]","[8445923, 8445969, 8446907, 8447908]","[8449817, 8450144]"
43,MMR,19271928,"[8445183, 8445346, 8446152, 8447306, 8448039, 8448141, 8449038, 8449077, 8449189, 8449246, 8449341]","[8445969, 8447908]","[8449817, 8450144]"
43,MMR,19281929,"[8447306, 8448039, 8448141, 8448372, 8449038, 8449077, 8449189, 8449264, 8449341]","[8445135, 8445969, 8446857, 8447908, 8448034]","[8449817, 8450144]"
43,MMR,19291930,"[8445911, 8448140, 8448141, 8448372, 8449038, 8449077, 8449189, 8449264, 8449341, 8449467]","[8445135, 8445969, 8447908, 8448034]","[8449817, 8449858, 8450144]"
43,MMR,19301931,"[8445233, 8446753, 8446946, 8448141, 8448421, 8448383, 8449038, 8449077, 8449189, 8449264, 8449341, 8449467]","[8445135, 8445514, 8446559, 8447828, 8447908, 8448034]","[8450009, 8450144]"
43,MMR,19311932,"[8445233, 8445960, 8446753, 8448141, 8448372, 8449038, 8449077, 8449189, 8449264, 8449341, 8449467]","[8445514, 8446559, 8447828, 8448034, 8449160]","[8450115, 8450144]"
43,MMR,19321933,"[8445097, 8445233, 8445960, 8446753, 8447183, 8447654, 8448013, 8448141, 8448159, 8448372, 8448421, 8448383, 8449077, 8449264, 8449341, 8449467]","[8445049, 8445514, 8446559, 8448034, 8449383]","[8450009, 8450144]"
43,MMR,19331934,"[8445099, 8445233, 8445307, 8445960, 8446753, 8447183, 8447654, 8448372, 8448605, 8449077, 8449264, 8449341, 8449467]","[8444989, 8446182, 8446502, 8446631, 8447560, 8448034, 8449160, 8449383]",[8450009]
43,MMR,19341935,"[8445098, 8445099, 8445307, 8446557, 8446628, 8446753, 8447614, 8447809, 8447864, 8448372, 8449077, 8449264, 8449341, 8449374]","[8445514, 8446182, 8447560, 8448034, 8449019, 8449383]",[8449856]
43,MMR,19351936,"[8445099, 8445307, 8446628, 8447306, 8447614, 8447864, 8448372, 8449077, 8449264, 8449341]","[8445514, 8446182, 8448034, 8449019, 8449383]","[8449821, 8449850]"
43,MMR,19361937,"[8445099, 8445307, 8446628, 8447052, 8447132, 8447614, 8448372, 8448605, 8449001, 8449264, 8449308, 8449341]","[8445347, 8445514, 8446182, 8447560, 8448034, 8448241, 8449383]","[8449821, 8449856]"
43,MMR,19371938,"[8445099, 8445307, 8445537, 8446628, 8447614, 8448372, 8448605, 8449001, 8449264, 8449308, 8449341]","[8445817, 8446182, 8448034, 8449019, 8449071, 8449383]",[8449821]
49,CLE,19761977,"[8444908, 8445154, 8446819, 8447042, 8446588, 8446905, 8448501, 8448571, 8448915, 8449284, 8449570, 8449697, 8447905, 8449737, 8448085, 8448353, 8448613, 8451353, 8451365, 8449139, 8449180, 8449455]","[8446058, 8446976, 8447497, 8447060, 8447830, 8447996, 8448094, 8450555, 8451531, 8451728]","[8446602, 8449550, 8450114]"
49,CLE,19771978,"[8444908, 8445089, 8446074, 8446237, 8446819, 8447042, 8446588, 8448283, 8448469, 8448501, 8448571, 8448915, 8449109, 8449284, 8449440, 8449570, 8449737, 8450196, 8451353]","[8444872, 8445206, 8446058, 8447497, 8447941, 8447060, 8447996, 8448040, 8450508, 8450804, 8451531, 8451728]","[8446602, 8449550]"
51,BRK,19411942,"[8444931, 8444972, 8445060, 8445113, 8445358, 8446842, 8446860, 8447150, 8447148, 8447235, 8447331, 8447614, 8447901, 8448051, 8449204, 8449239, 8449369, 8449636]","[8445155, 8445467, 8446135, 8446215, 8447226, 8447647]","[8450096, 8450105]"
50,DFL,19301931,"[8444987, 8445541, 8445806, 8446245, 8446493, 8446607, 8446612, 8446750, 8447484, 8447654, 8447780, 8448004, 8448013, 8449128, 8449177]","[8446182, 8446857, 8448428]",[8449897]
50,DFL,19311932,"[8444987, 8445346, 8445541, 8445762, 8446152, 8446245, 8446514, 8446612, 8447181, 8447484, 8447780, 8448013, 8449128]","[8449059, 8449666]",[8449856]
56,CGS,19701971,"[8444934, 8445139, 8446253, 8446142, 8446196, 8446814, 8447365, 8447496, 8446697, 8447774, 8446856, 8447782, 8447016, 8447048, 8447338, 8448047, 8448354, 8449481]","[8446926, 8449206, 8447639, 8447906, 8450737, 8451624, 8452140]","[8451528, 8450116, 8450154]"
56,CGS,19711972,"[8445591, 8445327, 8446253, 8446814, 8446586, 8446666, 8447782, 8446963, 8447048, 8447105, 8447275, 8448729, 8449440, 8448047, 8448093, 8448153, 8449004, 8452360, 8449481]","[8445002, 8447107, 8447114, 8449206, 8450737, 8451352, 8449040, 8451538, 8451624, 8451728, 8452140]","[8449849, 8450011, 8449550]"
56,CGS,19721973,"[8445591, 8446253, 8446586, 8447365, 8446666, 8447105, 8447275, 8448729, 8449440, 8447903, 8448093, 8449305, 8452364]","[8447107, 8449034, 8449206, 8447648, 8447830, 8449772, 8450737, 8451538, 8451728]","[8449914, 8449550]"
56,CGS,19731974,"[8445591, 8445154, 8445501, 8446253, 8446586, 8447365, 8447407, 8446666, 8446905, 8446928, 8447009, 8447105, 8447168, 8447186, 8447275, 8448729, 8449435, 8449440, 8449675, 8447903, 8450215, 8448093, 8452364]","[8445828, 8447107, 8447648, 8447830, 8449772, 8448973, 8448978, 8451728]","[8449852, 8449914, 8449550, 8450129]"
56,CGS,19741975,"[8444908, 8447042, 8446586, 8447407, 8446905, 8446928, 8447009, 8447105, 8447186, 8447339, 8448915, 8447903, 8447905, 8450215, 8448093, 8451365, 8449139, 8449185, 8452364, 8449486, 8449635]","[8446058, 8446976, 8447497, 8447648, 8447830, 8449772, 8447996, 8448094, 8450320, 8450555, 8451728]","[8449550, 8450114]"
56,CGS,19751976,"[8444908, 8447042, 8446588, 8446905, 8446928, 8447186, 8448501, 8448915, 8449284, 8449570, 8447905, 8449737, 8448085, 8450215, 8448613, 8451365, 8449139, 8449486]","[8446058, 8446976, 8447497, 8447038, 8447830, 8447996, 8450320, 8450555, 8451531, 8451728]","[8449550, 8450114]"
10,TOR,19261927,[],[],[]
10,TOR,19271928,"[8444998, 8445345, 8445762, 8446785, 8447144, 8447523, 8447655, 8448098, 8448197, 8448429]","[8445854, 8445962, 8446616, 8448244, 8449060]","[8450000, 8450103]"
10,TOR,19281929,"[8444998, 8445093, 8445345, 8445648, 8445762, 8446641, 8446914, 8447523, 8448138, 8448197, 8449308]","[8444964, 8445854, 8445962, 8446915, 8449060]","[8449850, 8449983]"
10,TOR,19291930,"[8444998, 8445093, 8445234, 8445512, 8445648, 8445762, 8447025, 8447652, 8448011, 8448138, 8448197]","[8445854, 8445962, 8446915, 8449060]","[8449850, 8449983]"
10,TOR,19301931,"[8444998, 8445093, 8445512, 8445648, 8445972, 8446628, 8446674, 8446931, 8447025, 8447052, 8448197]","[8445471, 8445854, 8445962, 8446915, 8447473]","[8449850, 8449983]"
10,TOR,19311932,"[8444998, 8445093, 8445512, 8445648, 8445843, 8446298, 8446628, 8446924, 8447025, 8447870, 8448197]","[8445471, 8445854, 8446915, 8447473, 8448357]","[8449850, 8449983]"
10,TOR,19321933,"[8444863, 8444998, 8445093, 8445113, 8445512, 8445648, 8445843, 8445940, 8445947, 8446628, 8447025, 8448197, 8448784, 8449233]","[8445471, 8445854, 8446915, 8447473]",[8449850]
10,TOR,19331934,"[8444998, 8445093, 8445113, 8445512, 8445648, 8445940, 8447025, 8447181, 8448197, 8448784, 8449022, 8449233]","[8445471, 8445854, 8446895, 8446915, 8447473]",[8449987]
10,TOR,19341935,"[8445093, 8445113, 8445512, 8445648, 8445846, 8445940, 8446298, 8447023, 8447025, 8447150, 8447181, 8447850, 8448197, 8449233]","[8445471, 8445854, 8446895, 8446915]",[8449987]
10,TOR,19351936,"[8445093, 8445097, 8445113, 8445512, 8445846, 8446298, 8447023, 8447025, 8447150, 8447601, 8447615, 8447850, 8448197, 8449022, 8449233]","[8445471, 8445854, 8446689, 8446895, 8446915]",[8449987]
10,TOR,19361937,"[8444954, 8445113, 8445512, 8445846, 8445950, 8446298, 8447023, 8447025, 8447050, 8447150, 8447163, 8447850, 8448088, 8449022, 8449233]","[8445471, 8445854, 8446460, 8446689, 8446915, 8446923]","[8449837, 8449987]"
10,TOR,19371938,"[8444954, 8444972, 8445113, 8445358, 8445512, 8445579, 8445846, 8445950, 8447025, 8447150, 8447850, 8448088, 8449233]","[8446460, 8446689, 8446915, 8447133]",[8449837]
10,TOR,19381939,"[8444954, 8444972, 8445113, 8445358, 8445846, 8445950, 8446842, 8447025, 8447150, 8447320, 8447601, 8447614, 8447849, 8447850, 8448088, 8448440, 8449233]","[8445467, 8446460, 8446689, 8446915, 8447133, 8447746]",[8449837]
10,TOR,19391940,"[8444954, 8445358, 8445439, 8445846, 8445950, 8446610, 8446842, 8447150, 8447320, 8447614, 8447849, 8447850, 8448946, 8449216]","[8445467, 8446689, 8446915, 8447133, 8447746, 8449157]","[8449837, 8450118]"
10,TOR,19401941,"[8444954, 8445439, 8445846, 8445950, 8446610, 8446842, 8447320, 8447601, 8447614, 8447849, 8447850, 8448946, 8449216]","[8445467, 8446689, 8447133, 8447746, 8449157]",[8449837]
10,TOR,19411942,"[8444954, 8445333, 8445846, 8445950, 8446610, 8447320, 8447724, 8447849, 8447850, 8448946, 8449183, 8449216]","[8445467, 8445902, 8446603, 8446689, 8447133, 8447746, 8449157]",[8449837]
10,TOR,19421943,"[8444954, 8445124, 8445333, 8445846, 8445866, 8446409, 8446610, 8446688, 8446860, 8447017, 8447166, 8447223, 8447644, 8447797, 8448167, 8448946, 8449183, 8449216]","[8445547, 8446689, 8447113, 8447746, 8448187, 8449237]",[8449837]
10,TOR,19431944,"[8445105, 8445124, 8445333, 8445331, 8445846, 8445963, 8446688, 8446860, 8447017, 8447166, 8447797, 8448062, 8448167, 8448192, 8449376]","[8446689, 8447109, 8447746, 8447893, 8448187]","[8449823, 8449983, 8450021]"
10,TOR,19441945,"[8445105, 8445333, 8445846, 8446184, 8446860, 8447023, 8447166, 8447724, 8447797, 8447849, 8447850, 8448062, 8448946]","[8444995, 8446689, 8447109, 8447893, 8448187, 8449157]",[8450029]
10,TOR,19451946,"[8444954, 8445105, 8445333, 8445846, 8446184, 8446688, 8446860, 8447166, 8447849, 8447850, 8448167, 8448946, 8449183, 8449216]","[8445003, 8445902, 8446603, 8447893, 8448187, 8449157, 8449236]","[8449805, 8449816, 8449837, 8450029]"
10,TOR,19461947,"[8444954, 8445105, 8446184, 8447166, 8447223, 8447532, 8447831, 8447849, 8447850, 8448167, 8449084, 8449183, 8449219, 8449369]","[8445019, 8445107, 8445853, 8446603, 8447899, 8449157, 8449236]",[8449837]
10,TOR,19471948,"[8444954, 8445063, 8445637, 8446184, 8447166, 8447223, 8447532, 8447547, 8447716, 8447831, 8447849, 8447850, 8448167, 8449052, 8449084, 8449183, 8449228, 8449369]","[8445019, 8445107, 8447899, 8448618, 8449157, 8449236]",[8449837]
10,TOR,19481949,"[8445063, 8445095, 8445236, 8445351, 8445637, 8446184, 8446565, 8446693, 8447166, 8447223, 8447532, 8447547, 8447716, 8447831, 8447849, 8449052, 8449084, 8449219, 8449241, 8449369]","[8445019, 8445107, 8445853, 8447126, 8447153, 8447636, 8447899, 8449236]",[8449837]
10,TOR,19491950,"[8444971, 8445063, 8445236, 8445637, 8446184, 8446565, 8446745, 8447103, 8447166, 8447223, 8447532, 8447547, 8447716, 8447831, 8447855, 8449084, 8449241, 8449369]","[8444979, 8445019, 8445107, 8445115, 8445853, 8446917, 8447126, 8447636, 8447899, 8448618, 8449202, 8449236]","[8449837, 8450026, 8450108]"
10,TOR,19501951,"[8445018, 8445063, 8445096, 8446565, 8446745, 8447166, 8447223, 8447474, 8447547, 8447595, 8447716, 8447831, 8449052, 8449084, 8449241, 8449369]","[8445019, 8445115, 8445547, 8446318, 8447126, 8447899, 8449236]","[8449837, 8450108]"
10,TOR,19511952,"[8444971, 8445004, 8445063, 8446565, 8447166, 8447223, 8447474, 8447547, 8447798, 8447831, 8447855, 8447998, 8448610, 8449052, 8449084, 8449125, 8449241, 8449369]","[8445111, 8445115, 8446318, 8446917, 8447126, 8447636, 8447895, 8447899, 8449236]","[8449837, 8450108]"
10,TOR,19521953,"[8444971, 8445063, 8446691, 8446745, 8447166, 8447474, 8447537, 8447595, 8447621, 8447643, 8447831, 8447855, 8447998, 8448307, 8449052, 8449084, 8449125, 8449192, 8449241, 8449369]","[8445111, 8445115, 8446318, 8446917, 8447895, 8449202, 8449236]",[8450019]
10,TOR,19531954,"[8444971, 8445001, 8445004, 8446691, 8446745, 8447166, 8447474, 8447831, 8447855, 8447998, 8449052, 8449084, 8449125, 8449192, 8449369]","[8445111, 8445115, 8446318, 8446917, 8447895, 8449236]","[8450019, 8450026]"
10,TOR,19541955,"[8444971, 8445001, 8445303, 8445805, 8445826, 8445957, 8446335, 8446691, 8447041, 8447166, 8447223, 8447227, 8447537, 8447621, 8447855, 8447998, 8448307, 8449052, 8449084, 8449125, 8449192, 8449241, 8449369]","[8445111, 8445115, 8445305, 8446917, 8447895, 8448259, 8449236]","[8450019, 8450026]"
10,TOR,19551956,"[8444971, 8445001, 8445004, 8445825, 8445826, 8445957, 8446691, 8446707, 8447008, 8447041, 8447223, 8447621, 8447855, 8447998, 8448307, 8449052, 8449084, 8449192]","[8445081, 8445115, 8445259, 8445305, 8446566, 8446917, 8447580, 8447895, 8448259, 8449236]","[8449851, 8450019, 8450026, 8450149]"
10,TOR,19561957,"[8444868, 8444971, 8445825, 8445826, 8445957, 8446589, 8446707, 8447008, 8447041, 8447166, 8449044, 8447855, 8448037, 8448227, 8449052, 8449084, 8449192]","[8445036, 8445115, 8446917, 8447580, 8447895, 8448259, 8449236]",[8449851]
10,TOR,19571958,"[8444868, 8444971, 8445004, 8445515, 8445825, 8445826, 8445957, 8446589, 8446707, 8447041, 8449044, 8447632, 8447855, 8448001, 8448227, 8449052, 8449084, 8449192]","[8445036, 8445696, 8446917, 8447580, 8447895, 8448194, 8448259]",[8449851]
10,TOR,19581959,"[8444868, 8444971, 8445506, 8445805, 8445825, 8445826, 8445957, 8446142, 8446707, 8449044, 8447621, 8447855, 8448001, 8448057, 8448227, 8448299, 8449192]","[8445036, 8445696, 8446917, 8447233, 8448194, 8448259, 8449155]","[8449835, 8449851]"
10,TOR,19591960,"[8444971, 8445805, 8445957, 8446004, 8446142, 8446589, 8447496, 8446692, 8446707, 8447041, 8449044, 8447855, 8448057, 8448227, 8448299, 8449192, 8449556]","[8445036, 8445696, 8445819, 8446917, 8447149, 8447580, 8448259, 8449155]","[8449835, 8449851]"
10,TOR,19601961,"[8444971, 8445957, 8446004, 8446142, 8446707, 8447048, 8448468, 8447579, 8449044, 8447626, 8448001, 8448057, 8448227, 8448299, 8448974, 8449192, 8449556]","[8445036, 8445696, 8446864, 8446917, 8447149, 8449155]","[8449835, 8450020, 8450039]"
10,TOR,19611962,"[8444971, 8445511, 8445957, 8446195, 8446707, 8447145, 8448468, 8447231, 8447502, 8447579, 8449044, 8448001, 8448057, 8448227, 8448974, 8449192]","[8444955, 8445036, 8445696, 8445181, 8446864, 8446917, 8447149, 8449155]","[8449835, 8449853, 8450113]"
10,TOR,19621963,"[8444971, 8444973, 8445359, 8445949, 8445957, 8446707, 8446918, 8448468, 8447502, 8447579, 8449044, 8447858, 8448001, 8448227, 8448974, 8449192]","[8444955, 8445036, 8445696, 8445945, 8446864, 8446917, 8447149, 8448963, 8449155]","[8449835, 8450113]"
10,TOR,19631964,"[8444971, 8445032, 8445957, 8446142, 8446668, 8446707, 8448468, 8447502, 8447579, 8449044, 8447792, 8448001, 8448085, 8448227, 8448974, 8449179, 8449192]","[8444955, 8445036, 8445696, 8445181, 8445945, 8446864, 8446917, 8447149, 8449155]","[8449835, 8450113]"
10,TOR,19641965,"[8444971, 8445032, 8446668, 8446707, 8448468, 8449044, 8447792, 8447886, 8448085, 8448227, 8448966, 8448974, 8449179, 8449192]","[8444955, 8445036, 8445696, 8445945, 8446864, 8446917, 8447149, 8448606, 8449155]","[8449835, 8450111]"
10,TOR,19651966,"[8444971, 8445151, 8445327, 8445511, 8446668, 8446562, 8447015, 8447051, 8447117, 8448468, 8447252, 8449044, 8448085, 8448227, 8448966, 8448974, 8449179, 8449337]","[8444955, 8445036, 8445945, 8446864, 8446917, 8447149, 8449476, 8448214, 8448606, 8449055, 8449155]","[8449835, 8449959, 8450111, 8451474, 8451528]"
10,TOR,19661967,"[8444971, 8445160, 8445327, 8445511, 8446668, 8446562, 8447015, 8447051, 8448468, 8449044, 8447608, 8448085, 8448227, 8448966, 8448974, 8449179, 8449337]","[8445036, 8445945, 8446155, 8446864, 8446917, 8447149, 8449476, 8448214, 8448606, 8449155]","[8449835, 8449959, 8450111, 8451474, 8451528]"
10,TOR,19671968,"[8444971, 8445302, 8445327, 8445511, 8446668, 8446708, 8447730, 8446880, 8448468, 8449044, 8447629, 8448056, 8448085, 8450196, 8448227, 8449074, 8449179, 8449274, 8452086, 8449337]","[8446864, 8446917, 8449476, 8448130, 8448214, 8448606, 8449055, 8449155]","[8449835, 8449959]"
10,TOR,19681969,"[8444971, 8445302, 8445327, 8445473, 8446668, 8447730, 8447164, 8448468, 8447619, 8447829, 8447853, 8448056, 8448227, 8448966, 8449074, 8449207, 8449274, 8449337]","[8446444, 8446917, 8448838, 8449476, 8448130, 8448152, 8448214, 8448240]","[8449835, 8449959, 8451474]"
10,TOR,19691970,"[8444859, 8444971, 8445327, 8445473, 8446668, 8447664, 8447730, 8447094, 8448468, 8448056, 8448227, 8448966, 8449074, 8451614, 8449274, 8449337, 8449357]","[8446444, 8446736, 8447218, 8446917, 8448838, 8447787, 8449476, 8447968, 8447970, 8447997, 8448130, 8448214, 8448240]","[8449835, 8449914, 8449959, 8450039]"
10,TOR,19701971,"[8444971, 8445164, 8445964, 8446668, 8447664, 8447730, 8448468, 8447487, 8447577, 8447610, 8447883, 8450894, 8448966, 8451386, 8451614, 8451892, 8449265, 8449274, 8449337]","[8445036, 8446444, 8447218, 8448838, 8449476, 8447968, 8448130, 8451296]","[8449959, 8450031, 8450178, 8450066]"
10,TOR,19711972,"[8445964, 8446668, 8447664, 8447730, 8447049, 8448420, 8448468, 8447577, 8447610, 8447620, 8447883, 8448050, 8451386, 8451614, 8449265, 8449274]","[8445036, 8446444, 8447218, 8448838, 8449476, 8448130, 8451296]","[8450178, 8450066]"
10,TOR,19721973,"[8445473, 8445964, 8446668, 8446809, 8447730, 8447049, 8448420, 8448468, 8449650, 8447883, 8448067, 8451386, 8449057, 8451892, 8449274]","[8445036, 8446932, 8447218, 8446647, 8447528, 8447787, 8449476, 8448130]","[8448891, 8449515, 8450066]"
10,TOR,19731974,"[8445964, 8445998, 8446668, 8446809, 8447494, 8447730, 8447049, 8448420, 8448468, 8449423, 8447883, 8449813, 8448974, 8451386, 8451892, 8449274]","[8445179, 8447218, 8449476, 8448130, 8451102, 8451990]","[8446794, 8450005, 8450148]"
10,TOR,19741975,"[8445998, 8446668, 8446809, 8446866, 8447494, 8448468, 8449423, 8449650, 8447883, 8449813, 8448613, 8448974, 8451386, 8451770, 8449212, 8451892, 8449274, 8452155, 8452457]","[8444869, 8445179, 8446525, 8447218, 8446647, 8449476, 8451102, 8448963, 8451990]","[8446794, 8447483, 8449515, 8450148]"
10,TOR,19751976,"[8445103, 8445618, 8446809, 8446567, 8447494, 8449423, 8449813, 8451386, 8451770, 8451892, 8452155, 8452364, 8452457]","[8444869, 8446525, 8447218, 8448024, 8449476, 8451102, 8448963, 8451990, 8449311, 8452295]","[8446794, 8449515, 8451891]"
10,TOR,19761977,"[8445103, 8445613, 8445618, 8446174, 8446809, 8446567, 8447494, 8449423, 8449813, 8451386, 8451892, 8452155, 8452364, 8452457]","[8444869, 8445938, 8447218, 8447542, 8449476, 8448130, 8448190, 8451102, 8451990, 8449311, 8452295]","[8449515, 8450132, 8451891]"
10,TOR,19771978,"[8444944, 8445103, 8445407, 8445613, 8445618, 8445808, 8446668, 8446174, 8446809, 8447494, 8447950, 8448367, 8449104, 8449423, 8449813, 8451386, 8451892, 8452155, 8452364, 8452457]","[8445938, 8447218, 8448285, 8449476, 8448130, 8451102, 8451990, 8449311, 8452484]","[8449515, 8450132]"
10,TOR,19781979,"[8444944, 8445103, 8445613, 8445618, 8445808, 8446668, 8447047, 8448367, 8449104, 8449423, 8449440, 8447883, 8451099, 8451386, 8451629, 8452457]","[8445792, 8456667, 8448285, 8450633, 8451102, 8451990, 8452484]","[8447483, 8447663, 8450132]"
10,TOR,19791980,"[8444944, 8445603, 8445613, 8445618, 8445808, 8446363, 8446668, 8447047, 8447790, 8448367, 8448401, 8448503, 8449104, 8449277, 8449423, 8449440, 8450107, 8451099, 8451386, 8451696, 8452152, 8452457]","[8445696, 8445792, 8445980, 8446774, 8447984, 8456667, 8449034, 8449731, 8450633, 8450805, 8451102, 8451990, 8452484]","[8446076, 8447663, 8450132, 8450830, 8451958]"
10,TOR,19801981,"[8444944, 8445603, 8445613, 8446320, 8446363, 8446668, 8447078, 8447790, 8448401, 8448503, 8449104, 8449230, 8449277, 8449407, 8450107, 8450894, 8451099, 8451251, 8451386, 8452152, 8452692]","[8445792, 8446519, 8446774, 8447984, 8449555, 8450359, 8451102, 8451323, 8451990]","[8446076, 8447663, 8448700, 8450830, 8451076, 8451958]"
10,TOR,19811982,"[8444944, 8445167, 8445603, 8445613, 8446363, 8446981, 8447078, 8447161, 8447237, 8447658, 8447790, 8447811, 8448892, 8449104, 8449230, 8449277, 8450107, 8450301, 8450483, 8450894, 8451099, 8451386, 8452152, 8452549, 8452692]","[8445416, 8445584, 8447984, 8448285, 8448523, 8449121, 8449410, 8449442, 8449555, 8449749, 8451102, 8451990]","[8448700, 8450179, 8451958]"
10,TOR,19821983,"[8444896, 8444944, 8445167, 8445582, 8445613, 8446311, 8446363, 8446981, 8447078, 8447658, 8447811, 8448125, 8448401, 8448754, 8449035, 8449277, 8449882, 8450483, 8451099, 8451763, 8451882, 8452152, 8452219, 8452453, 8452549]","[8445211, 8445416, 8445584, 8446519, 8446774, 8447205, 8448523, 8449442, 8449555, 8449749, 8449925, 8451102, 8451323]","[8448700, 8450132, 8450179, 8451626, 8451958]"
10,TOR,19831984,"[8444944, 8445682, 8446171, 8446208, 8446311, 8446363, 8446981, 8447078, 8447346, 8447658, 8448125, 8448754, 8449277, 8449377, 8449498, 8449882, 8450301, 8450483, 8451763, 8451882, 8452152, 8452549]","[8445416, 8446774, 8447205, 8456667, 8448523, 8449442, 8449925, 8451102, 8451732]","[8445458, 8446473, 8450132, 8451626, 8452535]"
10,TOR,19841985,"[8444944, 8445682, 8445723, 8446208, 8446311, 8446363, 8446981, 8447078, 8448125, 8448204, 8448260, 8448657, 8448687, 8448754, 8449498, 8450483, 8451763, 8451882, 8451898, 8452152, 8452219, 8452549]","[8445416, 8447187, 8447205, 8448124, 8448494, 8448523, 8449442, 8449749, 8449925, 8450464, 8451010, 8451102, 8451732]","[8445449, 8445458, 8451626, 8452535]"
10,TOR,19851986,"[8445723, 8446085, 8446171, 8446208, 8446311, 8446363, 8446807, 8446981, 8447909, 8448123, 8448125, 8448204, 8448260, 8448754, 8449320, 8450483, 8451246, 8451493, 8451687, 8451882, 8451898, 8452152]","[8445416, 8447187, 8448124, 8448529, 8449315, 8449442, 8449749, 8449925, 8451010, 8451102, 8452370]","[8445449, 8445458, 8446597, 8452535]"
10,TOR,19861987,"[8444914, 8446085, 8446208, 8446303, 8446311, 8446737, 8446782, 8446807, 8446981, 8448123, 8448125, 8448204, 8452154, 8448260, 8448687, 8448754, 8449037, 8450073, 8451493, 8451882, 8451898, 8452152, 8452547]","[8445416, 8446517, 8447187, 8448124, 8448294, 8448529, 8448667, 8449442, 8451010, 8451102]","[8445449, 8445458, 8452535]"
10,TOR,19871988,"[8444914, 8445546, 8446085, 8446208, 8446299, 8446303, 8446311, 8446782, 8446807, 8446981, 8448125, 8448260, 8448687, 8448754, 8449174, 8449475, 8449462, 8449973, 8450073, 8451253, 8451298, 8451882, 8452219, 8452547]","[8446263, 8446364, 8447187, 8448124, 8448294, 8448529, 8448667, 8450824, 8451102, 8451758]","[8445458, 8450743, 8452535]"
10,TOR,19881989,"[8445087, 8445546, 8446085, 8446208, 8446299, 8446303, 8446311, 8446807, 8446993, 8448125, 8448534, 8448713, 8448691, 8448687, 8448754, 8449174, 8449475, 8449462, 8449973, 8450073, 8450267, 8450773, 8451253, 8451327, 8452547]","[8446263, 8447187, 8447489, 8448124, 8448529, 8448667, 8449175, 8450824, 8451102, 8451333, 8452206]","[8445458, 8450743, 8452535]"
10,TOR,19891990,"[8446085, 8446303, 8446311, 8446454, 8446503, 8446807, 8446952, 8447515, 8448125, 8448534, 8448691, 8448754, 8449174, 8449439, 8449475, 8449973, 8450073, 8450267, 8450773, 8450807, 8451712, 8451915]","[8445917, 8446263, 8447187, 8448124, 8448568, 8449175, 8450642, 8450824, 8451333]","[8445458, 8448142, 8448628, 8450743]"
10,TOR,19901991,"[8445672, 8445725, 8446083, 8446085, 8446303, 8446353, 8446797, 8446807, 8446876, 8446952, 8447515, 8448328, 8448534, 8448566, 8448754, 8448870, 8449037, 8449174, 8449439, 8449610, 8449973, 8450073, 8450267, 8450773, 8451093, 8451327, 8451915, 8451972, 8452685]","[8445413, 8446263, 8446626, 8447187, 8447247, 8448124, 8448568, 8449175, 8450348, 8450642, 8450824, 8451022, 8451290, 8451333, 8452206]","[8445458, 8448142, 8450743, 8457791]"
10,TOR,19911992,"[8444945, 8445323, 8445440, 8445672, 8445771, 8446083, 8446085, 8446353, 8456156, 8446807, 8446876, 8447206, 8447515, 8447693, 8448328, 8448566, 8448678, 8448754, 8448857, 8448870, 8449037, 8457203, 8449174, 8449354, 8449488, 8450073, 8457640, 8451093, 8458234, 8452685]","[8445413, 8446626, 8456202, 8447187, 8447247, 8447458, 8449009, 8458672, 8449797, 8450348, 8451022, 8451333]","[8446991, 8457714, 8450743, 8452287]"
10,TOR,19921993,"[8444945, 8445000, 8445323, 8445424, 8459013, 8446085, 8446251, 8456156, 8446876, 8447206, 8448566, 8448678, 8457203, 8449488, 8449463, 8450073, 8457640, 8451093, 8458234, 8452685]","[8445413, 8446626, 8447187, 8448770, 8449009, 8449442, 8458672, 8451022, 8451333]","[8446991, 8457714, 8450627, 8452287]"
10,TOR,19931994,"[8444945, 8445000, 8459085, 8445323, 8445424, 8459013, 8446085, 8446251, 8456156, 8446876, 8447067, 8447206, 8447313, 8447383, 8456567, 8448566, 8458616, 8456933, 8448678, 8457203, 8449463, 8450073, 8457640, 8458561, 8457905, 8452685]","[8445413, 8459361, 8446626, 8447187, 8456514, 8448770, 8449009, 8457232, 8458672, 8451022, 8451570, 8458659]","[8457714, 8457791]"
10,TOR,19941995,"[8445000, 8445323, 8459089, 8445424, 8459013, 8446213, 8456080, 8446454, 8456156, 8447067, 8447206, 8456567, 8445423, 8457203, 8459546, 8450832, 8451089, 8451774, 8451791, 8458347, 8458941, 8452501, 8452557]","[8445413, 8445803, 8446626, 8447187, 8456514, 8448271, 8459434, 8449009, 8457232, 8458672]","[8457714, 8457791]"
10,TOR,19951996,"[8445000, 8445323, 8445424, 8446085, 8458945, 8446213, 8456080, 8446454, 8458666, 8446997, 8447067, 8447206, 8460539, 8456567, 8445423, 8448046, 8459748, 8448539, 8449669, 8449740, 8459546, 8450523, 8451774, 8458941, 8458385, 8452501]","[8446626, 8447187, 8456514, 8456588, 8459434, 8449009, 8457232, 8449745, 8451224, 8458636, 8452695]","[8445381, 8457714, 8457791]"
10,TOR,19961997,"[8445202, 8460742, 8446125, 8446085, 8458945, 8446213, 8462649, 8446454, 8458666, 8447206, 8456567, 8459032, 8466109, 8459748, 8448539, 8460556, 8449740, 8459546, 8450267, 8460522, 8460719, 8451774, 8459464, 8458941, 8458796]","[8458948, 8459181, 8446626, 8456588, 8449009, 8457232, 8449745, 8457642, 8451224, 8462069, 8458954, 8451570, 8462177, 8462046, 8452516, 8458636, 8452695]","[8445381, 8458576, 8457714]"
10,TOR,19971998,"[8459446, 8445202, 8460742, 8459995, 8446085, 8446454, 8456567, 8466109, 8458611, 8448489, 8448487, 8458974, 8462105, 8460556, 8458649, 8460719, 8451774, 8458941]","[8445700, 8458948, 8446181, 8460747, 8449009, 8462258, 8451224, 8458954, 8462177, 8462046, 8452516, 8458636, 8452695]","[8458576, 8447709, 8457714]"
10,TOR,19981999,"[8459446, 8460742, 8459995, 8446454, 8456567, 8466109, 8448489, 8448487, 8460663, 8458974, 8466216, 8462068, 8462105, 8460556, 8458561, 8460522, 8460719, 8451774, 8451898, 8452161, 8458941]","[8462032, 8446181, 8456000, 8456153, 8465200, 8456793, 8462258, 8458954, 8462177, 8458636]","[8447709, 8448382, 8457714, 8450743]"
10,TOR,19992000,"[8459446, 8467353, 8460742, 8446085, 8446454, 8466191, 8459158, 8466109, 8448484, 8448489, 8448487, 8458974, 8466216, 8462068, 8462105, 8458561, 8460719, 8451774, 8451898, 8459574, 8452161, 8458941]","[8455452, 8462032, 8446181, 8458929, 8459181, 8446417, 8465200, 8456793, 8462258, 8462069, 8465094, 8458636]","[8447709, 8448382]"
10,TOR,20002001,"[8467353, 8460502, 8460742, 8446167, 8446454, 8466191, 8459158, 8448484, 8458974, 8462062, 8466216, 8462105, 8458561, 8467412, 8450900, 8451774, 8451898, 8459574, 8452161]","[8462034, 8458948, 8458929, 8459181, 8465200, 8449123, 8462258, 8459462, 8467510, 8458636]","[8447709, 8448382]"
10,TOR,20012002,"[8467353, 8460502, 8446167, 8446454, 8466191, 8456430, 8459614, 8459158, 8462062, 8462105, 8449654, 8467412, 8450767, 8457785, 8450900, 8451774, 8459574, 8452161, 8459519]","[8462034, 8458929, 8459181, 8459443, 8465200, 8448824, 8449123, 8459462, 8462057, 8469491, 8458636]","[8445275, 8468243, 8448382, 8457969]"
10,TOR,20022003,"[8467353, 8460502, 8446167, 8446454, 8466171, 8446830, 8459010, 8447206, 8456430, 8459614, 8459158, 8464965, 8462105, 8449654, 8449895, 8467412, 8450767, 8457785, 8450900, 8470162, 8451774, 8459574]","[8462034, 8469470, 8459443, 8447989, 8464959, 8465200, 8448824, 8459462, 8469491, 8459014, 8452371]","[8445386, 8456830, 8468550]"
10,TOR,20032004,"[8467353, 8460502, 8446454, 8466171, 8446830, 8446951, 8464965, 8456729, 8462035, 8466431, 8449654, 8449893, 8449895, 8462072, 8467412, 8450767, 8457785, 8450900, 8470162, 8451774, 8459574, 8469581, 8462182]","[8445413, 8462034, 8469470, 8468112, 8464959, 8448287, 8465200, 8456850, 8469615, 8448769, 8449137, 8459462, 8469491]","[8445386, 8456830, 8468550]"
10,TOR,20052006,"[8459439, 8467353, 8460502, 8458620, 8446454, 8462035, 8458515, 8460495, 8468868, 8462072, 8467565, 8467412, 8470162, 8470257, 8468536, 8451774, 8459574, 8469581, 8470809, 8462182]","[8469516, 8462034, 8469470, 8469531, 8465200, 8468105, 8456850, 8470058, 8459462, 8450824, 8470273, 8471188]","[8462102, 8445386, 8468550]"
10,TOR,20062007,"[8467353, 8460620, 8460502, 8464960, 8456430, 8462035, 8470232, 8460495, 8468868, 8458976, 8458561, 8467565, 8467412, 8470162, 8470257, 8468536, 8451774, 8459574, 8469581, 8467488, 8470809]","[8469516, 8469470, 8459628, 8469531, 8465200, 8465210, 8459462, 8470273, 8471188]","[8462102, 8467453, 8468550]"
10,TOR,20072008,"[8467353, 8460620, 8460502, 8467335, 8467844, 8470986, 8464960, 8471399, 8472334, 8468770, 8462035, 8468575, 8470232, 8468868, 8467565, 8467412, 8470162, 8470257, 8451774, 8473482, 8459574, 8469581, 8470809]","[8469470, 8459628, 8465200, 8470058, 8465210, 8459462, 8471873, 8470273, 8471188]","[8466339, 8467453, 8462117]"
10,TOR,20082009,"[8467353, 8467844, 8470301, 8464960, 8471362, 8467943, 8470373, 8475087, 8469681, 8473579, 8457261, 8459514, 8470750, 8468575, 8470232, 8468868, 8467412, 8470162, 8472379, 8470257, 8470740, 8473482, 8470809]","[8469470, 8468113, 8467531, 8469531, 8465200, 8465210, 8471746, 8474568, 8472338, 8471873, 8467350, 8470273]","[8469675, 8448382, 8471302, 8462117]"
10,TOR,20092010,"[8467844, 8475098, 8470283, 8473997, 8470301, 8471362, 8467943, 8475087, 8475638, 8475172, 8473548, 8473579, 8467882, 8459514, 8470750, 8468778, 8467412, 8460507, 8470816, 8469464, 8470162, 8473537, 8470740, 8473482, 8467491]","[8467400, 8468090, 8468113, 8474125, 8465200, 8469460, 8470602, 8474568, 8470273]","[8462044, 8475361, 8469732, 8462117]"
10,TOR,20102011,"[8469474, 8470986, 8475098, 8470283, 8471371, 8473997, 8474577, 8470156, 8474192, 8471362, 8475087, 8475172, 8473548, 8473579, 8470207, 8470667, 8470750, 8475950, 8468778, 8470816, 8469464, 8471346, 8467937]","[8474048, 8467400, 8474125, 8473560, 8465200, 8469460, 8471696, 8471187, 8470602, 8474568]","[8462044, 8475361, 8473503]"
10,TOR,20112012,"[8469474, 8475154, 8470986, 8475098, 8471371, 8474577, 8467878, 8470156, 8470697, 8474192, 8471362, 8472424, 8475172, 8473548, 8473579, 8468695, 8470207, 8470667, 8468778, 8470816, 8469483]","[8474048, 8471742, 8474581, 8474125, 8469460, 8468639, 8470602, 8474568]","[8475361, 8473503, 8475680, 8475681]"
10,TOR,20122013,"[8475098, 8471371, 8474577, 8474192, 8471362, 8472424, 8475172, 8473548, 8473463, 8473579, 8470207, 8470667, 8469508, 8473712, 8468778, 8469483, 8474037]","[8471742, 8471748, 8474581, 8474125, 8473560, 8469460, 8474497, 8468639, 8470672, 8470602]","[8473503, 8475680, 8475681]"
10,TOR,20132014,"[8476805, 8475154, 8470867, 8471245, 8475098, 8476304, 8470920, 8475309, 8475190, 8475180, 8475172, 8473548, 8473579, 8476410, 8470207, 8469508, 8475735, 8473712, 8468778, 8471664, 8473942, 8468162, 8474037]","[8471742, 8471748, 8474581, 8469476, 8475774, 8474125, 8468639, 8470602, 8470085, 8476853]","[8473541, 8469569, 8473503]"
10,TOR,20142015,"[8475154, 8478376, 8470867, 8471266, 8475098, 8475842, 8470920, 8474192, 8475180, 8466140, 8475172, 8473548, 8473463, 8475295, 8476410, 8470152, 8470207, 8475735, 8468778, 8475209, 8471390, 8475119, 8473942, 8474037, 8471476]","[8474113, 8466142, 8475148, 8471742, 8474581, 8475774, 8473560, 8474748, 8476478, 8470602, 8471392, 8476853, 8462196]","[8473541, 8473503]"
10,TOR,20152016,"[8476062, 8468504, 8475098, 8477015, 8475842, 8471733, 8475278, 8477512, 8473546, 8471862, 8475180, 8475786, 8475172, 8477953, 8473463, 8469639, 8476894, 8476410, 8477427, 8470207, 8473574, 8470599, 8477939, 8469707, 8474727, 8478373, 8474096, 8474037, 8471476]","[8474113, 8474638, 8476941, 8476302, 8474581, 8476449, 8471436, 8477033, 8475716, 8476478, 8470602, 8471392, 8476853, 8477642]","[8473541, 8473503, 8476343]"
10,TOR,20162017,"[8470619, 8475098, 8477015, 8470611, 8475278, 8477512, 8476495, 8475180, 8475786, 8475172, 8477953, 8473463, 8476410, 8478483, 8474709, 8479318, 8470599, 8477939, 8474727, 8478373, 8474037]","[8476941, 8476302, 8474581, 8471436, 8476289, 8475716, 8471392, 8476853, 8479458]","[8475883, 8477312, 8473523, 8470147]"
10,TOR,20172018,"[8475098, 8477015, 8470611, 8477512, 8475786, 8477341, 8475172, 8477953, 8473463, 8476410, 8466139, 8478483, 8474709, 8479318, 8468575, 8477939, 8469521, 8478373, 8474037]","[8480158, 8476941, 8478408, 8474581, 8468493, 8475718, 8475716, 8471392, 8476853, 8480157, 8479458]","[8475883, 8470147, 8475717]"
10,TOR,20182019,"[8477015, 8474589, 8477512, 8475786, 8477341, 8475172, 8477953, 8476410, 8480944, 8466139, 8478483, 8479318, 8479675, 8477939, 8477464, 8475166]","[8478408, 8474581, 8468493, 8475718, 8475716, 8474162, 8480943, 8476853, 8480157, 8479458]","[8475883, 8474636, 8476343]"
10,TOR,20192020,"[8476857, 8478996, 8475160, 8478115, 8477512, 8475786, 8477341, 8477953, 8477021, 8479510, 8478843, 8478975, 8478483, 8479318, 8481624, 8479675, 8477939, 8477464, 8481582, 8476406, 8469455, 8475166, 8478857]","[8475197, 8476879, 8478408, 8475857, 8475718, 8480043, 8475716, 8474162, 8476853, 8480157, 8480873]","[8475883, 8475789, 8474636, 8479288]"
10,TOR,20202021,"[8475844, 8479315, 8482222, 8476329, 8478996, 8478115, 8473422, 8476851, 8475786, 8477021, 8478483, 8479318, 8481624, 8474062, 8476474, 8477939, 8477464, 8481582, 8477149, 8474190, 8469455, 8475166, 8466138, 8476918]","[8474567, 8474673, 8478408, 8475718, 8477018, 8482247, 8480043, 8474162, 8476853, 8480873]","[8475883, 8475789, 8474636, 8479496]"
10,TOR,20212022,"[8481720, 8478020, 8479315, 8476278, 8478047, 8475160, 8478115, 8480144, 8478131, 8477021, 8478483, 8479318, 8481624, 8477939, 8477941, 8481582, 8482815, 8478881, 8474190, 8469455, 8482634, 8475166]","[8473415, 8474673, 8477472, 8478408, 8470966, 8475718, 8480043, 8480950, 8474162, 8476853, 8479729, 8480873]","[8475789, 8474636, 8478902, 8475852, 8479361]"
10,TOR,20222023,"[8481720, 8478569, 8479315, 8479944, 8477979, 8478047, 8475160, 8480977, 8478115, 8480995, 8478211, 8475714, 8480144, 8477021, 8482720, 8478043, 8478843, 8478483, 8479318, 8482259, 8477939, 8475158, 8481582, 8474190, 8482634, 8475166, 8482241]","[8474818, 8474673, 8470966, 8476979, 8475718, 8480439, 8480820, 8480043, 8476931, 8479376, 8474162, 8476853, 8480873, 8474568, 8479982]","[8483183, 8478902, 8476899, 8478492, 8479361]"
10,TOR,20232024,"[8481720, 8480980, 8483733, 8480995, 8475714, 8480144, 8482720, 8478483, 8479318, 8482259, 8477939, 8471817, 8481582, 8482634, 8475166]","[8481122, 8481614, 8480043, 8476931, 8482158, 8476853, 8483546, 8479982, 8481570]","[8483710, 8479361]"
10,TOR,20242025,"[8477503, 8480995, 8475714, 8480144, 8482720, 8476872, 8478904, 8478483, 8479318, 8482259, 8477939, 8474157, 8471817, 8481582, 8475166]","[8481122, 8478443, 8475171, 8475825, 8476931, 8477541, 8479026, 8476853, 8475690]","[8476932, 8479361]"
22,EDM,19791980,"[8445058, 8445103, 8445460, 8445859, 8445987, 8446068, 8446147, 8446477, 8446866, 8447400, 8447664, 8448116, 8448901, 8448917, 8449097, 8449573, 8449735, 8449874, 8451204, 8451298, 8451907, 8451918, 8452364]","[8445247, 8445399, 8445893, 8446871, 8446909, 8447488, 8447801, 8448884, 8448178, 8450554, 8451362]","[8446166, 8446280, 8446488, 8446536, 8448891, 8449618]"
22,EDM,19801981,"[8444945, 8445103, 8445666, 8445859, 8446477, 8447400, 8447441, 8448075, 8448116, 8448569, 8448901, 8448917, 8449573, 8449735, 8451029, 8451298, 8451601, 8452086, 8452364]","[8445520, 8446117, 8446871, 8447801, 8448038, 8448070, 8448701, 8448884, 8450554, 8451362]","[8446602, 8448886, 8448891, 8449618, 8449681]"
22,EDM,19811982,"[8444945, 8445455, 8445603, 8445666, 8445859, 8447400, 8447440, 8447441, 8448075, 8448116, 8448569, 8448901, 8449573, 8449838, 8450483, 8451029, 8451298, 8451765, 8452086, 8452364]","[8446117, 8446871, 8446909, 8447398, 8447801, 8448038, 8448201, 8448701, 8448884, 8451362]","[8446991, 8448891, 8449681]"
22,EDM,19821983,"[8444945, 8445603, 8446179, 8447400, 8447440, 8448075, 8448116, 8448569, 8448858, 8448857, 8448901, 8449573, 8449789, 8450513, 8451029, 8451298, 8451765, 8452086]","[8445559, 8446117, 8446871, 8447398, 8448038, 8448201, 8448701, 8448884]","[8446991, 8448891, 8449588, 8449681]"
22,EDM,19831984,"[8444945, 8445455, 8446088, 8446129, 8446179, 8447302, 8447366, 8447400, 8447440, 8448075, 8448116, 8448203, 8448469, 8448569, 8448858, 8448857, 8448901, 8449354, 8449573, 8450513, 8451029, 8451298, 8451346, 8451765, 8451783]","[8445559, 8446047, 8446117, 8446871, 8447398, 8448038, 8448201, 8448884, 8449549, 8450470]","[8446991, 8449681]"
22,EDM,19841985,"[8444945, 8445983, 8446179, 8447400, 8447440, 8448075, 8448116, 8448566, 8448569, 8448858, 8448901, 8449277, 8449354, 8449573, 8449795, 8450513, 8451298, 8451346, 8451783, 8451905]","[8446117, 8446871, 8447398, 8448038, 8448201, 8448884, 8449549, 8451558]","[8445272, 8446991, 8449681, 8450702, 8452581]"
22,EDM,19851986,"[8444945, 8445723, 8445983, 8447400, 8447962, 8448116, 8448217, 8448566, 8448569, 8448901, 8449020, 8449354, 8449573, 8449660, 8449795, 8450981, 8451298, 8451346, 8451584, 8451783, 8451905]","[8445461, 8446117, 8446871, 8447398, 8448038, 8448201, 8448884, 8449516, 8449549, 8449958, 8451558]","[8446991, 8449681]"
22,EDM,19861987,"[8444945, 8445733, 8447062, 8447366, 8447400, 8448116, 8448566, 8448567, 8448569, 8448603, 8448758, 8448901, 8449020, 8449354, 8449573, 8449660, 8449795, 8449887, 8450513, 8451298, 8451783, 8451905, 8452159]","[8445461, 8446117, 8446871, 8447398, 8448038, 8448884, 8449516, 8449749, 8451056, 8451558]","[8446991, 8449681]"
22,EDM,19871988,"[8444897, 8444945, 8445733, 8446205, 8446445, 8446527, 8447366, 8447400, 8447515, 8448116, 8448566, 8448569, 8448603, 8448641, 8448758, 8449020, 8449354, 8449497, 8449573, 8449577, 8451376, 8451905]","[8445461, 8446683, 8447398, 8448038, 8448380, 8448884, 8449122, 8449516, 8449609, 8449749, 8449958, 8451342, 8451558, 8452449]","[8446991, 8450651, 8450702, 8451407]"
22,EDM,19881989,"[8444897, 8444898, 8444945, 8445712, 8445733, 8445979, 8446940, 8446981, 8447091, 8448116, 8448195, 8448569, 8448603, 8448641, 8448765, 8449020, 8449297, 8449354, 8449573, 8451376, 8451516, 8451905, 8452291]","[8445461, 8446111, 8447398, 8447481, 8447489, 8448038, 8448370, 8448380, 8448708, 8448822, 8448884, 8449749, 8449958, 8450735, 8451558]","[8446991, 8450651]"
22,EDM,19891990,"[8444945, 8445712, 8445733, 8445979, 8446709, 8447091, 8447364, 8448490, 8448569, 8448603, 8448641, 8448768, 8449020, 8449354, 8449573, 8449751, 8451083, 8451291, 8451371, 8451376, 8451905, 8452291]","[8445418, 8445461, 8447398, 8448038, 8448380, 8448822, 8448884, 8448961, 8449749, 8451056, 8451527, 8451558]","[8446723, 8446991, 8447384, 8450651, 8450727]"
22,EDM,19901991,"[8444918, 8444945, 8445712, 8445733, 8446250, 8447091, 8447364, 8447450, 8448490, 8448641, 8448857, 8449020, 8449573, 8449589, 8449751, 8451291, 8451376, 8451628, 8451905, 8452147, 8452238]","[8445461, 8447690, 8448038, 8448380, 8448822, 8448884, 8448961, 8449749, 8451527, 8451558]","[8446991, 8450651, 8450727, 8451845]"
22,EDM,19911992,"[8455575, 8445733, 8446250, 8446303, 8456031, 8447091, 8448490, 8448641, 8449020, 8449095, 8449094, 8449545, 8449751, 8449881, 8450812, 8458534, 8451291, 8451376, 8451972, 8451905]","[8445461, 8447630, 8447690, 8448380, 8448822, 8448884, 8448961, 8449123, 8449749, 8450824, 8451314, 8451527]","[8446937, 8448142, 8450651, 8451837]"
22,EDM,19921993,"[8455575, 8445733, 8446133, 8446167, 8446250, 8456031, 8446624, 8447091, 8447177, 8448046, 8448490, 8449020, 8449095, 8449399, 8449545, 8449881, 8457704, 8450812, 8451376, 8451972, 8451905, 8451901, 8452147, 8458587, 8458361, 8458526]","[8445419, 8447630, 8447690, 8448380, 8458585, 8448822, 8449123, 8449749, 8450824, 8451527, 8458373]","[8450651, 8451837]"
22,EDM,19931994,"[8459429, 8445733, 8458971, 8446133, 8446167, 8456031, 8446624, 8456441, 8459481, 8449020, 8459001, 8459587, 8458536, 8457570, 8450267, 8457704, 8450812, 8451673, 8451972, 8458587, 8458361, 8458385, 8458526, 8458481]","[8445385, 8455572, 8459683, 8446050, 8456576, 8448380, 8458585, 8448623, 8449123, 8449167, 8457236, 8458963, 8449971, 8450824, 8451527, 8458373]","[8459252, 8455959, 8450651]"
22,EDM,19941995,"[8455408, 8459429, 8460494, 8459996, 8445733, 8446133, 8446167, 8456031, 8456306, 8459032, 8459001, 8459587, 8458536, 8449887, 8457570, 8458658, 8450267, 8460496, 8451673, 8451972, 8459141, 8458361, 8458385, 8458526]","[8456202, 8448449, 8458585, 8449137, 8449167, 8449453, 8458963, 8449971, 8450824, 8458052, 8451805]","[8459252, 8459045, 8450651]"
22,EDM,19951996,"[8444945, 8459429, 8460494, 8459996, 8445733, 8446133, 8458620, 8456031, 8459032, 8459001, 8457203, 8459587, 8458536, 8458658, 8457816, 8459534, 8460496, 8451972, 8458361, 8458385, 8458526]","[8460254, 8446501, 8456533, 8458585, 8449137, 8458963, 8463638, 8449902, 8449971, 8450824, 8458052, 8459438, 8451805]","[8459252, 8459045, 8448382, 8450651]"
22,EDM,19961997,"[8459429, 8455564, 8445733, 8458620, 8456031, 8459640, 8458950, 8459032, 8462037, 8448490, 8456882, 8459437, 8459587, 8458536, 8459641, 8459071, 8458658, 8459534, 8460496, 8458361]","[8458962, 8462051, 8460254, 8446501, 8448884, 8449137, 8459174, 8460711, 8458963, 8463638, 8449902, 8450348, 8450824]","[8446719, 8448382]"
22,EDM,19971998,"[8459429, 8459996, 8445733, 8464960, 8458705, 8458734, 8459640, 8456464, 8448017, 8456647, 8458950, 8462037, 8456882, 8462060, 8459437, 8459587, 8458536, 8459071, 8460496, 8460523, 8458361, 8458537, 8458483]","[8458962, 8460751, 8445413, 8458952, 8462051, 8460254, 8446435, 8460051, 8458938, 8448884, 8449137, 8459174, 8460711, 8458963, 8463638, 8446955, 8459458, 8457922]","[8446719, 8448382]"
22,EDM,19981999,"[8455575, 8459023, 8445733, 8464960, 8456100, 8458516, 8459021, 8459640, 8456464, 8456647, 8458950, 8462035, 8456882, 8464983, 8456932, 8462060, 8459437, 8458569, 8459587, 8458536, 8460504, 8459071, 8460628, 8460496, 8459176, 8458361]","[8462051, 8458938, 8462073, 8449516, 8460711, 8458963, 8446955, 8459458, 8465012, 8457783, 8458954]","[8446719, 8459132, 8459541, 8459365]"
22,EDM,19992000,"[8455575, 8459023, 8466149, 8466348, 8464960, 8456100, 8458516, 8459640, 8456464, 8462035, 8464983, 8462060, 8459587, 8460504, 8459071, 8450357, 8460628, 8460496, 8459672, 8458361]","[8462051, 8458938, 8456533, 8462073, 8459458, 8465012, 8459674, 8458954, 8458715]","[8462110, 8450651, 8459541]"
22,EDM,20002001,"[8459156, 8466251, 8466149, 8467964, 8460846, 8464984, 8459640, 8456464, 8467423, 8462035, 8464983, 8462060, 8459587, 8460504, 8459071, 8459474, 8466150, 8460496, 8460603, 8458361, 8458991]","[8466142, 8462051, 8460548, 8460051, 8464986, 8446955, 8459458, 8465012, 8458954, 8458715]","[8459045, 8457866, 8459541]"
22,EDM,20012002,"[8459156, 8466251, 8466149, 8467964, 8464984, 8459640, 8462077, 8467423, 8462060, 8459587, 8460504, 8459071, 8459474, 8464967, 8467886, 8460496, 8460603, 8466266]","[8466142, 8462051, 8460548, 8460051, 8459458, 8469715, 8465012, 8458954, 8458541]","[8469152, 8462255, 8459541]"
22,EDM,20022003,"[8459156, 8466251, 8466149, 8467964, 8459069, 8462041, 8464984, 8469466, 8467423, 8462094, 8462060, 8459587, 8460504, 8465170, 8464967, 8467886, 8460496, 8468526, 8460603, 8466266]","[8467378, 8469765, 8466142, 8458929, 8460051, 8469691, 8467392, 8459458, 8469715, 8467909, 8458954, 8458541]","[8462255, 8459541]"
22,EDM,20032004,"[8469999, 8466251, 8462041, 8469466, 8467423, 8462094, 8462060, 8460504, 8449807, 8449951, 8465170, 8464967, 8467886, 8467914, 8466271, 8460496, 8468526, 8468485, 8466266]","[8469765, 8466142, 8458929, 8460051, 8470247, 8469495, 8467909, 8458954, 8458541, 8458715]","[8469152, 8462255, 8459541, 8465161]"
22,EDM,20052006,"[8470803, 8462041, 8459431, 8469466, 8467423, 8470661, 8468499, 8462060, 8460504, 8459071, 8458976, 8467543, 8465170, 8470615, 8464967, 8467886, 8466035, 8460496, 8470223, 8468526, 8468485, 8468515]","[8469765, 8458929, 8470121, 8459424, 8470804, 8467909, 8462213, 8458954, 8467439, 8458541, 8470996, 8460757, 8458715]","[8469152, 8462255, 8467486, 8460806]"
22,EDM,20062007,"[8470803, 8469466, 8467423, 8470661, 8470207, 8468497, 8460504, 8449807, 8470608, 8467543, 8465170, 8470615, 8464967, 8471238, 8460496, 8468526, 8470687, 8460465, 8470375, 8468485, 8468515]","[8469765, 8471911, 8470104, 8470121, 8470699, 8470804, 8471222, 8458954, 8458541, 8470996, 8462115, 8471358]","[8462255, 8460806]"
22,EDM,20072008,"[8470803, 8471699, 8474040, 8471185, 8469466, 8467423, 8470661, 8460504, 8470608, 8471208, 8465170, 8470615, 8464967, 8471324, 8457921, 8471238, 8468526, 8470687, 8470375, 8468485]","[8470104, 8470268, 8470121, 8473525, 8470137, 8467469, 8470804, 8471222, 8460561, 8458541, 8460757, 8471358]","[8464999, 8460806]"
22,EDM,20082009,"[8465067, 8470803, 8471680, 8471699, 8467396, 8474040, 8469466, 8467423, 8470661, 8467502, 8470896, 8460504, 8470608, 8470649, 8471208, 8465170, 8470680, 8470615, 8471324, 8471238, 8471636, 8470687]","[8471710, 8470104, 8470268, 8473525, 8471222, 8460561, 8458541, 8460555, 8468598]","[8470074, 8464999, 8460806]"
22,EDM,20092010,"[8471680, 8471699, 8467964, 8474040, 8469466, 8467423, 8470661, 8471323, 8470370, 8470896, 8470644, 8470383, 8460504, 8470608, 8471689, 8470649, 8471208, 8465170, 8470680, 8470615, 8471324, 8470625, 8470687]","[8467583, 8471710, 8470104, 8470268, 8469534, 8474662, 8473525, 8474046, 8471222, 8460561, 8458541, 8460555, 8468598, 8470309]","[8470074, 8471227, 8459140]"
22,EDM,20102011,"[8471680, 8471699, 8474586, 8470662, 8474040, 8468086, 8475791, 8474719, 8469466, 8467423, 8470661, 8471323, 8470896, 8471689, 8474059, 8475175, 8471208, 8471324, 8470687, 8471762]","[8470623, 8471710, 8468520, 8470104, 8473525, 8469564, 8473507, 8474046, 8471222, 8460555, 8468213, 8470309]","[8471227, 8469675, 8459140]"
22,EDM,20112012,"[8465050, 8474691, 8470280, 8474586, 8474040, 8464984, 8475791, 8474719, 8469466, 8467423, 8468660, 8471323, 8474128, 8475165, 8476454, 8471689, 8474059, 8475175, 8471402, 8460496, 8471762]","[8471216, 8471710, 8470104, 8473525, 8473507, 8474046, 8470714, 8470988, 8468513, 8471222, 8467304, 8474575, 8470309]","[8471186, 8471227, 8459140]"
22,EDM,20122013,"[8476062, 8465050, 8471371, 8470280, 8474586, 8474040, 8475791, 8474719, 8469466, 8467423, 8468660, 8471323, 8475165, 8476454, 8475175, 8471402, 8468162, 8460496, 8471762, 8476855]","[8471241, 8473525, 8473507, 8470714, 8474602, 8468513, 8471222, 8470309]","[8471186, 8471227, 8459140]"
22,EDM,20132014,"[8476179, 8476062, 8471371, 8470280, 8474586, 8474040, 8473989, 8470159, 8475791, 8472424, 8469466, 8468611, 8475264, 8473514, 8471323, 8475165, 8476454, 8474059, 8474102, 8473911, 8475752, 8460496, 8476855]","[8477289, 8476166, 8466333, 8471748, 8470268, 8476779, 8476472, 8474707, 8475716, 8473507, 8470714, 8474602, 8468513, 8471222]","[8473614, 8468524, 8471227, 8476839, 8467391, 8475681]"
22,EDM,20142015,"[8476179, 8476062, 8477934, 8474586, 8475671, 8473989, 8470159, 8475791, 8475734, 8472424, 8468611, 8473514, 8473970, 8475165, 8477249, 8476454, 8476336, 8474102, 8473911, 8475752, 8471678, 8473962, 8469485, 8477410, 8476855]","[8474048, 8475869, 8471816, 8466333, 8476779, 8476472, 8475716, 8476426, 8471348, 8477498, 8477851, 8473507, 8474602]","[8473614, 8476316, 8475781, 8476839, 8475681]"
22,EDM,20152016,"[8471490, 8477934, 8474586, 8473989, 8475791, 8468611, 8475178, 8476915, 8473970, 8471232, 8475165, 8473914, 8474034, 8478402, 8477249, 8476454, 8476336, 8471678, 8473962, 8477415, 8476855]","[8476431, 8475869, 8471816, 8466333, 8473468, 8476779, 8476472, 8471348, 8477498, 8477851, 8471385, 8476852, 8474602, 8471284]","[8476316, 8475195, 8475660]"
22,EDM,20162017,"[8475192, 8479465, 8471976, 8477934, 8474586, 8468611, 8475178, 8476915, 8475165, 8473914, 8473473, 8474034, 8478402, 8476454, 8476336, 8475752, 8471678, 8479344, 8477415]","[8476988, 8475869, 8471816, 8473468, 8476472, 8476457, 8477498, 8477851, 8476852, 8471729, 8471284, 8476416]","[8476316, 8475361, 8475660]"
22,EDM,20172018,"[8476857, 8479465, 8469500, 8477934, 8469638, 8475178, 8476915, 8473914, 8473473, 8474089, 8474034, 8478402, 8476454, 8476336, 8479344, 8476427, 8477415, 8476458, 8477573, 8479977]","[8479483, 8478451, 8476988, 8475869, 8473468, 8476472, 8476457, 8476397, 8477498, 8471729, 8471284]","[8476316, 8471219, 8475660]"
22,EDM,20182019,"[8470803, 8479465, 8477529, 8475163, 8477680, 8477934, 8474040, 8479970, 8475178, 8476915, 8473473, 8474089, 8478442, 8478402, 8476454, 8479344, 8476427, 8476356, 8479466, 8475727, 8476458, 8479977, 8477458]","[8476988, 8480803, 8474520, 8475857, 8478452, 8476472, 8476457, 8475430, 8477498, 8475755, 8471729, 8471284, 8475227]","[8475156, 8476932, 8475660]"
22,EDM,20192020,"[8476326, 8476960, 8479347, 8477529, 8475163, 8477934, 8474589, 8474040, 8476440, 8481813, 8476430, 8475178, 8476915, 8478402, 8471707, 8476454, 8481638, 8479466, 8475772, 8479977]","[8478451, 8476988, 8471242, 8478452, 8476472, 8478021, 8476457, 8475430, 8477498, 8480940, 8471729]","[8475156, 8469608]"
22,EDM,20202021,"[8476326, 8475163, 8477934, 8474589, 8481813, 8480946, 8475178, 8476915, 8478402, 8480802, 8471707, 8476454, 8481638, 8479344, 8479466, 8476913, 8474068, 8479977]","[8475197, 8478451, 8480803, 8478452, 8476886, 8475179, 8478021, 8476457, 8477498, 8471729]","[8475156, 8479973, 8469608]"
22,EDM,20212022,"[8476326, 8479347, 8473544, 8477934, 8477998, 8476495, 8482077, 8475786, 8475169, 8475178, 8474089, 8478442, 8478402, 8480802, 8476454, 8477943, 8479344, 8478585, 8474098, 8476913, 8474068, 8479977]","[8475197, 8480803, 8481598, 8476879, 8470281, 8476886, 8476967, 8478021, 8479338, 8477498, 8471729, 8480041]","[8475156, 8479973, 8469608]"
22,EDM,20222023,"[8479347, 8475760, 8477934, 8477998, 8480468, 8482077, 8475786, 8477406, 8475169, 8480011, 8474089, 8478402, 8480802, 8476454, 8479344, 8478585, 8476913, 8479977]","[8475197, 8480803, 8481598, 8476879, 8474218, 8479576, 8475218, 8476967, 8476850, 8479338, 8477498]","[8483158, 8475789, 8479973]"
22,EDM,20232024,"[8482673, 8477934, 8482077, 8475786, 8475169, 8481534, 8478402, 8480802, 8476454, 8478967, 8478585]","[8480803, 8481598, 8476879, 8479341, 8475218, 8479416, 8480274, 8476967, 8477498]","[8475789, 8475717, 8480885, 8479973]"
22,EDM,20242025,"[8478042, 8477015, 8477934, 8479365, 8474641, 8475786, 8477406, 8479368, 8475169, 8477953, 8478402, 8476454, 8470621, 8481617, 8478585, 8475784]","[8480803, 8477384, 8479341, 8475218, 8480834, 8475906, 8476967, 8477498, 8479442, 8478013]","[8475717, 8480885, 8479973]"
47,AFM,19721973,"[8445400, 8446120, 8445857, 8446634, 8447782, 8447929, 8447378, 8447577, 8447718, 8447897, 8450815, 8448427, 8448438, 8449178, 8449185]","[8445181, 8446714, 8447178, 8449110, 8450168, 8448147, 8448157, 8448194, 8448240]","[8445609, 8449784]"
47,AFM,19731974,"[8445089, 8445400, 8446120, 8445857, 8446846, 8447378, 8448911, 8447631, 8447718, 8447767, 8447880, 8447897, 8450815, 8448427, 8448438, 8449185, 8452150]","[8445079, 8445181, 8448399, 8447452, 8449110, 8447925, 8450168, 8448194, 8448240]","[8445609, 8449784]"
47,AFM,19741975,"[8445400, 8445820, 8446057, 8446120, 8445998, 8447365, 8446729, 8446846, 8447378, 8448911, 8447718, 8447829, 8447846, 8450815, 8448438, 8451851, 8452150]","[8445079, 8447154, 8448399, 8447452, 8449110, 8447925, 8448194, 8448240]","[8445609, 8449784]"
47,AFM,19751976,"[8445400, 8445128, 8445643, 8446057, 8446100, 8446120, 8445998, 8446866, 8447365, 8446729, 8447990, 8447240, 8447378, 8447464, 8448911, 8447829, 8450474, 8448438, 8449144, 8452150]","[8445980, 8447154, 8448399, 8447452, 8449110, 8449731, 8448194, 8448240, 8450805]","[8445609, 8449784]"
47,AFM,19761977,"[8445400, 8445643, 8446057, 8446100, 8446120, 8445998, 8446866, 8447300, 8447365, 8447990, 8448911, 8450474, 8448438, 8451378, 8452150]","[8445980, 8447154, 8448399, 8449110, 8449731, 8448240, 8450805, 8451323]","[8445609, 8449784]"
47,AFM,19771978,"[8445400, 8446057, 8446100, 8446120, 8445998, 8447300, 8447990, 8448640, 8448911, 8448991, 8450347, 8450474, 8451378, 8452150]","[8446947, 8447154, 8448399, 8449731, 8450737, 8450805, 8451323, 8452579]","[8445403, 8445609, 8449784]"
47,AFM,19781979,"[8445591, 8445332, 8446057, 8446100, 8447300, 8447990, 8448640, 8448727, 8448911, 8448991, 8448050, 8450347, 8450474, 8450566, 8451025, 8452150]","[8446947, 8448399, 8449175, 8449731, 8449736, 8450805, 8451075, 8448963, 8451323]","[8445403, 8445609, 8448759]"
47,AFM,19791980,"[8444899, 8445400, 8445591, 8446057, 8446100, 8447295, 8447305, 8447730, 8447990, 8448144, 8448640, 8448808, 8448991, 8449887, 8450474, 8450566, 8451025, 8451493, 8452086, 8452150]","[8445374, 8449175, 8449736, 8450670, 8450795, 8451075, 8451323, 8452288]","[8445609, 8446212, 8448759, 8450835]"
57,TAN,19171918,"[8444861, 8445740, 8445802, 8445873, 8447616, 8447832, 8448013, 8448246, 8449049]","[8445314, 8447907]","[8449841, 8449990, 8449997]"
57,TAN,19181919,"[8444861, 8445802, 8445873, 8447832, 8448013, 8448246, 8449049]","[8445314, 8447037, 8447907, 8448336]","[8449997, 8450014]"
20,CGY,19801981,"[8446057, 8446100, 8446266, 8446539, 8447305, 8447843, 8447865, 8447990, 8448144, 8448599, 8448712, 8448808, 8448991, 8449457, 8449569, 8449887, 8450303, 8450474, 8451493, 8452150, 8452466]","[8446265, 8447941, 8448521, 8449175, 8449736, 8450670, 8450795, 8451075, 8452288]","[8445609, 8448759, 8450835]"
20,CGY,19811982,"[8445395, 8445685, 8446057, 8446100, 8446266, 8446539, 8446546, 8447305, 8447843, 8447865, 8447990, 8448118, 8448599, 8448640, 8448712, 8448808, 8448991, 8449320, 8449423, 8449657, 8449887, 8450303, 8450474, 8452150]","[8445623, 8446677, 8447941, 8448521, 8448960, 8449175, 8449736, 8450670, 8450795, 8450805, 8451075, 8451993, 8452288]","[8448759, 8450835]"
20,CGY,19821983,"[8445395, 8445685, 8446057, 8446065, 8446266, 8447498, 8447571, 8447843, 8447865, 8448118, 8448202, 8448203, 8448712, 8449423, 8449569, 8449657, 8449887, 8450303, 8450852, 8450845]","[8445623, 8446533, 8446677, 8448521, 8448960, 8449009, 8450795, 8450805, 8451075, 8452254]","[8445449, 8446597, 8448759, 8452217]"
20,CGY,19831984,"[8445395, 8445599, 8445662, 8445723, 8446546, 8446541, 8447843, 8447865, 8448118, 8448202, 8448203, 8448555, 8448848, 8449423, 8449887, 8450234, 8450303, 8450635, 8450845, 8451735, 8451857, 8452482]","[8445338, 8445623, 8446677, 8447554, 8448521, 8448960, 8449009, 8450795, 8451319, 8452235]","[8446597, 8448759, 8452217]"
20,CGY,19841985,"[8445395, 8445427, 8445662, 8446017, 8446203, 8446546, 8446541, 8448118, 8448202, 8448555, 8448848, 8449423, 8449887, 8450088, 8450234, 8450303, 8450635, 8450845, 8451857, 8452482]","[8445338, 8445623, 8446677, 8448521, 8448960, 8449009, 8450795, 8451319]","[8446597, 8448759]"
20,CGY,19851986,"[8445395, 8445427, 8445662, 8445672, 8446017, 8446203, 8446541, 8446940, 8448091, 8448118, 8448555, 8448641, 8448848, 8449423, 8449743, 8450088, 8450234, 8450303, 8450635, 8450845, 8451917, 8452482]","[8445277, 8445338, 8445623, 8446364, 8448294, 8448521, 8448960, 8449009, 8450795, 8451319, 8451804, 8452496]","[8446306, 8448759, 8452217]"
20,CGY,19861987,"[8445427, 8445662, 8445672, 8445771, 8446940, 8448091, 8448118, 8448848, 8449423, 8449743, 8449893, 8450088, 8450234, 8450303, 8450635, 8450845, 8450900, 8451917, 8452482]","[8445338, 8446364, 8446677, 8446679, 8447437, 8448960, 8449009, 8450795, 8451319, 8451804]","[8446294, 8448759, 8452217]"
20,CGY,19871988,"[8445427, 8445567, 8445662, 8445752, 8445771, 8446054, 8446071, 8446210, 8448029, 8448091, 8448118, 8448848, 8449423, 8449743, 8449893, 8450088, 8450234, 8450303, 8450900, 8451917, 8452482]","[8447630, 8447437, 8448960, 8449403, 8449774, 8449797, 8450642, 8450795, 8451319, 8451804]","[8446294, 8452217, 8452287]"
20,CGY,19881989,"[8445427, 8446054, 8446071, 8446847, 8447206, 8447386, 8448029, 8448106, 8448118, 8448848, 8448980, 8449423, 8449743, 8449893, 8450088, 8450234, 8450303, 8450547, 8450653, 8450900]","[8447630, 8448794, 8448960, 8449009, 8449403, 8449774, 8449797, 8450642, 8450792, 8451097, 8451804]","[8452217, 8452287]"
20,CGY,19891990,"[8445436, 8445775, 8446847, 8447206, 8447386, 8448029, 8448106, 8448118, 8448980, 8449163, 8449743, 8449893, 8450088, 8450234, 8450303, 8450547, 8450653, 8450900]","[8447630, 8448292, 8448523, 8448960, 8449009, 8449403, 8449774, 8449797, 8451097, 8451804]","[8447390, 8452217, 8452287]"
20,CGY,19901991,"[8445775, 8446797, 8446847, 8447206, 8448029, 8448106, 8448118, 8456903, 8448980, 8449163, 8449295, 8449893, 8450088, 8450234, 8450547, 8450653, 8450767, 8450900, 8451381, 8451709, 8451827, 8452482]","[8447437, 8448292, 8448577, 8448794, 8448960, 8449009, 8449774, 8446955, 8449797, 8451097, 8451804]","[8447390, 8452217, 8452287]"
20,CGY,19911992,"[8445440, 8446054, 8446847, 8456288, 8447206, 8447440, 8456513, 8448118, 8456903, 8448754, 8457069, 8449163, 8449168, 8449295, 8449893, 8450088, 8450653, 8450767, 8450900, 8451381, 8451709, 8451827, 8452482, 8452687]","[8447247, 8447437, 8448577, 8448960, 8449009, 8446955, 8449797, 8457574, 8457589, 8450348, 8451319, 8451570, 8451804, 8452556]","[8456830, 8450743, 8457996, 8452217, 8452287]"
20,CGY,19921993,"[8445118, 8445440, 8446847, 8456288, 8456513, 8456544, 8456903, 8448775, 8448754, 8457069, 8449163, 8449893, 8450088, 8450200, 8450653, 8450767, 8450900, 8451427, 8451709, 8452482, 8458469]","[8456000, 8446288, 8447247, 8448292, 8448960, 8446955, 8450348, 8451570, 8451804, 8452556]","[8450743, 8458800, 8452217]"
20,CGY,19931994,"[8456118, 8446847, 8446970, 8447450, 8448505, 8456903, 8448678, 8458566, 8449893, 8458573, 8450088, 8450200, 8450653, 8450767, 8450900, 8451709, 8458707, 8458155, 8459672, 8458314, 8452285]","[8458507, 8456000, 8446288, 8456202, 8448419, 8448960, 8449608, 8446955, 8449905, 8450223, 8450348, 8457955, 8451804, 8458456, 8452556, 8452584]","[8456830, 8457463, 8450743, 8458800, 8452217]"
20,CGY,19941995,"[8459013, 8456170, 8446847, 8447383, 8456602, 8448455, 8448505, 8456903, 8449297, 8458566, 8457436, 8458821, 8449893, 8458573, 8450088, 8450303, 8450767, 8450900, 8451709, 8458943, 8458155, 8459672, 8458314, 8452285, 8458348]","[8459466, 8459065, 8446051, 8456000, 8456202, 8447989, 8448419, 8448521, 8446955, 8450223, 8452556, 8452584]","[8456830, 8457463, 8451834, 8458800]"
20,CGY,19951996,"[8446129, 8446743, 8456235, 8446847, 8456602, 8462042, 8448455, 8460663, 8456903, 8448674, 8448781, 8458566, 8449606, 8459521, 8458573, 8450900, 8458575, 8451392, 8451709, 8458943, 8458155, 8458533, 8451820, 8459672, 8460763, 8458314, 8458348]","[8444919, 8459065, 8446051, 8456000, 8447989, 8459002, 8448104, 8448419, 8450223, 8460782, 8452556, 8452584]","[8456830, 8451834]"
20,CGY,19961997,"[8460573, 8446847, 8446997, 8459010, 8456602, 8459158, 8462042, 8458751, 8456903, 8462835, 8458566, 8457319, 8459295, 8449606, 8459521, 8450767, 8459060, 8451709, 8458943, 8458155, 8459672, 8458348]","[8444919, 8459466, 8459065, 8446051, 8446778, 8459038, 8459002, 8448104, 8458966, 8450223, 8450658, 8460782, 8452584]","[8456830, 8460806, 8451834]"
20,CGY,19971998,"[8455445, 8464994, 8464993, 8458969, 8446003, 8460509, 8460573, 8456100, 8446847, 8459010, 8456602, 8459158, 8462042, 8460663, 8463019, 8458566, 8457319, 8459521, 8458573, 8450293, 8458943, 8459672, 8465977, 8458348, 8460498]","[8444919, 8459466, 8459065, 8455843, 8456000, 8462050, 8459002, 8464966, 8458966, 8450223, 8460782, 8462099, 8452584]","[8459451, 8460806, 8451834]"
20,CGY,19981999,"[8445281, 8460502, 8458969, 8446003, 8446026, 8458538, 8460509, 8460573, 8456121, 8467333, 8446847, 8462042, 8463019, 8457319, 8458947, 8458573, 8459318, 8459483, 8458972, 8466378, 8458943, 8458348, 8460498, 8462182]","[8444919, 8455843, 8462050, 8459038, 8447989, 8459002, 8464966, 8458966, 8460782, 8451558, 8459456, 8462099]","[8459252, 8465036, 8462044, 8459451, 8458800, 8452535]"
20,CGY,19992000,"[8464994, 8460502, 8460510, 8464993, 8458969, 8445775, 8460567, 8458538, 8462419, 8460573, 8456121, 8467333, 8462135, 8462042, 8458650, 8458949, 8458617, 8458947, 8459483, 8467884, 8462118, 8458972, 8466378, 8458943, 8460763, 8465977, 8460498, 8462182]","[8444919, 8455843, 8446435, 8462050, 8447989, 8459002, 8457193, 8464966, 8467344, 8467319, 8451333, 8451558, 8459456, 8458373]","[8459252, 8446991, 8462044]"
20,CGY,20002001,"[8455447, 8464994, 8460502, 8458969, 8460567, 8455919, 8462419, 8467333, 8462135, 8462071, 8462042, 8458617, 8448834, 8459521, 8465180, 8467884, 8462118, 8458972, 8458943, 8451793, 8466143, 8460498, 8462182]","[8444919, 8456153, 8462050, 8447989, 8458585, 8465042, 8464966, 8467344, 8451558, 8458373]","[8459252, 8452217]"
20,CGY,20012002,"[8464994, 8445440, 8467361, 8460510, 8465066, 8460567, 8455919, 8462419, 8468656, 8462042, 8448834, 8458536, 8459687, 8459427, 8465180, 8467884, 8462118, 8458972, 8466971, 8462182, 8460587]","[8459466, 8455666, 8462090, 8468750, 8456153, 8462050, 8458585, 8459624, 8465042, 8468927, 8464966, 8467344]","[8458266, 8452217, 8452440]"
20,CGY,20022003,"[8464994, 8445440, 8467361, 8460567, 8455919, 8462843, 8459450, 8460562, 8447091, 8462042, 8458990, 8469467, 8460663, 8448834, 8459687, 8459427, 8467884, 8462118, 8466971, 8460587, 8459122]","[8455666, 8462090, 8467915, 8468750, 8466333, 8462050, 8467917, 8465042, 8468927, 8466309, 8459559, 8467344]","[8458562, 8458266]"
20,CGY,20032004,"[8467361, 8460567, 8455919, 8459450, 8447091, 8464984, 8462042, 8469467, 8468695, 8448834, 8468150, 8458536, 8462149, 8466210, 8465253, 8459486, 8468432, 8467884, 8458031, 8466436, 8459122]","[8467915, 8468853, 8466333, 8462050, 8467917, 8465042, 8468927, 8467344, 8460517]","[8462147, 8458562, 8467430, 8458266]"
20,CGY,20052006,"[8455429, 8459450, 8470336, 8466181, 8462042, 8469467, 8462036, 8462084, 8468695, 8468150, 8467882, 8465041, 8458982, 8465253, 8470180, 8468432, 8462197, 8458031, 8460498, 8459122]","[8466333, 8470966, 8458938, 8459002, 8467917, 8449137, 8468927, 8470602, 8470346, 8467344, 8460517]","[8462052, 8462147, 8467364]"
20,CGY,20062007,"[8455429, 8471310, 8455919, 8460501, 8470336, 8468252, 8466181, 8462042, 8469467, 8462036, 8468695, 8467882, 8469557, 8458982, 8469664, 8465253, 8460507, 8471283, 8462197, 8467338, 8459122]","[8466333, 8466146, 8470966, 8468502, 8458938, 8470602, 8470346, 8467344, 8467331, 8460517, 8465250]","[8462147, 8458562]"
20,CGY,20072008,"[8471310, 8455919, 8468252, 8466181, 8462042, 8462036, 8468695, 8469664, 8465253, 8449895, 8470180, 8460507, 8466343, 8467338, 8459122]","[8459053, 8459443, 8468502, 8470602, 8470632, 8467344, 8464981, 8468213, 8460517]","[8448382, 8471819, 8462147, 8470147]"
20,CGY,20082009,"[8474150, 8459444, 8471504, 8471310, 8469500, 8471237, 8455919, 8471185, 8473904, 8462042, 8466140, 8462036, 8468695, 8467882, 8469664, 8470180, 8468887, 8460507, 8471283, 8460639, 8471840, 8470189]","[8459053, 8459443, 8470966, 8467917, 8474076, 8471385, 8471700, 8470602, 8467344, 8464981, 8468213]","[8462147, 8470147]"
20,CGY,20092010,"[8474150, 8471504, 8471310, 8455919, 8470741, 8471185, 8467943, 8470274, 8462042, 8468881, 8466140, 8467502, 8462036, 8467882, 8459514, 8467977, 8469664, 8470180, 8471283, 8469464, 8470162, 8471840]","[8470151, 8470966, 8469534, 8470058, 8471385, 8470602, 8467344, 8464981, 8458541, 8470273]","[8462147, 8470147, 8462117]"
20,CGY,20102011,"[8474150, 8474642, 8471504, 8455919, 8471185, 8467943, 8462042, 8469120, 8469490, 8466140, 8466398, 8467502, 8462036, 8470648, 8460556, 8459461, 8469664, 8474587, 8470162, 8471840, 8467338]","[8470265, 8470151, 8474673, 8471321, 8470966, 8471705, 8471385, 8467344, 8464981, 8458541, 8470273]","[8475431, 8462147]"
20,CGY,20112012,"[8474049, 8474150, 8476466, 8474642, 8471504, 8474038, 8469500, 8471260, 8470708, 8471185, 8467943, 8475264, 8462042, 8469120, 8469490, 8466140, 8471767, 8468499, 8466398, 8471428, 8459461, 8469664, 8474587, 8470162, 8470740, 8467338]","[8470265, 8470151, 8474673, 8471761, 8471321, 8470966, 8466158, 8473921, 8464981, 8473953, 8472262]","[8473414, 8475431, 8462147]"
20,CGY,20122013,"[8474049, 8474150, 8476466, 8474844, 8464994, 8474038, 8469500, 8476834, 8471260, 8471185, 8475196, 8475264, 8470201, 8462042, 8469490, 8471767, 8467977, 8475733, 8470162, 8470740, 8476043, 8467338]","[8470265, 8470151, 8474673, 8471761, 8471321, 8474837, 8470966, 8464981, 8473953, 8469770]","[8473414, 8462147, 8469732, 8471433]"
20,CGY,20132014,"[8475844, 8475833, 8474150, 8476466, 8474642, 8474038, 8469500, 8474577, 8474001, 8476346, 8471185, 8476440, 8475196, 8475264, 8470201, 8469490, 8471767, 8470877, 8475260, 8475283, 8467977, 8477497, 8475733, 8470162, 8470740, 8476043, 8477847, 8473908]","[8476827, 8475648, 8474673, 8471761, 8474837, 8470966, 8470839, 8471729, 8471222, 8473953, 8469770, 8476452]","[8473499, 8469732, 8475299, 8471403]"
20,CGY,20142015,"[8474150, 8476466, 8477935, 8475650, 8474642, 8474038, 8474577, 8475907, 8476346, 8471185, 8476440, 8470201, 8470877, 8477591, 8475260, 8467977, 8477497, 8477486, 8471664, 8475733, 8471682, 8475213, 8470162, 8477913]","[8474673, 8476244, 8468674, 8470966, 8476967, 8470714, 8475829, 8471729, 8473673, 8471222, 8469770, 8476452]","[8473972, 8475299, 8471403]"
20,CGY,20152016,"[8475844, 8474150, 8477935, 8475650, 8474642, 8474577, 8476505, 8475907, 8473564, 8476346, 8476440, 8474683, 8475878, 8477903, 8470201, 8470877, 8477591, 8477497, 8477486, 8471664, 8477445, 8475213, 8470162]","[8474673, 8468674, 8470966, 8476462, 8476279, 8476967, 8478430, 8478562, 8471729, 8476890, 8471222, 8469770, 8476452]","[8473404, 8473972, 8475299, 8471403]"
20,CGY,20162017,"[8474150, 8477935, 8474642, 8471426, 8475163, 8475907, 8473564, 8476346, 8475878, 8477903, 8476873, 8477508, 8477497, 8477445, 8470162, 8479314, 8471346, 8475223]","[8478397, 8474749, 8474673, 8468674, 8470966, 8471269, 8476462, 8476279, 8476967, 8474628, 8469770, 8476452]","[8470880, 8476903, 8473434, 8479496]"
20,CGY,20172018,"[8474150, 8477935, 8471426, 8475907, 8480330, 8473564, 8476346, 8470854, 8475878, 8477903, 8475949, 8448208, 8476873, 8477449, 8477508, 8479066, 8478233, 8477497, 8476406, 8470162, 8473485, 8479314, 8471346]","[8478397, 8474749, 8474673, 8470966, 8476462, 8474612, 8476967, 8474628]","[8476903, 8475663, 8479496, 8469608]"
20,CGY,20182019,"[8474150, 8477935, 8478512, 8479346, 8473564, 8476346, 8477903, 8476873, 8477508, 8477496, 8479066, 8478233, 8477497, 8471707, 8474061, 8476409, 8478585, 8477510, 8479314]","[8478397, 8474673, 8480147, 8470966, 8474612, 8478396, 8478430, 8474774, 8474628, 8479976]","[8479496, 8469608]"
20,CGY,20192020,"[8474150, 8477935, 8478512, 8479346, 8473564, 8476346, 8476873, 8477496, 8473473, 8478233, 8477497, 8476409, 8476356, 8474736, 8477210, 8478585, 8479314]","[8478397, 8474673, 8475869, 8475762, 8470966, 8476979, 8474612, 8478396, 8478430, 8474628, 8481630]","[8479496, 8475660]"
20,CGY,20202021,"[8474150, 8477935, 8479346, 8475278, 8476346, 8478446, 8476410, 8477496, 8473473, 8478233, 8477497, 8475807, 8479547, 8474736, 8476439, 8477210, 8480008, 8478585, 8478866, 8479314]","[8478397, 8470966, 8478396, 8478430, 8482067, 8476300, 8474628, 8475690, 8479976]","[8475839, 8474593, 8479496, 8481501]"
20,CGY,20212022,"[8474150, 8477846, 8476399, 8479346, 8482652, 8476346, 8478446, 8475714, 8473453, 8477496, 8473473, 8478233, 8477497, 8475752, 8470755, 8476439, 8480008, 8479314, 8475726]","[8478397, 8475790, 8478396, 8478430, 8482067, 8474628, 8475690, 8479976, 8477507]","[8474593, 8478435]"
20,CGY,20222023,"[8474150, 8476399, 8482679, 8479346, 8482652, 8476456, 8475172, 8473453, 8477496, 8473473, 8478233, 8481592, 8479547, 8476439, 8477941, 8479291, 8480008, 8475726, 8482241]","[8478397, 8480084, 8478502, 8478396, 8482067, 8479442, 8474628, 8475690, 8477346, 8477507]","[8474593, 8478435, 8481692]"
20,CGY,20232024,"[8474150, 8476399, 8482652, 8476456, 8478211, 8475172, 8483808, 8481028, 8479291, 8481068, 8482074]","[8478397, 8480860, 8477810, 8482624, 8481537, 8481167, 8482470, 8477346]",[8478435]
20,CGY,20242025,"[8474150, 8476399, 8482679, 8480797, 8480028, 8476456, 8475172, 8477993, 8483609, 8479066, 8477511, 8481028, 8479291, 8481068, 8484234, 8482074]","[8478397, 8480860, 8479402, 8477810, 8482624, 8481167, 8484768, 8482470, 8477346]","[8478435, 8481692]"
6,BOS,19241925,"[8445541, 8446716, 8446785, 8445743, 8447035, 8447876, 8447890, 8448297, 8448584, 8448934, 8449049, 8449129]","[8445061, 8445340, 8445536, 8446755, 8446886, 8449002, 8449199]","[8449920, 8450017, 8450120]"
6,BOS,19251926,"[8445068, 8445152, 8445306, 8445541, 8446580, 8446703, 8446785, 8447035, 8447329, 8447876, 8448297, 8448934, 8449181]","[8445497, 8446886, 8447637, 8449002, 8449199]","[8450104, 8450120]"
6,BOS,19261927,"[8445133, 8445162, 8445306, 8445541, 8446493, 8446558, 8446785, 8447143, 8447832, 8448055]","[8445497, 8445744, 8446886, 8449024, 8449199]","[8450120, 8450150]"
6,BOS,19271928,"[8445474, 8445525, 8446493, 8446557, 8446558, 8446613, 8446703, 8446785, 8448055]","[8445488, 8445497, 8446886, 8447337, 8449024]",[8450150]
6,BOS,19281929,"[8445345, 8445474, 8445874, 8446493, 8446557, 8446558, 8446643, 8447221, 8447545, 8448055, 8448138, 8448429, 8449381]","[8446886, 8447318, 8448078, 8449024]",[8450127]
6,BOS,19291930,"[8445026, 8445345, 8445474, 8445525, 8446514, 8446557, 8446558, 8447545, 8448055, 8449218, 8449381]","[8446886, 8447012, 8447318, 8448078, 8449024]",[8450127]
6,BOS,19301931,"[8445026, 8445037, 8445362, 8445474, 8445843, 8446557, 8446558, 8444850, 8447534, 8448055, 8448188, 8448605, 8449381]","[8446886, 8447012, 8448078, 8449024]",[8450127]
6,BOS,19311932,"[8445026, 8445037, 8445150, 8445261, 8445362, 8445474, 8445533, 8446558, 8447054, 8447055, 8447221, 8448055, 8448188, 8448605, 8449208, 8449246, 8449381]","[8446458, 8446886, 8447056, 8448078, 8449024]","[8449861, 8450003, 8450127]"
6,BOS,19321933,"[8445026, 8445037, 8445255, 8445362, 8445474, 8446245, 8446558, 8446843, 8447055, 8447306, 8448055, 8448334, 8448383, 8449189]","[8446886, 8448078, 8449024, 8449059]",[8450127]
6,BOS,19331934,"[8445026, 8445037, 8445362, 8445474, 8446245, 8446558, 8446628, 8446649, 8446702, 8447055, 8447306, 8447780, 8448061, 8448055, 8448098, 8448334, 8449007, 8449038, 8449058, 8449189, 8449467]","[8445848, 8446886, 8447056, 8447318, 8449024, 8449059]",[8450127]
6,BOS,19341935,"[8445026, 8445037, 8445474, 8446152, 8446553, 8446590, 8446753, 8447055, 8447132, 8447780, 8447904, 8448061, 8448784, 8449001, 8449022, 8449038, 8449189]","[8445848, 8448179, 8448233, 8448790, 8449024, 8449479]",[8450127]
6,BOS,19351936,"[8445037, 8445074, 8445747, 8445474, 8445754, 8445960, 8445961, 8446297, 8446582, 8447036, 8447052, 8447132, 8447780, 8447904, 8448061, 8448331, 8448605, 8448784, 8449001, 8449038, 8449381]","[8445848, 8446631, 8446895, 8448179, 8449024]","[8450003, 8450127]"
6,BOS,19361937,"[8445034, 8445037, 8445474, 8445535, 8445754, 8445960, 8445961, 8446582, 8446607, 8447809, 8448061, 8448784, 8448931, 8449077, 8449189, 8449381]","[8446631, 8446895, 8447056, 8447130, 8447606, 8448179, 8449019, 8449024]",[8450127]
6,BOS,19371938,"[8445034, 8445037, 8445474, 8445754, 8445961, 8446582, 8446607, 8446686, 8446860, 8447023, 8448139, 8448784, 8448931, 8449381]","[8445767, 8446895, 8448179, 8449024]",[8450127]
6,BOS,19381939,"[8445034, 8445474, 8445517, 8445754, 8445961, 8446509, 8446582, 8446686, 8446860, 8447824, 8448139, 8448258, 8448784, 8448931, 8449381]","[8445767, 8446895, 8448179, 8449017, 8449024]","[8449836, 8450127]"
6,BOS,19391940,"[8445034, 8445307, 8445474, 8445517, 8445754, 8445961, 8446686, 8446860, 8447023, 8447824, 8448139, 8448258, 8448931, 8449593]","[8445767, 8446895, 8448179, 8449017, 8449024, 8449071]",[8449836]
6,BOS,19401941,"[8445034, 8445190, 8445307, 8445474, 8445517, 8445754, 8445961, 8446686, 8446860, 8447023, 8447824, 8448258, 8448931, 8449593]","[8445767, 8446895, 8449017, 8449071]",[8449836]
6,BOS,19411942,"[8445034, 8445190, 8445307, 8445474, 8445517, 8445754, 8445961, 8446648, 8446686, 8446835, 8446861, 8447023, 8447025, 8447612, 8447773, 8447824, 8448931, 8449593]","[8445767, 8446895, 8447623, 8449017, 8449071, 8449229]","[8449836, 8449863]"
6,BOS,19421943,"[8444986, 8445113, 8445150, 8445307, 8445310, 8445358, 8445474, 8445754, 8445866, 8446561, 8446656, 8446861, 8447023, 8447025, 8448928, 8449021]","[8444877, 8445767, 8446895, 8449017]",[8449836]
6,BOS,19431944,"[8444986, 8445113, 8445150, 8445159, 8445307, 8445310, 8445474, 8445754, 8445866, 8446561, 8446656, 8447023, 8447025, 8447229, 8448081, 8448344, 8448792, 8448927]","[8445767, 8446135, 8446895, 8447270, 8448930, 8449478]","[8449781, 8449857, 8449923, 8449960, 8449983]"
6,BOS,19441945,"[8445159, 8445307, 8445310, 8445474, 8445754, 8445831, 8446234, 8446570, 8446591, 8447023, 8447053, 8447470, 8447612, 8447773, 8448586, 8449081, 8449233]","[8445767, 8446135, 8446318, 8446777, 8449017]","[8449819, 8449823]"
6,BOS,19451946,"[8445034, 8445190, 8445307, 8445474, 8445517, 8445754, 8445863, 8445961, 8446561, 8446656, 8447773, 8448258, 8448931, 8449021, 8449081]","[8445467, 8445767, 8446135, 8446318, 8446777, 8447804]","[8449823, 8449836]"
6,BOS,19461947,"[8445025, 8445034, 8445349, 8445474, 8445754, 8445961, 8446561, 8446651, 8446656, 8447526, 8447618, 8447650, 8447773, 8448128, 8448258, 8448931, 8449021, 8449081]","[8445767, 8446135, 8446318, 8446777, 8447623, 8448187]",[8449836]
6,BOS,19471948,"[8444992, 8445349, 8445961, 8446561, 8446726, 8447248, 8447526, 8447603, 8448128, 8448136, 8448239, 8448446, 8448783, 8448931, 8449081, 8449216, 8449363, 8449560]","[8445767, 8446135, 8446318, 8446777, 8447623]",[8449836]
6,BOS,19481949,"[8444992, 8445805, 8445961, 8446726, 8448128, 8448136, 8448446, 8448783, 8448931, 8449081, 8449245, 8449363]","[8445767, 8446135, 8446318, 8446777, 8447241, 8449229]","[8449836, 8449855, 8449977, 8449992]"
6,BOS,19491950,"[8445078, 8445153, 8445573, 8445805, 8445961, 8446197, 8446726, 8446913, 8447248, 8447595, 8448128, 8448167, 8448446, 8448783, 8448931, 8449081, 8449203, 8449245]","[8445301, 8445767, 8446318, 8446777, 8447241, 8447520, 8447786, 8448235]","[8449828, 8449977, 8449992]"
6,BOS,19501951,"[8445805, 8445961, 8446184, 8446197, 8446301, 8446726, 8446913, 8447532, 8447595, 8448128, 8448446, 8448783, 8448931, 8449081, 8449203, 8449245]","[8444970, 8446318, 8446777, 8447233, 8447241, 8447349, 8447520, 8447786, 8448235, 8448236, 8448313]","[8449977, 8449992]"
6,BOS,19511952,"[8445027, 8445034, 8445180, 8445371, 8445805, 8445961, 8446184, 8446197, 8446301, 8447260, 8447526, 8447532, 8447547, 8448128, 8448783, 8448931, 8449203]","[8444970, 8446777, 8447241, 8447257, 8447349, 8447786, 8447895, 8448235]",[8449993]
6,BOS,19521953,"[8445371, 8445573, 8445805, 8445961, 8446301, 8447223, 8447260, 8447526, 8447547, 8448128, 8448783, 8448931, 8449203, 8449244]","[8444970, 8446599, 8447349, 8447624, 8447786, 8448235]","[8449992, 8449993]"
6,BOS,19531954,"[8445105, 8445188, 8445371, 8445805, 8445961, 8446228, 8446565, 8447223, 8447260, 8447547, 8447880, 8448128, 8448783, 8448931, 8449244]","[8444970, 8446566, 8446599, 8447349, 8447624, 8448235]",[8449993]
6,BOS,19541955,"[8445105, 8445371, 8445573, 8445638, 8446197, 8446565, 8447223, 8447260, 8447547, 8447792, 8447880, 8448783, 8448931, 8449074, 8449221, 8449552]","[8444970, 8445111, 8445369, 8446318, 8446599, 8447349, 8448235]","[8449991, 8449993]"
6,BOS,19551956,"[8445116, 8445371, 8445638, 8445851, 8446197, 8446565, 8446764, 8447260, 8447547, 8447792, 8447880, 8448006, 8448083, 8448128, 8449176, 8449223, 8449244]","[8444970, 8445111, 8446318, 8447349, 8448041, 8448235]","[8449991, 8450068, 8450111]"
6,BOS,19561957,"[8445039, 8445117, 8445303, 8445371, 8446565, 8447260, 8447547, 8447792, 8447880, 8448006, 8448083, 8448128, 8448247, 8448299, 8449074, 8449176, 8449244]","[8444970, 8445081, 8445111, 8445366, 8446318, 8446863, 8449155]","[8449865, 8450111, 8450113]"
6,BOS,19571958,"[8445039, 8445117, 8445240, 8445303, 8445371, 8446142, 8446918, 8444853, 8447260, 8447547, 8447792, 8447880, 8448064, 8448128, 8448150, 8448299, 8449176, 8449244]","[8444970, 8445081, 8445111, 8446318, 8446864, 8449155]","[8449916, 8450019, 8450042, 8450113, 8450149]"
6,BOS,19581959,"[8445240, 8445371, 8446577, 8446918, 8444853, 8447260, 8447351, 8447547, 8447792, 8447880, 8448176, 8448295, 8448299, 8448305, 8449176, 8449244, 8449647]","[8444970, 8445081, 8445111, 8446318, 8446864, 8447895]","[8450008, 8450019, 8450113]"
6,BOS,19591960,"[8445009, 8445240, 8445289, 8445851, 8446515, 8446577, 8446918, 8447260, 8447351, 8447547, 8447792, 8447835, 8447854, 8447880, 8449176, 8449244, 8449269]","[8444970, 8445111, 8446155, 8446318, 8446864, 8448437, 8449069, 8449340]","[8450019, 8450113]"
6,BOS,19601961,"[8444868, 8445028, 8445240, 8445289, 8445348, 8445377, 8446577, 8446918, 8447260, 8447676, 8447792, 8447835, 8447880, 8448064, 8448056, 8448077, 8448213, 8449176, 8449223, 8449244]","[8444970, 8445111, 8446155, 8446318, 8447406, 8449069]","[8449959, 8450113]"
6,BOS,19611962,"[8445039, 8445240, 8445289, 8445521, 8446642, 8447252, 8447351, 8447792, 8447835, 8447880, 8448056, 8448131, 8448213, 8449244, 8449481]","[8444970, 8445111, 8447406, 8449069, 8449159, 8449384]","[8449851, 8449959, 8449989]"
6,BOS,19621963,"[8445084, 8445240, 8445289, 8445521, 8446577, 8446585, 8446858, 8447164, 8447378, 8447792, 8447880, 8448056, 8448131, 8448191, 8448213, 8449244, 8449481]","[8445111, 8446599, 8447406, 8448249, 8449132, 8449159, 8449384]","[8450005, 8450065]"
6,BOS,19631964,"[8445039, 8445240, 8445521, 8445943, 8446577, 8446760, 8447021, 8447164, 8447234, 8447252, 8447378, 8447880, 8448056, 8448191, 8448347, 8448937, 8449244, 8449481]","[8444988, 8445111, 8447406, 8447101, 8447710, 8449384]",[8450005]
6,BOS,19641965,"[8445005, 8445240, 8446002, 8445943, 8446585, 8446605, 8447164, 8447225, 8447252, 8447378, 8447642, 8447744, 8448056, 8448191, 8448347, 8448937, 8449481]","[8444988, 8445111, 8446324, 8447406, 8447101, 8447710, 8449371, 8449384, 8449603]","[8450005, 8450054]"
6,BOS,19651966,"[8445240, 8445816, 8445906, 8445943, 8446605, 8447164, 8447234, 8447378, 8447537, 8449138, 8447627, 8447642, 8449494, 8447921, 8448056, 8450196, 8448191, 8448347, 8448671, 8448937, 8449192, 8449481]","[8444966, 8444980, 8444988, 8445111, 8445852, 8446434, 8446324, 8447406, 8447322, 8447617, 8448178, 8449069, 8449384, 8449603]","[8449853, 8450005, 8450178, 8450101]"
6,BOS,19661967,"[8445239, 8445240, 8445521, 8445906, 8446605, 8446887, 8447234, 8448882, 8447627, 8449494, 8447921, 8448056, 8450196, 8448347, 8448671, 8448788, 8448937, 8449192, 8449481]","[8444988, 8445456, 8446434, 8447406, 8447617, 8450070, 8449069, 8449371, 8449384, 8449473, 8449603]","[8449853, 8450005, 8450178]"
6,BOS,19671968,"[8445240, 8446002, 8446722, 8447892, 8447234, 8448882, 8449494, 8447921, 8448671, 8448788, 8448974, 8449149, 8449481]","[8444966, 8444988, 8446434, 8447154, 8447406, 8450070, 8449069, 8449384]","[8449853, 8449981, 8450005]"
6,BOS,19681969,"[8444984, 8444997, 8445240, 8446002, 8446172, 8446722, 8447664, 8447892, 8447378, 8448804, 8448882, 8447513, 8449138, 8449494, 8447921, 8448671, 8448788, 8448974, 8449149, 8452360, 8449481]","[8444988, 8446434, 8446574, 8447154, 8447406, 8447007, 8450070, 8449069, 8451538, 8449384, 8449473]","[8449853, 8450005, 8450006]"
6,BOS,19691970,"[8444997, 8445240, 8445327, 8446002, 8446722, 8447664, 8447892, 8448804, 8447513, 8449138, 8449494, 8447921, 8448671, 8448935, 8449139, 8449149, 8452360]","[8444988, 8445456, 8446434, 8450070, 8449069, 8451538, 8449131, 8449384, 8449473]","[8449853, 8450005]"
6,BOS,19701971,"[8444997, 8445591, 8445240, 8445327, 8446002, 8446722, 8447892, 8448729, 8449138, 8449494, 8448671, 8448935, 8449149, 8449337]","[8444988, 8447406, 8450070, 8449069, 8451538, 8449131, 8449384]","[8449853, 8450005]"
6,BOS,19711972,"[8444997, 8445591, 8445240, 8446002, 8446722, 8446752, 8447892, 8448729, 8449138, 8449494, 8450075, 8448135, 8448354, 8448671, 8449149, 8449337]","[8444988, 8445456, 8447406, 8447116, 8450070, 8448249, 8449069, 8451538, 8451728, 8452140, 8449384]","[8449853, 8450005]"
6,BOS,19721973,"[8444997, 8445240, 8446002, 8446722, 8447892, 8448733, 8449138, 8448043, 8450075, 8449952, 8448354, 8448671, 8451335, 8449149, 8449337]","[8444988, 8445456, 8446434, 8447116, 8450070, 8448249, 8449069, 8452140]","[8449783, 8449842, 8450005, 8450066]"
6,BOS,19731974,"[8445240, 8446002, 8446722, 8446908, 8447157, 8446654, 8447892, 8447014, 8448733, 8449138, 8448043, 8450075, 8449952, 8448354, 8448671, 8451144, 8451204, 8451335]","[8445456, 8446434, 8446560, 8450070, 8449040, 8451364, 8449069, 8452140]","[8449839, 8449842, 8447170]"
6,BOS,19741975,"[8444882, 8445240, 8446002, 8446095, 8446722, 8446908, 8446630, 8447892, 8447014, 8447319, 8449138, 8449440, 8448035, 8450075, 8448248, 8448785, 8451144, 8451204, 8451335]","[8446434, 8446560, 8450070, 8451364, 8449069, 8452140]","[8449839, 8449842, 8447170]"
6,BOS,19751976,"[8444899, 8444882, 8445240, 8446002, 8446095, 8446722, 8446908, 8447157, 8447892, 8448364, 8447319, 8449138, 8448035, 8448059, 8450075, 8450646, 8448604, 8451144, 8451204, 8451335, 8451475]","[8446434, 8446560, 8447481, 8447596, 8449617, 8450070, 8450206, 8449040, 8451364, 8449069, 8452140, 8449672]","[8449853, 8447170, 8450098]"
6,BOS,19761977,"[8444882, 8445240, 8446002, 8446908, 8447441, 8448364, 8449138, 8449525, 8449587, 8448035, 8450075, 8450091, 8450646, 8451204, 8451335, 8452368]","[8446434, 8446560, 8447481, 8447596, 8449617, 8450206, 8451364, 8449069, 8451538, 8449672]","[8449853, 8447170, 8450344]"
6,BOS,19771978,"[8445240, 8446002, 8446939, 8447441, 8448364, 8447319, 8449138, 8449525, 8449587, 8449623, 8450075, 8450091, 8450646, 8451204, 8448999, 8451335, 8452368]","[8446434, 8446560, 8446909, 8447481, 8449617, 8448040, 8450206, 8451364, 8451538]","[8449853, 8447170, 8447344, 8450344]"
6,BOS,19781979,"[8445414, 8446002, 8446939, 8448364, 8449138, 8449525, 8449587, 8449623, 8450075, 8450646, 8451204, 8451253, 8451599, 8449337, 8452368]","[8445867, 8446434, 8449617, 8449880, 8448040, 8450206, 8450737, 8451364, 8451538]","[8449853, 8447170, 8450344]"
6,BOS,19791980,"[8446002, 8446939, 8448364, 8448640, 8449020, 8449138, 8449525, 8449587, 8449623, 8449702, 8450075, 8450646, 8451204, 8451253, 8451599, 8452368]","[8445621, 8446434, 8449403, 8449617, 8448040, 8450206, 8450737, 8451538]","[8445272, 8445403, 8449853, 8447170, 8451721]"
6,BOS,19801981,"[8446002, 8446242, 8446939, 8447191, 8448364, 8448411, 8448640, 8449020, 8449138, 8449525, 8449587, 8449623, 8449702, 8450075, 8450271, 8450646, 8451253, 8451599]","[8445621, 8446434, 8449403, 8449549, 8449617, 8449941, 8450206, 8450737]","[8445272, 8446212, 8452122]"
6,BOS,19811982,"[8445273, 8446002, 8446255, 8446242, 8446807, 8447191, 8448364, 8448411, 8448566, 8448818, 8449020, 8449138, 8449525, 8449587, 8449702, 8450075, 8450271]","[8445621, 8447822, 8449403, 8449549, 8449617, 8449941, 8450206, 8450737]","[8445272, 8449651, 8452122]"
6,BOS,19821983,"[8445273, 8446002, 8446255, 8446242, 8446507, 8446807, 8447191, 8448364, 8448411, 8448566, 8448818, 8449020, 8449504, 8449525, 8449587, 8450075, 8450133, 8450271]","[8445621, 8447822, 8448005, 8448515, 8449549, 8449617, 8449941, 8450206]","[8445272, 8449651, 8450343]"
6,BOS,19831984,"[8445821, 8446205, 8446255, 8446242, 8446445, 8446507, 8446807, 8447191, 8448328, 8448411, 8448533, 8448566, 8449020, 8449168, 8449525, 8449587, 8449884, 8450075, 8450271, 8450773, 8451361]","[8445559, 8445621, 8446263, 8447822, 8448515, 8448694, 8449617, 8449941, 8451241]","[8448410, 8449651, 8450343]"
6,BOS,19841985,"[8445821, 8446205, 8446242, 8446445, 8446807, 8447296, 8448328, 8448411, 8448533, 8448857, 8448912, 8449168, 8449587, 8449702, 8449884, 8450075, 8450271, 8450773, 8451361, 8451365, 8451432]","[8445559, 8445621, 8446263, 8446316, 8449617, 8449941, 8451372, 8451894]","[8448410, 8450343, 8451831]"
6,BOS,19851986,"[8445790, 8445821, 8445989, 8446205, 8446242, 8446363, 8446445, 8446939, 8448328, 8448411, 8448857, 8448912, 8449168, 8449587, 8449624, 8449892, 8450204, 8450271, 8450773, 8451365, 8451432]","[8445559, 8445621, 8445901, 8446177, 8446263, 8446316, 8448515, 8448708, 8449617, 8449941, 8451372, 8451894, 8451913]","[8448410, 8450343, 8450651, 8450835]"
6,BOS,19861987,"[8445790, 8445821, 8445989, 8446205, 8446242, 8446939, 8447335, 8448328, 8448411, 8448857, 8449168, 8449348, 8449587, 8449624, 8449812, 8449892, 8450773, 8451365, 8451820]","[8445621, 8445625, 8445901, 8446177, 8446316, 8448708, 8449617, 8450270, 8451372, 8451894, 8451913]","[8448410, 8450651, 8450835, 8450993]"
6,BOS,19871988,"[8445425, 8445790, 8445821, 8445989, 8446205, 8446242, 8447463, 8448222, 8448328, 8448374, 8448411, 8448768, 8448758, 8448857, 8449168, 8449297, 8449348, 8449587, 8449624, 8449812, 8449892, 8449950, 8450474, 8450773, 8451712, 8451820]","[8445559, 8445621, 8445901, 8446177, 8447690, 8448515, 8448708, 8450270, 8451344, 8451372, 8451913, 8452371]","[8448410, 8448759, 8449681]"
6,BOS,19881989,"[8445425, 8445683, 8445790, 8445821, 8445977, 8445989, 8446083, 8446242, 8446869, 8447435, 8448222, 8448328, 8448374, 8448411, 8448768, 8448758, 8448857, 8449624, 8449657, 8449812, 8449860, 8449950, 8450477, 8451820]","[8445621, 8446177, 8446504, 8447004, 8447690, 8448515, 8450270, 8450620, 8451344, 8451819, 8451913, 8452371]","[8448759, 8449681]"
6,BOS,19891990,"[8445683, 8445790, 8445814, 8445821, 8445977, 8445989, 8446079, 8446083, 8446225, 8446468, 8447305, 8447957, 8448222, 8448328, 8448374, 8448422, 8448689, 8448857, 8449168, 8449610, 8449812, 8449860, 8449950, 8450512, 8450595, 8451820, 8451954, 8452285]","[8445385, 8445559, 8445621, 8447004, 8447690, 8448515, 8450270, 8450620, 8451344, 8451819, 8451913, 8452371, 8452449]","[8448759, 8449681]"
6,BOS,19901991,"[8445254, 8445683, 8445790, 8445814, 8445821, 8445977, 8445989, 8446079, 8446468, 8447891, 8447957, 8448222, 8448422, 8448676, 8449168, 8449812, 8449883, 8450512, 8451083, 8451429, 8451718, 8451820, 8451954, 8452285, 8458434]","[8445385, 8445621, 8447004, 8447489, 8448515, 8450270, 8450620, 8451344, 8451819, 8452371, 8452449]","[8446368, 8446937, 8448759, 8449681]"
6,BOS,19911992,"[8445088, 8445118, 8445254, 8445683, 8445814, 8445821, 8445977, 8446225, 8446450, 8446452, 8456087, 8446468, 8456382, 8456556, 8447891, 8448053, 8448222, 8456760, 8448676, 8448764, 8449168, 8458532, 8449812, 8449883, 8449951, 8450271, 8450512, 8450773, 8451083, 8451429, 8451718, 8451719, 8458554, 8451820, 8451862, 8452224, 8452285, 8458434]","[8445385, 8447756, 8445621, 8445917, 8446778, 8447004, 8456683, 8449754, 8450518, 8450620, 8451819, 8452371, 8452449]","[8445462, 8446368, 8448759, 8449681]"
6,BOS,19921993,"[8445118, 8455506, 8456087, 8446468, 8456556, 8456647, 8448053, 8456760, 8448483, 8458909, 8448764, 8457318, 8458532, 8449812, 8449951, 8459072, 8450512, 8450773, 8451083, 8458069, 8458554, 8451827, 8458434, 8458469, 8458991]","[8445621, 8459192, 8446778, 8448717, 8449754, 8457803, 8450905, 8451314, 8451819, 8452371, 8452449]","[8455501, 8455633, 8448759, 8449681]"
6,BOS,19931994,"[8455506, 8458620, 8456087, 8456556, 8448053, 8456760, 8459722, 8458909, 8448764, 8449174, 8457318, 8449718, 8458532, 8449812, 8449951, 8459072, 8450773, 8458069, 8458126, 8458554, 8458991]","[8445621, 8446778, 8456455, 8448104, 8448124, 8450905, 8451314, 8451657, 8451819, 8451840, 8452371, 8452449]","[8455633, 8446011, 8450834]"
6,BOS,19941995,"[8458620, 8456087, 8456512, 8456556, 8448053, 8459722, 8456932, 8448678, 8448764, 8449079, 8457406, 8458532, 8449796, 8449812, 8449951, 8459072, 8450504, 8450773, 8458069, 8458126, 8458554]","[8445621, 8456455, 8448104, 8448416, 8457841, 8451290, 8451314, 8451819]","[8445470, 8460318, 8450834]"
6,BOS,19951996,"[8460319, 8458620, 8456087, 8446624, 8456556, 8456658, 8448764, 8457297, 8457406, 8449743, 8449812, 8449951, 8457636, 8450504, 8450773, 8460639, 8460836, 8451711, 8458126, 8458554, 8451793, 8451827, 8451925]","[8445621, 8446081, 8461676, 8456455, 8448416, 8462040, 8457841, 8458541, 8451819, 8458327, 8452583]","[8459048, 8445470, 8460318, 8450651, 8459306]"
6,BOS,19961997,"[8459439, 8460319, 8459156, 8446408, 8456087, 8466001, 8446624, 8456182, 8456512, 8456556, 8448455, 8449094, 8459230, 8457406, 8449951, 8457566, 8457636, 8466110, 8460639, 8459325, 8460836, 8458126, 8458554, 8451827, 8451925, 8459441]","[8445385, 8445621, 8446081, 8457194, 8462040, 8459550, 8457805, 8457841, 8462183, 8458541, 8451819, 8459144]","[8459048, 8458968, 8446082, 8450651, 8462075, 8459306]"
6,BOS,19971998,"[8459439, 8462209, 8459527, 8445323, 8459156, 8446408, 8456087, 8456556, 8448484, 8456966, 8462126, 8460488, 8459654, 8466110, 8459325, 8466035, 8458155, 8458192, 8466138, 8459441]","[8445621, 8446081, 8446626, 8459628, 8448740, 8457194, 8462040, 8451819, 8459144, 8459249]","[8458968, 8455994, 8459306]"
6,BOS,19981999,"[8459439, 8462209, 8459527, 8445323, 8459089, 8459156, 8446408, 8456087, 8458960, 8456556, 8466368, 8448484, 8466316, 8462126, 8460054, 8460588, 8467403, 8466110, 8466035, 8467325, 8458185, 8458192, 8466138, 8459441]","[8445621, 8446626, 8459628, 8467374, 8448740, 8462040, 8459262, 8451819, 8459144, 8459249, 8458300, 8460099]","[8455994, 8459306]"
6,BOS,19992000,"[8459439, 8445000, 8462209, 8459527, 8459089, 8459156, 8446408, 8465992, 8468120, 8458960, 8456556, 8466368, 8458950, 8458590, 8466316, 8462126, 8460054, 8449751, 8460588, 8458565, 8459654, 8458525, 8466035, 8467325, 8466138, 8459441, 8466166]","[8464961, 8445621, 8466145, 8459628, 8467374, 8462040, 8449516, 8459262, 8451819, 8459144, 8459249]","[8455994, 8460715, 8459306]"
6,BOS,20002001,"[8459439, 8462209, 8459527, 8459089, 8468120, 8466197, 8456464, 8466368, 8458950, 8458590, 8456882, 8459472, 8462126, 8460054, 8458947, 8460588, 8465192, 8458525, 8466035, 8467325, 8466138, 8458347]","[8466145, 8446117, 8459628, 8467374, 8468748, 8468654, 8468717, 8462040, 8457706, 8459262, 8451819, 8458986, 8459249, 8452353]","[8455994, 8460715, 8467453, 8464715, 8452440]"
6,BOS,20012002,"[8462209, 8459996, 8468120, 8459545, 8456464, 8468517, 8445423, 8468539, 8458590, 8458524, 8459472, 8457319, 8458532, 8458947, 8457646, 8458525, 8466035, 8465960, 8458554, 8466138, 8460601, 8458477]","[8466145, 8462051, 8459628, 8467374, 8464959, 8459553, 8468748, 8468654, 8462040, 8449754, 8449902, 8458637, 8459484, 8451819]","[8455994, 8460715, 8467453]"
6,BOS,20022003,"[8462209, 8466197, 8459568, 8460582, 8468517, 8468539, 8458590, 8458524, 8457319, 8458532, 8459033, 8459486, 8458525, 8466035, 8468507, 8465960, 8458554, 8466138, 8468531, 8458477]","[8462032, 8466145, 8458560, 8462051, 8459628, 8467374, 8468654, 8468717, 8459174, 8457421, 8469472, 8458637, 8451819]","[8460715, 8447449, 8467453, 8458615, 8460703]"
6,BOS,20032004,"[8462209, 8470638, 8469847, 8456087, 8460931, 8456430, 8459568, 8468517, 8468539, 8458590, 8458524, 8467444, 8465041, 8458566, 8458532, 8458573, 8468778, 8458525, 8466035, 8468507, 8465960, 8466138, 8468531, 8458477, 8468553]","[8466145, 8459628, 8458951, 8467887, 8468717, 8459174, 8457421, 8469472, 8458637, 8458052]","[8457714, 8467453]"
6,BOS,20052006,"[8462209, 8470638, 8467941, 8468504, 8458620, 8446830, 8456430, 8466300, 8467700, 8462094, 8464983, 8466200, 8467444, 8457297, 8458532, 8460588, 8468778, 8460507, 8464967, 8470418, 8466035, 8460533, 8470223, 8464979, 8466138, 8471372, 8458487]","[8469626, 8466145, 8469795, 8459628, 8469684, 8467436, 8448769, 8457421, 8458052, 8467331, 8470614, 8467889]","[8467453, 8469653, 8460703, 8470084]"
6,BOS,20062007,"[8462209, 8470638, 8469666, 8468504, 8469458, 8459450, 8470004, 8471713, 8473548, 8469467, 8471276, 8467323, 8458532, 8460507, 8466174, 8462118, 8470223, 8464979, 8468103, 8470775, 8471372]","[8469626, 8467378, 8469044, 8465009, 8459181, 8466333, 8469684, 8471696, 8466144, 8471765, 8467331, 8470614, 8458519, 8469770, 8458468]","[8467879, 8469732, 8467364, 8460703, 8470084]"
6,BOS,20072008,"[8462209, 8470638, 8469666, 8470004, 8473548, 8469467, 8471276, 8473473, 8462823, 8458532, 8471229, 8469752, 8466174, 8462118, 8462093, 8471743, 8464979, 8465978]","[8469626, 8467378, 8465009, 8466333, 8460661, 8471436, 8471696, 8470614, 8458519, 8469770]","[8467913, 8458988, 8471695, 8460703]"
6,BOS,20082009,"[8462209, 8470638, 8470700, 8471277, 8473548, 8469467, 8471276, 8471747, 8473473, 8471229, 8450725, 8467545, 8462118, 8471743, 8470366, 8464979, 8465978, 8471218, 8459122]","[8470187, 8465009, 8466333, 8460661, 8471436, 8471696, 8468927, 8470614, 8458519, 8469770]","[8458988, 8471695, 8460703]"
6,BOS,20092010,"[8464994, 8470638, 8470700, 8474045, 8469467, 8471276, 8470970, 8468707, 8471747, 8473473, 8473419, 8470230, 8450725, 8467545, 8459534, 8462118, 8471743, 8464979, 8465978, 8471218, 8465056]","[8473550, 8470187, 8465009, 8466333, 8471436, 8471717, 8464966, 8474511, 8469619, 8470614, 8469770, 8471188]","[8471695, 8460703]"
6,BOS,20102011,"[8474657, 8470638, 8470169, 8475150, 8474045, 8470596, 8467967, 8471276, 8473473, 8473419, 8470230, 8471514, 8450725, 8467545, 8462118, 8475794, 8465978, 8471218]","[8474749, 8470187, 8465009, 8466333, 8460661, 8471436, 8465200, 8474000, 8471717, 8469619, 8470614]","[8471695, 8460703]"
6,BOS,20112012,"[8470638, 8470169, 8476211, 8475150, 8474045, 8470636, 8470596, 8467967, 8471276, 8473473, 8475283, 8473419, 8470230, 8471514, 8471678, 8458525, 8474607, 8475794, 8465978, 8465056]","[8474749, 8470187, 8465009, 8466215, 8466333, 8474000, 8476792, 8471717, 8466309, 8469619, 8468636]","[8471418, 8471695, 8460703, 8460612]"
6,BOS,20122013,"[8470638, 8471246, 8470169, 8475150, 8473484, 8470596, 8448208, 8467967, 8471276, 8473473, 8475283, 8473419, 8470230, 8459454, 8471514, 8475794, 8471262, 8475727, 8470704, 8465978]","[8474749, 8470187, 8465009, 8466333, 8476462, 8469534, 8476792, 8471717, 8462033, 8469619]","[8471418, 8471695]"
6,BOS,20132014,"[8470638, 8470169, 8475150, 8475414, 8470626, 8475845, 8475671, 8462042, 8471280, 8467967, 8476435, 8471276, 8477228, 8473473, 8473419, 8470230, 8475191, 8471262, 8475727, 8465978]","[8474749, 8470187, 8465009, 8476462, 8476792, 8471717, 8471236, 8476191, 8470714, 8469619, 8475902, 8474660]","[8473434, 8471695, 8476844]"
6,BOS,20142015,"[8470638, 8470169, 8475150, 8475792, 8475414, 8470626, 8476363, 8475671, 8467346, 8476495, 8467967, 8476435, 8471276, 8477228, 8473473, 8473419, 8470230, 8477956, 8472365, 8475191, 8471262, 8475727, 8470171]","[8474749, 8465009, 8476462, 8476792, 8471717, 8476191, 8476476, 8469619, 8475902, 8474660]","[8471695, 8476876, 8476844]"
6,BOS,20152016,"[8478569, 8473492, 8470638, 8475792, 8470626, 8475157, 8476495, 8474625, 8467967, 8478564, 8476435, 8471276, 8473419, 8477956, 8475292, 8474736, 8475727, 8470740, 8470171, 8478366]","[8465009, 8474019, 8475625, 8476792, 8468639, 8471717, 8476525, 8476191, 8476476, 8469619, 8475902]","[8475361, 8471695]"
6,BOS,20162017,"[8478569, 8470655, 8473492, 8470638, 8477320, 8477417, 8478512, 8478417, 8474625, 8478046, 8471276, 8476374, 8473419, 8468575, 8474062, 8477956, 8477213, 8475727, 8471226, 8478366]","[8478443, 8465009, 8474019, 8476891, 8476792, 8468639, 8479325, 8471717, 8476525, 8476191, 8476476, 8476303]","[8471418, 8475876, 8471695, 8476876]"
6,BOS,20172018,"[8478569, 8475844, 8470655, 8473492, 8470638, 8478075, 8477320, 8477529, 8477417, 8478512, 8478498, 8477987, 8467407, 8478046, 8471276, 8476374, 8473419, 8470041, 8474062, 8477956, 8477213, 8475727, 8475224, 8478366, 8474739]","[8478443, 8465009, 8476891, 8474207, 8476792, 8479325, 8471717, 8476191, 8476303, 8474074]","[8471418, 8471695]"
6,BOS,20182019,"[8478569, 8470655, 8470638, 8478075, 8477320, 8474008, 8477529, 8477417, 8475745, 8478498, 8477987, 8478417, 8479365, 8478046, 8475149, 8471276, 8480901, 8476374, 8473419, 8475807, 8477956, 8478485, 8476966, 8470740, 8475780]","[8478443, 8465009, 8477365, 8476891, 8474000, 8476792, 8478468, 8479325, 8476191, 8475186, 8480001, 8478415]","[8470860, 8471695]"
6,BOS,20192020,"[8470655, 8470638, 8478075, 8477320, 8474008, 8477417, 8475745, 8478498, 8479365, 8476867, 8478046, 8478888, 8478131, 8471276, 8480901, 8476374, 8480944, 8473419, 8475807, 8477956, 8476439, 8477941, 8478485, 8480021, 8475780]","[8478443, 8465009, 8477365, 8476891, 8474000, 8476792, 8478468, 8479325, 8475186, 8480001]","[8470860, 8471695, 8478435]"
6,BOS,20202021,"[8470638, 8478075, 8477320, 8475745, 8478498, 8479365, 8475791, 8478888, 8478131, 8471276, 8480901, 8476374, 8477508, 8480944, 8473419, 8475735, 8477956, 8477941, 8478485, 8475225, 8479546, 8480021, 8475780]","[8482072, 8478443, 8477365, 8476891, 8474000, 8478468, 8479325, 8476191, 8475186, 8476422, 8475797, 8480001, 8478415]","[8470860, 8471695, 8480280, 8478435]"
6,BOS,20212022,"[8470638, 8477320, 8475745, 8478498, 8476396, 8473422, 8479365, 8482834, 8475791, 8475287, 8480901, 8477508, 8473419, 8483397, 8477931, 8477956, 8475225, 8479546, 8480021, 8475780]","[8482072, 8477384, 8478443, 8477365, 8475762, 8476891, 8477343, 8476854, 8479325, 8475186, 8476422, 8480001, 8478415]","[8471695, 8480280, 8476999]"
6,BOS,20222023,"[8470638, 8477479, 8475745, 8478498, 8473422, 8479365, 8478421, 8475791, 8477903, 8479533, 8471276, 8480880, 8479968, 8473419, 8483397, 8477931, 8477956, 8475225, 8479546, 8480021, 8475780, 8478401]","[8478443, 8476941, 8477365, 8475762, 8476891, 8476854, 8479325, 8475200, 8476422, 8479252, 8471873, 8478415]","[8476234, 8480280, 8476999]"
6,BOS,20232024,"[8481556, 8479638, 8477887, 8475745, 8479365, 8479987, 8480355, 8482479, 8479968, 8473419, 8483397, 8483567, 8477956, 8483505, 8478401]","[8480828, 8478443, 8476854, 8482511, 8479325, 8480070, 8479369, 8478450]","[8483548, 8480022, 8476914, 8480280]"
6,BOS,20242025,"[8481556, 8479987, 8480355, 8482177, 8481043, 8480880, 8477496, 8479999, 8477956, 8478401]","[8480035, 8476854, 8482511, 8479325, 8479369, 8478450, 8477507]","[8476914, 8480280]"
19,STL,19671968,"[8444985, 8445038, 8445067, 8445313, 8445324, 8445816, 8445998, 8447145, 8447717, 8447792, 8447837, 8447886, 8448148, 8448347, 8448613, 8448937, 8449143, 8449192, 8449304]","[8444955, 8446560, 8446414, 8446728, 8446941, 8447135, 8448147, 8448155, 8448156, 8448356, 8449214]","[8449848, 8449988, 8450024]"
19,STL,19681969,"[8445067, 8445313, 8445816, 8445875, 8445998, 8446642, 8446784, 8447145, 8447717, 8447744, 8448613, 8448937, 8449143, 8449154]","[8444955, 8446414, 8446728, 8448147, 8448155, 8448157, 8448156, 8448356, 8449214]","[8446602, 8449988, 8449999, 8450056, 8450066]"
19,STL,19691970,"[8444928, 8445067, 8445137, 8445239, 8445816, 8445875, 8445998, 8446623, 8446642, 8446784, 8447057, 8447145, 8447592, 8447717, 8447744, 8448613, 8449143]","[8444955, 8446414, 8448147, 8448155, 8448157, 8448156, 8448356, 8449214]","[8446602, 8449988, 8450066, 8452247]"
19,STL,19701971,"[8445400, 8445067, 8445126, 8445313, 8445521, 8445816, 8445875, 8445998, 8446642, 8446933, 8447145, 8447513, 8447717, 8447744, 8449706, 8448613, 8448966, 8449143, 8449207, 8452086]","[8444955, 8444966, 8445696, 8446916, 8448147, 8448155, 8448157, 8448156, 8448356, 8449214, 8449321]","[8449988, 8450468, 8452247]"
19,STL,19711972,"[8445400, 8445126, 8445704, 8445332, 8445521, 8445816, 8445875, 8446141, 8447339, 8447513, 8449706, 8449744, 8448068, 8448069, 8450198, 8448353, 8448613, 8448966, 8449023, 8449143, 8449207, 8451893, 8452086, 8449304]","[8444966, 8445696, 8446530, 8446736, 8446916, 8447135, 8448049, 8448147, 8448155, 8448157, 8448156, 8448356]","[8445966, 8449426, 8450038, 8451695, 8452247]"
19,STL,19721973,"[8446141, 8446687, 8446933, 8447284, 8447314, 8449570, 8449744, 8448032, 8448068, 8448069, 8450467, 8448353, 8448613, 8449143, 8451893, 8452086]","[8445834, 8445867, 8446530, 8445965, 8446736, 8447482, 8446959, 8447585, 8447710, 8448147, 8448155, 8448156]","[8445966, 8450004, 8451695]"
19,STL,19731974,"[8444952, 8444997, 8445704, 8445505, 8445507, 8446141, 8446347, 8447042, 8446696, 8448434, 8447314, 8447581, 8449570, 8450467, 8450490, 8448353, 8448613, 8448788, 8449139, 8451893, 8452086, 8452368, 8449486, 8449604]","[8444988, 8445867, 8445965, 8446736, 8446569, 8447209, 8447482, 8446717, 8446959, 8448094, 8448155, 8448156, 8449367]","[8446323, 8451695, 8450146]"
19,STL,19741975,"[8444997, 8445067, 8445605, 8445505, 8445964, 8447042, 8446586, 8447251, 8447330, 8448735, 8447525, 8449570, 8449970, 8450125, 8448093, 8450467, 8450828, 8448353, 8449139, 8449200, 8451893, 8452086]","[8444905, 8444988, 8445813, 8446736, 8446569, 8447757, 8447737, 8448155, 8448156, 8451098, 8449388]","[8445403, 8446323, 8450005, 8452477]"
19,STL,19751976,"[8444993, 8445067, 8445615, 8445808, 8445749, 8446928, 8447021, 8447330, 8448735, 8448991, 8449570, 8449970, 8450215, 8450467, 8448671, 8451893, 8452086, 8452466]","[8444905, 8446569, 8447757, 8449285, 8448155, 8448156, 8451538]","[8445403, 8449984, 8450005, 8451655, 8452477]"
19,STL,19761977,"[8445067, 8445615, 8445808, 8446803, 8446928, 8447021, 8447330, 8448735, 8448991, 8449970, 8450125, 8450215, 8450467, 8448671, 8451799, 8451893, 8452086]","[8444905, 8446569, 8447757, 8447617, 8449285, 8448155, 8448156, 8448963, 8451538, 8449672]","[8445403, 8447354, 8450005, 8451655]"
19,STL,19771978,"[8445400, 8445067, 8445615, 8445808, 8446279, 8446187, 8446803, 8447494, 8446905, 8447330, 8448991, 8449970, 8450125, 8450215, 8450828, 8451565, 8451799, 8451893, 8452086]","[8444905, 8445719, 8446976, 8447154, 8447757, 8448518, 8448156, 8450737, 8448356, 8448963]","[8445403, 8447354, 8450005, 8449784, 8451655]"
19,STL,19781979,"[8445207, 8445400, 8445056, 8445643, 8446237, 8446279, 8446187, 8446803, 8447494, 8447826, 8449737, 8449970, 8450125, 8450215, 8450828, 8451353, 8451565, 8451799, 8452086, 8449337, 8452694]","[8444905, 8445719, 8445965, 8447154, 8447209, 8447757, 8448518, 8448579, 8448652, 8449285, 8448963, 8451728]","[8447354, 8449784, 8450829, 8451655]"
19,STL,19791980,"[8445207, 8445643, 8446035, 8446219, 8446237, 8446279, 8446522, 8446803, 8448501, 8448727, 8448735, 8449675, 8449743, 8450215, 8451378, 8451799, 8451893, 8451992, 8452694]","[8445719, 8446976, 8447209, 8447568, 8448399, 8448518, 8448652, 8448695, 8449316, 8449580, 8451728]","[8447354, 8448865, 8451655]"
19,STL,19801981,"[8445207, 8446035, 8446237, 8446279, 8446522, 8446803, 8448501, 8448735, 8448981, 8449675, 8450215, 8450345, 8451799, 8451992, 8452694]","[8445719, 8447666, 8447757, 8448399, 8448652, 8448695, 8449316, 8449580, 8449927, 8451732]","[8447725, 8448865, 8451655]"
19,STL,19811982,"[8444947, 8445207, 8446035, 8446219, 8446237, 8446279, 8446522, 8446803, 8447551, 8448501, 8448773, 8449743, 8449884, 8450215, 8450345, 8450741, 8451799, 8451992, 8452694]","[8445212, 8445719, 8445900, 8446677, 8447666, 8448399, 8448579, 8448694, 8448695, 8449580, 8450257, 8451732, 8452229, 8452496]","[8446602, 8447505, 8447725, 8448865, 8451406]"
19,STL,19821983,"[8444947, 8445207, 8445666, 8445932, 8446035, 8446219, 8446237, 8446522, 8446803, 8447790, 8448501, 8448773, 8449743, 8449809, 8450215, 8450345, 8450741, 8451799, 8451986, 8451992, 8452694]","[8445604, 8445719, 8446443, 8447666, 8448399, 8448694, 8450257, 8450642, 8451732, 8452229, 8452496]","[8447505, 8447725, 8448865]"
19,STL,19831984,"[8444947, 8445207, 8445273, 8445932, 8446057, 8446522, 8446803, 8447033, 8447206, 8447790, 8448501, 8448773, 8449164, 8449743, 8450200, 8450215, 8450345, 8450741, 8451799, 8451992, 8452445]","[8445604, 8445719, 8446372, 8446443, 8448294, 8450257, 8450378, 8450642, 8451239, 8452496]","[8447725, 8448700, 8448865]"
19,STL,19841985,"[8444947, 8445273, 8446266, 8446507, 8446803, 8447033, 8447206, 8447790, 8448304, 8448712, 8448773, 8449743, 8450200, 8450345, 8450741, 8451799, 8452445]","[8445419, 8445604, 8446372, 8448294, 8448816, 8450257, 8450642, 8451239, 8452496]","[8447725, 8448865, 8449627, 8452287]"
19,STL,19851986,"[8445267, 8445273, 8445395, 8446017, 8446266, 8446735, 8446803, 8446869, 8447206, 8448106, 8448712, 8449535, 8449743, 8450200, 8450650, 8450741, 8451005, 8451799, 8452445]","[8445418, 8445419, 8445623, 8445936, 8446734, 8448294, 8449797, 8449905, 8450257, 8450514, 8450642, 8452496]","[8449313, 8449627, 8452287]"
19,STL,19861987,"[8445273, 8446017, 8446735, 8446733, 8446803, 8446869, 8447206, 8448017, 8448075, 8448106, 8448781, 8449535, 8450200, 8450650, 8450741, 8451005, 8451799, 8452445]","[8445418, 8445419, 8445604, 8445623, 8446315, 8449797, 8450257, 8450514, 8450642, 8451938]","[8449627, 8452287]"
19,STL,19871988,"[8445662, 8446017, 8446735, 8446733, 8446803, 8446869, 8447206, 8447506, 8447570, 8448017, 8448091, 8448106, 8448781, 8448962, 8449445, 8449535, 8450200, 8450650, 8451005, 8451799, 8451992]","[8445419, 8445604, 8445623, 8445936, 8446014, 8446315, 8446376, 8447205, 8449898, 8450257, 8450642, 8450905, 8451010, 8451938, 8452424]","[8449313, 8449627, 8452287]"
19,STL,19881989,"[8445735, 8445771, 8446017, 8446210, 8446735, 8446733, 8446803, 8448017, 8448091, 8448834, 8449445, 8449535, 8449669, 8450200, 8450650, 8451005, 8452018, 8452224, 8452685]","[8445419, 8445604, 8446014, 8446376, 8446778, 8447205, 8448633, 8448717, 8450827, 8450905, 8451930]","[8449627, 8450834]"
19,STL,19891990,"[8445735, 8446017, 8446125, 8446735, 8446733, 8448017, 8448091, 8448834, 8448981, 8449535, 8449669, 8449677, 8449951, 8450071, 8450650, 8451791, 8451862, 8452018, 8452019, 8452224, 8452495, 8452685]","[8445419, 8445700, 8446014, 8446376, 8446778, 8448633, 8448717, 8450471, 8450827, 8450905, 8451391, 8451587, 8451930]","[8448207, 8448382, 8449627, 8450834]"
19,STL,19901991,"[8445281, 8445735, 8445728, 8446017, 8446125, 8446205, 8446675, 8448091, 8448483, 8448834, 8448981, 8449535, 8449669, 8449677, 8449951, 8450635, 8450650, 8451005, 8451791, 8451862, 8452018, 8452495]","[8445700, 8445803, 8446014, 8446376, 8446778, 8448717, 8449171, 8450905, 8451587, 8451715, 8451930]","[8448207, 8448382, 8450834]"
19,STL,19911992,"[8445281, 8445659, 8446017, 8446125, 8446079, 8446675, 8456233, 8447957, 8448091, 8448222, 8448483, 8448834, 8448939, 8449677, 8449951, 8451302, 8451791, 8451793, 8452495]","[8445266, 8445700, 8445803, 8446014, 8447176, 8456547, 8448717, 8449171, 8457222, 8449905, 8450620, 8457824, 8451391, 8452583]","[8447715, 8448207, 8448382, 8450834]"
19,STL,19921993,"[8445281, 8445659, 8446125, 8446675, 8456233, 8448091, 8448222, 8458998, 8458974, 8448834, 8448939, 8449498, 8457380, 8449607, 8459000, 8457883, 8451302, 8451791, 8451793, 8452495]","[8445266, 8445700, 8445803, 8446014, 8446238, 8447176, 8456547, 8456974, 8449905, 8450620, 8452583]","[8447715, 8448382]"
19,STL,19931994,"[8445281, 8445659, 8446125, 8455850, 8456233, 8448017, 8448091, 8448222, 8458998, 8458974, 8458579, 8459094, 8448939, 8449498, 8457380, 8449607, 8459412, 8449807, 8459000, 8457816, 8451302, 8451689, 8451793]","[8445266, 8455536, 8445700, 8445803, 8446238, 8446494, 8456547, 8458667, 8447989, 8448416, 8456974, 8451930, 8452583]","[8448014, 8448382]"
19,STL,19941995,"[8444945, 8445659, 8446036, 8455850, 8446226, 8446624, 8456233, 8447169, 8448091, 8448222, 8456729, 8458998, 8459094, 8449498, 8449607, 8459000, 8457816, 8451302, 8451689, 8458183, 8451905, 8452019]","[8445266, 8455536, 8446494, 8446501, 8458667, 8447979, 8456974, 8448839, 8448960, 8449902, 8452583]","[8446011, 8448382, 8457928]"
19,STL,19951996,"[8444945, 8445736, 8455850, 8446167, 8446205, 8446226, 8447169, 8447400, 8447685, 8448046, 8448091, 8456729, 8459044, 8459722, 8459094, 8448764, 8449020, 8449295, 8449498, 8449894, 8457640, 8457816, 8460836, 8458183, 8451905, 8452019, 8459686, 8460660, 8452685]","[8445266, 8446286, 8446501, 8456153, 8448038, 8458585, 8448960, 8449902, 8459690, 8459424, 8459484, 8451805, 8452366]","[8446011, 8446991, 8448207, 8450643]"
19,STL,19961997,"[8458542, 8455919, 8446167, 8446205, 8459648, 8448091, 8459044, 8448764, 8448754, 8449020, 8449295, 8459514, 8449669, 8449751, 8449894, 8457640, 8457646, 8450293, 8458946, 8462826, 8451991, 8452019, 8459686, 8462824, 8452685]","[8445266, 8445428, 8459469, 8458585, 8448960, 8457264, 8459690, 8457661, 8459424, 8459484, 8452556, 8462244]","[8446011, 8446991]"
19,STL,19971998,"[8455479, 8458542, 8446125, 8455919, 8446205, 8459648, 8456156, 8448091, 8458686, 8449751, 8457646, 8450357, 8459223, 8451994, 8451991, 8452019, 8452557, 8462824]","[8445428, 8446494, 8447187, 8448960, 8457264, 8457661, 8450486, 8459424, 8459484, 8462244]","[8446991, 8458562, 8465962]"
19,STL,19981999,"[8455479, 8466437, 8458542, 8446125, 8455919, 8446205, 8459648, 8456156, 8462129, 8462077, 8459514, 8460733, 8457646, 8450357, 8464967, 8459223, 8451991, 8452019, 8452557, 8452569]","[8445428, 8446826, 8459469, 8447187, 8459406, 8448960, 8457264, 8457661, 8450486, 8459424, 8459484, 8451305]","[8458968, 8446991, 8462161, 8458562, 8465962]"
19,STL,19992000,"[8466437, 8445281, 8462239, 8458542, 8446125, 8455919, 8446205, 8459648, 8456156, 8462129, 8462077, 8448489, 8459514, 8466304, 8460733, 8457646, 8464967, 8459223, 8450825, 8451991, 8452557, 8452569]","[8445428, 8446626, 8446826, 8459406, 8448960, 8457264, 8457661, 8450486, 8459424, 8457783]","[8458562, 8458266]"
19,STL,20002001,"[8466437, 8459615, 8455919, 8465179, 8459648, 8456106, 8456156, 8462129, 8462077, 8465207, 8459514, 8449545, 8466304, 8460733, 8464967, 8459223, 8458036, 8458943, 8458229, 8451991, 8452569]","[8445428, 8459487, 8468448, 8446826, 8447363, 8456595, 8468105, 8448960, 8462220, 8459424, 8457783, 8451059, 8460626, 8467958, 8459074, 8467350]","[8462161, 8458266]"
19,STL,20012002,"[8459615, 8465179, 8459648, 8456087, 8456106, 8456156, 8446823, 8448415, 8465207, 8459514, 8449545, 8460733, 8467372, 8457704, 8468466, 8458943, 8458229, 8465977, 8458361, 8452569]","[8445428, 8446826, 8456595, 8467890, 8468105, 8462073, 8448960, 8450389, 8459424, 8460626, 8467350]","[8459252, 8468741, 8462161]"
19,STL,20022003,"[8459615, 8458969, 8469696, 8465179, 8459648, 8456106, 8456121, 8456156, 8460527, 8465207, 8460484, 8459514, 8449545, 8460733, 8460588, 8467372, 8457704, 8458534, 8470549, 8458943, 8458229, 8465977, 8458361]","[8467348, 8446826, 8467890, 8468105, 8470303, 8462073, 8448960, 8459424, 8460626, 8467350, 8467408]","[8445275, 8459252, 8468741, 8462161, 8458568, 8467830, 8468166]"
19,STL,20032004,"[8459615, 8469696, 8468615, 8459648, 8456106, 8467337, 8460527, 8465207, 8460484, 8459514, 8460575, 8449545, 8460588, 8457646, 8467565, 8459223, 8468466, 8458682, 8470549, 8451359, 8458229, 8458361, 8468158]","[8467348, 8445266, 8458600, 8446826, 8467890, 8468105, 8462073, 8448960, 8466236, 8459424, 8460626, 8468617, 8467408, 8452353]","[8468741, 8462161, 8458568]"
19,STL,20052006,"[8459615, 8465067, 8469696, 8468584, 8465992, 8456106, 8468770, 8470330, 8468094, 8470004, 8460527, 8459514, 8458536, 8469508, 8462136, 8468466, 8470549, 8469486, 8451359, 8470740, 8458229, 8458361, 8465056, 8452569, 8467937]","[8467348, 8466142, 8469795, 8467890, 8458838, 8466995, 8460626, 8468617, 8467408, 8452353, 8469770, 8469480]","[8469479, 8468741, 8459579, 8468166]"
19,STL,20062007,"[8470655, 8468504, 8469696, 8456106, 8462041, 8470330, 8456464, 8465175, 8460527, 8470294, 8459514, 8469508, 8462823, 8466210, 8469584, 8458534, 8470549, 8470740, 8458229, 8458361]","[8467348, 8466142, 8467890, 8462045, 8469689, 8471392, 8459484, 8460626, 8467408, 8469770, 8469480]","[8469479, 8459308, 8468166, 8471230]"
19,STL,20072008,"[8470655, 8468504, 8470330, 8465175, 8470123, 8466109, 8460527, 8459426, 8470294, 8459514, 8469508, 8468434, 8474102, 8458534, 8470223, 8470740, 8458229, 8458361]","[8467348, 8466142, 8468750, 8467890, 8473446, 8462045, 8471392, 8460626, 8473916, 8467408, 8469480]","[8470751, 8459308, 8471230, 8470084]"
19,STL,20082009,"[8470655, 8473534, 8468504, 8470647, 8465175, 8470123, 8459426, 8470294, 8468626, 8469508, 8468434, 8471698, 8469733, 8474102, 8470871, 8471360, 8470223, 8470257, 8470740, 8458229, 8465056, 8468515]","[8466142, 8469470, 8467890, 8473510, 8462045, 8474565, 8471392, 8470729, 8473916, 8468478, 8469480, 8471188]","[8471750, 8470772, 8459308, 8462152, 8471230]"
19,STL,20092010,"[8459064, 8470655, 8473534, 8468504, 8470647, 8471851, 8474189, 8470123, 8459426, 8470294, 8469508, 8468434, 8471698, 8474102, 8470223, 8470257, 8458229, 8468515]","[8466142, 8469470, 8467890, 8473446, 8473510, 8474565, 8471392, 8470729, 8458172, 8468478]","[8469152, 8462152]"
19,STL,20102011,"[8470655, 8473534, 8468504, 8471490, 8470647, 8471851, 8474762, 8471832, 8471753, 8470123, 8469508, 8468434, 8474592, 8471698, 8474102, 8470871, 8471817, 8460533, 8471743, 8470257, 8473485, 8468515]","[8466142, 8469470, 8474013, 8467890, 8473446, 8471348, 8470136, 8474565, 8471392, 8474031, 8470729]","[8471750, 8469152, 8470860]"
19,STL,20112012,"[8459429, 8470655, 8473534, 8471490, 8470647, 8471851, 8474634, 8459457, 8468434, 8459687, 8471698, 8474102, 8470871, 8471817, 8475768, 8471743, 8470257, 8470737, 8473485]","[8471710, 8469470, 8474013, 8474029, 8467478, 8467890, 8471348, 8474565, 8471392, 8471729, 8474031]","[8474596, 8470880, 8470860]"
19,STL,20122013,"[8470655, 8473534, 8471490, 8471851, 8476436, 8459457, 8468434, 8469685, 8459687, 8471698, 8474102, 8470871, 8471817, 8475768, 8471743, 8470257, 8473485, 8475765]","[8470151, 8474013, 8467890, 8467917, 8474565, 8471392, 8462033, 8471729, 8474031]","[8474596, 8470880, 8470860]"
19,STL,20132014,"[8469779, 8470655, 8473534, 8471490, 8476436, 8470654, 8466160, 8471698, 8468505, 8475175, 8470871, 8476427, 8471817, 8469485, 8475768, 8471743, 8470257, 8473485, 8475765]","[8470151, 8469470, 8474013, 8467890, 8467917, 8474565, 8471392, 8474031]","[8470880, 8470860, 8468011]"
19,STL,20142015,"[8470655, 8473534, 8470662, 8469473, 8476436, 8466140, 8470654, 8474627, 8470152, 8471698, 8468505, 8475175, 8470871, 8476427, 8471817, 8475768, 8471669, 8470257, 8475765]","[8474145, 8470151, 8471761, 8474013, 8474125, 8467890, 8467917, 8476989, 8469760, 8474565, 8474031]","[8474596, 8455710, 8470880]"
19,STL,20152016,"[8470655, 8473534, 8470803, 8471426, 8475150, 8477952, 8467351, 8467899, 8476436, 8474627, 8468505, 8475175, 8476427, 8471817, 8475768, 8471669, 8470257, 8475765, 8470105, 8476819]","[8470378, 8474145, 8470151, 8471761, 8476441, 8474125, 8476989, 8476892, 8474565, 8474031]","[8474596, 8476412, 8477831, 8470880, 8475195]"
19,STL,20162017,"[8475844, 8477964, 8473534, 8470803, 8477952, 8476436, 8474627, 8475263, 8475175, 8474102, 8476427, 8471817, 8477482, 8475768, 8471743, 8471669, 8470257, 8475765, 8470105, 8476855]","[8474145, 8470151, 8471761, 8476441, 8474125, 8476779, 8476989, 8476892, 8474565, 8476877, 8474031]","[8474596, 8477831, 8475622]"
19,STL,20172018,"[8477964, 8475761, 8473534, 8478104, 8470803, 8476436, 8475263, 8475175, 8475170, 8475768, 8471743, 8478373, 8471669, 8470257, 8476897, 8475765, 8479420, 8469501, 8470105]","[8474145, 8470151, 8471761, 8478407, 8476441, 8474125, 8476892, 8474565, 8475613, 8480761, 8476877]","[8474596, 8475622]"
19,STL,20182019,"[8477964, 8478104, 8475098, 8477952, 8479385, 8476907, 8474034, 8475325, 8475158, 8474102, 8477482, 8475170, 8475768, 8478373, 8470257, 8476897, 8475765, 8480023, 8469501]","[8474145, 8470151, 8471761, 8474584, 8478407, 8476441, 8474125, 8480143, 8476892, 8474565, 8476877]","[8474596, 8476412, 8473434]"
19,STL,20192020,"[8477964, 8478104, 8475098, 8471426, 8477455, 8477952, 8480011, 8479385, 8476907, 8475158, 8474102, 8478040, 8477482, 8475170, 8475768, 8470257, 8476897, 8475765, 8480023, 8477573]","[8474145, 8470151, 8478407, 8475753, 8474125, 8478859, 8476892, 8474565, 8476884, 8474618, 8478013]","[8474596, 8476412]"
19,STL,20202021,"[8477964, 8478104, 8475098, 8475160, 8477455, 8474884, 8478057, 8480011, 8479385, 8476907, 8475158, 8474102, 8478040, 8477482, 8475170, 8475768, 8476897, 8475765, 8480023, 8477573]","[8474145, 8478407, 8475753, 8474125, 8476792, 8478859, 8476892, 8480761, 8477463, 8474618, 8478013]","[8476412, 8478024]"
19,STL,20212022,"[8477964, 8475098, 8479366, 8477402, 8475160, 8478057, 8480011, 8479385, 8476907, 8471707, 8482089, 8475158, 8476285, 8474102, 8476438, 8475170, 8476897, 8475765, 8480023, 8480281, 8477573]","[8474145, 8475753, 8476792, 8475181, 8478859, 8476892, 8481059, 8480157, 8477463, 8474618, 8478013]","[8476412, 8476903, 8480981, 8478024, 8479292]"
19,STL,20222023,"[8478569, 8481543, 8477964, 8479375, 8478104, 8479366, 8477402, 8478146, 8477953, 8479385, 8476410, 8481070, 8482089, 8475158, 8475752, 8476438, 8475170, 8475765, 8480023, 8480281, 8477944, 8477573]","[8474145, 8475753, 8482516, 8476792, 8475181, 8478859, 8476892, 8480157, 8480041, 8477463, 8474618, 8481006]","[8476412, 8471306, 8480981]"
19,STL,20232024,"[8481543, 8477402, 8479385, 8482089, 8476438, 8475170, 8476897, 8480074, 8480023, 8480281, 8477573]","[8475753, 8476792, 8475181, 8476892, 8481059, 8481006]","[8476412, 8480981]"
19,STL,20242025,"[8482737, 8477402, 8476889, 8482077, 8478472, 8479385, 8482089, 8475170, 8483516, 8476897, 8480074, 8480023, 8480281, 8477573]","[8481598, 8475753, 8475764, 8482516, 8475181, 8476892, 8470600, 8481006]","[8476412, 8482205, 8480981]"
16,CHI,19261927,"[8445940, 8445972, 8446750, 8447020, 8447545, 8447771, 8447827, 8448332, 8448429, 8449551]","[8445968, 8446489, 8449251, 8449253, 8449254]",[8450013]
16,CHI,19271928,"[8444967, 8445189, 8445873, 8445972, 8447020, 8447143, 8447283, 8447545, 8447671, 8447827, 8447870, 8448429, 8449156, 8449366]","[8446489, 8446631, 8446891, 8447887, 8449220, 8449253, 8449383]","[8449966, 8450013]"
16,CHI,19281929,"[8444967, 8445288, 8445746, 8446617, 8447020, 8447143, 8447609, 8447794, 8447870, 8448334]","[8446564, 8446891, 8447468, 8447517, 8449220, 8449383]",[8449966]
16,CHI,19291930,"[8444863, 8444967, 8445288, 8445537, 8445746, 8446617, 8447018, 8447609, 8447870, 8448334, 8449126]","[8444855, 8445127, 8445968, 8446631, 8449220, 8449383]",[8449966]
16,CHI,19301931,"[8444863, 8444967, 8445537, 8445746, 8445885, 8446617, 8447018, 8447052, 8447609, 8447870, 8448334, 8448440, 8449126, 8449306]","[8444855, 8445127, 8445968, 8446631, 8449383]",[8449966]
16,CHI,19311932,"[8444863, 8445537, 8445746, 8446617, 8446901, 8447018, 8447523, 8447609, 8447870, 8448334, 8448440, 8449232]","[8444855, 8445127, 8445135, 8445742, 8446631, 8449003, 8449383]","[8449861, 8449966]"
16,CHI,19321933,"[8445255, 8445537, 8445746, 8446617, 8446901, 8447052, 8450173, 8447609, 8447770, 8448334, 8448440, 8449232]","[8444855, 8445127, 8445742, 8446631, 8449464]",[8449966]
16,CHI,19331934,"[8445537, 8445746, 8446607, 8446617, 8447052, 8447163, 8447469, 8447609, 8447770, 8448440, 8449007, 8449232, 8449266]","[8444855, 8445514, 8445742, 8450158, 8445968]",[8449966]
16,CHI,19341935,"[8445537, 8445746, 8446607, 8446617, 8447163, 8447511, 8447609, 8447770, 8447888, 8448440, 8449232, 8449266]","[8445262, 8445742, 8447167, 8447473, 8449464]",[8449850]
16,CHI,19351936,"[8445233, 8445537, 8446617, 8447163, 8447328, 8447511, 8447609, 8447770, 8447888, 8448076, 8448440, 8449232, 8449266]","[8445262, 8445742, 8447473, 8448951, 8449464]",[8450007]
16,CHI,19361937,"[8445093, 8445165, 8445233, 8445537, 8446617, 8447150, 8447163, 8447328, 8447609, 8448080, 8448440, 8449205, 8449232, 8449266]","[8445262, 8447024, 8447222, 8447327, 8447473, 8448791, 8448951, 8449464]",[8450007]
16,CHI,19371938,"[8444864, 8445233, 8445523, 8445838, 8446617, 8446695, 8446853, 8447052, 8447163, 8447609, 8448008, 8448080, 8448440, 8449022, 8449232, 8449266, 8449308]","[8445262, 8447024, 8447102, 8447473, 8447560, 8448951, 8449464]","[8449982, 8450007, 8450045]"
16,CHI,19381939,"[8445074, 8445099, 8445838, 8445866, 8445884, 8446617, 8446628, 8447052, 8447609, 8447633, 8448372, 8448440, 8449022, 8449232, 8449233]","[8445543, 8447473, 8447560, 8448034, 8448951, 8449464]",[8450007]
16,CHI,19391940,"[8444871, 8445062, 8445343, 8445344, 8445352, 8445830, 8445838, 8445866, 8445884, 8446617, 8446835, 8447609, 8449233]","[8445543, 8447560, 8448179, 8448951, 8449071, 8449464]","[8449982, 8450007]"
16,CHI,19401941,"[8444871, 8445062, 8445063, 8445343, 8445344, 8445352, 8445838, 8446617, 8446835, 8447150, 8447609, 8448084, 8449233]","[8445543, 8447543, 8447613, 8448179, 8448951, 8449464]","[8449982, 8450018]"
16,CHI,19411942,"[8444871, 8445062, 8445063, 8445343, 8445344, 8445838, 8446686, 8446835, 8447104, 8447131, 8447609, 8447902, 8448084, 8448231, 8449233]","[8445543, 8447613, 8447877, 8448951, 8449188, 8449272, 8449464]","[8449869, 8450018]"
16,CHI,19421943,"[8444871, 8445062, 8445063, 8445064, 8445344, 8445838, 8446617, 8446686, 8446835, 8447104, 8447609, 8447902, 8448231, 8449233]","[8445321, 8447638, 8447877, 8448951, 8449272, 8449464]",[8449960]
16,CHI,19431944,"[8444871, 8445062, 8445299, 8445318, 8445838, 8446191, 8446617, 8446646, 8446700, 8446853, 8447609, 8447902, 8448231, 8449068, 8449233, 8449247]","[8445543, 8445995, 8447102, 8448951, 8449464]","[8449994, 8450007]"
16,CHI,19441945,"[8445156, 8445364, 8445838, 8446491, 8446617, 8446651, 8446700, 8446913, 8447609, 8447747, 8447902, 8448084, 8448231, 8448245, 8449068, 8449233]","[8445161, 8445543, 8446215, 8447102, 8447877, 8448951, 8449041, 8449670]","[8450007, 8450119]"
16,CHI,19451946,"[8444871, 8445062, 8445063, 8445352, 8446575, 8446651, 8446686, 8446913, 8447104, 8447131, 8447902, 8449068]","[8445543, 8446689, 8447613, 8448317, 8449359]","[8450007, 8450119]"
16,CHI,19461947,"[8444981, 8445062, 8445063, 8445085, 8445180, 8446461, 8446575, 8446686, 8446913, 8447104, 8447131, 8447902, 8449068]","[8445899, 8446513, 8446689, 8447026, 8447613, 8447977, 8448317, 8449359]","[8449823, 8449922]"
16,CHI,19471948,"[8445062, 8445063, 8445085, 8445105, 8445180, 8445297, 8445517, 8446575, 8446686, 8447131, 8447902, 8448167, 8448223, 8449183, 8449228]","[8445003, 8445902, 8446513, 8446603, 8447613, 8447851, 8447977]","[8449922, 8450002]"
16,CHI,19481949,"[8445062, 8445105, 8445180, 8445513, 8445517, 8446575, 8446656, 8446686, 8447902, 8448057, 8448167, 8448223, 8449183]","[8445902, 8446513, 8446603, 8447656, 8447977]",[8449993]
16,CHI,19491950,"[8445062, 8445105, 8445180, 8445513, 8445517, 8446656, 8446686, 8447377, 8447871, 8447902, 8448057, 8448223, 8449176, 8449183]","[8445040, 8445902, 8446513, 8446603, 8447656, 8447977]",[8449836]
16,CHI,19501951,"[8444992, 8445062, 8445082, 8445105, 8445180, 8445513, 8445517, 8446194, 8446228, 8446656, 8446686, 8447377, 8447530, 8447852, 8447871, 8447894, 8447902, 8448057, 8448181, 8449076, 8449176]","[8445040, 8445503, 8445888, 8445902, 8446333, 8446513, 8446941, 8447656, 8449184]","[8449802, 8450019, 8450059]"
16,CHI,19511952,"[8444992, 8445062, 8445105, 8445513, 8445515, 8445517, 8446248, 8446575, 8446656, 8446913, 8447769, 8447902, 8448136, 8448164, 8449219, 8449385, 8449597]","[8445238, 8445888, 8446333, 8446513, 8446930, 8446941, 8447623, 8448193, 8448236, 8448242, 8449184]","[8450019, 8450104]"
16,CHI,19521953,"[8444857, 8444992, 8445105, 8445515, 8445745, 8446248, 8446565, 8446575, 8446594, 8447532, 8447653, 8447769, 8447902, 8448136, 8448947]","[8445888, 8446333, 8446513, 8446941, 8447241, 8447899, 8448193, 8448242]",[8450108]
16,CHI,19531954,"[8444857, 8445105, 8445515, 8445638, 8445745, 8446248, 8446575, 8446859, 8447044, 8447287, 8447532, 8447769, 8447841, 8447902, 8448136, 8448787, 8449051, 8449244, 8449385, 8449557]","[8445888, 8446333, 8446513, 8446941, 8447786, 8447899, 8448193, 8449544, 8449679]","[8449977, 8450021, 8450108]"
16,CHI,19541955,"[8445515, 8445805, 8445851, 8446562, 8446745, 8446859, 8447044, 8447502, 8447632, 8447716, 8447854, 8447902, 8448223, 8449203, 8449241, 8449244, 8449369, 8449557]","[8445888, 8446333, 8446513, 8446896, 8447624, 8447786, 8447899, 8449155, 8449202]","[8449804, 8449956, 8450108]"
16,CHI,19551956,"[8445468, 8445573, 8447287, 8447471, 8447502, 8447854, 8448223, 8448783, 8449050, 8449203, 8449369, 8449385, 8449556, 8449557, 8449598]","[8445888, 8446333, 8447624, 8447786, 8447899, 8448152, 8449155, 8449202]","[8449804, 8450108]"
16,CHI,19561957,"[8445468, 8446840, 8447128, 8447164, 8447287, 8447502, 8447854, 8447901, 8447998, 8449050, 8449051, 8449245, 8449369, 8449556, 8449598]","[8445835, 8447019, 8447624, 8447645, 8447786, 8447899, 8448152, 8449303]",[8450108]
16,CHI,19571958,"[8445001, 8445855, 8445909, 8446197, 8448108, 8447128, 8447287, 8447500, 8447502, 8447854, 8447921, 8447998, 8448305, 8449050]","[8445020, 8445835, 8447624, 8447786, 8447899, 8448152, 8449236, 8449303, 8449340]",[8449988]
16,CHI,19581959,"[8445004, 8446197, 8446595, 8448108, 8444853, 8447474, 8447500, 8447502, 8447595, 8449494, 8449602, 8447921, 8447998, 8449050, 8449052, 8449385]","[8444955, 8446173, 8448152, 8449142, 8449303]",[8449988]
16,CHI,19591960,"[8445004, 8445005, 8446749, 8446858, 8448108, 8444853, 8447500, 8447502, 8447595, 8449602, 8447921, 8447998, 8449050, 8449052, 8449385]","[8444955, 8445020, 8446173, 8448152, 8449142, 8449303]",[8449988]
16,CHI,19601961,"[8445004, 8445005, 8446324, 8446749, 8446858, 8448108, 8447502, 8447744, 8449602, 8447921, 8447998, 8449052, 8449385]","[8444955, 8446173, 8446865, 8448152, 8449142, 8449303]",[8449988]
16,CHI,19611962,"[8445005, 8446324, 8446670, 8446749, 8446918, 8448108, 8447253, 8447591, 8447744, 8447837, 8449602, 8447921, 8447998, 8449385]","[8446173, 8446865, 8448152, 8449142, 8449270, 8449303]",[8449988]
16,CHI,19621963,"[8445005, 8446324, 8446670, 8446749, 8448108, 8447527, 8447591, 8447744, 8449602, 8447921, 8447998, 8449385]","[8446155, 8446173, 8446865, 8447019, 8447580, 8448152, 8449270, 8449303]","[8449866, 8449988]"
16,CHI,19631964,"[8445005, 8446722, 8446324, 8446670, 8446749, 8448108, 8447591, 8447744, 8449494, 8449602, 8447921, 8447998, 8448371, 8449385]","[8446155, 8446865, 8447580, 8448152, 8449303, 8449667]","[8449866, 8449988]"
16,CHI,19641965,"[8445160, 8446722, 8446749, 8446784, 8447892, 8446967, 8448108, 8447591, 8449494, 8447837, 8447853, 8449602, 8447880, 8447998, 8448371, 8449149, 8449385]","[8446865, 8447045, 8447580, 8448152, 8448249, 8449303]","[8449866, 8449988]"
16,CHI,19651966,"[8444952, 8446722, 8446749, 8447892, 8446967, 8448108, 8447527, 8447591, 8449602, 8447880, 8447998, 8448322, 8449149, 8449150, 8449197, 8449385]","[8447045, 8447580, 8447873, 8448152, 8448249, 8449159, 8449303]","[8446488, 8449988]"
16,CHI,19661967,"[8444952, 8445151, 8445855, 8446722, 8446749, 8447892, 8446967, 8448108, 8447591, 8449602, 8447880, 8447998, 8449149, 8449385]","[8447045, 8447873, 8448152, 8448249, 8449088, 8449159, 8449299]","[8449866, 8449988]"
16,CHI,19671968,"[8446622, 8446967, 8448108, 8447591, 8447592, 8447627, 8447745, 8449602, 8447880, 8447998, 8448063, 8448182, 8451204, 8449005, 8449385]","[8447045, 8447617, 8448152, 8448249, 8448311, 8449159, 8451880]","[8449866, 8446488, 8450054]"
16,CHI,19681969,"[8445137, 8446967, 8448108, 8448731, 8447591, 8447592, 8447627, 8449435, 8449602, 8447880, 8447998, 8448063, 8448085, 8451204, 8449385, 8449594]","[8447045, 8447617, 8447807, 8448249, 8448311, 8451352, 8449159, 8449667]","[8449866, 8446488, 8450054]"
16,CHI,19691970,"[8444952, 8445600, 8445304, 8445316, 8446967, 8448108, 8448526, 8447591, 8447627, 8449435, 8447845, 8449602, 8447880, 8447998, 8448085, 8448153, 8449273, 8449594]","[8447045, 8449032, 8447617, 8451352, 8449159, 8449389]","[8449866, 8449868, 8446720]"
16,CHI,19701971,"[8444952, 8445316, 8446967, 8448108, 8448526, 8447591, 8449104, 8447627, 8449435, 8449602, 8447880, 8447998, 8448068, 8448085, 8448153, 8448438]","[8446336, 8447045, 8448524, 8449032, 8451352, 8449159, 8449389]","[8449845, 8449868, 8446720, 8449550]"
16,CHI,19711972,"[8444952, 8445126, 8445600, 8445316, 8446967, 8448108, 8448526, 8448612, 8447591, 8447627, 8449602, 8447998, 8448068, 8448085]","[8447045, 8448524, 8449034, 8449032, 8449159, 8449389]","[8449868, 8446720, 8451528]"
16,CHI,19721973,"[8444952, 8444996, 8445600, 8446967, 8448526, 8447240, 8447259, 8448725, 8447591, 8449104, 8449166, 8447627, 8449602, 8449970, 8448085]","[8446976, 8447045, 8448524, 8449034, 8449032, 8450737, 8451075, 8449159, 8449389]","[8446720, 8451528]"
16,CHI,19731974,"[8445600, 8445922, 8446552, 8446967, 8448526, 8447240, 8447591, 8449166, 8447627, 8449602, 8448082, 8448085, 8448186, 8451025]","[8446976, 8447045, 8449032, 8450737, 8451075, 8451853, 8449389]","[8446720, 8452205]"
16,CHI,19741975,"[8445591, 8445600, 8446285, 8446552, 8446967, 8448526, 8449166, 8447627, 8449602, 8449734, 8448082, 8448085, 8451025, 8449637]","[8447941, 8447045, 8449032, 8450737, 8451075, 8451853, 8449389, 8449558]","[8449903, 8446720, 8452205]"
16,CHI,19751976,"[8445591, 8445600, 8446285, 8446552, 8446967, 8447105, 8448526, 8447591, 8449166, 8447627, 8449602, 8449734, 8448082, 8451025, 8449004]","[8447941, 8448871, 8449032, 8449769, 8450737, 8451075, 8451853, 8449389]","[8446720, 8450138]"
16,CHI,19761977,"[8444969, 8445591, 8445600, 8445144, 8445773, 8446285, 8447664, 8446881, 8446967, 8448526, 8449166, 8447627, 8449415, 8449602, 8449734, 8451025, 8452195, 8449637]","[8447941, 8448871, 8449032, 8447789, 8449769, 8450070, 8450737, 8451075, 8451853]","[8449903, 8446720, 8452205, 8450138]"
16,CHI,19771978,"[8445591, 8445600, 8445144, 8445773, 8446285, 8447664, 8448434, 8448469, 8448526, 8449166, 8447627, 8449602, 8449734, 8450467, 8451025, 8451145]","[8447801, 8447918, 8447941, 8448871, 8449032, 8449769, 8449941, 8451075, 8451853, 8452489]","[8446720, 8450005, 8452205]"
16,CHI,19781979,"[8445591, 8445600, 8445144, 8445773, 8446285, 8447664, 8447812, 8448434, 8448469, 8448526, 8448743, 8448911, 8449166, 8449602, 8449734, 8450217, 8450347, 8451025, 8451145, 8449337]","[8446947, 8447801, 8447918, 8448871, 8449032, 8449769, 8449941, 8450070, 8450805, 8451075, 8452489, 8452579]","[8446720, 8452205]"
16,CHI,19791980,"[8445600, 8445773, 8446285, 8447812, 8448469, 8448526, 8448743, 8448911, 8449166, 8449602, 8449734, 8450217, 8450347, 8450539, 8451065, 8451251, 8451801, 8451957]","[8445713, 8446947, 8456667, 8448871, 8449032, 8449769, 8449941, 8450805, 8452489]","[8446720, 8452205]"
16,CHI,19801981,"[8445773, 8447039, 8447812, 8448469, 8448703, 8448743, 8448911, 8449166, 8449190, 8449734, 8450217, 8450539, 8450923, 8451065, 8451146, 8451253, 8451251, 8451325, 8451584, 8451801]","[8445713, 8446238, 8446947, 8456667, 8449769, 8449941, 8452489, 8452551, 8452579]","[8445249, 8446720]"
16,CHI,19811982,"[8445773, 8447039, 8447812, 8448469, 8448703, 8448859, 8448911, 8449166, 8449190, 8449734, 8449773, 8450217, 8450539, 8450923, 8451065, 8451146, 8451253, 8451325, 8451801, 8451858]","[8445713, 8446238, 8446517, 8446795, 8446947, 8456667, 8449769, 8452489, 8452579]","[8445249, 8446720, 8451407]"
16,CHI,19821983,"[8446266, 8446819, 8446957, 8447039, 8447812, 8448703, 8448859, 8448911, 8449190, 8449734, 8449773, 8450217, 8450539, 8451065, 8451146, 8451253, 8451801, 8451858]","[8445713, 8446238, 8446517, 8446795, 8446947, 8449769, 8449949, 8452489]","[8445249, 8446720]"
16,CHI,19831984,"[8445880, 8446266, 8446957, 8446962, 8447039, 8447812, 8448706, 8448703, 8448859, 8448911, 8449190, 8449497, 8449773, 8450217, 8450284, 8450539, 8450923, 8451146, 8451253, 8451801, 8452547]","[8445013, 8445653, 8445713, 8446018, 8446405, 8446517, 8446795, 8446947, 8449769, 8449949, 8452492, 8452489]","[8445249, 8446720, 8448219]"
16,CHI,19841985,"[8446957, 8446962, 8447039, 8448706, 8448703, 8448859, 8448911, 8448991, 8449497, 8449773, 8449973, 8450217, 8450523, 8451146, 8451253, 8451801, 8452547]","[8445428, 8445653, 8445713, 8446517, 8446795, 8449769, 8449949, 8452492, 8452489]","[8445249, 8446087, 8450140, 8451407]"
16,CHI,19851986,"[8445613, 8446957, 8447039, 8448706, 8448703, 8448680, 8448859, 8448911, 8449497, 8449773, 8449973, 8450217, 8450515, 8450523, 8451146, 8451253, 8451801, 8452341, 8452547]","[8445428, 8445713, 8446018, 8446517, 8449769, 8449949, 8452492, 8452489]","[8445249, 8451143, 8451407]"
16,CHI,19861987,"[8445880, 8446445, 8446957, 8448703, 8448680, 8448859, 8449773, 8449973, 8450217, 8450523, 8450539, 8451117, 8451146, 8451163, 8451253, 8451673, 8451801, 8452226, 8452341]","[8445428, 8445713, 8446018, 8449123, 8449769, 8449925, 8449949, 8452489]","[8445249, 8451143, 8451407]"
16,CHI,19871988,"[8446957, 8447039, 8447345, 8448703, 8448680, 8448859, 8448939, 8449773, 8449894, 8450523, 8451041, 8451117, 8451146, 8451673, 8451800, 8451898, 8452152, 8452226, 8452341]","[8445428, 8445713, 8446018, 8446111, 8449123, 8449442, 8449769, 8449925, 8450260, 8450470, 8452492, 8452489, 8452496, 8452556]","[8449286, 8450140]"
16,CHI,19881989,"[8445281, 8446226, 8446551, 8447039, 8447169, 8447345, 8448046, 8448703, 8448859, 8448939, 8449773, 8449894, 8450523, 8450978, 8451041, 8451089, 8451117, 8451146, 8451673, 8451800, 8451898, 8451932, 8452152, 8452159, 8452226, 8452341]","[8445428, 8445713, 8446018, 8446111, 8446475, 8448521, 8449123, 8449442, 8449769, 8449925, 8450260, 8450470, 8452489, 8452556]","[8445386, 8446052, 8446087, 8450140, 8452246]"
16,CHI,19891990,"[8445281, 8446226, 8446551, 8447169, 8447310, 8447345, 8448046, 8448703, 8448781, 8449773, 8449894, 8450293, 8450523, 8450978, 8451117, 8451146, 8451253, 8451800, 8451898, 8452159, 8452226]","[8445713, 8446018, 8448521, 8449123, 8449442, 8449769, 8451073, 8452489, 8452556]","[8445386, 8446052, 8446089, 8449627, 8452246]"
16,CHI,19901991,"[8446226, 8447169, 8447192, 8447310, 8447345, 8447386, 8448046, 8448703, 8448781, 8449445, 8449401, 8449773, 8449894, 8450293, 8450523, 8450978, 8451089, 8451673, 8451898]","[8445713, 8446053, 8448521, 8448543, 8449123, 8449442, 8451073, 8452489, 8452556]","[8445386, 8446089, 8447687, 8449627, 8452246]"
16,CHI,19911992,"[8445689, 8445823, 8458883, 8446226, 8447169, 8447192, 8447310, 8447345, 8447386, 8447963, 8448017, 8448046, 8448204, 8448703, 8448664, 8448781, 8449295, 8458536, 8449894, 8450293, 8450978, 8451673, 8451794, 8451898, 8451917, 8452226, 8458418]","[8455572, 8445713, 8445796, 8446053, 8456149, 8448521, 8458585, 8448543, 8448667, 8449137, 8449453, 8451073, 8451558]","[8445386, 8447687, 8457025, 8452246]"
16,CHI,19921993,"[8458732, 8445689, 8446079, 8447169, 8447310, 8447345, 8447386, 8448046, 8458949, 8448703, 8448664, 8448781, 8449295, 8449751, 8449773, 8449894, 8450978, 8451080, 8451794, 8458195]","[8455505, 8455572, 8445713, 8445796, 8446053, 8456149, 8458585, 8448543, 8449137, 8449749, 8451073, 8451558, 8458219]","[8445386, 8452246]"
16,CHI,19931994,"[8455429, 8446079, 8446261, 8456121, 8447310, 8447345, 8447963, 8448483, 8458949, 8448781, 8449295, 8449751, 8449773, 8449894, 8458523, 8450978, 8451080, 8458972, 8451794, 8451791, 8451901, 8452571]","[8455805, 8446053, 8446376, 8456115, 8448543, 8449137, 8449749, 8451073, 8451558, 8451570, 8451804, 8452353, 8452503]","[8445386, 8447449, 8459411]"
16,CHI,19941995,"[8455429, 8446217, 8455984, 8459515, 8456121, 8456349, 8447345, 8456441, 8447963, 8448483, 8458949, 8449751, 8449881, 8458523, 8450978, 8451080, 8451146, 8458972, 8451794, 8451791, 8452571]","[8455805, 8446053, 8446417, 8448292, 8451073, 8451558, 8451570, 8451804, 8452353]","[8445386, 8447449, 8452246]"
16,CHI,19951996,"[8455429, 8445493, 8446127, 8446217, 8455984, 8459515, 8456121, 8456441, 8458949, 8449633, 8460504, 8449751, 8449881, 8458523, 8450561, 8459097, 8450978, 8451146, 8458972, 8451794]","[8455805, 8446053, 8455875, 8456115, 8451073, 8451558, 8451804, 8458715, 8452353, 8458373]","[8445386, 8447449, 8452246]"
16,CHI,19961997,"[8455429, 8445493, 8446023, 8446217, 8446226, 8455984, 8446295, 8459515, 8456121, 8458977, 8458949, 8460531, 8449498, 8449607, 8460504, 8450561, 8459097, 8451146, 8458972, 8451794, 8458487]","[8455805, 8446053, 8455875, 8458965, 8462073, 8451073, 8451558, 8451804, 8459059, 8452353]","[8445386, 8447449, 8451860, 8452246]"
16,CHI,19971998,"[8455429, 8445493, 8466149, 8455984, 8459515, 8456121, 8466451, 8459007, 8459497, 8456734, 8462035, 8458949, 8460531, 8449607, 8460596, 8460504, 8462049, 8450561, 8458972, 8458036, 8451392, 8451794, 8459109, 8459555, 8466392, 8458487]","[8455805, 8446053, 8462073, 8449694, 8451073, 8451804, 8459059, 8452353, 8452556]","[8447449, 8451860, 8458800]"
16,CHI,19981999,"[8455429, 8459996, 8466149, 8459006, 8459515, 8456121, 8464957, 8446675, 8447206, 8448225, 8466152, 8462035, 8460531, 8459889, 8460526, 8458536, 8460596, 8460504, 8460545, 8449973, 8450561, 8458972, 8458036, 8459109, 8460660, 8466392, 8458487]","[8459466, 8459449, 8460508, 8446053, 8446117, 8459443, 8462073, 8449123, 8458963, 8463638, 8459558, 8464985, 8451073, 8452353, 8452556, 8458492]","[8446829, 8447449, 8459432, 8458800]"
16,CHI,19992000,"[8455429, 8455479, 8466260, 8446085, 8459515, 8464957, 8447206, 8459568, 8459159, 8448225, 8460531, 8460526, 8458536, 8458573, 8449973, 8457686, 8450561, 8460719, 8459109, 8466392, 8458487]","[8459466, 8459449, 8460508, 8446181, 8456024, 8459443, 8449123, 8459462, 8467896, 8458963, 8463638, 8458492]","[8459028, 8459132, 8459432]"
16,CHI,20002001,"[8455429, 8455479, 8467335, 8466260, 8459515, 8465992, 8456121, 8462235, 8459159, 8448225, 8448487, 8460531, 8460526, 8458536, 8458573, 8450561, 8460719, 8459109, 8468751, 8458483, 8458487]","[8459466, 8460500, 8456024, 8459443, 8456793, 8457264, 8467896, 8458963, 8458838, 8450620, 8467439]","[8465091, 8459132, 8459306, 8459432]"
16,CHI,20012002,"[8455429, 8467483, 8467335, 8466260, 8458542, 8459515, 8465992, 8456121, 8446830, 8462235, 8467577, 8458974, 8458573, 8460739, 8450561, 8459223, 8460719, 8451898, 8459109, 8458385, 8458487]","[8459487, 8447989, 8456793, 8456852, 8457264, 8467896, 8458963, 8449957, 8458838, 8450742, 8467439]","[8459132, 8459432]"
16,CHI,20022003,"[8467483, 8467335, 8460742, 8466260, 8459515, 8456031, 8456156, 8446847, 8458974, 8465968, 8458983, 8458573, 8468554, 8458031, 8460719, 8451898, 8465978, 8452161, 8459109, 8458385, 8458487]","[8459181, 8447187, 8459038, 8466205, 8447989, 8456793, 8456852, 8467896, 8458963, 8449957, 8458838, 8460555]","[8467950, 8468038, 8459132, 8459432]"
16,CHI,20032004,"[8467483, 8467335, 8466260, 8459515, 8470244, 8469510, 8458974, 8466232, 8465968, 8468635, 8459687, 8460588, 8466210, 8468554, 8469462, 8460719, 8465978, 8459109, 8468491, 8468490, 8458487]","[8464961, 8470265, 8470652, 8462032, 8459181, 8466205, 8456793, 8456852, 8470743, 8467896, 8458838, 8460521, 8462196, 8460555, 8468213]","[8467950, 8468038, 8469482, 8459132, 8459432, 8468043]"
16,CHI,20052006,"[8467483, 8459019, 8467908, 8467335, 8469666, 8471504, 8460534, 8466155, 8470834, 8466260, 8470005, 8459515, 8456100, 8470244, 8468517, 8466153, 8469510, 8458524, 8462149, 8469462, 8469544, 8470366, 8465978, 8468491, 8468085, 8468490]","[8459053, 8470265, 8470652, 8471216, 8458543, 8470281, 8470624, 8470607, 8460782, 8467439, 8468213, 8470222]","[8467950, 8470645, 8459140, 8469482]"
16,CHI,20062007,"[8468488, 8467386, 8471254, 8471663, 8469666, 8471245, 8445575, 8471504, 8471426, 8470063, 8470834, 8469847, 8470662, 8470373, 8462129, 8467899, 8466153, 8469510, 8468626, 8458524, 8465207, 8465041, 8468529, 8469707, 8469462, 8467914, 8469544, 8458069, 8470366, 8469786, 8468085, 8468789]","[8459053, 8471216, 8458543, 8470281, 8470743, 8470624, 8470607, 8468213, 8470222]","[8462052, 8467959, 8459140, 8459579]"
16,CHI,20072008,"[8465166, 8459446, 8471281, 8471254, 8471663, 8471245, 8471504, 8471426, 8470063, 8470834, 8471352, 8470280, 8470662, 8467899, 8474141, 8468626, 8471408, 8471217, 8456966, 8458524, 8458561, 8469462, 8466035, 8469544, 8471681, 8470366, 8473604, 8471346, 8468789]","[8471216, 8472370, 8471769, 8473981, 8470281, 8470624, 8470607, 8462176, 8468213, 8470222, 8465250]","[8470645, 8459140, 8459579]"
16,CHI,20082009,"[8465166, 8471245, 8470283, 8471426, 8470063, 8470834, 8471352, 8470280, 8470662, 8467899, 8474141, 8471217, 8465192, 8469752, 8469544, 8471681, 8473604, 8471346]","[8471216, 8466285, 8472370, 8471769, 8469534, 8470281, 8470607, 8462176, 8467408, 8470222]","[8470645, 8469658, 8459140, 8474550]"
16,CHI,20092010,"[8471254, 8471245, 8471426, 8470063, 8470834, 8471352, 8470280, 8473682, 8470662, 8466148, 8474141, 8468518, 8471217, 8466371, 8469544, 8471681, 8471736, 8473604, 8471346]","[8471216, 8466145, 8466285, 8472370, 8471769, 8460770, 8470281, 8470607, 8462176]","[8470645, 8469658, 8474550]"
16,CHI,20102011,"[8471254, 8471245, 8471730, 8471426, 8471352, 8473564, 8466148, 8460527, 8474141, 8473970, 8468518, 8475323, 8475214, 8475204, 8465170, 8470680, 8469544, 8471681, 8474727, 8473537, 8468510, 8473604]","[8466145, 8466285, 8470329, 8458543, 8472370, 8471769, 8470281, 8475181, 8473722, 8470607]","[8470645, 8460612]"
16,CHI,20112012,"[8471254, 8471245, 8475650, 8459596, 8470666, 8473564, 8474625, 8466148, 8474141, 8475323, 8459514, 8475214, 8459461, 8471220, 8475204, 8476438, 8469544, 8476381, 8474727, 8473537, 8473604]","[8471769, 8470281, 8475181, 8471279, 8468927, 8458637, 8469665, 8475153, 8473722, 8470607]","[8470645, 8469548]"
16,CHI,20122013,"[8471254, 8471245, 8475650, 8470666, 8473564, 8462129, 8474625, 8466148, 8474141, 8475323, 8477243, 8459514, 8475214, 8475204, 8476438, 8469544, 8476381, 8474727, 8473537, 8473604]","[8469992, 8471769, 8470281, 8474629, 8475181, 8469665, 8465058, 8470607, 8475598]","[8470645, 8469548, 8475622]"
16,CHI,20132014,"[8471254, 8475650, 8477836, 8462129, 8474625, 8466148, 8474141, 8475323, 8473927, 8475214, 8475807, 8475204, 8471299, 8476438, 8469544, 8476381, 8474727, 8476882, 8473604, 8471346]","[8469992, 8471769, 8470281, 8474497, 8475181, 8469665, 8465058, 8475182, 8470607]","[8470645, 8459140, 8477293, 8475720]"
16,CHI,20142015,"[8478393, 8471254, 8470666, 8476479, 8471956, 8477451, 8466148, 8474141, 8475323, 8475214, 8475807, 8471299, 8467389, 8476438, 8469544, 8476381, 8474727, 8476882, 8473604, 8468535, 8471346]","[8476431, 8471879, 8476403, 8475148, 8471769, 8470281, 8469665, 8476394, 8465058, 8475182, 8470607, 8459670, 8477845]","[8470645, 8474152, 8477293]"
16,CHI,20152016,"[8473573, 8478393, 8471254, 8476479, 8477448, 8471956, 8470039, 8476116, 8477451, 8476994, 8466148, 8474141, 8478528, 8475323, 8471217, 8474850, 8476471, 8478550, 8475209, 8477929, 8478137, 8476381, 8476882, 8474588, 8473604, 8474668]","[8470110, 8469555, 8476979, 8471769, 8470281, 8465058, 8475182, 8467452, 8470607, 8477300, 8477845]","[8470645, 8474152, 8468038]"
16,CHI,20162017,"[8476805, 8473573, 8471956, 8477451, 8477401, 8476994, 8466148, 8476430, 8474141, 8478528, 8475323, 8477353, 8478550, 8475209, 8477929, 8477951, 8473604, 8469547]","[8466285, 8478055, 8471769, 8470281, 8479482, 8469665, 8465058, 8470607, 8477845]","[8470645, 8474152]"
16,CHI,20172018,"[8473573, 8474642, 8479337, 8477407, 8480153, 8477451, 8477401, 8478146, 8476994, 8476430, 8480144, 8474141, 8478528, 8478561, 8475209, 8476438, 8477951, 8469544, 8478106, 8473604, 8474739]","[8477472, 8478055, 8471742, 8476979, 8479595, 8470281, 8479482, 8476473, 8477851, 8480172, 8470607]","[8475234, 8470645, 8480420, 8476341, 8479138, 8471301]"
16,CHI,20182019,"[8473573, 8479465, 8479337, 8479657, 8477401, 8477366, 8480946, 8480144, 8474141, 8475323, 8470543, 8478561, 8480954, 8477943, 8476438, 8477951, 8478106, 8478440, 8473604]","[8477472, 8475869, 8478055, 8478502, 8476979, 8480035, 8470281, 8476886, 8475430, 8476473, 8480172, 8470607]","[8470645, 8480420, 8470320]"
16,CHI,20192020,"[8479465, 8477846, 8481523, 8479337, 8479542, 8478146, 8480144, 8474141, 8477330, 8479423, 8477943, 8477961, 8476438, 8476381, 8478106, 8474250, 8478440, 8473604, 8481637]","[8480814, 8480871, 8479523, 8475177, 8478502, 8476979, 8470281, 8476886, 8476874, 8476473, 8470607, 8476372]","[8470645, 8475215, 8476876]"
16,CHI,20202021,"[8477846, 8475792, 8481523, 8479337, 8480025, 8478874, 8479542, 8482635, 8478146, 8476994, 8477406, 8481147, 8480144, 8474141, 8477330, 8480798, 8475204, 8476381, 8471262, 8478440, 8480459, 8478027]","[8480814, 8480871, 8477474, 8479523, 8475177, 8480293, 8470281, 8480070, 8476473, 8480831, 8479388, 8477507]","[8480420, 8480947, 8476876]"
16,CHI,20212022,"[8479404, 8477846, 8475792, 8481523, 8479337, 8480025, 8476545, 8478874, 8479542, 8482635, 8481147, 8474870, 8474141, 8479383, 8476915, 8477330, 8480798, 8478043, 8479390, 8482117, 8481004, 8478440, 8473604]","[8480814, 8475177, 8480231, 8476979, 8478452, 8477495, 8480293, 8476931, 8480070, 8476473, 8482192, 8480831, 8479388, 8481568]","[8480420, 8470594, 8480947, 8482821]"
16,CHI,20222023,"[8479315, 8476960, 8478075, 8476278, 8477450, 8477503, 8480025, 8480328, 8480252, 8482635, 8481147, 8474870, 8474141, 8479383, 8476915, 8480798, 8478043, 8478224, 8479390, 8482117, 8477210, 8478881, 8473604, 8478455]","[8477971, 8471677, 8478452, 8477495, 8482176, 8476931, 8480070, 8476473, 8482192, 8480831, 8483619, 8475797, 8481568, 8479458]","[8471418, 8475852, 8482821, 8471774, 8483530, 8479380]"
16,CHI,20232024,"[8476960, 8484144, 8477450, 8477987, 8473422, 8475791, 8480798, 8481624, 8483493, 8482172]","[8477495, 8483466, 8476473, 8481568]","[8475852, 8482821]"
16,CHI,20242025,"[8484144, 8477479, 8482703, 8477450, 8477987, 8473422, 8483450, 8480798, 8474034, 8481624, 8484197, 8483493, 8482117, 8482172, 8476882, 8480813]","[8474673, 8481806, 8482176, 8484783, 8474166, 8476473, 8483506, 8481568]","[8481519, 8482821]"
17,DET,19321933,"[8444987, 8445346, 8445850, 8446152, 8446607, 8446612, 8446694, 8446750, 8447484, 8447614, 8447879, 8448013, 8449128, 8449308, 8449593]","[8445296, 8446182, 8446559, 8449666]",[8450103]
17,DET,19331934,"[8444987, 8445334, 8445346, 8446152, 8446612, 8446649, 8447484, 8447614, 8447879, 8448139, 8449128, 8449161, 8449308, 8449381, 8449593]","[8445296, 8446182, 8446458, 8446631, 8448357, 8449479, 8449666]","[8449858, 8449861, 8450103]"
17,DET,19341935,"[8444931, 8444982, 8444987, 8445150, 8445960, 8446612, 8446649, 8446924, 8447183, 8447484, 8447879, 8448098, 8448139, 8448421, 8448383, 8449128, 8449161, 8449381, 8449593]","[8445146, 8445296, 8446458, 8446631, 8447746, 8449666]","[8450103, 8450115]"
17,DET,19351936,"[8444987, 8445026, 8445194, 8445960, 8446590, 8446612, 8446924, 8447148, 8447181, 8447183, 8447484, 8448139, 8448463, 8449014, 8449128, 8449161, 8449593]","[8445146, 8447746, 8449666]",[8450115]
17,DET,19361937,"[8444987, 8445026, 8445194, 8445856, 8446612, 8446924, 8447148, 8447181, 8447183, 8447484, 8447575, 8448139, 8448463, 8449014, 8449128]","[8445146, 8446559, 8447746, 8448066, 8449479, 8449666]","[8449923, 8450105, 8450115]"
17,DET,19371938,"[8444987, 8445026, 8445037, 8445194, 8445940, 8445952, 8446612, 8446924, 8444852, 8447148, 8447181, 8447183, 8447306, 8447484, 8447501, 8447575, 8447904, 8448139, 8448463, 8449014, 8449128]","[8445075, 8445146, 8445926, 8447746, 8448066, 8449359, 8449666]","[8449923, 8450115]"
17,DET,19381939,"[8444857, 8444987, 8445026, 8445074, 8445182, 8445194, 8445512, 8445856, 8446583, 8446612, 8446651, 8446924, 8447141, 8447148, 8447181, 8447182, 8447484, 8447501, 8447633, 8447904, 8449014, 8449234, 8449264]","[8445146, 8445295, 8447113, 8447746, 8449184, 8449359, 8449666]","[8450115, 8450126, 8450127]"
17,DET,19391940,"[8444857, 8445182, 8445194, 8445856, 8445908, 8446302, 8446583, 8446612, 8446651, 8446924, 8444852, 8447141, 8447181, 8447182, 8447501, 8447747, 8447904, 8448122]","[8445146, 8447113, 8448066, 8449184, 8449359]","[8449833, 8450045, 8450127]"
17,DET,19401941,"[8444857, 8445182, 8445193, 8445194, 8445349, 8445946, 8446302, 8446583, 8446612, 8446651, 8446786, 8446924, 8447053, 8447182, 8447501, 8447904, 8449472]","[8445041, 8447024, 8448066, 8449184, 8449359, 8449393]",[8450047]
17,DET,19411942,"[8444857, 8445180, 8445182, 8445185, 8445194, 8445349, 8446302, 8446583, 8446612, 8446651, 8446861, 8446924, 8447053, 8447182, 8447501, 8447824, 8447904]","[8445295, 8447113, 8447656, 8448066, 8449184, 8449359, 8449393]","[8450047, 8450131]"
17,DET,19421943,"[8444857, 8445180, 8445182, 8445194, 8445349, 8445946, 8446302, 8446612, 8446651, 8446903, 8446924, 8447053, 8447501, 8447649, 8447904, 8449369]","[8445041, 8447024, 8448066, 8448235, 8449041, 8449184, 8449359]",[8450047]
17,DET,19431944,"[8444972, 8445055, 8445180, 8445193, 8445194, 8445242, 8445349, 8445364, 8446651, 8446924, 8447053, 8447182, 8447501, 8447532, 8447649, 8448262, 8448459, 8448589, 8449014, 8449067, 8449070, 8449234]","[8445244, 8446135, 8446895, 8447024, 8447134, 8448235, 8449016, 8449041, 8449690]","[8449896, 8449923, 8450019, 8450115]"
17,DET,19441945,"[8444972, 8445193, 8445194, 8445242, 8445349, 8445745, 8446651, 8446924, 8447500, 8447501, 8447649, 8447747, 8448231, 8448262, 8449226, 8449599]","[8445244, 8446895, 8447024, 8448235, 8448951, 8449041]","[8449896, 8450019, 8450115]"
17,DET,19451946,"[8444857, 8444972, 8445180, 8445185, 8445193, 8445194, 8445349, 8445513, 8445745, 8445946, 8446573, 8446903, 8446924, 8447500, 8447501, 8447530, 8448459, 8449369]","[8446895, 8447024, 8447656, 8447799, 8448235, 8448951, 8449184]",[8450019]
17,DET,19461947,"[8444857, 8445180, 8445193, 8445513, 8445517, 8445745, 8445939, 8445946, 8446573, 8446913, 8448000, 8447486, 8447500, 8447530, 8447544, 8447769, 8448947, 8449043, 8449216, 8449599]","[8445003, 8445888, 8447024, 8447656, 8447861, 8448235, 8448317, 8449042, 8449184]","[8449802, 8450019, 8450047]"
17,DET,19471948,"[8444857, 8445193, 8445513, 8445745, 8446573, 8446656, 8446913, 8448000, 8447500, 8447530, 8447769, 8447810, 8447894, 8447898, 8448103, 8448947, 8449043, 8449201]","[8445888, 8446333, 8447149, 8447656, 8448007, 8448235, 8448317, 8449184]","[8450019, 8450030]"
17,DET,19481949,"[8444857, 8445193, 8445513, 8445745, 8446573, 8446575, 8446594, 8446656, 8446913, 8448000, 8447500, 8447530, 8447544, 8447769, 8447810, 8447894, 8448103, 8448163, 8448167, 8448308, 8448947]","[8446333, 8447149, 8447656, 8448235, 8448317, 8449184]",[8450019]
17,DET,19491950,"[8444857, 8444992, 8445082, 8445349, 8445745, 8446575, 8446594, 8446660, 8448000, 8447500, 8447769, 8447788, 8447810, 8448103, 8448136, 8448947, 8449050, 8449556, 8449557]","[8445888, 8446333, 8447149, 8447623, 8448214, 8448317, 8449184]","[8450019, 8450111]"
17,DET,19501951,"[8444857, 8445082, 8445349, 8445745, 8445865, 8446575, 8446594, 8446640, 8448000, 8447044, 8447500, 8447769, 8447810, 8448103, 8448136, 8448223, 8449050, 8449176, 8449183, 8449556, 8449598]","[8446333, 8446603, 8447149, 8447623, 8448214, 8448242, 8448317]",[8450111]
17,DET,19511952,"[8444857, 8445865, 8446594, 8448000, 8447471, 8447500, 8448103, 8448223, 8448947, 8449050, 8449176, 8449556, 8449557, 8449598]","[8446339, 8446603, 8447149, 8448214, 8448317, 8449679]",[8450111]
17,DET,19521953,"[8445116, 8445865, 8446228, 8448000, 8447044, 8447471, 8447500, 8448103, 8448223, 8449046, 8449050, 8449176, 8449556, 8449557, 8449598]","[8446339, 8446603, 8446751, 8446930, 8447149, 8448214, 8449679]","[8449802, 8449988, 8450111]"
17,DET,19531954,"[8445116, 8445865, 8445909, 8445956, 8448000, 8447097, 8447471, 8447500, 8448103, 8448136, 8448223, 8448305, 8449050, 8449153, 8449176, 8449556, 8449598]","[8444873, 8444955, 8446603, 8446751, 8447149, 8448214]","[8449968, 8450111, 8450149]"
17,DET,19541955,"[8445116, 8445851, 8445865, 8445909, 8448000, 8447471, 8447500, 8448103, 8448169, 8448223, 8448305, 8449050, 8449176, 8449556, 8449598]","[8444873, 8446603, 8446751, 8446864, 8447149, 8448214, 8449685]","[8449988, 8450111]"
17,DET,19551956,"[8445240, 8445294, 8445371, 8445573, 8445638, 8445865, 8445909, 8446197, 8448000, 8447500, 8447837, 8448103, 8448223, 8448305, 8448783, 8449153, 8449244, 8449274]","[8444955, 8446599, 8446603, 8446864, 8446896, 8447149, 8448214]",[8449988]
17,DET,19561957,"[8445001, 8445240, 8445638, 8445855, 8445865, 8445909, 8446197, 8448000, 8447500, 8447676, 8447817, 8448103, 8448223, 8448305, 8449274]","[8444878, 8444955, 8446599, 8446864, 8446896, 8447149, 8448214, 8449196]",[8449988]
17,DET,19571958,"[8445001, 8445294, 8445855, 8445865, 8445909, 8446197, 8446228, 8448000, 8447164, 8447179, 8447287, 8447471, 8447676, 8447717, 8447817, 8447818, 8447854, 8448056, 8448058, 8448169, 8448223, 8448305, 8449063, 8449274, 8449556]","[8444876, 8444955, 8446599, 8446601, 8446783, 8446896, 8447149, 8447786, 8448214, 8449196]",[8450111]
17,DET,19581959,"[8444858, 8445289, 8445294, 8445865, 8446142, 8446301, 8446898, 8448000, 8447164, 8447274, 8447527, 8447676, 8447817, 8447818, 8447854, 8449274, 8449556]","[8446599, 8446601, 8446783, 8447149, 8447611, 8447786, 8447899, 8448214, 8449196]","[8450065, 8450111]"
17,DET,19591960,"[8444868, 8445825, 8445865, 8446342, 8446664, 8448000, 8447164, 8447527, 8449494, 8447817, 8447818, 8447837, 8448056, 8449063, 8449125, 8449274]","[8446599, 8446601, 8446657, 8447149, 8447611, 8447786, 8447895, 8448214, 8448259]","[8449832, 8450100, 8450111]"
17,DET,19601961,"[8444868, 8445865, 8445898, 8446342, 8446595, 8446664, 8448000, 8447093, 8447260, 8447274, 8447527, 8447537, 8447540, 8449494, 8447837, 8448056, 8449063, 8449176, 8449274]","[8446599, 8446601, 8446759, 8448049, 8448214, 8448259, 8449667]","[8449804, 8450111]"
17,DET,19611962,"[8445108, 8445865, 8445906, 8446342, 8446595, 8446898, 8448000, 8447051, 8447093, 8447164, 8447260, 8447274, 8447502, 8447527, 8447536, 8447537, 8447540, 8447627, 8448347, 8449176, 8449274]","[8446513, 8446599, 8446601, 8446783, 8448049, 8448194, 8448214, 8449667]","[8449804, 8450111]"
17,DET,19621963,"[8445865, 8445906, 8446143, 8446195, 8446342, 8447730, 8448000, 8447051, 8447093, 8447117, 8447284, 8447536, 8447537, 8447540, 8447817, 8448213, 8449074, 8449176, 8449274]","[8445020, 8446513, 8446601, 8446714, 8447611, 8448049, 8448214, 8449667]","[8449804, 8450100, 8450111]"
17,DET,19631964,"[8445865, 8445906, 8446195, 8447496, 8447730, 8448000, 8447051, 8447117, 8447274, 8447536, 8447537, 8447540, 8447579, 8447627, 8447817, 8447845, 8448213, 8449074, 8449197, 8449274]","[8445020, 8445835, 8446513, 8446599, 8446601, 8446714, 8447019, 8447322, 8447873, 8447875, 8447906, 8448214, 8449132, 8449370]","[8449804, 8449852, 8449859, 8449986, 8450109, 8450111]"
17,DET,19641965,"[8445865, 8445906, 8446342, 8446670, 8447496, 8447730, 8448000, 8447051, 8447117, 8447274, 8447500, 8447536, 8447537, 8447540, 8447579, 8447627, 8447921, 8448099, 8448137, 8448213, 8449074, 8449274]","[8445020, 8445070, 8446513, 8446599, 8446601, 8447322, 8448214, 8449132, 8449321, 8449370]","[8449859, 8450147]"
17,DET,19651966,"[8445032, 8445865, 8446342, 8446670, 8446707, 8447730, 8448000, 8447537, 8447540, 8449062, 8447627, 8447744, 8447792, 8447921, 8448137, 8448191, 8448354, 8449074, 8449274]","[8445020, 8445070, 8445111, 8445341, 8445764, 8446434, 8446513, 8446599, 8446601, 8449206, 8447710, 8449132, 8449321, 8449367, 8449370]","[8449804, 8449859, 8449967]"
17,DET,19661967,"[8444856, 8445032, 8445313, 8445827, 8445865, 8446342, 8446670, 8447496, 8447730, 8448000, 8447048, 8447453, 8447537, 8447540, 8449062, 8447744, 8448137, 8448191, 8448354, 8448423, 8449074, 8451870, 8449274]","[8445070, 8445111, 8445764, 8446189, 8446599, 8446601, 8446728, 8449206, 8447710, 8449321, 8449367, 8449667]","[8449804, 8449859, 8449967]"
17,DET,19671968,"[8444928, 8445160, 8445865, 8447496, 8446754, 8447730, 8448000, 8447048, 8448730, 8448846, 8447540, 8449044, 8449062, 8447619, 8447672, 8448137, 8448191, 8448322, 8448354, 8449074, 8449179, 8449274, 8452086]","[8445070, 8445764, 8445945, 8446189, 8446599, 8449206, 8447710, 8449132, 8449214, 8449370, 8449667]","[8449859, 8449915, 8449967]"
17,DET,19681969,"[8444928, 8445521, 8445865, 8446747, 8448000, 8448730, 8447362, 8448846, 8447540, 8449044, 8449062, 8447672, 8447885, 8448191, 8449113, 8449130, 8449179, 8452086]","[8445036, 8445070, 8445764, 8445945, 8446189, 8446714, 8447666, 8448178, 8449370]","[8449859, 8449915, 8450111]"
17,DET,19691970,"[8445521, 8446253, 8445855, 8445865, 8446747, 8448000, 8447138, 8448846, 8447540, 8449044, 8447672, 8447883, 8447885, 8449130, 8449179, 8452086, 8449307]","[8445036, 8445070, 8445696, 8446714, 8447666, 8447807, 8448178, 8448249, 8448437, 8449370]","[8449859, 8449915]"
17,DET,19701971,"[8445067, 8446044, 8445505, 8445521, 8445855, 8445865, 8445998, 8448000, 8447138, 8447239, 8447362, 8448846, 8448892, 8447540, 8449044, 8447672, 8447872, 8447885, 8450736, 8449023, 8449179, 8452086, 8449307, 8452360]","[8445036, 8445070, 8445181, 8445710, 8446189, 8446714, 8447666, 8447286, 8449110, 8448010, 8448373, 8448437]","[8449915, 8449985, 8450037, 8451076]"
17,DET,19711972,"[8445067, 8445129, 8446044, 8445505, 8445511, 8445865, 8446430, 8445998, 8447094, 8447138, 8448846, 8447744, 8450736, 8448427, 8449207, 8449307, 8452360]","[8445070, 8445181, 8446189, 8446714, 8447666, 8447106, 8447286, 8449110, 8448010, 8451624, 8449321]","[8449844, 8446290, 8451474]"
17,DET,19721973,"[8444997, 8445067, 8445129, 8446044, 8445505, 8445530, 8445865, 8446430, 8445998, 8446340, 8446978, 8446653, 8447929, 8447138, 8447339, 8448846, 8450736, 8448427]","[8445070, 8445445, 8446434, 8447106, 8447286, 8447968, 8448003, 8451624]","[8449844, 8449866, 8449915]"
17,DET,19731974,"[8444997, 8445067, 8445129, 8446044, 8445505, 8445862, 8445865, 8446430, 8445998, 8446340, 8446978, 8446653, 8447929, 8447049, 8448525, 8447339, 8448846, 8447529, 8450631, 8450736, 8448354, 8451731]","[8445070, 8445445, 8446736, 8446336, 8447482, 8446717, 8446959, 8447106, 8447531, 8447802, 8447836, 8448003, 8451624, 8449367, 8449591]","[8449866, 8449915, 8447354, 8449491, 8450829, 8451076]"
17,DET,19741975,"[8444882, 8445067, 8445430, 8445101, 8446044, 8446430, 8445951, 8447352, 8447929, 8447049, 8448525, 8447240, 8448846, 8448866, 8447672, 8447742, 8449440, 8447914, 8448035, 8450495, 8450631, 8450736, 8448353, 8448354, 8449112, 8451731]","[8445298, 8445070, 8445445, 8445764, 8447209, 8447482, 8447531, 8447836, 8447973, 8448617, 8449367]","[8447354, 8449491, 8450829, 8451076]"
17,DET,19751976,"[8445430, 8445101, 8447352, 8446729, 8446846, 8447774, 8447929, 8448525, 8448731, 8448846, 8448866, 8449104, 8447600, 8447631, 8447742, 8449440, 8450495, 8450736, 8448353, 8449373, 8449600]","[8445298, 8445877, 8447209, 8447482, 8447568, 8448695, 8447973, 8448617, 8449367]","[8449979, 8447354, 8449426, 8450829, 8451076]"
17,DET,19761977,"[8445430, 8445073, 8445101, 8446105, 8447352, 8446729, 8447774, 8447147, 8447353, 8448731, 8448846, 8448866, 8449104, 8447631, 8447742, 8449440, 8450495, 8448335, 8451172, 8449004, 8452456]","[8445877, 8447209, 8447482, 8447568, 8448363, 8448695, 8448708, 8449772, 8447973, 8451239, 8449367]","[8449979, 8450829, 8451076, 8452477]"
17,DET,19771978,"[8445430, 8445643, 8446104, 8447352, 8447774, 8446967, 8447353, 8448731, 8448846, 8448866, 8449104, 8449377, 8447767, 8449809, 8450475, 8450495, 8448335, 8451324, 8451741, 8451892, 8452506, 8449635]","[8445445, 8445877, 8447209, 8447482, 8447568, 8447839, 8448363, 8448708, 8449626, 8452196]","[8449979, 8448891, 8451076]"
17,DET,19781979,"[8445599, 8445981, 8446104, 8446329, 8447774, 8447929, 8448599, 8447353, 8448731, 8448846, 8448866, 8449377, 8449809, 8450341, 8450475, 8450495, 8451355, 8451387, 8451741, 8451892, 8452506]","[8445445, 8445877, 8447220, 8447482, 8447552, 8447568, 8447839, 8448025, 8448363, 8448708, 8449626, 8451835]","[8451076, 8452122]"
17,DET,19791980,"[8445599, 8446876, 8447800, 8447929, 8448599, 8448914, 8449062, 8449377, 8449809, 8449972, 8450341, 8450409, 8450495, 8451172, 8451580, 8451892, 8452360, 8452506]","[8445445, 8446099, 8447482, 8447839, 8448025, 8448363, 8448523, 8448708, 8448876, 8449626, 8452196]","[8451076, 8452122]"
17,DET,19801981,"[8445546, 8446329, 8446876, 8446996, 8447800, 8448144, 8448503, 8448599, 8448914, 8449062, 8449320, 8449377, 8449809, 8449972, 8450221, 8450341, 8450495, 8451493, 8451892, 8452506]","[8445276, 8445520, 8447482, 8448025, 8448363, 8448523, 8448708, 8449626, 8451538, 8452196]","[8447170, 8448275, 8448749, 8448899, 8451076]"
17,DET,19811982,"[8445546, 8446876, 8446996, 8447062, 8448503, 8448873, 8448870, 8448914, 8449377, 8449440, 8449735, 8449809, 8449934, 8449972, 8450073, 8450221, 8450341, 8451493, 8451513, 8452150, 8452506]","[8445276, 8446099, 8448025, 8448363, 8448523, 8448708, 8451241, 8451531]","[8447170, 8448749, 8449582, 8451143, 8451701]"
17,DET,19821983,"[8445546, 8445591, 8446217, 8455965, 8446939, 8446950, 8447062, 8448503, 8448505, 8448729, 8448873, 8448870, 8449440, 8449972, 8450073, 8450221, 8450495, 8451028, 8451493, 8451513, 8451584, 8452364, 8452506]","[8445276, 8445893, 8448025, 8448363, 8448616, 8448708, 8451241, 8451531, 8451938]","[8447170, 8449582, 8451076, 8451701]"
17,DET,19831984,"[8445169, 8445591, 8446217, 8446531, 8446522, 8446939, 8446996, 8447062, 8448289, 8448326, 8448505, 8448655, 8448870, 8448982, 8449934, 8449972, 8450221, 8451493, 8451741, 8452506, 8452578]","[8445276, 8445893, 8448616, 8448708, 8449121, 8449555, 8450206, 8451531]","[8447927, 8449582, 8449618, 8451701]"
17,DET,19841985,"[8445169, 8445591, 8445789, 8446034, 8446531, 8446939, 8447001, 8447062, 8448505, 8448519, 8448655, 8448870, 8449972, 8451361, 8451386, 8451493, 8452457, 8452578]","[8445276, 8445893, 8446037, 8448616, 8448708, 8449121, 8450206, 8451531, 8451938, 8452583]","[8449582, 8449618, 8451701]"
17,DET,19851986,"[8445789, 8445983, 8446072, 8446531, 8446546, 8446939, 8447001, 8447062, 8448326, 8448505, 8448490, 8448519, 8448655, 8448870, 8449498, 8449565, 8449951, 8449972, 8450561, 8451327, 8451600, 8451686, 8452575, 8452578]","[8445276, 8446972, 8447981, 8448616, 8448708, 8448762, 8449420, 8449555, 8449941, 8450811, 8451531, 8451587, 8452206, 8452583]","[8448628, 8449582, 8449618, 8450626, 8451701]"
17,DET,19861987,"[8445118, 8445273, 8445685, 8445789, 8445983, 8446072, 8447001, 8447812, 8448326, 8448490, 8448519, 8448541, 8448563, 8448641, 8449498, 8449751, 8449951, 8449972, 8450561, 8451255, 8451327, 8452578]","[8446051, 8446372, 8447481, 8448616, 8448811, 8449905, 8449941, 8451329, 8451587, 8452206, 8452583]","[8447505, 8448628, 8451743, 8451701]"
17,DET,19871988,"[8445118, 8445273, 8445685, 8445789, 8446029, 8446544, 8446791, 8447001, 8447364, 8447812, 8448487, 8448490, 8448519, 8448541, 8448563, 8449281, 8449751, 8449884, 8449951, 8450561, 8452578]","[8446051, 8446372, 8447481, 8447981, 8448811, 8449905, 8449941, 8450257, 8451329, 8451587, 8452206, 8452583]","[8446637, 8447505, 8451743, 8451701]"
17,DET,19881989,"[8445273, 8445723, 8445789, 8446029, 8446791, 8446981, 8447001, 8447364, 8447812, 8448123, 8448487, 8448490, 8448519, 8448541, 8448981, 8449450, 8449751, 8449884, 8449951, 8450561, 8450920, 8452578]","[8445559, 8446051, 8446372, 8447481, 8447981, 8449663, 8449905, 8449941, 8450257, 8451329, 8452583]","[8446082, 8447505, 8451743, 8451701]"
17,DET,19891990,"[8444898, 8445273, 8445789, 8445979, 8446029, 8446544, 8446803, 8446791, 8447001, 8447364, 8447440, 8448455, 8448490, 8448519, 8449354, 8449450, 8449445, 8449462, 8449565, 8449751, 8449884, 8450561, 8450920, 8451331, 8452578]","[8446051, 8446418, 8447981, 8448529, 8449663, 8449723, 8449905, 8449941, 8450359, 8450658, 8451102, 8452583]","[8446082, 8447505, 8451743, 8451701]"
17,DET,19901991,"[8445273, 8445489, 8445789, 8445979, 8446029, 8446788, 8446791, 8447001, 8447071, 8447440, 8448455, 8448499, 8448519, 8449354, 8449399, 8449450, 8449607, 8450504, 8450550, 8450561, 8451331, 8458020, 8451359, 8452148, 8452571, 8452578]","[8446051, 8446238, 8446455, 8446435, 8447402, 8447981, 8448482, 8448675, 8449175, 8449403, 8449905, 8450658, 8452444, 8452583]","[8445458, 8446082, 8446052, 8447005, 8447505]"
17,DET,19911992,"[8445789, 8445979, 8446252, 8455984, 8446788, 8446791, 8447001, 8447071, 8448455, 8448467, 8448499, 8456887, 8458524, 8448980, 8449607, 8450504, 8450550, 8450561, 8451343, 8451359, 8451849, 8452148, 8452571, 8452578]","[8446051, 8446238, 8446435, 8456870, 8457063, 8449175, 8449403, 8449442, 8450658, 8452583]","[8445458, 8446082, 8449627, 8450834]"
17,DET,19921993,"[8445789, 8445979, 8446063, 8455984, 8456106, 8446788, 8447001, 8456597, 8448455, 8456887, 8458524, 8449972, 8450550, 8450561, 8451343, 8451359, 8451849, 8452148, 8452571, 8452578]","[8446051, 8446117, 8446435, 8448002, 8448521, 8456870, 8448482, 8457063, 8449403, 8450658, 8458468]","[8446082, 8450834]"
17,DET,19931994,"[8455408, 8445789, 8446063, 8456106, 8446485, 8446788, 8456734, 8448455, 8456887, 8458524, 8449093, 8458982, 8450269, 8450550, 8450561, 8451343, 8451359, 8458192, 8452578]","[8458953, 8445920, 8446051, 8446117, 8447458, 8448002, 8448521, 8456870, 8448482, 8457063, 8458519, 8458468]","[8446082, 8446719, 8448142, 8458568, 8450834]"
17,DET,19941995,"[8445730, 8445789, 8446063, 8446485, 8446715, 8446788, 8447386, 8456734, 8456887, 8448566, 8458524, 8458982, 8457318, 8450550, 8451343, 8451359, 8458192, 8452578]","[8445920, 8446117, 8446792, 8446789, 8447458, 8448002, 8456870, 8457063, 8450645, 8451022, 8458519, 8458468]","[8458568, 8452217]"
17,DET,19951996,"[8445730, 8446063, 8460540, 8446485, 8446715, 8446788, 8447386, 8456734, 8456887, 8458524, 8448669, 8459001, 8458982, 8450550, 8451343, 8458192, 8452285, 8452578]","[8445428, 8446117, 8459443, 8446789, 8456870, 8457063, 8458546, 8450645, 8451022]","[8459357, 8458568, 8452217]"
17,DET,19961997,"[8445730, 8460540, 8446485, 8446715, 8446788, 8447386, 8460743, 8456734, 8458590, 8448519, 8456887, 8458524, 8448669, 8457186, 8459001, 8458982, 8451122, 8451302, 8458192, 8452578]","[8459443, 8446789, 8456870, 8457063, 8449745, 8458546, 8450645, 8451022, 8458519]","[8459357, 8458568, 8452217]"
17,DET,19971998,"[8445730, 8460540, 8446485, 8446788, 8447177, 8460743, 8458590, 8448519, 8456887, 8462087, 8458524, 8448669, 8459001, 8458982, 8451302, 8452578]","[8459443, 8446789, 8460513, 8457063, 8449009, 8458672, 8449745, 8458546, 8451022, 8458519]","[8459357, 8459549, 8458568]"
17,DET,19981999,"[8462080, 8445730, 8446085, 8460540, 8446485, 8446788, 8447177, 8460743, 8448490, 8448519, 8456887, 8462087, 8458524, 8448669, 8459001, 8458982, 8460061, 8451302, 8452578]","[8446053, 8459443, 8447187, 8460513, 8447981, 8448554, 8457063, 8449009, 8449745, 8451107, 8458519]","[8459357, 8459549, 8458568, 8450651]"
17,DET,19992000,"[8445730, 8466183, 8460540, 8446485, 8446788, 8447177, 8460743, 8456887, 8462087, 8458524, 8448669, 8459001, 8458982, 8459298, 8460061, 8451302, 8452216, 8466286, 8452578]","[8446053, 8446494, 8467349, 8447187, 8460513, 8457063, 8449745, 8464976, 8458519]","[8459308, 8458568, 8452535]"
17,DET,20002001,"[8445730, 8466183, 8460540, 8464960, 8446485, 8446788, 8447177, 8460743, 8456887, 8458524, 8448669, 8459001, 8458982, 8451302, 8452216, 8468789, 8452578]","[8446053, 8446494, 8467349, 8447187, 8462056, 8457063, 8449745, 8464976, 8458519]","[8459308, 8458568]"
17,DET,20012002,"[8468224, 8466183, 8460540, 8467514, 8464960, 8446485, 8446788, 8447177, 8460743, 8448091, 8460663, 8448669, 8459001, 8458982, 8450941, 8451302, 8468789, 8452578]","[8446053, 8446494, 8467349, 8448554, 8462056, 8457063, 8449971, 8458052, 8464976]","[8447687, 8459308]"
17,DET,20022003,"[8468224, 8460540, 8467514, 8464960, 8446485, 8446788, 8460743, 8448091, 8448669, 8459001, 8458982, 8450941, 8460061, 8451302, 8468789, 8452578, 8468083]","[8459490, 8469701, 8446053, 8467349, 8462056, 8457063, 8451224, 8464976, 8458454]","[8448382, 8459308]"
17,DET,20032004,"[8467381, 8468732, 8460540, 8467514, 8464960, 8446485, 8460743, 8470201, 8448091, 8456966, 8459001, 8458982, 8449607, 8467323, 8470418, 8451302, 8451898, 8458537, 8468789, 8452578, 8468083]","[8446053, 8467349, 8456531, 8468509, 8457063, 8459550, 8459484, 8451224, 8458454]","[8447687, 8448382, 8459028, 8459308]"
17,DET,20052006,"[8466149, 8467514, 8446485, 8470047, 8471309, 8460743, 8470201, 8468518, 8456966, 8462062, 8459001, 8467323, 8467463, 8451302, 8468789, 8452578, 8468083]","[8446053, 8458929, 8467349, 8468509, 8471187, 8457063, 8468534, 8470724, 8459484, 8451224, 8458454]","[8470657, 8459308, 8458568]"
17,DET,20062007,"[8459444, 8468732, 8466260, 8466149, 8467514, 8446485, 8470018, 8470047, 8471309, 8460743, 8470201, 8467564, 8468518, 8456966, 8466200, 8459001, 8467463, 8468789, 8468083]","[8446053, 8468509, 8471187, 8457063, 8468534, 8462258, 8470061, 8459636, 8470724, 8451224]","[8447687, 8469732, 8458568]"
17,DET,20072008,"[8471716, 8466149, 8467514, 8465992, 8456106, 8446485, 8470018, 8470047, 8471309, 8469997, 8471794, 8460743, 8470201, 8468518, 8459001, 8458982, 8471668, 8467463, 8468083]","[8446053, 8470318, 8468509, 8471187, 8457063, 8468534, 8470061, 8470724, 8467856, 8471011, 8467331]","[8447687, 8470657, 8458568]"
17,DET,20082009,"[8471716, 8466149, 8467514, 8465992, 8446485, 8470047, 8471309, 8471794, 8460743, 8466148, 8470201, 8468518, 8474551, 8459001, 8458982, 8467463, 8468083]","[8446053, 8470318, 8468509, 8471187, 8457063, 8468534, 8470061, 8467856, 8467331]","[8469152, 8470657, 8458568]"
17,DET,20092010,"[8471716, 8459444, 8466149, 8467514, 8446485, 8470622, 8470047, 8471309, 8471794, 8460743, 8474551, 8459001, 8457261, 8470778, 8470232, 8471668, 8468789, 8468083]","[8470318, 8467928, 8471693, 8468509, 8471187, 8457063, 8468534, 8470061, 8467856, 8467331]","[8470657, 8458568]"
17,DET,20102011,"[8471716, 8459444, 8466149, 8467514, 8446485, 8470622, 8473558, 8470047, 8471309, 8471794, 8460743, 8470201, 8470778, 8449645, 8473569, 8475193, 8468083]","[8470318, 8467928, 8471693, 8468509, 8457063, 8467856, 8464962, 8467331]","[8470657, 8469732, 8474591, 8458568]"
17,DET,20112012,"[8471716, 8474168, 8459444, 8474552, 8466149, 8472368, 8467514, 8470622, 8473558, 8470047, 8471309, 8471794, 8460743, 8470201, 8470778, 8473569, 8474679, 8475772, 8468083]","[8467915, 8470318, 8467928, 8471693, 8468509, 8457063, 8470724, 8474090, 8467331, 8470273]","[8469152, 8470657, 8469732]"
17,DET,20122013,"[8471716, 8474168, 8459444, 8477059, 8466149, 8467514, 8470622, 8473558, 8470047, 8471309, 8471794, 8470778, 8473569, 8474679, 8467463, 8475772, 8475193, 8469547, 8468083]","[8469470, 8477215, 8470318, 8467478, 8471693, 8468509, 8474873, 8470724, 8474090, 8470273]","[8475361, 8470657, 8475852]"
17,DET,20132014,"[8471716, 8460621, 8474168, 8459444, 8475296, 8466149, 8467514, 8470622, 8473558, 8475157, 8471309, 8476822, 8471794, 8476430, 8467330, 8470778, 8474679, 8475800, 8467463, 8475772, 8475193, 8469547, 8469457, 8468083]","[8475332, 8477215, 8470318, 8471693, 8468509, 8474873, 8476289, 8476443, 8470724, 8474090, 8476450]","[8475361, 8470657, 8475852]"
17,DET,20142015,"[8471716, 8474168, 8466149, 8467396, 8467514, 8475157, 8471309, 8476822, 8471794, 8476430, 8470778, 8475250, 8474679, 8475800, 8475772, 8475193, 8469457, 8468083]","[8477215, 8470318, 8471693, 8468509, 8474873, 8476289, 8476443, 8470724, 8474090, 8469623]","[8475361, 8470657, 8474591, 8475852]"
17,DET,20152016,"[8471716, 8474168, 8476960, 8467514, 8475157, 8471309, 8476822, 8471794, 8476430, 8477946, 8477511, 8470778, 8477931, 8474679, 8475800, 8467389, 8475772, 8474025, 8475193, 8468083]","[8477215, 8470318, 8471242, 8471693, 8468509, 8476289, 8476443, 8470724, 8474090]","[8470657, 8475852]"
17,DET,20162017,"[8471716, 8476960, 8477479, 8475296, 8476822, 8471794, 8476430, 8477946, 8478371, 8477511, 8470778, 8470144, 8477931, 8474679, 8468505, 8475772, 8476043, 8478431, 8475193, 8470598, 8468083]","[8477215, 8470318, 8471242, 8475324, 8468509, 8474873, 8476289, 8476443, 8479252, 8476418, 8474090, 8476450]","[8477225, 8470657, 8475852]"
17,DET,20172018,"[8471716, 8476960, 8477479, 8471266, 8476924, 8476822, 8471794, 8477946, 8477511, 8470144, 8474679, 8475772, 8478431, 8475193, 8477994, 8476293, 8468083]","[8470110, 8477215, 8470318, 8471242, 8478176, 8475324, 8468509, 8474873, 8476443, 8474722]","[8477225, 8470657, 8475852]"
17,DET,20182019,"[8471716, 8476960, 8477479, 8477455, 8478036, 8476924, 8476822, 8471794, 8481433, 8481426, 8477946, 8477511, 8475263, 8470144, 8474679, 8476477, 8479992, 8477994, 8470598, 8480821]","[8477474, 8477865, 8479395, 8470110, 8477215, 8470318, 8471242, 8478176, 8479425, 8475324, 8468509, 8474873, 8475795, 8480161, 8474722]","[8473541, 8480363, 8470657]"
17,DET,20192020,"[8471716, 8476960, 8477479, 8477455, 8478036, 8477454, 8477952, 8470047, 8474040, 8476822, 8471794, 8481433, 8477946, 8477511, 8470144, 8477943, 8479379, 8478431, 8478857, 8480821]","[8473415, 8477474, 8479395, 8470110, 8477215, 8470318, 8474597, 8471242, 8478176, 8479425, 8474873, 8480184, 8475795, 8475747]","[8473541, 8477480, 8470657, 8475717]"
17,DET,20202021,"[8477479, 8482240, 8477454, 8477952, 8470047, 8474040, 8476822, 8471794, 8481433, 8477946, 8477511, 8476480, 8470144, 8475209, 8479992, 8471676, 8479379, 8478431, 8480813, 8477944, 8480821]","[8473415, 8479395, 8477215, 8477043, 8479425, 8480184, 8475750, 8475747, 8471686, 8479442]","[8473541, 8471306, 8475717]"
17,DET,20212022,"[8477003, 8477479, 8479304, 8476505, 8477454, 8477952, 8474040, 8481433, 8477946, 8476480, 8478486, 8479992, 8482078, 8477240, 8476966, 8479379, 8478477, 8476897, 8480459, 8480813, 8477944, 8480821]","[8477215, 8479425, 8479355, 8475181, 8480184, 8477851, 8479252, 8481542, 8471686, 8479442, 8478013, 8474722]","[8471306, 8476433, 8477968, 8475717]"
17,DET,20222023,"[8481013, 8477479, 8475163, 8477429, 8478512, 8477454, 8477952, 8481433, 8483464, 8477330, 8477946, 8479644, 8474102, 8479992, 8482078, 8479379, 8481725, 8476897, 8480459, 8480813, 8477944, 8480821]","[8475279, 8482762, 8477462, 8479425, 8480184, 8476874, 8477851, 8481542, 8478013]","[8476433, 8478024, 8477968]"
17,DET,20232024,"[8477456, 8477429, 8479337, 8477952, 8474141, 8477946, 8479992, 8482078, 8480813]","[8475279, 8482762, 8475718, 8476874, 8473507, 8481542]","[8478024, 8479312]"
17,DET,20242025,"[8481013, 8477456, 8477429, 8479337, 8474141, 8483464, 8477946, 8482802, 8477353, 8479992, 8482078, 8475225, 8475765]","[8475279, 8482762, 8476979, 8475718, 8481607, 8478021, 8473507, 8481542]","[8479312, 8475852, 8475660]"
4,PHI,19671968,"[8444952, 8445084, 8445943, 8446577, 8446692, 8446858, 8446889, 8447099, 8447164, 8448612, 8447274, 8448031, 8448079, 8448135, 8448427, 8448966, 8449197, 8449207, 8449605]","[8445006, 8445341, 8446574, 8446690, 8447584, 8447873, 8448129, 8449299, 8449371, 8449679]","[8446794, 8450178]"
4,PHI,19681969,"[8445446, 8445084, 8445302, 8445943, 8446577, 8446692, 8446765, 8447099, 8447164, 8448612, 8447274, 8447829, 8448031, 8448079, 8448135, 8448427, 8448786, 8448966, 8449154, 8449207]","[8445366, 8446663, 8447584, 8447873, 8449155, 8449299, 8449371, 8449679]","[8446794, 8450178]"
4,PHI,19691970,"[8445446, 8446098, 8445943, 8446577, 8446765, 8447099, 8448612, 8447897, 8448031, 8448079, 8448135, 8448786, 8449207]","[8445006, 8445366, 8446560, 8446324, 8446663, 8446864, 8446865, 8447584, 8449299, 8449371]","[8446794, 8450178, 8450148]"
4,PHI,19701971,"[8445446, 8446098, 8445943, 8446577, 8446765, 8447099, 8448444, 8448612, 8448804, 8448982, 8447897, 8448031, 8448135, 8448924, 8448935, 8449207, 8449210]","[8444980, 8445179, 8446663, 8446864, 8446865, 8446959, 8447584, 8447589, 8449299, 8449371]","[8446794, 8449959, 8450178]"
4,PHI,19711972,"[8445446, 8446098, 8446100, 8445943, 8445951, 8446866, 8446577, 8447099, 8447117, 8447145, 8448444, 8448804, 8448882, 8448982, 8447853, 8447897, 8448031, 8450198, 8450467, 8451100, 8448786, 8451245, 8449635]","[8444980, 8445179, 8445710, 8446336, 8446663, 8446865, 8446959, 8447584, 8447589, 8450508, 8449299, 8449371]","[8446794, 8449959, 8450037, 8450123]"
4,PHI,19721973,"[8445252, 8446098, 8446100, 8445816, 8445943, 8446866, 8448444, 8448495, 8448882, 8448982, 8448031, 8450467, 8451100, 8451245, 8449635]","[8444980, 8445520, 8445179, 8446530, 8446865, 8446959, 8450508, 8449299, 8452319, 8449371]","[8449811, 8446794, 8450123]"
4,PHI,19731974,"[8445252, 8446098, 8446100, 8445749, 8445816, 8445943, 8446866, 8448444, 8448495, 8448882, 8448915, 8448982, 8448031, 8451100, 8451245]","[8444980, 8445520, 8446530, 8447286, 8449299, 8452319, 8449371]","[8450178, 8450123]"
4,PHI,19741975,"[8445252, 8445112, 8446098, 8446100, 8445816, 8445943, 8448444, 8448495, 8448729, 8448882, 8448982, 8448067, 8451100, 8451245, 8451385]","[8445520, 8446530, 8447293, 8446717, 8447286, 8449436, 8449299, 8452319, 8449371]","[8450178, 8451695, 8450123]"
4,PHI,19751976,"[8445252, 8445685, 8446098, 8445816, 8445943, 8447934, 8448444, 8448495, 8448729, 8448882, 8448982, 8451100, 8451245, 8451385, 8449635]","[8445520, 8446530, 8447293, 8449436, 8449772, 8449299, 8452319, 8449371]","[8448175, 8450048, 8450178, 8451695, 8450123]"
4,PHI,19761977,"[8445252, 8445056, 8445685, 8445860, 8446098, 8445505, 8445816, 8445943, 8447819, 8447934, 8448444, 8448495, 8448729, 8448882, 8448982, 8450090, 8448335, 8451100]","[8445270, 8445520, 8446291, 8446530, 8447293, 8448695, 8449436, 8449772, 8451802, 8452319, 8449371]","[8448175, 8450178, 8451695]"
4,PHI,19771978,"[8445252, 8445056, 8445685, 8445860, 8446098, 8446274, 8446349, 8445943, 8446522, 8447819, 8447934, 8448019, 8448444, 8448495, 8448729, 8448882, 8448982, 8451100]","[8445298, 8445520, 8446291, 8446530, 8448695, 8449346, 8452319, 8449371]","[8450178, 8451626, 8451695]"
4,PHI,19781979,"[8445252, 8445685, 8445860, 8446098, 8446349, 8446522, 8446741, 8447302, 8447819, 8447934, 8448019, 8448444, 8448729, 8448857, 8448894, 8448982, 8450540, 8451100, 8452220]","[8445270, 8445298, 8446111, 8446291, 8446530, 8448695, 8449346, 8449772, 8452319, 8452492]","[8449691, 8450178, 8450343, 8451626, 8451695]"
4,PHI,19791980,"[8445252, 8445685, 8446098, 8447042, 8447188, 8447302, 8447819, 8447934, 8448444, 8448729, 8448857, 8448982, 8449704, 8450090, 8450595, 8452220]","[8445270, 8445298, 8445798, 8446291, 8446530, 8449436, 8450235, 8452319, 8452370, 8452492]","[8449784, 8450343, 8451626]"
4,PHI,19801981,"[8444898, 8445252, 8445685, 8446098, 8446741, 8446869, 8447302, 8447819, 8447934, 8448471, 8448729, 8448857, 8448982, 8449704, 8450540, 8450595]","[8445211, 8445270, 8445298, 8445798, 8446111, 8446291, 8446711, 8449436, 8449772, 8452319, 8452370, 8452492]","[8449784, 8450343, 8451626]"
4,PHI,19811982,"[8444898, 8444913, 8445252, 8445685, 8446007, 8446098, 8446869, 8447302, 8447819, 8447934, 8448471, 8448729, 8448857, 8449583, 8449704, 8450595, 8451383, 8451386, 8451867, 8452461]","[8445090, 8445211, 8445298, 8445626, 8446111, 8446291, 8446711, 8447918, 8449175, 8451559, 8452319, 8452492]","[8448853, 8450343, 8451626]"
4,PHI,19821983,"[8444913, 8445252, 8445683, 8445712, 8446007, 8446098, 8446741, 8446828, 8446869, 8447302, 8447934, 8448471, 8449583, 8450090, 8450512, 8450595, 8451383, 8451386, 8451793, 8451867, 8452461]","[8445090, 8445298, 8446111, 8446538, 8447918, 8448002, 8449175, 8449403, 8452492]","[8446982, 8448700, 8448853, 8451626]"
4,PHI,19831984,"[8444913, 8445252, 8445712, 8446007, 8446098, 8446828, 8446869, 8447435, 8447439, 8447934, 8448471, 8448982, 8450512, 8450595, 8451383, 8451386, 8451791, 8451793, 8451867]","[8445298, 8446111, 8446238, 8446538, 8446711, 8447941, 8448002, 8449175, 8449403, 8451653]","[8446982, 8448853]"
4,PHI,19841985,"[8444913, 8445421, 8445712, 8446007, 8446217, 8446828, 8447435, 8447439, 8448471, 8450221, 8450512, 8450595, 8451383, 8451517, 8451791, 8451793, 8451925, 8452574, 8452685]","[8446111, 8446238, 8446538, 8446711, 8447980, 8448002, 8449175, 8449403, 8451559, 8451758]","[8446982, 8448269, 8448853]"
4,PHI,19851986,"[8445434, 8445712, 8446007, 8446217, 8446618, 8446828, 8448471, 8449545, 8449657, 8449789, 8450221, 8450512, 8450595, 8451383, 8451517, 8451791, 8451793, 8451925, 8452685]","[8446238, 8446711, 8447980, 8448002, 8449175, 8449346, 8449403, 8450827, 8451559, 8451653, 8451758]","[8446982, 8448269, 8448853, 8450802]"
4,PHI,19861987,"[8444913, 8445440, 8445712, 8446007, 8446217, 8446450, 8446618, 8446970, 8447194, 8447819, 8448471, 8449545, 8449789, 8450512, 8450595, 8451260, 8451383, 8451517, 8451793, 8451925, 8451922, 8452685]","[8446050, 8446238, 8446286, 8447980, 8448002, 8448048, 8449175, 8449346, 8449403, 8451105, 8451559, 8451570, 8451653, 8451710, 8451758]","[8446982, 8447775, 8450802]"
4,PHI,19871988,"[8445440, 8445712, 8446007, 8446217, 8446450, 8446618, 8446940, 8446970, 8447819, 8448471, 8448656, 8448691, 8449545, 8449763, 8449789, 8450512, 8450595, 8451016, 8451260, 8451383, 8451517, 8451793, 8451925, 8452685]","[8446050, 8446238, 8446286, 8446796, 8448002, 8448025, 8448048, 8449175, 8450905, 8451010, 8451105, 8451570, 8451710, 8451758]","[8447775, 8448628, 8452576]"
4,PHI,19881989,"[8444897, 8445440, 8445712, 8445771, 8446217, 8446450, 8446618, 8446970, 8447563, 8448471, 8449545, 8449789, 8450512, 8450595, 8451016, 8451260, 8451253, 8451383, 8451517, 8451778, 8451793, 8451925, 8452685]","[8445920, 8446050, 8446796, 8448002, 8448048, 8449122, 8449754, 8451105, 8452366]","[8446306, 8447775, 8448628, 8452535]"
4,PHI,19891990,"[8444897, 8445283, 8445440, 8445463, 8445771, 8446217, 8446450, 8446618, 8446832, 8446970, 8447563, 8447963, 8448268, 8448471, 8448603, 8448857, 8449037, 8449545, 8449789, 8450512, 8450595, 8451383, 8451517, 8451778, 8451793, 8451925]","[8445266, 8445920, 8446050, 8446796, 8448002, 8448048, 8448677, 8449754, 8451094, 8451105, 8452366]","[8447775, 8447920, 8450343, 8452535]"
4,PHI,19901991,"[8444897, 8445065, 8445440, 8446217, 8456008, 8446618, 8446832, 8447963, 8447961, 8448268, 8448471, 8448547, 8448603, 8449545, 8449776, 8450269, 8450817, 8451517, 8451793, 8451925]","[8445266, 8445920, 8446050, 8446796, 8448002, 8448048, 8448677, 8449754, 8451059, 8451105, 8451116]","[8447775, 8447920, 8450343, 8452535]"
4,PHI,19911992,"[8444897, 8455646, 8445735, 8445712, 8455920, 8446217, 8446296, 8456008, 8446423, 8458564, 8446618, 8446970, 8447963, 8447961, 8448268, 8448366, 8448411, 8456874, 8448547, 8458652, 8449776, 8450269, 8450635, 8450725, 8450817, 8458036, 8451925, 8452285]","[8445419, 8445920, 8446494, 8446936, 8447004, 8448002, 8448048, 8448677, 8449122, 8449754, 8451105]","[8447775, 8457866, 8452535]"
4,PHI,19921993,"[8444897, 8445283, 8455575, 8455646, 8445735, 8445712, 8455752, 8455920, 8446423, 8446618, 8446735, 8456227, 8446791, 8448411, 8458515, 8458652, 8457451, 8450200, 8450269, 8450725, 8451596]","[8445419, 8458952, 8445920, 8446243, 8447004, 8447690, 8456683, 8449453, 8449797, 8458636]","[8445382, 8457866, 8458080]"
4,PHI,19931994,"[8455575, 8455646, 8445735, 8445712, 8455752, 8455920, 8455984, 8446408, 8446423, 8446618, 8456227, 8446791, 8456602, 8456874, 8448641, 8458515, 8450725, 8457785, 8451911, 8452225, 8458434]","[8458952, 8458600, 8446826, 8447004, 8447690, 8459498, 8457193, 8449453, 8450658, 8450642, 8452444, 8458636, 8452695]","[8446134, 8457866, 8458080]"
4,PHI,19941995,"[8445017, 8455575, 8445735, 8445712, 8446408, 8446423, 8446415, 8458564, 8446791, 8456759, 8448641, 8448622, 8458515, 8449020, 8459412, 8457704, 8450725, 8457785, 8451291]","[8444957, 8458952, 8446407, 8456149, 8447004, 8447477, 8457193, 8449453, 8451789, 8458202, 8458636, 8452695]","[8447775, 8457866]"
4,PHI,19951996,"[8445017, 8445735, 8446165, 8458508, 8446408, 8446423, 8446415, 8446487, 8458564, 8458516, 8446791, 8447685, 8456759, 8456849, 8456874, 8448622, 8458515, 8449020, 8459412, 8450088, 8457704, 8450635, 8457785, 8457847, 8451291]","[8458952, 8458600, 8446407, 8456149, 8447477, 8448048, 8451059, 8451105, 8451789, 8458202]","[8447775, 8457866, 8458075]"
4,PHI,19961997,"[8445735, 8456009, 8458557, 8446487, 8458516, 8460654, 8447685, 8459614, 8456849, 8456874, 8456932, 8448622, 8458515, 8450088, 8457704, 8459492, 8457785, 8464977]","[8458952, 8458600, 8446117, 8446407, 8456149, 8447477, 8448543, 8459458, 8450348, 8451059, 8451105, 8451789, 8458202]","[8447775, 8458075]"
4,PHI,19971998,"[8445735, 8459423, 8458557, 8446487, 8458516, 8460654, 8459425, 8459614, 8456849, 8456874, 8456932, 8448622, 8458515, 8459033, 8450088, 8457704, 8459492, 8451359, 8464977]","[8445208, 8446117, 8446407, 8448380, 8459174, 8459458, 8450824, 8451105, 8451789, 8458202]","[8445769, 8447775, 8458075]"
4,PHI,19981999,"[8444963, 8445440, 8445735, 8445775, 8459423, 8460654, 8459425, 8447383, 8448092, 8456745, 8456849, 8456874, 8456882, 8462036, 8448622, 8458515, 8459889, 8458566, 8460541, 8457704, 8450725, 8457785, 8451359, 8460660, 8462058, 8458385, 8458483, 8458485, 8464977]","[8445208, 8466092, 8445783, 8462416, 8446407, 8446494, 8456149, 8448380, 8459174, 8450824, 8451789, 8462165, 8458202]","[8447775, 8466165, 8452157]"
4,PHI,19992000,"[8444963, 8445440, 8445735, 8445775, 8467346, 8447383, 8448092, 8456745, 8462036, 8448622, 8458515, 8457203, 8459889, 8458566, 8449961, 8450550, 8450725, 8457785, 8451925, 8459499, 8458385, 8466392, 8458483]","[8445783, 8462416, 8446407, 8456149, 8467580, 8459536, 8459174, 8450824, 8451107, 8458202, 8452584]","[8462052, 8452157]"
4,PHI,20002001,"[8467500, 8466292, 8468172, 8467346, 8447383, 8467541, 8448092, 8456745, 8462036, 8467732, 8448622, 8457203, 8462068, 8458536, 8449961, 8450357, 8457686, 8450550, 8450653, 8450725, 8451711, 8465960, 8451925, 8459499, 8458385, 8468508]","[8462416, 8446407, 8459174, 8450824, 8459059, 8458202, 8458598]","[8462052, 8468651, 8467895]"
4,PHI,20012002,"[8465067, 8459246, 8467877, 8467500, 8459069, 8466292, 8468172, 8467346, 8462081, 8448622, 8468707, 8457203, 8462068, 8459521, 8449951, 8468081, 8450550, 8450653, 8450725, 8450978, 8451392, 8468438, 8451925, 8468508]","[8446407, 8460770, 8459174, 8450824, 8458048, 8467558, 8458202, 8452353]","[8462052, 8468651, 8458738]"
4,PHI,20022003,"[8455429, 8459246, 8467877, 8467342, 8466292, 8467346, 8447383, 8462129, 8462107, 8462114, 8448674, 8467732, 8448622, 8468707, 8462112, 8462068, 8459521, 8450550, 8450653, 8450725, 8450978, 8451093, 8467325, 8469544, 8467440, 8462127, 8458941, 8468508, 8460587]","[8446407, 8460770, 8459174, 8459035, 8469619, 8467558, 8458202, 8468213, 8452353, 8458636]","[8468651, 8465093]"
4,PHI,20032004,"[8455429, 8459246, 8467342, 8467964, 8466292, 8467346, 8462129, 8465028, 8462114, 8448674, 8467732, 8448622, 8460739, 8450550, 8467966, 8450725, 8450978, 8469544, 8462127, 8458385, 8468508, 8458487]","[8446407, 8460770, 8470905, 8457191, 8462258, 8470578, 8470137, 8459035, 8469619, 8458048, 8458202, 8459144, 8468213, 8452353]","[8445769, 8465093, 8447449, 8458738, 8467511]"
4,PHI,20052006,"[8459246, 8470604, 8467342, 8468028, 8470280, 8470244, 8458520, 8467346, 8469844, 8462129, 8462114, 8466184, 8458590, 8449807, 8470680, 8450550, 8467966, 8466230, 8470617, 8470674, 8458682, 8469544, 8465024, 8458125, 8469469]","[8446407, 8462050, 8456531, 8460770, 8470905, 8470578, 8470678, 8470137, 8469668, 8458940, 8469619, 8470023, 8458202]","[8465093, 8467511]"
4,PHI,20062007,"[8467397, 8466260, 8470604, 8468786, 8470005, 8468028, 8470280, 8470244, 8466292, 8458520, 8467346, 8470899, 8462185, 8465028, 8462114, 8458590, 8465220, 8449807, 8470680, 8470076, 8470617, 8466110, 8470674, 8457921, 8469469, 8470105, 8466266]","[8460500, 8470601, 8462050, 8467918, 8470317, 8456531, 8470905, 8468487, 8470743, 8470578, 8471692, 8470678, 8470137, 8469668, 8458940, 8469593, 8458595]","[8462047, 8465093, 8471444, 8468038, 8467511]"
4,PHI,20072008,"[8465067, 8464975, 8470604, 8468786, 8456100, 8471703, 8470280, 8467346, 8473512, 8473904, 8468486, 8462114, 8458590, 8470207, 8470680, 8459492, 8470617, 8470674, 8470375, 8473635, 8469469, 8470105]","[8470601, 8459469, 8470317, 8456531, 8470905, 8470743, 8457403, 8471692, 8470678, 8458954, 8459670, 8468213]","[8462047, 8467511]"
4,PHI,20082009,"[8465025, 8464975, 8470666, 8470604, 8468786, 8471703, 8467346, 8473512, 8469844, 8468486, 8474177, 8465028, 8458590, 8470207, 8462823, 8473568, 8473932, 8474225, 8470617, 8472248, 8470105]","[8469626, 8470640, 8470601, 8470192, 8475115, 8470317, 8470905, 8470743, 8471692, 8474579, 8475068, 8470996, 8459670, 8467369]","[8462047, 8467511]"
4,PHI,20092010,"[8465025, 8467361, 8464975, 8470666, 8470604, 8468786, 8467346, 8473512, 8468486, 8474177, 8471336, 8459094, 8474551, 8473568, 8473932, 8475381, 8470617, 8472248, 8474037]","[8471756, 8470640, 8470601, 8469477, 8471692, 8459424, 8470996, 8459670, 8470170]","[8475080, 8462052, 8471781, 8469548, 8468038]"
4,PHI,20102011,"[8467361, 8464975, 8470666, 8470604, 8473512, 8468486, 8475603, 8474551, 8473568, 8473932, 8470617, 8474736, 8462535, 8474037, 8471346, 8474892, 8470597]","[8471756, 8466145, 8470640, 8470601, 8475640, 8471236, 8458637, 8459424, 8470996, 8459670, 8467408]","[8475683, 8462052, 8468038]"
4,PHI,20112012,"[8464975, 8476461, 8473512, 8468486, 8475603, 8448208, 8473568, 8476177, 8474736, 8475170, 8473542, 8462535, 8474190, 8470171, 8474037, 8474161, 8474892, 8476158]","[8474631, 8470640, 8470601, 8471269, 8475640, 8465210, 8468534, 8475430, 8474163, 8471236, 8459424, 8459670, 8467408]","[8475683, 8468524]"
4,PHI,20122013,"[8475917, 8464975, 8476461, 8468172, 8467346, 8473512, 8467925, 8468486, 8458590, 8476872, 8475775, 8476177, 8474736, 8470816, 8475170, 8473542, 8462535, 8474190, 8470171, 8474161, 8474892, 8476158]","[8470601, 8468520, 8470774, 8471269, 8475640, 8467478, 8475395, 8475342, 8468534, 8475430, 8471236, 8474568, 8459670]","[8462052, 8468524, 8468038, 8473461]"
4,PHI,20132014,"[8475917, 8476461, 8471703, 8473512, 8467925, 8468486, 8467329, 8475775, 8470232, 8477290, 8476177, 8474736, 8470816, 8475170, 8474190, 8470171, 8471762, 8474161]","[8470601, 8459628, 8471269, 8475640, 8473584, 8471236, 8474568, 8468309, 8459670]","[8469548, 8476763, 8473461]"
4,PHI,20142015,"[8475917, 8477930, 8476393, 8476461, 8473512, 8471767, 8476872, 8467329, 8477290, 8476177, 8474736, 8475170, 8474190, 8475723, 8469469, 8471762, 8474161, 8473466]","[8475729, 8470601, 8469470, 8474584, 8476906, 8471269, 8475342, 8473584, 8475430, 8474568, 8468513, 8468309]","[8469548, 8473461, 8467972]"
4,PHI,20152016,"[8477930, 8476393, 8476461, 8474040, 8473512, 8476872, 8467329, 8476955, 8470644, 8477290, 8476177, 8475170, 8474190, 8469469, 8471762, 8474161, 8475738, 8473466]","[8474584, 8476906, 8475462, 8473584, 8475430, 8478563, 8474568, 8468513, 8468309]","[8473461, 8473607]"
4,PHI,20162017,"[8477930, 8476393, 8476461, 8470047, 8473512, 8470159, 8478439, 8476872, 8476955, 8479648, 8470644, 8477502, 8477290, 8476177, 8475170, 8474190, 8471762, 8480087, 8474161, 8475738, 8474668]","[8474584, 8476906, 8475462, 8477462, 8473584, 8475430, 8478500, 8468513, 8468309]","[8473461, 8473607, 8476932]"
4,PHI,20172018,"[8476461, 8470047, 8473512, 8477399, 8478439, 8476872, 8474627, 8476955, 8478067, 8478365, 8477502, 8479974, 8477290, 8476177, 8474190, 8474161, 8475738, 8474668]","[8475729, 8476906, 8475462, 8477462, 8473584, 8475430, 8473440, 8469665, 8478500, 8477948]","[8470880, 8479312, 8475852, 8473607]"
4,PHI,20182019,"[8477979, 8477473, 8476461, 8473512, 8477399, 8477451, 8475260, 8478439, 8476872, 8474627, 8478067, 8477502, 8479974, 8477290, 8474190, 8474037, 8475321, 8474161, 8478844, 8475738, 8474668]","[8477850, 8478017, 8476906, 8475462, 8477462, 8473584, 8479026, 8478500, 8477948]","[8470880, 8479394, 8479312, 8470093, 8473607, 8475717, 8476932, 8475660]"
4,PHI,20192020,"[8476404, 8477979, 8479382, 8476461, 8480797, 8480028, 8473512, 8474683, 8475763, 8478436, 8478439, 8476872, 8478067, 8477502, 8475752, 8477290, 8479424, 8473485, 8470775, 8479358, 8474037, 8474161, 8478844]","[8474027, 8478017, 8476906, 8477462, 8479026, 8471702, 8478500, 8477948]","[8470880, 8479394, 8479312]"
4,PHI,20202021,"[8479322, 8476404, 8477979, 8479382, 8482654, 8476461, 8480797, 8480028, 8473512, 8475763, 8478436, 8478439, 8479550, 8476872, 8478067, 8477502, 8479974, 8477290, 8480201, 8479358, 8474037, 8474161]","[8474027, 8478017, 8476906, 8476979, 8477462, 8479026, 8475613, 8478500, 8477948, 8481546, 8481178]","[8470880, 8479394, 8479312]"
4,PHI,20212022,"[8479322, 8474715, 8477979, 8473544, 8481553, 8477887, 8479382, 8482654, 8480220, 8476461, 8480797, 8480028, 8473512, 8475763, 8478173, 8478439, 8479550, 8476872, 8478067, 8479772, 8479933, 8480019, 8482243, 8470775, 8480015, 8474037, 8478051]","[8481521, 8474027, 8475246, 8475176, 8479534, 8478500, 8477499, 8477948, 8476372, 8471735, 8481546, 8481178]","[8479394, 8474889, 8478433]"
4,PHI,20222023,"[8479322, 8479356, 8477887, 8482654, 8480220, 8475235, 8482452, 8480797, 8482159, 8480028, 8475763, 8478173, 8478439, 8479550, 8476872, 8477962, 8480245, 8479772, 8476310, 8480015, 8474037, 8478051]","[8481521, 8474027, 8477950, 8480874, 8478500, 8477499, 8477948, 8476372, 8481546, 8481178]","[8481035, 8479394, 8478433]"
4,PHI,20232024,"[8480220, 8476461, 8475235, 8480797, 8482159, 8480028, 8477903, 8475793, 8478439, 8476872, 8480068, 8480015]","[8482142, 8475176, 8477499, 8477948, 8476372, 8481546, 8481178]","[8481035, 8478905]"
4,PHI,20242025,"[8481553, 8480220, 8476461, 8475235, 8485483, 8482159, 8477903, 8483461, 8478439, 8484387, 8481592, 8480068, 8480015]","[8482142, 8475176, 8477499, 8477948, 8476372, 8481546, 8481178]","[8481035, 8478905, 8482783]"
24,ANA,19931994,"[8445335, 8459459, 8455801, 8446165, 8446468, 8446733, 8447386, 8458775, 8448719, 8457065, 8457083, 8448841, 8459333, 8451093, 8451291, 8451392, 8451827, 8451914, 8452161, 8452147, 8452557]","[8446435, 8459359, 8446792, 8456595, 8447979, 8448416, 8448616, 8449461, 8449939, 8458504]","[8447715, 8459365, 8451837]"
24,ANA,19941995,"[8455801, 8446165, 8446468, 8446733, 8447386, 8459426, 8459477, 8448549, 8458888, 8448719, 8457065, 8459284, 8457905, 8451093, 8451291, 8451359, 8451827, 8452161, 8452147]","[8446376, 8446435, 8446792, 8459498, 8458582, 8448568, 8448616, 8457222, 8449461, 8460493, 8459249, 8458504, 8458468]","[8447715, 8459365]"
24,ANA,19951996,"[8445323, 8455752, 8458542, 8455801, 8446165, 8446468, 8446733, 8459256, 8459305, 8459426, 8459477, 8462035, 8458775, 8448549, 8458888, 8457065, 8457533, 8457570, 8458565, 8459284, 8457905, 8451093, 8457981, 8451291, 8451359, 8458996, 8452161, 8452147]","[8446376, 8446435, 8459498, 8458582, 8448616, 8457222, 8449461, 8458919, 8449971, 8460493, 8459249, 8458468]","[8447715, 8459365]"
24,ANA,19961997,"[8445017, 8459570, 8445323, 8445417, 8456118, 8459256, 8448225, 8459305, 8459426, 8459477, 8448569, 8459567, 8462084, 8458821, 8462137, 8457570, 8460541, 8458565, 8459828, 8459284, 8451089, 8451093, 8457981, 8458996, 8451901, 8452161]","[8446286, 8446435, 8458582, 8457222, 8458672, 8449971, 8450471, 8464962, 8459074, 8459452, 8459249]","[8447715, 8457559, 8459365]"
24,ANA,19971998,"[8459557, 8445017, 8459570, 8464989, 8456118, 8456430, 8448225, 8459305, 8459426, 8456857, 8459567, 8462084, 8460526, 8458821, 8457511, 8460541, 8458565, 8459284, 8451089, 8451093, 8451122, 8457981, 8451293, 8458996, 8451901, 8460601, 8459519, 8452569]","[8458962, 8459563, 8446286, 8446435, 8447981, 8458582, 8457222, 8458672, 8462057, 8458546, 8464962, 8459074, 8460594, 8459249]","[8459609, 8447715, 8459365]"
24,ANA,19981999,"[8459557, 8464989, 8460518, 8456118, 8456430, 8447386, 8459426, 8462084, 8460526, 8457319, 8449477, 8457511, 8459284, 8451122, 8457981]","[8459563, 8460051, 8447477, 8457222, 8449971, 8458546, 8464962, 8459074, 8460087, 8460594]","[8459609, 8447715, 8457866]"
24,ANA,19992000,"[8459557, 8466179, 8459570, 8464989, 8460518, 8456087, 8456118, 8447386, 8448017, 8460713, 8459426, 8460663, 8462084, 8457319, 8449477, 8449633, 8457511, 8459284, 8457981, 8458996, 8458348]","[8447477, 8467956, 8457222, 8449971, 8464962, 8460087, 8460594, 8460493, 8467352]","[8447715, 8457866]"
24,ANA,20002001,"[8459557, 8455763, 8462061, 8464989, 8455984, 8460501, 8448017, 8459426, 8460663, 8462084, 8468434, 8457319, 8458947, 8465192, 8468578, 8459284, 8460836, 8457981, 8468103, 8459672, 8459519]","[8459563, 8467956, 8457222, 8465034, 8464962, 8458986, 8460087, 8460594, 8460493, 8467352]","[8462044, 8447715, 8467834, 8457866]"
24,ANA,20012002,"[8455763, 8462061, 8464989, 8455984, 8460501, 8459426, 8456848, 8458949, 8458888, 8462084, 8468434, 8457319, 8465192, 8469551, 8459284, 8460836, 8468103, 8459672]","[8458962, 8458600, 8455805, 8467956, 8465034, 8464962, 8460594, 8460493, 8467352, 8458468]","[8468524, 8462044, 8458615]"
24,ANA,20022003,"[8466155, 8455763, 8469458, 8462061, 8464989, 8466345, 8459426, 8456848, 8467857, 8462084, 8468434, 8459427, 8449951, 8465192, 8459284, 8460836, 8466317, 8468492, 8460465, 8451898, 8458628, 8464963]","[8455805, 8467956, 8458966, 8449971, 8458544, 8464962, 8468568, 8460594, 8467352]","[8469675, 8462044]"
24,ANA,20032004,"[8467025, 8455763, 8469458, 8446788, 8462235, 8466153, 8456729, 8467857, 8470543, 8462084, 8470207, 8469667, 8468434, 8459427, 8465192, 8459492, 8459284, 8467425, 8466317, 8468492, 8460465, 8464963]","[8459478, 8455805, 8467956, 8458544, 8469488, 8464962, 8468568, 8460782, 8467343, 8467352]","[8468524, 8469675, 8462044]"
24,ANA,20052006,"[8467427, 8446788, 8466292, 8460501, 8459010, 8470612, 8467579, 8466345, 8469820, 8470543, 8470207, 8459587, 8468434, 8468635, 8459427, 8465192, 8471208, 8470621, 8457981, 8460465, 8458526]","[8467400, 8455805, 8467387, 8457222, 8458517, 8458637, 8458544, 8464962, 8467558, 8467352]","[8468524, 8462044]"
24,ANA,20062007,"[8470283, 8473646, 8469458, 8466292, 8470612, 8471185, 8456430, 8469997, 8470543, 8459587, 8457261, 8468434, 8468036, 8470778, 8468635, 8470564, 8459427, 8465192, 8468095, 8471208, 8470621, 8457981, 8471634, 8465978]","[8467400, 8467387, 8467478, 8464959, 8457421, 8458517, 8470839, 8458637, 8459424, 8470310]","[8468524, 8467959, 8462044, 8471526]"
24,ANA,20072008,"[8459444, 8469666, 8473646, 8473682, 8470612, 8469656, 8470543, 8459587, 8457261, 8468434, 8470778, 8468635, 8467323, 8459427, 8465192, 8468095, 8470621, 8470882, 8471676, 8457981, 8468506, 8458361, 8473494]","[8467400, 8469765, 8467387, 8460661, 8467478, 8469615, 8458517, 8458637, 8459424, 8451224]","[8468524, 8462044, 8473972]"
24,ANA,20082009,"[8473492, 8470867, 8471371, 8473646, 8470299, 8473682, 8470612, 8464984, 8470543, 8459587, 8457261, 8470778, 8468635, 8459461, 8459427, 8471229, 8465192, 8468095, 8470621, 8471676, 8457981, 8468506]","[8467400, 8469992, 8471978, 8456547, 8467478, 8456850, 8470843, 8471705, 8468927, 8458517, 8459424, 8471803, 8470309, 8470222]","[8462044, 8473972]"
24,ANA,20092010,"[8469543, 8473492, 8467844, 8470867, 8474009, 8471371, 8466260, 8473646, 8471231, 8470299, 8473682, 8470612, 8459442, 8470207, 8459587, 8471229, 8468095, 8470621, 8471676, 8457981, 8475105, 8475085]","[8466145, 8469992, 8470192, 8471978, 8471705, 8458517, 8470136, 8474579, 8468598, 8458519, 8470309, 8470222]","[8462044, 8473972, 8470147]"
24,ANA,20102011,"[8473492, 8467844, 8470867, 8474009, 8473646, 8471231, 8470612, 8464984, 8459442, 8470654, 8470207, 8459587, 8474646, 8475151, 8468095, 8470621, 8467393, 8471676, 8457981, 8475105, 8469672, 8468515]","[8467400, 8469992, 8471978, 8475764, 8468534, 8465042, 8466144, 8471705, 8474579, 8467304, 8470996, 8468598]","[8468540, 8469548, 8473972, 8470147, 8474194]"
24,ANA,20112012,"[8473492, 8467335, 8467844, 8474009, 8471699, 8470612, 8471409, 8467943, 8475180, 8470661, 8459442, 8474139, 8474034, 8473493, 8474646, 8471689, 8475151, 8468095, 8472355, 8470621, 8471676, 8457981, 8475758]","[8467400, 8469992, 8475162, 8468520, 8475764, 8470317, 8465042, 8474579, 8468598]","[8470074, 8468540, 8473972, 8476243]"
24,ANA,20122013,"[8473492, 8474009, 8471699, 8462041, 8475770, 8470612, 8475180, 8459442, 8468695, 8474034, 8474646, 8475151, 8470621, 8476483, 8471676, 8457981, 8475758, 8471521, 8469483, 8471476]","[8467332, 8467400, 8475764, 8472370, 8473933, 8465042, 8474579, 8460561, 8475222]","[8476839, 8473972]"
24,ANA,20132014,"[8473492, 8474009, 8471699, 8475770, 8470612, 8475180, 8469490, 8459442, 8474034, 8475151, 8471208, 8473618, 8470621, 8476483, 8457981, 8475164, 8475758, 8469483, 8471476]","[8467332, 8467400, 8471241, 8475764, 8474005, 8476854, 8473933, 8462196, 8474579, 8475222, 8467910]","[8475883, 8476839, 8476434, 8473972]"
24,ANA,20142015,"[8473492, 8471504, 8471699, 8475770, 8470039, 8476384, 8470612, 8468482, 8469490, 8476448, 8470616, 8474034, 8476474, 8475151, 8470621, 8476483, 8478137, 8475164, 8475758, 8470775, 8475780]","[8467332, 8467400, 8475203, 8466142, 8475162, 8475155, 8471241, 8475764, 8476854, 8473933, 8476312, 8474606, 8470886, 8475222, 8470222]","[8475883, 8468524, 8476434, 8467391]"
24,ANA,20152016,"[8471699, 8476384, 8476116, 8470612, 8474176, 8467423, 8469490, 8470616, 8474034, 8473465, 8476474, 8474102, 8470621, 8475204, 8476483, 8477941, 8471390, 8478137, 8475958, 8475164, 8473485, 8470775, 8475780, 8476158]","[8469598, 8475155, 8475764, 8473560, 8476854, 8476312, 8470886, 8477447, 8475222]","[8475883, 8476434, 8471418]"
24,ANA,20162017,"[8471766, 8471699, 8476390, 8470622, 8475770, 8476116, 8470612, 8478131, 8476866, 8470616, 8479290, 8476474, 8470621, 8476483, 8471664, 8477941, 8475958, 8476400, 8475164, 8477466, 8470775, 8474130, 8468535, 8475780]","[8469598, 8475155, 8475764, 8473560, 8478491, 8476854, 8476312, 8477034, 8477986, 8470886, 8477447, 8475222]","[8473541, 8476434, 8474682]"
24,ANA,20172018,"[8477010, 8471766, 8476806, 8466251, 8471699, 8470622, 8479613, 8470612, 8474683, 8474641, 8478131, 8467967, 8476866, 8470616, 8479290, 8475436, 8470621, 8476483, 8477929, 8477941, 8476971, 8476400, 8475164, 8478873, 8468535, 8475780]","[8467400, 8469598, 8475764, 8473560, 8476854, 8476312, 8477034, 8477986, 8477969, 8475222, 8476407]","[8473499, 8476434, 8468011]"
24,ANA,20182019,"[8476857, 8477010, 8475842, 8471699, 8480031, 8471490, 8478029, 8470622, 8470612, 8476207, 8474683, 8474641, 8479368, 8478131, 8470616, 8480082, 8479290, 8480806, 8470621, 8476483, 8477941, 8477240, 8476971, 8480748, 8476913, 8475164, 8478466, 8479351, 8476043, 8478873]","[8474584, 8477009, 8475764, 8478425, 8473560, 8478491, 8476854, 8479372, 8476312, 8477034, 8477986, 8477969, 8474568, 8477205, 8476407]","[8479294, 8476434, 8473434, 8468011]"
24,ANA,20192020,"[8475461, 8470655, 8475842, 8480031, 8478029, 8475235, 8470612, 8474683, 8478046, 8474641, 8479368, 8478131, 8480806, 8477947, 8476483, 8477941, 8477240, 8480748, 8476913, 8475164, 8478466, 8479351, 8478873]","[8474584, 8477043, 8475764, 8475790, 8478425, 8475825, 8473560, 8475625, 8478491, 8476854, 8479372, 8476312]","[8476434, 8468011, 8476932]"
24,ANA,20202021,"[8475461, 8470655, 8475842, 8480031, 8478029, 8475235, 8470612, 8474683, 8478046, 8474641, 8479368, 8479968, 8480806, 8477947, 8476483, 8477240, 8475164, 8479351, 8478873, 8480186, 8481533]","[8481122, 8482142, 8477938, 8475764, 8475825, 8477018, 8478491, 8476854, 8479372, 8476312, 8474031, 8476407]","[8476434, 8468011, 8476932]"
24,ANA,20212022,"[8479944, 8475842, 8480031, 8475235, 8470612, 8474683, 8480870, 8474641, 8479368, 8481815, 8479968, 8480806, 8479933, 8482745, 8477947, 8476982, 8482150, 8476483, 8477210, 8475164, 8478866, 8479351, 8478873, 8481530, 8481533]","[8481122, 8481003, 8482142, 8475764, 8478425, 8478491, 8476854, 8479372, 8476312, 8474688, 8474031, 8477205, 8480001]","[8480843, 8476434, 8480591, 8476932]"
24,ANA,20222023,"[8475842, 8480031, 8478446, 8474683, 8480870, 8474641, 8479368, 8477993, 8481517, 8480806, 8476934, 8482745, 8477126, 8481754, 8483630, 8475164, 8476458, 8478873, 8478366, 8481533]","[8476470, 8481122, 8482142, 8475764, 8476449, 8481563, 8475906, 8475179, 8481605, 8474031, 8480467, 8480001, 8478841]","[8480843, 8480042, 8476434, 8476932]"
24,ANA,20232024,"[8484153, 8482118, 8483445, 8477527, 8473986, 8480806, 8476934, 8482745, 8476458, 8478873, 8478366, 8481533]","[8475764, 8475462, 8481605, 8483490, 8482803]","[8480843, 8476434]"
24,ANA,20242025,"[8484153, 8477952, 8483445, 8478424, 8477527, 8473986, 8481517, 8480806, 8476934, 8482745, 8476458, 8478873, 8478366, 8485512, 8481533]","[8475462, 8481563, 8478430, 8481605, 8483490, 8482178, 8476885, 8482803]","[8480843, 8476434]"
3,NYR,19261927,"[8445134, 8445148, 8445187, 8445529, 8445535, 8447913, 8448314, 8449232]","[8444855, 8445142, 8447098, 8447573, 8448095]","[8449850, 8450150]"
3,NYR,19271928,"[8445134, 8445148, 8445529, 8445535, 8446641, 8447913, 8448949, 8449232]","[8444855, 8445142, 8445311, 8447098, 8448095]","[8449850, 8450043]"
3,NYR,19281929,"[8445134, 8445148, 8445529, 8445535, 8447144, 8447913, 8448039, 8449232]","[8444855, 8445142, 8445347, 8447098, 8447318, 8449292]",[8450103]
3,NYR,19291930,"[8445134, 8445529, 8445535, 8446607, 8446843, 8447144, 8447913, 8448237, 8449232]","[8445142, 8446458, 8447098, 8448298, 8448315, 8449220, 8449292]",[8450103]
3,NYR,19301931,"[8445134, 8445334, 8445529, 8445535, 8445908, 8447144, 8447607, 8447646, 8447913, 8448429, 8449232, 8449309]","[8445142, 8447056, 8447098, 8447167, 8448134, 8448298]",[8450103]
3,NYR,19311932,"[8445134, 8445529, 8445535, 8445885, 8445908, 8446557, 8447144, 8447859, 8447913, 8449126]","[8445157, 8446766, 8447098, 8448951]",[8450103]
3,NYR,19321933,"[8444982, 8445134, 8445529, 8445535, 8445908, 8447144, 8447913, 8448139, 8449038, 8449126, 8449308]","[8445157, 8446766, 8447098, 8448951]",[8449787]
3,NYR,19331934,"[8444982, 8445134, 8445333, 8445529, 8445535, 8445762, 8445908, 8447144, 8447913, 8448334, 8449038, 8449126]","[8445157, 8445968, 8446766, 8447098, 8447371, 8448233, 8448951]",[8449787]
3,NYR,19341935,"[8445134, 8445523, 8445529, 8445535, 8445908, 8447144, 8447633, 8447913, 8448096, 8448334, 8449126]","[8446766, 8447098, 8447473, 8447560, 8448951, 8449160]","[8449787, 8450003, 8450009]"
3,NYR,19351936,"[8445134, 8445233, 8445508, 8445509, 8445523, 8445529, 8445535, 8445908, 8447144, 8447633, 8447888, 8447913, 8448096, 8449018, 8449372]","[8444989, 8445543, 8445742, 8446766, 8447098, 8448187, 8448951, 8449160]","[8449960, 8450009]"
3,NYR,19361937,"[8445134, 8445508, 8445509, 8445529, 8445908, 8446850, 8447144, 8447235, 8447913, 8448096, 8449018, 8449068, 8449359, 8449372]","[8445543, 8445742, 8446766, 8447098, 8448187]",[8450009]
3,NYR,19371938,"[8445134, 8445508, 8445509, 8445908, 8446850, 8446861, 8447144, 8447199, 8448096, 8449018, 8449068, 8449372]","[8445543, 8445742, 8446766, 8447882, 8448097, 8448187]",[8450009]
3,NYR,19381939,"[8444871, 8445343, 8445508, 8445509, 8445908, 8446850, 8446861, 8447235, 8448096, 8449018, 8449068, 8449372]","[8445742, 8446766, 8447882, 8448097, 8448187]","[8449960, 8450009]"
3,NYR,19391940,"[8445029, 8445508, 8445509, 8446850, 8446861, 8447535, 8448096, 8448151, 8448174, 8449018, 8449068, 8449085, 8449372]","[8445742, 8446766, 8448097, 8448187]",[8450009]
3,NYR,19401941,"[8445508, 8445509, 8446459, 8446850, 8446861, 8447535, 8448096, 8448151, 8448174, 8449018, 8449068, 8449085, 8449372]","[8444875, 8445742, 8446766, 8447126, 8448097, 8448187]",[8450009]
3,NYR,19411942,"[8445291, 8445508, 8445509, 8446850, 8447250, 8447539, 8448096, 8448151, 8449018, 8449068, 8449271, 8449363, 8449372]","[8445742, 8446766, 8447126, 8448187]",[8449993]
3,NYR,19421943,"[8445046, 8445051, 8445315, 8446610, 8446611, 8446850, 8447200, 8447532, 8447539, 8447598, 8448096, 8448151, 8448976, 8449068, 8449360, 8449363, 8449372]","[8445847, 8446568, 8446766, 8447972, 8448187, 8449225]","[8449821, 8449834, 8449847, 8449923]"
3,NYR,19431944,"[8444986, 8445134, 8445842, 8445866, 8445868, 8445971, 8446467, 8446573, 8446611, 8446850, 8446861, 8447267, 8447535, 8447587, 8447599, 8447763, 8447762, 8448081, 8448243, 8448784, 8448792, 8449198, 8449360, 8449363]","[8445847, 8445887, 8445904, 8446766, 8447043, 8447374, 8447746, 8447881]","[8450019, 8450027]"
3,NYR,19441945,"[8444983, 8445509, 8445542, 8445866, 8446610, 8446968, 8447535, 8447599, 8448343, 8448792, 8448976, 8449239, 8449363, 8449372]","[8445904, 8445954, 8446766, 8447270, 8447746, 8447878, 8449387]","[8450027, 8450119]"
3,NYR,19451946,"[8445186, 8445508, 8445509, 8445866, 8446565, 8446610, 8446850, 8447250, 8447326, 8447471, 8448096, 8448151, 8448607, 8449018, 8449267, 8449363, 8449372]","[8446766, 8447126, 8447349, 8447878, 8448097]","[8449993, 8450096]"
3,NYR,19461947,"[8445046, 8445508, 8445509, 8445866, 8445869, 8446565, 8446850, 8447326, 8447331, 8447471, 8447472, 8448151, 8448256, 8448607, 8449267, 8449363, 8449372, 8449391]","[8445045, 8445543, 8447126, 8447308, 8447317, 8447349, 8447878]","[8449993, 8450096]"
3,NYR,19471948,"[8444953, 8445509, 8445849, 8446301, 8446459, 8446565, 8446850, 8447124, 8447249, 8447254, 8447326, 8447471, 8447854, 8448042, 8448132, 8448243, 8448585, 8448607, 8449054, 8449216, 8449267, 8449363, 8449372]","[8445999, 8447126, 8447308, 8447317, 8447878, 8449015]","[8449864, 8449993, 8450096]"
3,NYR,19481949,"[8444867, 8445237, 8445509, 8445864, 8446301, 8446615, 8447131, 8447249, 8447326, 8447471, 8447526, 8447603, 8447854, 8448042, 8448243, 8449054, 8449147, 8449252]","[8445999, 8446173, 8447878, 8447893, 8449015, 8449155, 8449157]","[8449922, 8450096]"
3,NYR,19491950,"[8444860, 8445869, 8446301, 8446615, 8447124, 8447131, 8447255, 8447326, 8447471, 8447519, 8447526, 8447743, 8447803, 8447854, 8448042, 8448132, 8448167, 8448243, 8449054, 8449073, 8449380, 8449391]","[8445999, 8446135, 8446173, 8447257, 8447308, 8447317, 8449015, 8449155, 8449157]","[8449922, 8450096]"
3,NYR,19501951,"[8446301, 8446615, 8446726, 8446925, 8447131, 8447249, 8447255, 8447326, 8447471, 8447526, 8447803, 8447854, 8448042, 8448243, 8449046, 8449054, 8449245, 8449642]","[8445999, 8446135, 8446173, 8447230, 8447257, 8447317, 8449155, 8449157, 8449601]","[8449922, 8450096]"
3,NYR,19511952,"[8445513, 8445903, 8446840, 8447249, 8447326, 8447803, 8447854, 8448243, 8448446, 8449046, 8449054, 8449183, 8449193, 8449245]","[8444866, 8445244, 8445999, 8446173, 8447233, 8447623, 8448458, 8449155]","[8449803, 8449922, 8450096]"
3,NYR,19521953,"[8444992, 8445032, 8445033, 8445287, 8445513, 8445903, 8446655, 8446748, 8446840, 8447243, 8447249, 8447258, 8447326, 8447541, 8447803, 8447854, 8447921, 8448191, 8448243, 8448446, 8448971, 8449054, 8449183, 8449193, 8449195]","[8445244, 8446926, 8447233, 8448317, 8448458, 8449155]","[8450096, 8450152]"
3,NYR,19531954,"[8445032, 8445062, 8445063, 8445357, 8445855, 8446655, 8446784, 8446840, 8446859, 8446925, 8447243, 8447249, 8447326, 8447717, 8447854, 8447921, 8448191, 8448243, 8448446, 8449127]","[8445244, 8445465, 8446173, 8446926, 8447022, 8448317, 8449155]",[8449835]
3,NYR,19541955,"[8445032, 8445130, 8445515, 8446184, 8446655, 8446784, 8446840, 8446925, 8447326, 8447474, 8447717, 8447803, 8447854, 8447921, 8448177, 8448191, 8448243, 8448446, 8449127]","[8445465, 8446173, 8446343, 8446513, 8446926, 8446927, 8447022, 8449155]","[8449835, 8450152]"
3,NYR,19551956,"[8445028, 8445032, 8445515, 8445805, 8446577, 8446655, 8446760, 8446840, 8446918, 8447474, 8447921, 8448177, 8448191, 8448243]","[8446173, 8446343, 8446513, 8446926, 8446927, 8447022]","[8449816, 8450152]"
3,NYR,19561957,"[8445032, 8445499, 8445805, 8446335, 8446577, 8446760, 8446784, 8446918, 8447474, 8447537, 8447921, 8448177, 8448191, 8449203]","[8445305, 8446173, 8446343, 8446513, 8446926]","[8449835, 8450152]"
3,NYR,19571958,"[8445032, 8445468, 8445805, 8446335, 8446577, 8446760, 8446784, 8447474, 8447537, 8448177, 8448191, 8449203]","[8445305, 8446173, 8446343, 8446513, 8446926, 8447022]","[8450058, 8450152]"
3,NYR,19581959,"[8445028, 8445032, 8445468, 8445510, 8446760, 8446784, 8446840, 8447016, 8448177, 8448191, 8448974, 8449203]","[8445147, 8445305, 8446343, 8446513, 8446690, 8446926]","[8449959, 8450010, 8450058, 8450152]"
3,NYR,19591960,"[8445007, 8445028, 8445032, 8445826, 8446760, 8446784, 8447016, 8447127, 8447537, 8448121, 8448177, 8448191, 8448923, 8448974, 8449197, 8449203, 8449211]","[8445147, 8445835, 8446343, 8446513, 8446690, 8446926, 8448194, 8449132]","[8450028, 8450058, 8450108, 8450112, 8450152]"
3,NYR,19601961,"[8445007, 8445032, 8445043, 8445826, 8445829, 8447172, 8446671, 8447496, 8446692, 8446760, 8446784, 8447011, 8447016, 8447127, 8447252, 8447332, 8448177, 8448191, 8450646, 8448427, 8448443, 8448923, 8448974, 8449074, 8449203, 8449556]","[8446343, 8446513, 8446690, 8446926, 8447092, 8447358, 8447895, 8448194, 8449132]","[8450028, 8450058, 8450112, 8450152]"
3,NYR,19611962,"[8445007, 8445032, 8445829, 8446577, 8447172, 8446658, 8447496, 8446692, 8446760, 8446784, 8447016, 8448121, 8448191, 8450646, 8448923, 8449556]","[8445147, 8445305, 8446601, 8446728, 8446926, 8447322, 8449132]","[8446488, 8450055, 8450058, 8450152]"
3,NYR,19621963,"[8445007, 8445032, 8447172, 8446658, 8447496, 8446760, 8446784, 8446846, 8446918, 8447016, 8447792, 8448121, 8448191, 8450646, 8448427, 8448923]","[8445305, 8446728, 8446926, 8447092, 8447146, 8447322, 8447996, 8448606]","[8450058, 8450059, 8450152]"
3,NYR,19631964,"[8445032, 8445957, 8445958, 8446342, 8447172, 8446595, 8446623, 8446658, 8446784, 8447016, 8447265, 8447620, 8447778, 8447792, 8447835, 8448001, 8450646, 8448322, 8448923]","[8445305, 8446728, 8446926, 8447019, 8447092, 8447322, 8447807, 8447996, 8448963]","[8450066, 8450138]"
3,NYR,19641965,"[8444952, 8445160, 8445957, 8445958, 8446186, 8446312, 8446342, 8447172, 8446623, 8446658, 8446784, 8446856, 8447016, 8447099, 8447265, 8447620, 8447835, 8447858, 8448001, 8448121, 8450646, 8448322, 8448371, 8449182, 8451870, 8449217]","[8445181, 8445305, 8446865, 8446926, 8447019, 8447092, 8447807, 8447996, 8448156, 8448963]","[8450058, 8450066]"
3,NYR,19651966,"[8444934, 8444952, 8445160, 8445827, 8446324, 8447172, 8446623, 8446658, 8446856, 8447016, 8447099, 8447620, 8449494, 8447853, 8448001, 8448135, 8450646, 8448371, 8451870]","[8445181, 8447488, 8446865, 8446926, 8447358, 8447657, 8447807, 8447996, 8448156, 8448963]","[8449979, 8450020, 8450113]"
3,NYR,19661967,"[8445067, 8446324, 8446579, 8447172, 8446623, 8446658, 8446856, 8447016, 8447099, 8447252, 8447620, 8447853, 8448001, 8450646, 8448371, 8448923]","[8445181, 8446865, 8446926, 8447580, 8447996, 8448156, 8448963]","[8449979, 8450020]"
3,NYR,19671968,"[8444985, 8445067, 8446324, 8446579, 8447172, 8446623, 8446658, 8446784, 8447774, 8447051, 8447252, 8447620, 8447853, 8448001, 8450646, 8449192, 8451916]","[8445181, 8447488, 8446865, 8446926, 8447996, 8448963]","[8449979, 8450113, 8450138]"
3,NYR,19681969,"[8445007, 8446187, 8446324, 8447172, 8446623, 8446658, 8447774, 8447051, 8447112, 8447252, 8447620, 8448001, 8450646, 8448347, 8449192, 8451916, 8449265]","[8445083, 8445181, 8447488, 8446926, 8447996, 8450206, 8448963]","[8449979, 8450113, 8450138]"
3,NYR,19691970,"[8445007, 8445084, 8446141, 8446187, 8447172, 8446658, 8447021, 8447252, 8447453, 8448892, 8447620, 8448001, 8450646, 8449192, 8451916, 8449455]","[8445181, 8445710, 8445867, 8447488, 8446917, 8447996, 8450206, 8448373, 8448963]","[8449979, 8450111]"
3,NYR,19701971,"[8445022, 8445007, 8445084, 8446141, 8446187, 8447172, 8446658, 8447021, 8447239, 8448892, 8447540, 8448001, 8450646, 8448788, 8449179, 8449192, 8451916]","[8445181, 8445710, 8445867, 8446530, 8446917, 8447996, 8450206, 8448373, 8448437, 8448963]","[8449979, 8450138]"
3,NYR,19711972,"[8444933, 8445007, 8445332, 8446141, 8446187, 8447172, 8446623, 8446634, 8446658, 8447021, 8447049, 8447513, 8447540, 8450646, 8448464, 8448788, 8449179, 8449192, 8451916, 8449483]","[8445867, 8446434, 8446444, 8447807, 8447996, 8450206, 8448437, 8448963]","[8449979, 8450138]"
3,NYR,19721973,"[8445400, 8445808, 8445332, 8446187, 8447172, 8446658, 8446763, 8447021, 8447540, 8449744, 8450646, 8448464, 8448788, 8449179, 8449192, 8451916, 8452232, 8449483]","[8445867, 8446714, 8447137, 8447375, 8449206, 8447996, 8450206, 8448437, 8451098, 8448963]","[8449979, 8449426, 8450138]"
3,NYR,19731974,"[8445808, 8445332, 8446141, 8446187, 8447172, 8446658, 8447021, 8447453, 8447540, 8449744, 8450646, 8448464, 8448788, 8449179, 8451916, 8452232, 8449483, 8452466]","[8446714, 8447137, 8447617, 8447996, 8450206, 8448437, 8451098, 8448963]","[8449979, 8449426, 8450138]"
3,NYR,19741975,"[8445808, 8446187, 8447172, 8446894, 8447021, 8448991, 8449587, 8449675, 8450490, 8450646, 8448464, 8448671, 8449179, 8451916, 8452232, 8452466]","[8445399, 8445456, 8447409, 8446714, 8449103, 8447617, 8450206, 8448437, 8448963, 8449672]","[8449979, 8450830, 8450138, 8450148]"
3,NYR,19751976,"[8445505, 8446420, 8446722, 8446187, 8447172, 8447790, 8446894, 8446904, 8448326, 8448812, 8449587, 8450490, 8450646, 8448671, 8449179, 8451916, 8452232]","[8445399, 8445456, 8447409, 8446714, 8447045, 8449103, 8447617, 8450206, 8451098, 8452140]","[8446323, 8449979, 8451595, 8450148]"
3,NYR,19761977,"[8446420, 8446722, 8446187, 8446940, 8447172, 8446605, 8447707, 8447790, 8447892, 8446904, 8449735, 8449874, 8450490, 8449179, 8451916, 8452232]","[8445399, 8445456, 8446774, 8447409, 8446987, 8447045, 8449103, 8449420, 8451098, 8452140]","[8446323, 8449984, 8451595, 8450122]"
3,NYR,19771978,"[8445820, 8446353, 8446420, 8446531, 8446722, 8446940, 8447172, 8446605, 8447707, 8447785, 8447790, 8447892, 8446904, 8448326, 8447142, 8449735, 8449874, 8450490, 8451699, 8451916, 8452232]","[8444988, 8446774, 8447301, 8447409, 8449103, 8449171, 8449420, 8449069, 8452140]","[8445121, 8446323, 8451595, 8451891]"
3,NYR,19781979,"[8445360, 8446353, 8446531, 8446722, 8446940, 8447714, 8447790, 8448326, 8449102, 8449416, 8449735, 8449886, 8450467, 8450490, 8449004, 8451851, 8451916, 8452232]","[8445604, 8446094, 8446443, 8446774, 8447409, 8448525, 8449103, 8449171, 8449420, 8451995, 8452140]","[8446323, 8451595, 8451891]"
3,NYR,19791980,"[8445360, 8446129, 8446147, 8446353, 8446531, 8446722, 8447714, 8447790, 8448326, 8448692, 8448866, 8449102, 8449165, 8449317, 8449629, 8449735, 8449886, 8451361, 8451778, 8451851, 8451916, 8452232]","[8445397, 8445604, 8446443, 8447409, 8447420, 8447980, 8449103, 8449171, 8449420, 8452140]","[8445218, 8446323, 8451595, 8451891]"
3,NYR,19801981,"[8444914, 8445787, 8446147, 8446531, 8446722, 8446940, 8447194, 8447714, 8448326, 8449102, 8449349, 8449416, 8449838, 8449886, 8451361, 8451778, 8451851, 8451916, 8452232, 8452271]","[8445225, 8445397, 8445604, 8446443, 8447409, 8447980, 8448070, 8448529, 8448637, 8449103, 8449171, 8452140]","[8445218, 8446323, 8451595, 8451891, 8452355]"
3,NYR,19811982,"[8444914, 8445209, 8445787, 8446147, 8446531, 8446940, 8446978, 8447194, 8447714, 8447790, 8448326, 8448692, 8448752, 8449102, 8449353, 8449717, 8449838, 8450251, 8450981, 8451361, 8451851, 8452232, 8452271, 8452577]","[8445397, 8445604, 8446443, 8447409, 8447980, 8448637, 8449103, 8451056, 8452140]","[8445218, 8446323, 8449618, 8452157, 8452355]"
3,NYR,19821983,"[8444914, 8444943, 8445209, 8446129, 8446147, 8446531, 8446940, 8446978, 8447714, 8448326, 8448520, 8448752, 8449102, 8449353, 8449513, 8449809, 8449886, 8450251, 8450981, 8451361]","[8445212, 8445397, 8446047, 8446443, 8447409, 8448516, 8448637, 8449103, 8449880, 8451056]","[8445218, 8446323, 8447505, 8449618, 8452355]"
3,NYR,19831984,"[8444914, 8444943, 8445209, 8445273, 8445546, 8445690, 8446712, 8446940, 8446978, 8447714, 8448520, 8448707, 8448752, 8449102, 8449353, 8449513, 8449717, 8450073, 8450215, 8450251, 8450981, 8451770, 8451784]","[8445397, 8446047, 8447409, 8448025, 8448516, 8448637, 8449103, 8450223, 8450811, 8451056]","[8447505, 8451236, 8452157, 8452355]"
3,NYR,19841985,"[8444914, 8445546, 8445690, 8446712, 8446940, 8446978, 8446997, 8447708, 8447714, 8448520, 8448707, 8449102, 8449513, 8449621, 8450073, 8450215, 8450218, 8450251, 8450981, 8451122, 8451784]","[8445397, 8446443, 8447409, 8448025, 8448637, 8448740, 8449103, 8450223, 8450811, 8451056, 8451095, 8452449]","[8447505, 8452157]"
3,NYR,19851986,"[8444914, 8445690, 8446219, 8446712, 8446997, 8447708, 8447732, 8448268, 8448707, 8448980, 8449102, 8449513, 8449621, 8450073, 8450107, 8450218, 8450251, 8450832, 8450981, 8451122, 8451784]","[8445397, 8446805, 8447409, 8448025, 8448637, 8448740, 8449420, 8449549, 8450223, 8450811, 8451056, 8451105, 8452424, 8452449]","[8447505, 8448491, 8451236, 8452157]"
3,NYR,19861987,"[8445690, 8445977, 8446013, 8446219, 8446353, 8446430, 8446449, 8446531, 8446712, 8446797, 8446997, 8447732, 8448204, 8448268, 8448505, 8448567, 8448655, 8448707, 8449102, 8449445, 8449513, 8449621, 8450073, 8450483, 8450832, 8451122, 8451363, 8451844, 8452252]","[8445920, 8447176, 8447409, 8448025, 8448201, 8448637, 8448762, 8448961, 8449315, 8449549, 8450223, 8450554, 8451105]","[8446982, 8451236, 8451595, 8452157]"
3,NYR,19871988,"[8445723, 8446264, 8446295, 8446353, 8446430, 8446449, 8446531, 8446712, 8448225, 8448268, 8448505, 8448707, 8449102, 8449742, 8449827, 8449883, 8449972, 8450221, 8450483, 8450486, 8451122, 8451363, 8451844, 8452252, 8452377]","[8445418, 8445625, 8447176, 8447409, 8447436, 8447569, 8448025, 8448769, 8448961, 8449549, 8450223, 8450257, 8450348, 8450378, 8451314, 8451869]","[8446982, 8451236, 8452157]"
3,NYR,19881989,"[8446264, 8446295, 8446353, 8446430, 8446712, 8447350, 8448225, 8448505, 8448624, 8448627, 8448699, 8448689, 8448830, 8449102, 8449607, 8449742, 8449883, 8449972, 8450221, 8450486, 8451122, 8451994, 8452377, 8452445, 8452482]","[8445555, 8445692, 8447409, 8447489, 8447569, 8447959, 8448449, 8448679, 8448769, 8448961, 8449694, 8450223, 8450348, 8450953, 8451053, 8451314]","[8446982, 8450833, 8452157]"
3,NYR,19891990,"[8445053, 8445384, 8445736, 8446295, 8446712, 8447067, 8447350, 8448225, 8448487, 8448505, 8449094, 8449606, 8449607, 8449742, 8449881, 8449883, 8449972, 8450486, 8451122, 8451994, 8452482]","[8445555, 8446039, 8447409, 8447569, 8447959, 8448769, 8449662, 8450223, 8450953, 8451053, 8451314]","[8446982, 8450833, 8452157]"
3,NYR,19901991,"[8455429, 8445384, 8445736, 8446454, 8446712, 8447067, 8448092, 8448225, 8448487, 8448505, 8448519, 8449094, 8449487, 8449606, 8449607, 8449742, 8449881, 8449972, 8450812, 8451343, 8451994, 8458361]","[8445555, 8446062, 8447569, 8447959, 8448769, 8449662, 8450223, 8450953, 8451053, 8451314, 8452148]","[8450833, 8452157]"
3,NYR,19911992,"[8455429, 8445384, 8445736, 8446454, 8446712, 8447067, 8447180, 8447364, 8448092, 8448225, 8448471, 8448487, 8448519, 8449573, 8449606, 8457491, 8449881, 8449972, 8451994, 8458361, 8458477]","[8445461, 8445555, 8446062, 8446455, 8456254, 8447569, 8448769, 8449662, 8450223, 8450953, 8451314, 8452366]","[8450833, 8452157]"
3,NYR,19921993,"[8455429, 8445629, 8445736, 8446454, 8446508, 8446712, 8447067, 8447180, 8447364, 8447673, 8448487, 8458775, 8448519, 8458529, 8449439, 8449573, 8457491, 8449973, 8451905, 8451994, 8458361]","[8455441, 8445461, 8446062, 8446455, 8447569, 8456669, 8448769, 8448884, 8449136, 8457372, 8450223, 8452366, 8458494]","[8458680, 8450833, 8452157]"
3,NYR,19931994,"[8455429, 8444945, 8445629, 8447067, 8447169, 8447364, 8447673, 8456597, 8448046, 8448519, 8458529, 8448539, 8456932, 8448703, 8449020, 8459587, 8449295, 8449573, 8457491, 8449894, 8449973, 8451905, 8451994]","[8455441, 8445461, 8456793, 8448769, 8448839, 8448884, 8457372, 8458984, 8450223, 8452366, 8458494]","[8447709, 8450833]"
3,NYR,19941995,"[8447364, 8447673, 8448519, 8458529, 8448539, 8456932, 8458579, 8459391, 8448703, 8448841, 8449295, 8457282, 8449573, 8449807, 8457491, 8449894, 8449973, 8450073, 8459325, 8452216]","[8445461, 8446778, 8456793, 8448769, 8448884, 8457372, 8458984, 8452366, 8458494]","[8447709, 8450833]"
3,NYR,19951996,"[8445424, 8446071, 8459021, 8458960, 8446823, 8456361, 8447364, 8448519, 8458529, 8448569, 8448539, 8456932, 8458579, 8459391, 8459094, 8456985, 8449295, 8449573, 8449669, 8457491, 8450523, 8450941, 8459430, 8452216]","[8445461, 8446484, 8456793, 8448769, 8448839, 8448884, 8449516, 8458984, 8457805, 8451107]","[8447709, 8458725, 8450833]"
3,NYR,19961997,"[8445424, 8460015, 8446071, 8446208, 8462067, 8456156, 8459021, 8458960, 8446838, 8456361, 8460538, 8447364, 8447400, 8458529, 8459391, 8449573, 8449669, 8457491, 8457511, 8449894, 8458658, 8450941, 8459430, 8451905, 8459109, 8459176]","[8445461, 8459008, 8446484, 8456153, 8456793, 8448769, 8448839, 8449694, 8451107]","[8447709, 8450833]"
3,NYR,19971998,"[8445424, 8460015, 8456156, 8446715, 8458960, 8460538, 8447364, 8447400, 8448415, 8458529, 8448626, 8459391, 8466264, 8462118, 8457991, 8451427, 8460044, 8451711, 8465960, 8459430, 8451827, 8459109, 8459176, 8462824]","[8445461, 8459008, 8446484, 8446826, 8459482, 8456793, 8448769, 8448839, 8451107, 8451527, 8465236]","[8460516, 8457463, 8450833]"
3,NYR,19981999,"[8459064, 8462067, 8446791, 8458705, 8447364, 8447400, 8459431, 8458590, 8458529, 8456933, 8459391, 8449499, 8467334, 8459889, 8449807, 8458565, 8462118, 8451711, 8465960, 8459430, 8451905, 8467534, 8462824]","[8445461, 8458560, 8446826, 8456793, 8448769, 8467527, 8460004, 8460520, 8457706, 8451107, 8451224, 8451527, 8458179]","[8460516, 8450833]"
3,NYR,19992000,"[8459064, 8459423, 8458549, 8446408, 8462041, 8446847, 8460538, 8447364, 8459431, 8462081, 8456770, 8458686, 8458590, 8456933, 8459391, 8449499, 8467334, 8449807, 8451711, 8465960, 8458192, 8467534, 8466266]","[8462063, 8447680, 8460770, 8448769, 8448770, 8450389, 8462148, 8450620, 8451224, 8462140, 8460099]","[8458584, 8459239, 8449474, 8450833]"
3,NYR,20002001,"[8459064, 8462041, 8446847, 8460654, 8447364, 8459568, 8462081, 8456770, 8456933, 8449499, 8467334, 8458566, 8449573, 8449807, 8460044, 8458192, 8459146, 8460601, 8468189, 8467534, 8466266]","[8458962, 8460508, 8462063, 8447363, 8460770, 8467450, 8448769, 8448770, 8457191, 8466309, 8450389, 8462148, 8459674, 8467958, 8458956]","[8447715, 8466303, 8467391, 8449474, 8450833, 8460695]"
3,NYR,20012002,"[8459019, 8455738, 8446133, 8458549, 8462041, 8467333, 8446847, 8459568, 8467893, 8458650, 8458515, 8466186, 8467334, 8458566, 8464875, 8449573, 8459071, 8449807, 8458534, 8467463, 8468300, 8459146, 8465056, 8466266]","[8462032, 8458582, 8467450, 8448769, 8448770, 8457191, 8466309, 8465012, 8462148, 8467958, 8458715, 8459249]","[8469463, 8466303, 8450833]"
3,NYR,20022003,"[8459019, 8455738, 8459156, 8456087, 8462041, 8465020, 8467333, 8464984, 8447958, 8458529, 8464983, 8458515, 8467882, 8466186, 8458566, 8449573, 8459071, 8449807, 8459486, 8465180, 8467463, 8468438, 8462103, 8458347]","[8459065, 8458929, 8458582, 8458942, 8448769, 8448770, 8465252, 8457191, 8458963, 8469715, 8465012, 8462148, 8459448]","[8469463, 8456137, 8466303, 8450833]"
3,NYR,20032004,"[8468558, 8459019, 8459156, 8468916, 8456361, 8464984, 8468436, 8459614, 8462081, 8447958, 8448208, 8458529, 8464983, 8468458, 8458515, 8467882, 8459078, 8458566, 8449573, 8468575, 8469528, 8449807, 8470580, 8459223, 8458534, 8468300, 8467440, 8458031, 8468082, 8468726]","[8459065, 8460254, 8458942, 8469561, 8448769, 8457191, 8462068, 8458963, 8468184, 8469919, 8465012, 8462148, 8458546, 8466353, 8469492]","[8456137, 8467391, 8462255, 8458562, 8465161]"
3,NYR,20052006,"[8467361, 8468055, 8468086, 8469681, 8468496, 8470282, 8448208, 8467882, 8468575, 8466210, 8458573, 8468778, 8470580, 8470072, 8459284, 8458534, 8458955, 8460465, 8468510, 8466147, 8468726]","[8458942, 8469615, 8469561, 8470656, 8459493, 8458544, 8469919, 8465012, 8465058, 8460555, 8469492]","[8470772, 8468685, 8459463]"
3,NYR,20062007,"[8468224, 8467361, 8471339, 8464989, 8470741, 8471273, 8466393, 8467925, 8469681, 8468496, 8470282, 8462094, 8448208, 8467857, 8458573, 8468778, 8470580, 8470072, 8451302, 8458955, 8466147]","[8471958, 8458942, 8469561, 8470656, 8459493, 8466144, 8458544, 8469919, 8466353, 8465058, 8460555, 8469492, 8458519]","[8468685, 8465161, 8459463]"
3,NYR,20072008,"[8468224, 8467361, 8471261, 8471339, 8470741, 8460562, 8471273, 8467351, 8469681, 8468496, 8448208, 8471232, 8470735, 8468778, 8470072, 8451302, 8469464, 8458955]","[8467348, 8470643, 8471958, 8459493, 8466144, 8469919, 8465058, 8471686, 8460555, 8469492]","[8468685, 8465161]"
3,NYR,20082009,"[8473573, 8467353, 8468224, 8467361, 8471339, 8470741, 8460562, 8471273, 8470639, 8467351, 8471232, 8458530, 8468778, 8470072, 8470321, 8469464, 8469672, 8470597]","[8471958, 8467354, 8466144, 8464966, 8470714, 8462033, 8468650, 8465058, 8471714, 8471686]","[8468685, 8465161]"
3,NYR,20092010,"[8473573, 8468224, 8470619, 8459246, 8471261, 8471339, 8470299, 8460562, 8471273, 8468483, 8470274, 8466140, 8467502, 8471263, 8470705, 8469707, 8459492, 8471283, 8462535, 8469672]","[8474584, 8459443, 8475118, 8471958, 8475128, 8470714, 8462033, 8465058, 8473610, 8471686]","[8467913, 8473434, 8468685, 8465161, 8470820]"
3,NYR,20102011,"[8473573, 8468224, 8469647, 8470619, 8471339, 8470299, 8460562, 8471273, 8471728, 8468172, 8468500, 8468483, 8474634, 8471411, 8470232, 8459492, 8471283, 8474613, 8474668, 8466392, 8470809, 8471234, 8475692]","[8474584, 8470192, 8475118, 8471958, 8459462, 8474151, 8465058, 8471714, 8471686]","[8462047, 8473434, 8468685]"
3,NYR,20112012,"[8473573, 8468224, 8470619, 8471339, 8470299, 8470301, 8471273, 8468172, 8468483, 8474176, 8475184, 8470750, 8470232, 8471283, 8467389, 8467336, 8473722, 8474613, 8471234, 8475692]","[8469516, 8474772, 8474584, 8470192, 8475148, 8471958, 8474151, 8471714, 8471686, 8471873, 8469480]","[8462047, 8468685]"
3,NYR,20122013,"[8465025, 8470619, 8473544, 8471339, 8469622, 8473432, 8473600, 8468483, 8474176, 8474230, 8467831, 8475184, 8474850, 8476468, 8470041, 8470232, 8473932, 8467881, 8467389, 8467336, 8469755, 8474613, 8475749, 8475692]","[8474772, 8474584, 8470192, 8475118, 8471958, 8458938, 8474151, 8475186, 8471686, 8471873]","[8462047, 8468685]"
3,NYR,20132014,"[8465025, 8470619, 8473544, 8471339, 8470666, 8473432, 8475855, 8474176, 8475184, 8474850, 8476468, 8468575, 8470041, 8471678, 8473932, 8467881, 8467389, 8466378, 8474613, 8475692]","[8477214, 8474584, 8476244, 8473992, 8471958, 8470630, 8474151, 8475795, 8475186, 8471686, 8471873]","[8462047, 8468685, 8475660]"
3,NYR,20142015,"[8475243, 8473544, 8477407, 8475855, 8470854, 8474176, 8475763, 8475184, 8475715, 8467988, 8476468, 8468575, 8474535, 8470041, 8473536, 8466378, 8470740, 8474613, 8475692]","[8477214, 8467096, 8471958, 8471436, 8470630, 8474497, 8474151, 8475795, 8475186, 8471686, 8473589, 8471735]","[8468685, 8477084, 8475660]"
3,NYR,20152016,"[8473544, 8475770, 8475855, 8470854, 8475763, 8475949, 8475184, 8475715, 8477126, 8476468, 8468575, 8470041, 8470230, 8470595, 8473537, 8474613, 8468526, 8475692]","[8467096, 8476244, 8471958, 8470630, 8474151, 8475795, 8476869, 8471686, 8473589, 8471735]","[8476433, 8468685, 8477293]"
3,NYR,20162017,"[8475192, 8477402, 8475855, 8470854, 8473546, 8475763, 8475949, 8476482, 8477591, 8475184, 8475715, 8476468, 8470041, 8476922, 8475204, 8476477, 8474613, 8476918, 8476459, 8475692]","[8476431, 8471958, 8474207, 8474000, 8470630, 8474151, 8475795, 8476869, 8474090, 8471686]","[8476433, 8468685, 8477293]"
3,NYR,20172018,"[8480072, 8473492, 8477402, 8474008, 8476401, 8480078, 8471490, 8471976, 8475855, 8476396, 8473546, 8475763, 8475180, 8475184, 8479968, 8471657, 8476468, 8476480, 8470041, 8476922, 8475727, 8476918, 8476459, 8475692]","[8477950, 8477337, 8474207, 8474000, 8474151, 8476303, 8480145, 8474031, 8476869, 8474090, 8476450, 8471686]","[8480382, 8477990, 8468685, 8471715]"
3,NYR,20182019,"[8480072, 8473492, 8475736, 8477402, 8480078, 8475855, 8476396, 8479364, 8475763, 8479353, 8475184, 8477962, 8479968, 8471657, 8476480, 8476922, 8475727, 8476458, 8476918, 8476459, 8475692]","[8476368, 8477950, 8477337, 8479333, 8479324, 8471717, 8480145, 8474031, 8476869, 8474090, 8471686]","[8480382, 8468685]"
3,NYR,20192020,"[8480072, 8477402, 8480078, 8476858, 8475855, 8476396, 8479328, 8479364, 8474230, 8479353, 8481554, 8475184, 8477962, 8475735, 8476480, 8476922, 8478550, 8476458, 8476459]","[8477950, 8479323, 8479333, 8479324, 8476869, 8474090, 8471686, 8476885]","[8480382, 8468685, 8478048]"
3,NYR,20202021,"[8480289, 8476278, 8477380, 8477402, 8480078, 8476858, 8479328, 8479364, 8479353, 8481554, 8480833, 8475184, 8482109, 8477962, 8478550, 8482179, 8479291, 8476458, 8476459]","[8475868, 8477950, 8479323, 8479333, 8471677, 8481708, 8479324, 8480817, 8479462, 8474090, 8476885]","[8480382, 8476234, 8478048]"
3,NYR,20212022,"[8480289, 8478104, 8477380, 8480078, 8477429, 8479328, 8479364, 8476624, 8479447, 8478211, 8481554, 8475184, 8482109, 8475735, 8477353, 8478550, 8471817, 8479291, 8476458, 8478366, 8476459]","[8474027, 8479323, 8479333, 8481708, 8479324, 8480878, 8480817, 8475747, 8482073, 8475797, 8476885]","[8480382, 8478903, 8476234, 8478048]"
3,NYR,20222023,"[8478104, 8477380, 8477846, 8480078, 8482157, 8479328, 8476624, 8478211, 8481554, 8474141, 8480833, 8475184, 8482109, 8479991, 8477353, 8478550, 8471817, 8475765, 8476389, 8476918, 8476459]","[8479323, 8479333, 8477433, 8481708, 8479324, 8478859, 8480817, 8482073, 8476885]","[8470860, 8478048]"
3,NYR,20232024,"[8475968, 8482132, 8477320, 8477380, 8480078, 8482157, 8481726, 8481554, 8475184, 8482109, 8479991, 8482747, 8478550, 8482460, 8483669, 8476389, 8476918, 8476459]","[8479323, 8477433, 8481708, 8479324, 8482067, 8480817, 8481525, 8483407, 8482073, 8476885]","[8475839, 8482193, 8471734, 8478048]"
3,NYR,20242025,"[8477979, 8482132, 8477380, 8475842, 8482157, 8481726, 8481560, 8475184, 8482109, 8476468, 8482747, 8478550, 8481704, 8484210, 8482460, 8476389, 8476459]","[8478840, 8475177, 8479323, 8481708, 8480817, 8482073, 8477369, 8480001]","[8471734, 8478048]"
55,SEA,20212022,"[8478891, 8479718, 8479414, 8482665, 8476278, 8478512, 8477987, 8475820, 8474586, 8479987, 8476826, 8475714, 8475149, 8480901, 8479986, 8477955, 8476323, 8476437, 8475768, 8475772, 8478466, 8479293, 8480384, 8477505]","[8478840, 8479395, 8478407, 8479985, 8477938, 8470966, 8476457, 8478468, 8476467, 8476884, 8477369]","[8478916, 8476904, 8475831]"
55,SEA,20222023,"[8482665, 8477416, 8477444, 8477987, 8474586, 8482834, 8479987, 8476826, 8477401, 8481789, 8480901, 8477955, 8475768, 8478466, 8479293, 8480009, 8477505, 8483524]","[8478840, 8478407, 8479985, 8476457, 8477034, 8476467, 8477467, 8474602, 8477369]","[8478916, 8475831, 8474889]"
55,SEA,20232024,"[8482665, 8477416, 8477444, 8474586, 8476826, 8481789, 8477955, 8475768, 8479293, 8480009]","[8478840, 8475208, 8478407, 8476457, 8476467]","[8478916, 8475831]"
55,SEA,20242025,"[8482665, 8477444, 8474586, 8479591, 8481554, 8481789, 8477955, 8475768, 8476905, 8480009, 8483524]","[8478407, 8482858, 8476457, 8479372, 8477986, 8476467]","[8478916, 8475831]"
59,UTA,20232024,[],[],[]
59,UTA,20242025,"[8475760, 8479619, 8483431, 8478474, 8482659, 8482699, 8480849, 8479343, 8477021, 8481711, 8480855, 8477070, 8477951, 8478831]","[8474145, 8474013, 8480084, 8480434, 8480891, 8478507, 8476874, 8479410]","[8478971, 8478872]"
