teamID,playerID,headshotURLs,firstName,lastName,positionCode,seasonGamesPlayed,seasonGoals,seasonAssists,seasonPoints,seasonPlusMinus,seasonShots,seasonShootingPct,seasonAvgTOI,seasonAvgShifts,seasonFOWinPct,seasonGS,seasonWins,seasonLosses,seasonTies,seasonOTLosses,seasonGAA,seasonSavePct,seasonSA,seasonSaves,seasonGA,seasonSO,seasonTOI
8,8475233,https://assets.nhle.com/mugs/nhl/20242025/MTL/8475233.png,David,Savard,D,75,1,14,15,-8,48,0.020833,995.36,19.84,0.0,,,,,,,,,,,,
8,8475848,https://assets.nhle.com/mugs/nhl/20242025/MTL/8475848.png,Brendan,Gallagher,R,82,21,17,38,-6,148,0.141892,834.8659,18.0,0.0,,,,,,,,,,,,
8,8476469,https://assets.nhle.com/mugs/nhl/20242025/MTL/8476469.png,Joel,Armia,R,81,11,18,29,-2,104,0.105769,858.1235,17.7778,0.214286,,,,,,,,,,,,
8,8476875,https://assets.nhle.com/mugs/nhl/20242025/MTL/8476875.png,Mike,Matheson,D,80,6,25,31,-6,149,0.040268,1504.8375,25.5125,0.0,,,,,,,,,,,,
8,8476981,https://assets.nhle.com/mugs/nhl/20242025/MTL/8476981.png,Josh,Anderson,R,81,15,12,27,-2,109,0.137615,859.1728,18.9012,0.591837,,,,,,,,,,,,
8,8477989,https://assets.nhle.com/mugs/nhl/20242025/MTL/8477989.png,Christian,Dvorak,C,82,12,21,33,-5,104,0.115385,914.622,20.0122,0.557547,,,,,,,,,,,,
8,8478133,https://assets.nhle.com/mugs/nhl/20242025/MTL/8478133.png,Jake,Evans,C,82,13,23,36,1,80,0.1625,933.2195,19.561,0.52852,,,,,,,,,,,,
8,8478851,https://assets.nhle.com/mugs/nhl/20242025/MTL/8478851.png,Alexandre,Carrier,D,79,3,22,25,-10,82,0.036585,1235.2152,26.2911,0.0,,,,,,,,,,,,
8,8479339,https://assets.nhle.com/mugs/nhl/20242025/MTL/8479339.png,Patrik,Laine,L,52,20,13,33,-14,116,0.172414,858.4423,15.9808,0.44,,,,,,,,,,,,
8,8479543,https://assets.nhle.com/mugs/nhl/20242025/MTL/8479543.png,Michael,Pezzetta,L,25,0,0,0,-2,14,0.0,356.04,8.64,0.25,,,,,,,,,,,,
8,8479718,https://assets.nhle.com/mugs/nhl/20242025/MTL/8479718.png,Alex,Barré-Boulet,C,2,0,0,0,-2,0,0.0,609.5,14.5,0.0,,,,,,,,,,,,
8,8480018,https://assets.nhle.com/mugs/nhl/20242025/MTL/8480018.png,Nick,Suzuki,C,82,30,59,89,19,172,0.174419,1203.6341,21.061,0.515933,,,,,,,,,,,,
8,8481093,https://assets.nhle.com/mugs/nhl/20242025/MTL/8481093.png,Rafael,Harvey-Pinard,L,1,0,0,0,0,0,0.0,534.0,11.0,0.0,,,,,,,,,,,,
8,8481523,https://assets.nhle.com/mugs/nhl/20242025/MTL/8481523.png,Kirby,Dach,C,57,10,12,22,-29,84,0.119048,940.4386,17.4386,0.403361,,,,,,,,,,,,
8,8481540,https://assets.nhle.com/mugs/nhl/20242025/MTL/8481540.png,Cole,Caufield,R,82,37,33,70,9,240,0.154167,1084.561,19.7927,0.4,,,,,,,,,,,,
8,8481593,https://assets.nhle.com/mugs/nhl/20242025/MTL/8481593.png,Jayden,Struble,D,56,2,11,13,2,47,0.042553,897.2679,18.1607,0.0,,,,,,,,,,,,
8,8481618,https://assets.nhle.com/mugs/nhl/20242025/MTL/8481618.png,Alex,Newhook,C,82,15,11,26,-21,118,0.127119,907.9268,17.5854,0.428315,,,,,,,,,,,,
8,8482087,https://assets.nhle.com/mugs/nhl/20242025/MTL/8482087.png,Kaiden,Guhle,D,55,6,12,18,6,71,0.084507,1270.5455,24.4545,0.0,,,,,,,,,,,,
8,8482476,https://assets.nhle.com/mugs/nhl/20242025/MTL/8482476.png,Emil,Heineman,L,62,10,8,18,-6,64,0.15625,683.5323,15.0645,0.142857,,,,,,,,,,,,
8,8482733,https://assets.nhle.com/mugs/nhl/20242025/MTL/8482733.png,Logan,Mailloux,D,7,2,2,4,-5,10,0.2,972.2857,19.1429,0.0,,,,,,,,,,,,
8,8482749,https://assets.nhle.com/mugs/nhl/20242025/MTL/8482749.png,Joshua,Roy,R,12,2,0,2,-6,14,0.142857,661.0833,15.1667,1.0,,,,,,,,,,,,
8,8482775,https://assets.nhle.com/mugs/nhl/20242025/MTL/8482775.png,Oliver,Kapanen,C,18,0,2,2,-5,16,0.0,653.3889,14.4444,0.428571,,,,,,,,,,,,
8,8482964,https://assets.nhle.com/mugs/nhl/20242025/MTL/8482964.png,Arber,Xhekaj,D,70,1,5,6,-13,69,0.014493,877.4429,17.8,0.0,,,,,,,,,,,,
8,8483424,https://assets.nhle.com/mugs/nhl/20242025/MTL/8483424.png,Owen,Beck,C,12,0,1,1,-2,10,0.0,599.0,13.25,0.538462,,,,,,,,,,,,
8,8483457,https://assets.nhle.com/mugs/nhl/20242025/MTL/8483457.png,Lane,Hutson,D,82,6,60,66,-2,91,0.065934,1363.9878,23.5366,0.0,,,,,,,,,,,,
8,8483515,https://assets.nhle.com/mugs/nhl/20242025/MTL/8483515.png,Juraj,Slafkovský,L,79,18,33,51,4,133,0.135338,1040.9367,18.7595,0.263158,,,,,,,,,,,,
8,8483549,https://assets.nhle.com/mugs/nhl/20242025/MTL/8483549.png,Lucas,Condotta,L,7,1,0,1,-2,5,0.2,492.1429,11.7143,0.586207,,,,,,,,,,,,
8,8484984,https://assets.nhle.com/mugs/nhl/20242025/MTL/8484984.png,Ivan,Demidov,R,2,1,1,2,1,5,0.2,822.5,16.5,0.0,,,,,,,,,,,,
8,8478470,https://assets.nhle.com/mugs/nhl/20242025/MTL/8478470.png,Sam,Montembeault,G,62,0,1,1,,,,,,,60,31,24,0,7,2.818349,0.901669,1678,1513,166,4,212039
8,8480051,https://assets.nhle.com/mugs/nhl/20242025/MTL/8480051.png,Cayden,Primeau,G,11,0,0,0,,,,,,,7,2,3,0,1,4.697346,0.836,250,209,41,0,31422
8,8482487,https://assets.nhle.com/mugs/nhl/20242025/MTL/8482487.png,Jakub,Dobes,G,16,0,0,0,,,,,,,15,7,4,0,3,2.743536,0.909091,440,400,40,1,52487
7,8475722,https://assets.nhle.com/mugs/nhl/20242025/BUF/8475722.png,Jason,Zucker,L,73,21,32,53,4,143,0.146853,959.6301,20.137,0.396226,,,,,,,,,,,,
7,8477365,https://assets.nhle.com/mugs/nhl/20242025/BUF/8477365.png,Connor,Clifton,D,73,1,15,16,-6,63,0.015873,962.9178,21.0411,0.0,,,,,,,,,,,,
7,8477949,https://assets.nhle.com/mugs/nhl/20242025/BUF/8477949.png,Alex,Tuch,R,82,36,31,67,16,196,0.183673,1155.2561,25.122,0.409574,,,,,,,,,,,,
7,8478043,https://assets.nhle.com/mugs/nhl/20242025/BUF/8478043.png,Sam,Lafferty,C,60,4,3,7,-15,50,0.08,592.5667,14.7833,0.50641,,,,,,,,,,,,
7,8478413,https://assets.nhle.com/mugs/nhl/20242025/BUF/8478413.png,Jordan,Greenway,L,34,3,5,8,-4,36,0.083333,904.4412,22.0882,0.205882,,,,,,,,,,,,
7,8479359,https://assets.nhle.com/mugs/nhl/20242025/BUF/8479359.png,Beck,Malenstyn,L,76,4,6,10,-16,67,0.059701,631.8553,15.6184,0.558824,,,,,,,,,,,,
7,8479419,https://assets.nhle.com/mugs/nhl/20242025/BUF/8479419.png,Brett,Murray,L,3,0,0,0,-2,0,0.0,474.6667,11.6667,0.0,,,,,,,,,,,,
7,8479420,https://assets.nhle.com/mugs/nhl/20242025/BUF/8479420.png,Tage,Thompson,C,76,44,28,72,-2,242,0.181818,1125.3816,23.4737,0.427557,,,,,,,,,,,,
7,8480064,https://assets.nhle.com/mugs/nhl/20242025/BUF/8480064.png,Josh,Norris,C,56,21,14,35,-6,96,0.21875,1100.7857,26.4643,0.538462,,,,,,,,,,,,
7,8480196,https://assets.nhle.com/mugs/nhl/20242025/BUF/8480196.png,Jacob,Bryson,D,48,0,7,7,-9,20,0.0,863.5417,20.625,0.0,,,,,,,,,,,,
7,8480802,https://assets.nhle.com/mugs/nhl/20242025/BUF/8480802.png,Ryan,McLeod,C,79,20,33,53,13,97,0.206186,1009.6076,23.0,0.523256,,,,,,,,,,,,
7,8480807,https://assets.nhle.com/mugs/nhl/20242025/BUF/8480807.png,Mattias,Samuelsson,D,62,4,10,14,3,52,0.076923,1158.2097,24.7097,0.0,,,,,,,,,,,,
7,8480839,https://assets.nhle.com/mugs/nhl/20242025/BUF/8480839.png,Rasmus,Dahlin,D,73,17,51,68,11,200,0.085,1454.137,28.9315,0.0,,,,,,,,,,,,
7,8480879,https://assets.nhle.com/mugs/nhl/20242025/BUF/8480879.png,Jacob,Bernard-Docker,D,40,2,6,8,5,32,0.0625,816.9,19.5,0.0,,,,,,,,,,,,
7,8481522,https://assets.nhle.com/mugs/nhl/20242025/BUF/8481522.png,Peyton,Krebs,C,81,10,18,28,1,80,0.125,835.9136,19.9012,0.490226,,,,,,,,,,,,
7,8481524,https://assets.nhle.com/mugs/nhl/20242025/BUF/8481524.png,Bowen,Byram,D,82,7,31,38,11,94,0.074468,1361.8293,28.378,0.0,,,,,,,,,,,,
7,8481564,https://assets.nhle.com/mugs/nhl/20242025/BUF/8481564.png,Ryan,Johnson,D,3,0,0,0,-2,3,0.0,1060.0,22.6667,0.0,,,,,,,,,,,,
7,8482097,https://assets.nhle.com/mugs/nhl/20242025/BUF/8482097.png,Jack,Quinn,R,74,15,24,39,-18,123,0.121951,891.7973,19.6622,0.142857,,,,,,,,,,,,
7,8482175,https://assets.nhle.com/mugs/nhl/20242025/BUF/8482175.png,JJ,Peterka,R,77,27,41,68,-1,173,0.156069,1091.039,22.0909,0.166667,,,,,,,,,,,,
7,8482623,https://assets.nhle.com/mugs/nhl/20242025/BUF/8482623.png,Josh,Dunne,C,2,0,0,0,-3,1,0.0,425.5,12.5,0.285714,,,,,,,,,,,,
7,8482671,https://assets.nhle.com/mugs/nhl/20242025/BUF/8482671.png,Owen,Power,D,79,7,33,40,-13,139,0.05036,1278.7089,26.5823,0.0,,,,,,,,,,,,
7,8482765,https://assets.nhle.com/mugs/nhl/20242025/BUF/8482765.png,Isak,Rosen,R,8,0,1,1,-3,8,0.0,578.375,15.125,0.0,,,,,,,,,,,,
7,8482896,https://assets.nhle.com/mugs/nhl/20242025/BUF/8482896.png,Tyson,Kozak,C,21,3,2,5,-2,11,0.272727,629.381,16.6667,0.462069,,,,,,,,,,,,
7,8483468,https://assets.nhle.com/mugs/nhl/20242025/BUF/8483468.png,Jiri,Kulich,C,62,15,9,24,-4,134,0.11194,887.5645,20.8226,0.455197,,,,,,,,,,,,
7,8483500,https://assets.nhle.com/mugs/nhl/20242025/BUF/8483500.png,Noah,Ostlund,C,8,0,0,0,-6,4,0.0,632.5,14.625,0.363636,,,,,,,,,,,,
7,8484145,https://assets.nhle.com/mugs/nhl/20242025/BUF/8484145.png,Zach,Benson,L,75,10,18,28,-2,120,0.083333,889.1067,20.12,0.190476,,,,,,,,,,,,
7,8473503,https://assets.nhle.com/mugs/nhl/20242025/BUF/8473503.png,James,Reimer,G,24,0,0,0,,,,,,,21,10,10,0,2,3.037789,0.897281,662,594,69,1,81770
7,8480045,https://assets.nhle.com/mugs/nhl/20242025/BUF/8480045.png,Ukko-Pekka,Luukkonen,G,55,0,1,1,,,,,,,55,24,24,0,5,3.196503,0.886577,1490,1321,169,2,190333
7,8482221,https://assets.nhle.com/mugs/nhl/20242025/BUF/8482221.png,Devon,Levi,G,9,0,0,0,,,,,,,8,2,7,0,0,4.119564,0.872093,258,225,33,0,28838
2,8474709,https://assets.nhle.com/mugs/nhl/20242025/NYI/8474709.png,Matt,Martin,L,32,0,2,2,-5,17,0.0,512.9375,12.3125,0.533333,,,,,,,,,,,,
2,8475151,https://assets.nhle.com/mugs/nhl/20242025/NYI/8475151.png,Kyle,Palmieri,C,82,24,24,48,-17,169,0.142012,1110.9756,22.561,0.393939,,,,,,,,,,,,
2,8475231,https://assets.nhle.com/mugs/nhl/20242025/NYI/8475231.png,Casey,Cizikas,C,82,7,10,17,-13,97,0.072165,782.439,18.2561,0.551555,,,,,,,,,,,,
2,8475314,https://assets.nhle.com/mugs/nhl/20242025/NYI/8475314.png,Anders,Lee,L,82,29,25,54,3,233,0.124464,1023.622,20.5366,0.444444,,,,,,,,,,,,
2,8476419,https://assets.nhle.com/mugs/nhl/20242025/NYI/8476419.png,Jean-Gabriel,Pageau,C,79,14,28,42,4,120,0.116667,1019.8354,22.0886,0.596154,,,,,,,,,,,,
2,8476422,https://assets.nhle.com/mugs/nhl/20242025/NYI/8476422.png,Mike,Reilly,D,18,0,2,2,-3,31,0.0,910.0556,22.6111,0.0,,,,,,,,,,,,
2,8476429,https://assets.nhle.com/mugs/nhl/20242025/NYI/8476429.png,Scott,Mayfield,D,66,3,6,9,18,51,0.058824,1020.0455,23.3939,0.0,,,,,,,,,,,,
2,8476917,https://assets.nhle.com/mugs/nhl/20242025/NYI/8476917.png,Adam,Pelech,D,60,0,21,21,4,109,0.0,1266.8333,29.1333,0.0,,,,,,,,,,,,
2,8477392,https://assets.nhle.com/mugs/nhl/20242025/NYI/8477392.png,Hudson,Fasching,R,43,2,2,4,-4,51,0.039216,664.907,15.186,0.2,,,,,,,,,,,,
2,8477407,https://assets.nhle.com/mugs/nhl/20242025/NYI/8477407.png,Anthony,Duclair,L,44,7,4,11,-15,60,0.116667,902.5,19.5682,0.0,,,,,,,,,,,,
2,8477500,https://assets.nhle.com/mugs/nhl/20242025/NYI/8477500.png,Bo,Horvat,C,81,28,29,57,-4,243,0.115226,1210.4074,23.1728,0.581501,,,,,,,,,,,,
2,8477506,https://assets.nhle.com/mugs/nhl/20242025/NYI/8477506.png,Ryan,Pulock,D,74,5,18,23,2,97,0.051546,1264.7838,29.2568,0.0,,,,,,,,,,,,
2,8477950,https://assets.nhle.com/mugs/nhl/20242025/NYI/8477950.png,Tony,DeAngelo,D,35,4,15,19,-11,76,0.052632,1400.6286,27.2857,0.0,,,,,,,,,,,,
2,8478115,https://assets.nhle.com/mugs/nhl/20242025/NYI/8478115.png,Pierre,Engvall,L,62,8,7,15,-7,93,0.086022,709.0484,15.7258,0.294118,,,,,,,,,,,,
2,8478445,https://assets.nhle.com/mugs/nhl/20242025/NYI/8478445.png,Mathew,Barzal,C,30,6,14,20,10,78,0.076923,1220.9667,21.6,0.423077,,,,,,,,,,,,
2,8479328,https://assets.nhle.com/mugs/nhl/20242025/NYI/8479328.png,Julien,Gauthier,R,1,0,0,0,0,0,0.0,462.0,12.0,0.0,,,,,,,,,,,,
2,8480306,https://assets.nhle.com/mugs/nhl/20242025/NYI/8480306.png,Grant,Hutton,D,13,0,2,2,1,10,0.0,807.6923,20.8462,0.0,,,,,,,,,,,,
2,8480853,https://assets.nhle.com/mugs/nhl/20242025/NYI/8480853.png,Liam,Foudy,C,2,0,0,0,-1,1,0.0,447.0,11.5,0.0,,,,,,,,,,,,
2,8480865,https://assets.nhle.com/mugs/nhl/20242025/NYI/8480865.png,Noah,Dobson,D,71,10,29,39,-16,196,0.05102,1396.338,28.6479,0.0,,,,,,,,,,,,
2,8480871,https://assets.nhle.com/mugs/nhl/20242025/NYI/8480871.png,Adam,Boqvist,D,35,4,10,14,-9,40,0.1,844.3143,18.4571,0.0,,,,,,,,,,,,
2,8481014,https://assets.nhle.com/mugs/nhl/20242025/NYI/8481014.png,Alexander,Romanov,D,64,4,16,20,5,100,0.04,1338.4219,27.5469,0.0,,,,,,,,,,,,
2,8481059,https://assets.nhle.com/mugs/nhl/20242025/NYI/8481059.png,Scott,Perunovich,D,35,2,7,9,-3,18,0.111111,960.4286,20.4857,0.0,,,,,,,,,,,,
2,8481237,https://assets.nhle.com/mugs/nhl/20242025/NYI/8481237.png,Kyle,MacLean,C,81,4,7,11,-15,61,0.065574,597.7407,13.9877,0.482332,,,,,,,,,,,,
2,8481541,https://assets.nhle.com/mugs/nhl/20242025/NYI/8481541.png,Samuel,Bolduc,D,1,0,0,0,-1,0,0.0,356.0,11.0,0.0,,,,,,,,,,,,
2,8481601,https://assets.nhle.com/mugs/nhl/20242025/NYI/8481601.png,Simon,Holmstrom,R,75,20,25,45,5,96,0.208333,1011.8933,21.6267,0.2,,,,,,,,,,,,
2,8483448,https://assets.nhle.com/mugs/nhl/20242025/NYI/8483448.png,Isaiah,George,D,33,1,4,5,-3,26,0.038462,938.7879,20.9394,0.0,,,,,,,,,,,,
2,8483553,https://assets.nhle.com/mugs/nhl/20242025/NYI/8483553.png,Marc,Gatcomb,C,39,8,1,9,-4,41,0.195122,587.2308,13.5641,0.416667,,,,,,,,,,,,
2,8484958,https://assets.nhle.com/mugs/nhl/20242025/NYI/8484958.png,Maxim,Tsyplakov,R,77,10,25,35,4,116,0.086207,898.026,18.5584,0.434783,,,,,,,,,,,,
2,8473575,https://assets.nhle.com/mugs/nhl/20242025/NYI/8473575.png,Semyon,Varlamov,G,10,0,0,0,,,,,,,10,3,4,0,3,2.888446,0.889313,262,233,29,0,36144
2,8477405,https://assets.nhle.com/mugs/nhl/20242025/NYI/8477405.png,Marcus,Hogberg,G,15,0,0,0,,,,,,,11,2,6,0,3,3.378115,0.877612,335,294,41,0,43693
2,8478009,https://assets.nhle.com/mugs/nhl/20242025/NYI/8478009.png,Ilya,Sorokin,G,61,1,2,3,,,,,,,60,30,24,0,6,2.709462,0.907375,1695,1538,158,4,209931
2,8480819,https://assets.nhle.com/mugs/nhl/20242025/NYI/8480819.png,Jakub,Skarek,G,2,0,0,0,,,,,,,1,0,1,0,0,3.939593,0.871795,39,34,5,0,4569
2,8482668,https://assets.nhle.com/mugs/nhl/20242025/NYI/8482668.png,Tristan,Lennox,G,1,0,0,0,,,,,,,0,0,0,0,0,12.720848,0.5,2,1,1,0,283
28,8471709,https://assets.nhle.com/mugs/nhl/20242025/SJS/8471709.png,Marc-Edouard,Vlasic,D,27,1,2,3,-10,20,0.05,877.5185,19.1111,0.0,,,,,,,,,,,,
28,8475726,https://assets.nhle.com/mugs/nhl/20242025/SJS/8475726.png,Tyler,Toffoli,C,78,30,24,54,-21,233,0.128755,1015.7692,19.8462,0.541667,,,,,,,,,,,,
28,8476624,https://assets.nhle.com/mugs/nhl/20242025/SJS/8476624.png,Barclay,Goodrow,C,77,5,3,8,-37,73,0.068493,827.013,17.8701,0.428571,,,,,,,,,,,,
28,8477149,https://assets.nhle.com/mugs/nhl/20242025/SJS/8477149.png,Scott,Sabourin,R,1,0,0,0,-2,0,0.0,627.0,14.0,0.0,,,,,,,,,,,,
28,8477505,https://assets.nhle.com/mugs/nhl/20242025/SJS/8477505.png,Alexander,Wennberg,C,77,10,25,35,-21,82,0.121951,1131.4286,21.3896,0.47521,,,,,,,,,,,,
28,8479249,https://assets.nhle.com/mugs/nhl/20242025/SJS/8479249.png,Andrew,Poturalski,C,3,0,1,1,-1,5,0.0,867.3333,16.6667,0.488372,,,,,,,,,,,,
28,8479336,https://assets.nhle.com/mugs/nhl/20242025/SJS/8479336.png,Carl,Grundstrom,R,56,3,6,9,-21,88,0.034091,575.7857,12.5357,0.428571,,,,,,,,,,,,
28,8479393,https://assets.nhle.com/mugs/nhl/20242025/SJS/8479393.png,Noah,Gregor,L,52,4,3,7,-21,60,0.066667,666.3654,17.2692,0.571429,,,,,,,,,,,,
28,8479523,https://assets.nhle.com/mugs/nhl/20242025/SJS/8479523.png,Lucas,Carlsson,D,13,1,3,4,-2,15,0.066667,1161.7692,25.0769,0.0,,,,,,,,,,,,
28,8479576,https://assets.nhle.com/mugs/nhl/20242025/SJS/8479576.png,Vincent,Desharnais,D,51,0,3,3,-9,28,0.0,955.1373,22.2353,0.0,,,,,,,,,,,,
28,8479983,https://assets.nhle.com/mugs/nhl/20242025/SJS/8479983.png,Mario,Ferraro,D,78,5,12,17,-25,79,0.063291,1284.0897,24.3846,0.0,,,,,,,,,,,,
28,8480011,https://assets.nhle.com/mugs/nhl/20242025/SJS/8480011.png,Klim,Kostin,C,35,1,6,7,-6,28,0.035714,640.6,14.4857,0.307692,,,,,,,,,,,,
28,8480043,https://assets.nhle.com/mugs/nhl/20242025/SJS/8480043.png,Timothy,Liljegren,D,68,6,11,17,-25,102,0.058824,1151.7647,23.7941,0.0,,,,,,,,,,,,
28,8480172,https://assets.nhle.com/mugs/nhl/20242025/SJS/8480172.png,Jan,Rutta,D,54,3,6,9,-3,55,0.054545,1035.3704,22.037,0.0,,,,,,,,,,,,
28,8480825,https://assets.nhle.com/mugs/nhl/20242025/SJS/8480825.png,Patrick,Giles,R,17,1,0,1,-3,15,0.066667,553.8824,13.4706,0.340206,,,,,,,,,,,,
28,8480848,https://assets.nhle.com/mugs/nhl/20242025/SJS/8480848.png,Ty,Dellandrea,C,68,1,7,8,-31,50,0.02,708.2647,15.5441,0.498807,,,,,,,,,,,,
28,8481042,https://assets.nhle.com/mugs/nhl/20242025/SJS/8481042.png,Nikolai,Kovalenko,R,57,7,13,20,-9,45,0.155556,740.4211,16.7018,0.222222,,,,,,,,,,,,
28,8481486,https://assets.nhle.com/mugs/nhl/20242025/SJS/8481486.png,Jimmy,Schuldt,D,8,0,0,0,-2,4,0.0,827.0,19.125,0.0,,,,,,,,,,,,
28,8481567,https://assets.nhle.com/mugs/nhl/20242025/SJS/8481567.png,Henry,Thrun,D,60,2,10,12,-23,52,0.038462,1050.8167,21.6,0.0,,,,,,,,,,,,
28,8482101,https://assets.nhle.com/mugs/nhl/20242025/SJS/8482101.png,Danil,Gushchin,L,12,0,1,1,-3,16,0.0,738.0,15.0,1.0,,,,,,,,,,,,
28,8482133,https://assets.nhle.com/mugs/nhl/20242025/SJS/8482133.png,Thomas,Bordeleau,C,1,0,0,0,0,1,0.0,638.0,18.0,1.0,,,,,,,,,,,,
28,8482144,https://assets.nhle.com/mugs/nhl/20242025/SJS/8482144.png,Jack,Thompson,D,31,4,6,10,-9,41,0.097561,947.4194,20.129,0.0,,,,,,,,,,,,
28,8482166,https://assets.nhle.com/mugs/nhl/20242025/SJS/8482166.png,Shakir,Mukhamadullin,D,30,2,7,9,-7,30,0.066667,1084.0333,22.2667,0.0,,,,,,,,,,,,
28,8482206,https://assets.nhle.com/mugs/nhl/20242025/SJS/8482206.png,Ethan,Cardwell,R,6,1,0,1,-2,5,0.2,691.8333,15.1667,0.5,,,,,,,,,,,,
28,8482652,https://assets.nhle.com/mugs/nhl/20242025/SJS/8482652.png,Walker,Duehr,R,24,2,1,3,-11,15,0.133333,528.2083,12.5833,0.111111,,,,,,,,,,,,
28,8482667,https://assets.nhle.com/mugs/nhl/20242025/SJS/8482667.png,William,Eklund,L,77,17,41,58,-7,151,0.112583,1173.1948,21.2857,0.305556,,,,,,,,,,,,
28,8482859,https://assets.nhle.com/mugs/nhl/20242025/SJS/8482859.png,Zack,Ostapchuk,C,56,1,3,4,-8,26,0.038462,565.1607,14.8571,0.485816,,,,,,,,,,,,
28,8483481,https://assets.nhle.com/mugs/nhl/20242025/SJS/8483481.png,Cam,Lund,C,11,2,1,3,-10,12,0.166667,690.3636,15.9091,0.666667,,,,,,,,,,,,
28,8484152,https://assets.nhle.com/mugs/nhl/20242025/SJS/8484152.png,Luca,Cagnoni,D,6,0,2,2,-4,7,0.0,1058.5,19.6667,0.0,,,,,,,,,,,,
28,8484227,https://assets.nhle.com/mugs/nhl/20242025/SJS/8484227.png,Will,Smith,C,74,18,27,45,-15,127,0.141732,951.1622,18.1486,0.365169,,,,,,,,,,,,
28,8484801,https://assets.nhle.com/mugs/nhl/20242025/SJS/8484801.png,Macklin,Celebrini,C,70,25,38,63,-31,236,0.105932,1187.2857,20.3571,0.482398,,,,,,,,,,,,
28,8484911,https://assets.nhle.com/mugs/nhl/20242025/SJS/8484911.png,Collin,Graf,R,33,5,6,11,-4,40,0.125,951.5758,19.8788,0.333333,,,,,,,,,,,,
28,8480382,https://assets.nhle.com/mugs/nhl/20242025/SJS/8480382.png,Alexandar,Georgiev,G,49,0,1,1,,,,,,,47,15,26,0,4,3.705367,0.874715,1317,1152,165,0,160308
28,8482137,https://assets.nhle.com/mugs/nhl/20242025/SJS/8482137.png,Yaroslav,Askarov,G,13,0,1,1,,,,,,,12,4,6,0,2,3.097098,0.896359,357,320,37,0,43008
28,8484312,https://assets.nhle.com/mugs/nhl/20242025/SJS/8484312.png,Georgi,Romanov,G,8,0,0,0,,,,,,,6,0,6,0,0,3.885513,0.876712,219,192,27,0,25016
29,8471677,https://assets.nhle.com/mugs/nhl/20242025/CBJ/8471677.png,Jack,Johnson,D,41,0,6,6,-13,23,0.0,772.3902,15.2927,0.0,,,,,,,,,,,,
29,8474037,https://assets.nhle.com/mugs/nhl/20242025/CBJ/8474037.png,James,van Riemsdyk,L,71,16,20,36,-4,85,0.188235,743.9718,16.2254,0.3,,,,,,,,,,,,
29,8475790,https://assets.nhle.com/mugs/nhl/20242025/CBJ/8475790.png,Erik,Gudbranson,D,16,0,4,4,1,12,0.0,1066.25,20.625,0.0,,,,,,,,,,,,
29,8476374,https://assets.nhle.com/mugs/nhl/20242025/CBJ/8476374.png,Sean,Kuraly,C,82,6,11,17,-4,88,0.068182,705.8415,14.6098,0.542955,,,,,,,,,,,,
29,8476425,https://assets.nhle.com/mugs/nhl/20242025/CBJ/8476425.png,Joseph,LaBate,C,6,0,1,1,1,3,0.0,546.3333,13.6667,0.0,,,,,,,,,,,,
29,8476432,https://assets.nhle.com/mugs/nhl/20242025/CBJ/8476432.png,Boone,Jenner,C,26,7,12,19,3,70,0.1,1079.1538,20.5,0.512195,,,,,,,,,,,,
29,8476923,https://assets.nhle.com/mugs/nhl/20242025/CBJ/8476923.png,Damon,Severson,D,70,6,19,25,5,91,0.065934,1143.2286,21.4714,0.0,,,,,,,,,,,,
29,8477497,https://assets.nhle.com/mugs/nhl/20242025/CBJ/8477497.png,Sean,Monahan,C,54,19,38,57,19,128,0.148438,1140.8889,23.0556,0.526046,,,,,,,,,,,,
29,8478099,https://assets.nhle.com/mugs/nhl/20242025/CBJ/8478099.png,Kevin,Labanc,R,34,2,10,12,1,35,0.057143,629.6765,13.3824,0.0,,,,,,,,,,,,
29,8478432,https://assets.nhle.com/mugs/nhl/20242025/CBJ/8478432.png,Christian,Fischer,R,46,1,6,7,-6,31,0.032258,666.8478,15.5652,0.5625,,,,,,,,,,,,
29,8478460,https://assets.nhle.com/mugs/nhl/20242025/CBJ/8478460.png,Zach,Werenski,D,81,23,59,82,12,298,0.077181,1604.716,25.679,0.0,,,,,,,,,,,,
29,8478500,https://assets.nhle.com/mugs/nhl/20242025/CBJ/8478500.png,Ivan,Provorov,D,82,7,26,33,11,100,0.07,1401.2317,24.6463,0.0,,,,,,,,,,,,
29,8479316,https://assets.nhle.com/mugs/nhl/20242025/CBJ/8479316.png,Luke,Kunin,C,75,11,7,18,-28,112,0.098214,881.4267,18.5067,0.469849,,,,,,,,,,,,
29,8479371,https://assets.nhle.com/mugs/nhl/20242025/CBJ/8479371.png,Dante,Fabbro,D,68,9,17,26,20,89,0.101124,1253.7353,22.7059,0.0,,,,,,,,,,,,
29,8479671,https://assets.nhle.com/mugs/nhl/20242025/CBJ/8479671.png,Mathieu,Olivier,R,82,18,14,32,-4,111,0.162162,867.5488,18.5976,0.388889,,,,,,,,,,,,
29,8479941,https://assets.nhle.com/mugs/nhl/20242025/CBJ/8479941.png,Justin,Danforth,R,61,9,12,21,-6,94,0.095745,863.0656,19.082,0.494705,,,,,,,,,,,,
29,8479944,https://assets.nhle.com/mugs/nhl/20242025/CBJ/8479944.png,Zachary,Aston-Reese,C,79,6,11,17,-15,101,0.059406,806.6835,17.6835,0.222222,,,,,,,,,,,,
29,8480887,https://assets.nhle.com/mugs/nhl/20242025/CBJ/8480887.png,Jordan,Harris,D,33,1,4,5,-1,15,0.066667,683.2424,13.1212,0.0,,,,,,,,,,,,
29,8480893,https://assets.nhle.com/mugs/nhl/20242025/CBJ/8480893.png,Kirill,Marchenko,R,79,31,43,74,29,207,0.149758,1114.9873,20.7215,0.317073,,,,,,,,,,,,
29,8481161,https://assets.nhle.com/mugs/nhl/20242025/CBJ/8481161.png,Jake,Christiansen,D,68,1,7,8,6,58,0.017241,752.3971,14.7794,0.0,,,,,,,,,,,,
29,8481716,https://assets.nhle.com/mugs/nhl/20242025/CBJ/8481716.png,Dmitri,Voronkov,L,73,23,24,47,17,154,0.149351,1007.2192,19.5616,0.41573,,,,,,,,,,,,
29,8482451,https://assets.nhle.com/mugs/nhl/20242025/CBJ/8482451.png,Mikael,Pyyhtia,L,47,4,3,7,-11,32,0.125,725.9787,15.6809,0.666667,,,,,,,,,,,,
29,8482475,https://assets.nhle.com/mugs/nhl/20242025/CBJ/8482475.png,Yegor,Chinakhov,R,30,7,8,15,-6,68,0.102941,943.3333,18.9667,0.0,,,,,,,,,,,,
29,8482660,https://assets.nhle.com/mugs/nhl/20242025/CBJ/8482660.png,Kent,Johnson,C,68,24,33,57,2,123,0.195122,1037.6324,19.7206,0.0,,,,,,,,,,,,
29,8482705,https://assets.nhle.com/mugs/nhl/20242025/CBJ/8482705.png,Cole,Sillinger,C,66,11,22,33,-11,129,0.085271,1014.8182,20.5606,0.461538,,,,,,,,,,,,
29,8482744,https://assets.nhle.com/mugs/nhl/20242025/CBJ/8482744.png,James,Malatesta,L,2,0,0,0,-1,0,0.0,634.0,11.5,1.0,,,,,,,,,,,,
29,8483432,https://assets.nhle.com/mugs/nhl/20242025/CBJ/8483432.png,Luca,Del Bel Belluz,C,15,2,6,8,2,18,0.111111,825.2,17.1333,0.430464,,,,,,,,,,,,
29,8483485,https://assets.nhle.com/mugs/nhl/20242025/CBJ/8483485.png,Denton,Mateychuk,D,45,4,9,13,4,44,0.090909,1082.1111,21.2444,0.0,,,,,,,,,,,,
29,8483538,https://assets.nhle.com/mugs/nhl/20242025/CBJ/8483538.png,Owen,Sillinger,C,1,0,0,0,0,0,0.0,789.0,16.0,0.4,,,,,,,,,,,,
29,8484166,https://assets.nhle.com/mugs/nhl/20242025/CBJ/8484166.png,Adam,Fantilli,C,82,31,23,54,4,191,0.162304,1048.6707,19.6341,0.412169,,,,,,,,,,,,
29,8485469,https://assets.nhle.com/mugs/nhl/20242025/CBJ/8485469.png,Jack,Williams,R,1,0,0,0,1,0,0.0,669.0,14.0,0.454545,,,,,,,,,,,,
29,8478007,https://assets.nhle.com/mugs/nhl/20242025/CBJ/8478007.png,Elvis,Merzlikins,G,53,0,1,1,,,,,,,52,26,21,0,5,3.178891,0.8921,1557,1389,168,1,190255
29,8480193,https://assets.nhle.com/mugs/nhl/20242025/CBJ/8480193.png,Daniil,Tarasov,G,20,0,1,1,,,,,,,19,7,10,0,2,3.544112,0.880515,544,479,65,1,66025
29,8482982,https://assets.nhle.com/mugs/nhl/20242025/CBJ/8482982.png,Jet,Greaves,G,11,0,0,0,,,,,,,11,7,2,0,2,1.908802,0.938053,339,318,21,2,39606
5,8471215,https://assets.nhle.com/mugs/nhl/20242025/PIT/8471215.png,Evgeni,Malkin,C,68,16,34,50,-24,125,0.128,1067.1324,21.3382,0.458136,,,,,,,,,,,,
5,8471675,https://assets.nhle.com/mugs/nhl/20242025/PIT/8471675.png,Sidney,Crosby,C,80,33,58,91,-20,227,0.145374,1222.475,24.475,0.570146,,,,,,,,,,,,
5,8471724,https://assets.nhle.com/mugs/nhl/20242025/PIT/8471724.png,Kris,Letang,D,74,9,21,30,-15,164,0.054878,1411.527,27.2162,0.0,,,,,,,,,,,,
5,8474578,https://assets.nhle.com/mugs/nhl/20242025/PIT/8474578.png,Erik,Karlsson,D,82,11,42,53,-24,191,0.057592,1394.1463,26.1707,0.0,,,,,,,,,,,,
5,8475763,https://assets.nhle.com/mugs/nhl/20242025/PIT/8475763.png,Kevin,Hayes,R,64,13,10,23,-15,98,0.132653,722.8438,16.25,0.520971,,,,,,,,,,,,
5,8475810,https://assets.nhle.com/mugs/nhl/20242025/PIT/8475810.png,Bryan,Rust,R,71,31,34,65,-21,191,0.162304,1185.0423,25.1268,0.529412,,,,,,,,,,,,
5,8476442,https://assets.nhle.com/mugs/nhl/20242025/PIT/8476442.png,Matt,Nieto,L,32,1,2,3,-8,31,0.032258,735.0,17.6875,0.4,,,,,,,,,,,,
5,8476483,https://assets.nhle.com/mugs/nhl/20242025/PIT/8476483.png,Rickard,Rakell,R,81,35,35,70,-22,203,0.172414,1157.8519,23.6049,0.422222,,,,,,,,,,,,
5,8476891,https://assets.nhle.com/mugs/nhl/20242025/PIT/8476891.png,Matt,Grzelcyk,D,82,1,39,40,-6,94,0.010638,1236.7195,25.2927,0.0,,,,,,,,,,,,
5,8477435,https://assets.nhle.com/mugs/nhl/20242025/PIT/8477435.png,Ryan,Graves,D,61,1,3,4,-15,39,0.025641,899.4098,19.7705,0.0,,,,,,,,,,,,
5,8478046,https://assets.nhle.com/mugs/nhl/20242025/PIT/8478046.png,Danton,Heinen,L,79,9,20,29,2,81,0.111111,806.5696,18.6076,0.391304,,,,,,,,,,,,
5,8478147,https://assets.nhle.com/mugs/nhl/20242025/PIT/8478147.png,Bokondji,Imama,L,16,1,0,1,2,10,0.1,339.9375,8.625,0.0,,,,,,,,,,,,
5,8478438,https://assets.nhle.com/mugs/nhl/20242025/PIT/8478438.png,Tommy,Novak,C,54,13,9,22,-7,92,0.141304,793.8704,17.6852,0.427273,,,,,,,,,,,,
5,8478569,https://assets.nhle.com/mugs/nhl/20242025/PIT/8478569.png,Noel,Acciari,C,79,5,7,12,-25,75,0.066667,825.5696,19.519,0.536789,,,,,,,,,,,,
5,8478854,https://assets.nhle.com/mugs/nhl/20242025/PIT/8478854.png,Ryan,Shea,D,39,2,3,5,-9,19,0.105263,1003.5641,21.9487,0.0,,,,,,,,,,,,
5,8479533,https://assets.nhle.com/mugs/nhl/20242025/PIT/8479533.png,Joona,Koppanen,L,11,1,0,1,-3,10,0.1,803.0,18.7273,0.391304,,,,,,,,,,,,
5,8479594,https://assets.nhle.com/mugs/nhl/20242025/PIT/8479594.png,Nathan,Clurman,D,1,0,0,0,0,4,0.0,665.0,17.0,0.0,,,,,,,,,,,,
5,8479982,https://assets.nhle.com/mugs/nhl/20242025/PIT/8479982.png,Conor,Timmins,D,68,3,12,15,11,69,0.043478,1015.3235,24.6029,0.0,,,,,,,,,,,,
5,8480058,https://assets.nhle.com/mugs/nhl/20242025/PIT/8480058.png,P.O,Joseph,D,47,0,3,3,-22,42,0.0,915.6809,20.4681,0.0,,,,,,,,,,,,
5,8480205,https://assets.nhle.com/mugs/nhl/20242025/PIT/8480205.png,Emil,Bemstrom,C,14,0,1,1,0,13,0.0,499.8571,11.8571,0.666667,,,,,,,,,,,,
5,8480980,https://assets.nhle.com/mugs/nhl/20242025/PIT/8480980.png,Connor,Dewar,C,48,4,6,10,-3,55,0.072727,693.4583,17.3333,0.427419,,,,,,,,,,,,
5,8481030,https://assets.nhle.com/mugs/nhl/20242025/PIT/8481030.png,Jack,St. Ivany,D,19,0,1,1,-3,12,0.0,982.0526,21.6316,0.0,,,,,,,,,,,,
5,8481481,https://assets.nhle.com/mugs/nhl/20242025/PIT/8481481.png,Blake,Lizotte,C,59,11,9,20,-4,51,0.215686,763.3559,18.6102,0.510086,,,,,,,,,,,,
5,8481577,https://assets.nhle.com/mugs/nhl/20242025/PIT/8481577.png,Philip,Tomasino,R,61,11,13,24,-10,104,0.105769,783.9836,16.5082,0.294118,,,,,,,,,,,,
5,8481591,https://assets.nhle.com/mugs/nhl/20242025/PIT/8481591.png,Sam,Poulin,R,7,0,1,1,1,3,0.0,604.4286,13.5714,0.0,,,,,,,,,,,,
5,8481609,https://assets.nhle.com/mugs/nhl/20242025/PIT/8481609.png,Vladislav,Kolyachonok,D,35,2,5,7,-12,20,0.1,781.0286,19.1714,0.0,,,,,,,,,,,,
5,8481703,https://assets.nhle.com/mugs/nhl/20242025/PIT/8481703.png,Valtteri,Puustinen,R,13,2,1,3,-4,8,0.25,593.5385,13.3077,0.0,,,,,,,,,,,,
5,8482102,https://assets.nhle.com/mugs/nhl/20242025/PIT/8482102.png,Vasily,Ponomarev,C,7,0,0,0,-1,8,0.0,601.7143,13.1429,0.518519,,,,,,,,,,,,
5,8482758,https://assets.nhle.com/mugs/nhl/20242025/PIT/8482758.png,Ville,Koivunen,R,8,0,7,7,0,15,0.0,1086.875,22.0,1.0,,,,,,,,,,,,
5,8483487,https://assets.nhle.com/mugs/nhl/20242025/PIT/8483487.png,Rutger,McGroarty,R,8,1,2,3,0,11,0.090909,876.625,20.375,0.0,,,,,,,,,,,,
5,8483503,https://assets.nhle.com/mugs/nhl/20242025/PIT/8483503.png,Owen,Pickering,D,25,1,2,3,-5,15,0.066667,888.92,20.72,0.0,,,,,,,,,,,,
5,8477465,https://assets.nhle.com/mugs/nhl/20242025/PIT/8477465.png,Tristan,Jarry,G,36,0,1,1,,,,,,,35,16,12,0,6,3.118966,0.892894,971,867,105,2,121194
5,8477968,https://assets.nhle.com/mugs/nhl/20242025/PIT/8477968.png,Alex,Nedeljkovic,G,38,1,2,3,,,,,,,35,14,15,0,5,3.124346,0.893738,1054,942,112,1,129051
5,8482446,https://assets.nhle.com/mugs/nhl/20242025/PIT/8482446.png,Joel,Blomqvist,G,15,0,0,0,,,,,,,12,4,9,0,1,3.806072,0.884706,425,376,49,0,46347
13,8473419,https://assets.nhle.com/mugs/nhl/20242025/FLA/8473419.png,Brad,Marchand,L,71,23,28,51,-7,194,0.118557,1099.4507,23.0141,0.384615,,,,,,,,,,,,
13,8475179,https://assets.nhle.com/mugs/nhl/20242025/FLA/8475179.png,Dmitry,Kulikov,D,70,4,9,13,12,64,0.0625,1156.1,26.6143,0.0,,,,,,,,,,,,
13,8477034,https://assets.nhle.com/mugs/nhl/20242025/FLA/8477034.png,Jaycob,Megna,D,8,0,0,0,-2,5,0.0,966.0,22.375,0.0,,,,,,,,,,,,
13,8477220,https://assets.nhle.com/mugs/nhl/20242025/FLA/8477220.png,Nate,Schmidt,D,80,5,14,19,4,70,0.071429,991.775,22.3875,0.0,,,,,,,,,,,,
13,8477409,https://assets.nhle.com/mugs/nhl/20242025/FLA/8477409.png,Carter,Verhaeghe,C,81,20,33,53,-14,242,0.082645,1072.1481,21.5802,0.363636,,,,,,,,,,,,
13,8477493,https://assets.nhle.com/mugs/nhl/20242025/FLA/8477493.png,Aleksander,Barkov,C,67,20,51,71,1,149,0.134228,1215.4776,24.6418,0.565302,,,,,,,,,,,,
13,8477495,https://assets.nhle.com/mugs/nhl/20242025/FLA/8477495.png,Seth,Jones,D,63,9,27,36,-24,129,0.069767,1478.4921,27.0794,0.0,,,,,,,,,,,,
13,8477931,https://assets.nhle.com/mugs/nhl/20242025/FLA/8477931.png,Tomas,Nosek,L,59,1,8,9,4,47,0.021277,589.0169,14.6102,0.517544,,,,,,,,,,,,
13,8477932,https://assets.nhle.com/mugs/nhl/20242025/FLA/8477932.png,Aaron,Ekblad,D,56,3,30,33,11,106,0.028302,1410.75,28.6429,0.0,,,,,,,,,,,,
13,8477933,https://assets.nhle.com/mugs/nhl/20242025/FLA/8477933.png,Sam,Reinhart,C,79,39,42,81,6,213,0.183099,1230.1392,24.5063,0.412451,,,,,,,,,,,,
13,8477935,https://assets.nhle.com/mugs/nhl/20242025/FLA/8477935.png,Sam,Bennett,C,76,25,26,51,-15,241,0.103734,1047.2105,22.1184,0.462487,,,,,,,,,,,,
13,8478055,https://assets.nhle.com/mugs/nhl/20242025/FLA/8478055.png,Gustav,Forsling,D,80,11,20,31,33,195,0.05641,1376.8625,28.175,0.0,,,,,,,,,,,,
13,8478421,https://assets.nhle.com/mugs/nhl/20242025/FLA/8478421.png,A.J.,Greer,L,81,6,11,17,4,86,0.069767,575.5926,14.1605,0.340426,,,,,,,,,,,,
13,8478542,https://assets.nhle.com/mugs/nhl/20242025/FLA/8478542.png,Evan,Rodrigues,C,82,15,17,32,-4,161,0.093168,913.1463,19.878,0.450355,,,,,,,,,,,,
13,8478859,https://assets.nhle.com/mugs/nhl/20242025/FLA/8478859.png,Niko,Mikkola,D,76,6,16,22,12,116,0.051724,1211.6579,28.5526,0.0,,,,,,,,,,,,
13,8479314,https://assets.nhle.com/mugs/nhl/20242025/FLA/8479314.png,Matthew,Tkachuk,L,52,22,35,57,-3,156,0.141026,1093.8846,22.3269,0.2,,,,,,,,,,,,
13,8479335,https://assets.nhle.com/mugs/nhl/20242025/FLA/8479335.png,Rasmus,Asplund,C,6,0,0,0,-2,2,0.0,475.8333,13.5,0.6,,,,,,,,,,,,
13,8479344,https://assets.nhle.com/mugs/nhl/20242025/FLA/8479344.png,Jesse,Puljujarvi,R,31,4,6,10,-1,50,0.08,706.9677,16.5806,0.0,,,,,,,,,,,,
13,8479981,https://assets.nhle.com/mugs/nhl/20242025/FLA/8479981.png,Jonah,Gadjovich,L,42,4,0,4,-7,43,0.093023,507.0238,12.5714,0.6,,,,,,,,,,,,
13,8480003,https://assets.nhle.com/mugs/nhl/20242025/FLA/8480003.png,Jesper,Boqvist,C,78,12,11,23,-4,87,0.137931,794.7564,19.5513,0.422619,,,,,,,,,,,,
13,8480185,https://assets.nhle.com/mugs/nhl/20242025/FLA/8480185.png,Eetu,Luostarinen,C,80,9,15,24,12,87,0.103448,917.3,21.75,0.452055,,,,,,,,,,,,
13,8481477,https://assets.nhle.com/mugs/nhl/20242025/FLA/8481477.png,Nico,Sturm,C,62,7,7,14,-6,59,0.118644,624.7742,15.2097,0.587678,,,,,,,,,,,,
13,8481600,https://assets.nhle.com/mugs/nhl/20242025/FLA/8481600.png,Tobias,Bjornfot,D,14,0,0,0,-3,10,0.0,786.0,19.7857,0.0,,,,,,,,,,,,
13,8482088,https://assets.nhle.com/mugs/nhl/20242025/FLA/8482088.png,Justin,Sourdif,R,1,1,0,1,1,2,0.5,567.0,15.0,0.0,,,,,,,,,,,,
13,8482113,https://assets.nhle.com/mugs/nhl/20242025/FLA/8482113.png,Anton,Lundell,C,79,17,28,45,17,158,0.107595,1002.7468,22.6709,0.529814,,,,,,,,,,,,
13,8482641,https://assets.nhle.com/mugs/nhl/20242025/FLA/8482641.png,Matt,Kiersted,D,2,0,1,1,1,0,0.0,760.5,17.5,0.0,,,,,,,,,,,,
13,8482713,https://assets.nhle.com/mugs/nhl/20242025/FLA/8482713.png,Mackie,Samoskevich,R,72,15,16,31,-4,129,0.116279,799.3333,17.7083,0.0,,,,,,,,,,,,
13,8484304,https://assets.nhle.com/mugs/nhl/20242025/FLA/8484304.png,Uvis,Balinskis,D,76,4,14,18,-7,92,0.043478,891.1579,20.6316,0.0,,,,,,,,,,,,
13,8475683,https://assets.nhle.com/mugs/nhl/20242025/FLA/8475683.png,Sergei,Bobrovsky,G,54,0,1,1,,,,,,,54,33,19,0,2,2.437513,0.905592,1377,1247,130,5,191999
13,8477970,https://assets.nhle.com/mugs/nhl/20242025/FLA/8477970.png,Vitek,Vanecek,G,25,0,1,1,,,,,,,24,5,14,0,4,3.616446,0.883978,724,640,84,1,83618
12,8470613,https://assets.nhle.com/mugs/nhl/20242025/CAR/8470613.png,Brent,Burns,D,1,0,0,0,-1,2,0.0,1211.0,27.0,0.0,,,,,,,,,,,,
12,8473533,https://assets.nhle.com/mugs/nhl/20242025/CAR/8473533.png,Jordan,Staal,C,1,0,0,0,1,0,0.0,867.0,22.0,0.5,,,,,,,,,,,,
12,8475200,https://assets.nhle.com/mugs/nhl/20242025/CAR/8475200.png,Dmitry,Orlov,D,1,0,0,0,2,1,0.0,1241.0,26.0,0.0,,,,,,,,,,,,
12,8475791,https://assets.nhle.com/mugs/nhl/20242025/CAR/8475791.png,Taylor,Hall,L,1,0,2,2,1,3,0.0,771.0,20.0,0.0,,,,,,,,,,,,
12,8476906,https://assets.nhle.com/mugs/nhl/20242025/CAR/8476906.png,Shayne,Gostisbehere,D,1,0,0,0,0,0,0.0,1132.0,20.0,0.0,,,,,,,,,,,,
12,8476921,https://assets.nhle.com/mugs/nhl/20242025/CAR/8476921.png,Jordan,Martinook,L,1,0,1,1,1,3,0.0,806.0,21.0,0.0,,,,,,,,,,,,
12,8476958,https://assets.nhle.com/mugs/nhl/20242025/CAR/8476958.png,Jaccob,Slavin,D,1,0,1,1,0,3,0.0,1201.0,26.0,0.0,,,,,,,,,,,,
12,8477478,https://assets.nhle.com/mugs/nhl/20242025/CAR/8477478.png,William,Carrier,L,1,0,0,0,1,1,0.0,766.0,18.0,0.0,,,,,,,,,,,,
12,8478427,https://assets.nhle.com/mugs/nhl/20242025/CAR/8478427.png,Sebastian,Aho,C,1,0,0,0,-1,3,0.0,1092.0,24.0,0.571429,,,,,,,,,,,,
12,8478458,https://assets.nhle.com/mugs/nhl/20242025/CAR/8478458.png,Jack,Roslovic,C,1,0,1,1,1,3,0.0,912.0,17.0,0.411765,,,,,,,,,,,,
12,8478970,https://assets.nhle.com/mugs/nhl/20242025/CAR/8478970.png,Jalen,Chatfield,D,1,1,0,1,3,1,1.0,1033.0,25.0,0.0,,,,,,,,,,,,
12,8480336,https://assets.nhle.com/mugs/nhl/20242025/CAR/8480336.png,Sean,Walker,D,1,0,0,0,0,4,0.0,1072.0,19.0,0.0,,,,,,,,,,,,
12,8480762,https://assets.nhle.com/mugs/nhl/20242025/CAR/8480762.png,Eric,Robinson,L,1,0,1,1,1,4,0.0,740.0,16.0,0.0,,,,,,,,,,,,
12,8480829,https://assets.nhle.com/mugs/nhl/20242025/CAR/8480829.png,Jesperi,Kotkaniemi,C,1,0,1,1,1,4,0.0,848.0,20.0,0.2,,,,,,,,,,,,
12,8480830,https://assets.nhle.com/mugs/nhl/20242025/CAR/8480830.png,Andrei,Svechnikov,R,1,1,0,1,1,5,0.2,863.0,20.0,0.0,,,,,,,,,,,,
12,8482093,https://assets.nhle.com/mugs/nhl/20242025/CAR/8482093.png,Seth,Jarvis,C,1,0,0,0,-1,2,0.0,1168.0,24.0,0.0,,,,,,,,,,,,
12,8482702,https://assets.nhle.com/mugs/nhl/20242025/CAR/8482702.png,Logan,Stankoven,C,1,2,0,2,1,4,0.5,893.0,22.0,0.0,,,,,,,,,,,,
12,8482809,https://assets.nhle.com/mugs/nhl/20242025/CAR/8482809.png,Jackson,Blake,R,1,0,0,0,0,2,0.0,1024.0,23.0,0.0,,,,,,,,,,,,
12,8475883,https://assets.nhle.com/mugs/nhl/20242025/CAR/8475883.png,Frederik,Andersen,G,1,0,0,0,,,,,,,1,1,0,,0,1.0,0.958333,24,23,1,0,3600
54,8474565,https://assets.nhle.com/mugs/nhl/20242025/VGK/8474565.png,Alex,Pietrangelo,D,1,0,1,1,1,2,0.0,1263.0,27.0,0.0,,,,,,,,,,,,
54,8475188,https://assets.nhle.com/mugs/nhl/20242025/VGK/8475188.png,Brayden,McNabb,D,1,0,0,0,0,0,0.0,1220.0,30.0,0.0,,,,,,,,,,,,
54,8475191,https://assets.nhle.com/mugs/nhl/20242025/VGK/8475191.png,Reilly,Smith,R,1,0,0,0,-2,0,0.0,847.0,19.0,0.0,,,,,,,,,,,,
54,8475913,https://assets.nhle.com/mugs/nhl/20242025/VGK/8475913.png,Mark,Stone,R,1,0,0,0,0,2,0.0,1036.0,23.0,0.0,,,,,,,,,,,,
54,8476438,https://assets.nhle.com/mugs/nhl/20242025/VGK/8476438.png,Brandon,Saad,L,1,0,1,1,1,1,0.0,862.0,20.0,1.0,,,,,,,,,,,,
54,8476448,https://assets.nhle.com/mugs/nhl/20242025/VGK/8476448.png,William,Karlsson,C,1,0,0,0,-1,2,0.0,974.0,19.0,0.25,,,,,,,,,,,,
54,8476881,https://assets.nhle.com/mugs/nhl/20242025/VGK/8476881.png,Tomas,Hertl,C,1,1,1,2,1,4,0.25,838.0,21.0,0.5,,,,,,,,,,,,
54,8477447,https://assets.nhle.com/mugs/nhl/20242025/VGK/8477447.png,Shea,Theodore,D,1,0,1,1,-1,1,0.0,1181.0,27.0,0.0,,,,,,,,,,,,
54,8477964,https://assets.nhle.com/mugs/nhl/20242025/VGK/8477964.png,Ivan,Barbashev,C,1,0,0,0,-1,1,0.0,928.0,21.0,0.0,,,,,,,,,,,,
54,8478109,https://assets.nhle.com/mugs/nhl/20242025/VGK/8478109.png,Victor,Olofsson,L,1,0,0,0,-1,1,0.0,849.0,18.0,0.0,,,,,,,,,,,,
54,8478396,https://assets.nhle.com/mugs/nhl/20242025/VGK/8478396.png,Noah,Hanifin,D,1,0,1,1,0,0,0.0,1339.0,28.0,0.0,,,,,,,,,,,,
54,8478403,https://assets.nhle.com/mugs/nhl/20242025/VGK/8478403.png,Jack,Eichel,C,1,0,0,0,-1,2,0.0,1032.0,22.0,0.421053,,,,,,,,,,,,
54,8478434,https://assets.nhle.com/mugs/nhl/20242025/VGK/8478434.png,Keegan,Kolesar,R,1,0,0,0,1,0,0.0,836.0,19.0,0.0,,,,,,,,,,,,
54,8478462,https://assets.nhle.com/mugs/nhl/20242025/VGK/8478462.png,Nicolas,Roy,C,1,0,1,1,1,2,0.0,795.0,20.0,0.454545,,,,,,,,,,,,
54,8479353,https://assets.nhle.com/mugs/nhl/20242025/VGK/8479353.png,Brett,Howden,C,1,2,0,2,1,4,0.5,852.0,19.0,0.5,,,,,,,,,,,,
54,8479980,https://assets.nhle.com/mugs/nhl/20242025/VGK/8479980.png,Nicolas,Hague,D,1,0,0,0,0,1,0.0,1064.0,22.0,0.0,,,,,,,,,,,,
54,8480727,https://assets.nhle.com/mugs/nhl/20242025/VGK/8480727.png,Zach,Whitecloud,D,1,0,0,0,0,1,0.0,1161.0,23.0,0.0,,,,,,,,,,,,
54,8481604,https://assets.nhle.com/mugs/nhl/20242025/VGK/8481604.png,Pavel,Dorofeyev,L,1,1,0,1,1,3,0.333333,803.0,20.0,0.0,,,,,,,,,,,,
54,8478499,https://assets.nhle.com/mugs/nhl/20242025/VGK/8478499.png,Adin,Hill,G,1,0,0,0,,,,,,,1,1,0,,0,2.0,0.9,20,18,2,0,3600
25,8473994,https://assets.nhle.com/mugs/nhl/20242025/DAL/8473994.png,Jamie,Benn,L,1,0,0,0,-1,1,0.0,759.0,18.0,0.375,,,,,,,,,,,,
25,8474149,https://assets.nhle.com/mugs/nhl/20242025/DAL/8474149.png,Evgenii,Dadonov,R,1,0,0,0,0,1,0.0,618.0,17.0,0.0,,,,,,,,,,,,
25,8475168,https://assets.nhle.com/mugs/nhl/20242025/DAL/8475168.png,Matt,Duchene,C,1,0,0,0,-1,2,0.0,1158.0,22.0,0.6,,,,,,,,,,,,
25,8475755,https://assets.nhle.com/mugs/nhl/20242025/DAL/8475755.png,Alexander,Petrovic,D,1,0,0,0,-2,1,0.0,724.0,17.0,0.0,,,,,,,,,,,,
25,8475794,https://assets.nhle.com/mugs/nhl/20242025/DAL/8475794.png,Tyler,Seguin,C,1,0,0,0,0,3,0.0,966.0,20.0,0.454545,,,,,,,,,,,,
25,8475798,https://assets.nhle.com/mugs/nhl/20242025/DAL/8475798.png,Mikael,Granlund,C,1,0,0,0,-1,0,0.0,956.0,24.0,0.666667,,,,,,,,,,,,
25,8476879,https://assets.nhle.com/mugs/nhl/20242025/DAL/8476879.png,Cody,Ceci,D,1,0,0,0,-1,1,0.0,1136.0,24.0,0.0,,,,,,,,,,,,
25,8476902,https://assets.nhle.com/mugs/nhl/20242025/DAL/8476902.png,Esa,Lindell,D,1,0,0,0,0,0,0.0,1320.0,26.0,0.0,,,,,,,,,,,,
25,8478420,https://assets.nhle.com/mugs/nhl/20242025/DAL/8478420.png,Mikko,Rantanen,R,1,0,0,0,-2,3,0.0,1083.0,22.0,0.0,,,,,,,,,,,,
25,8478449,https://assets.nhle.com/mugs/nhl/20242025/DAL/8478449.png,Roope,Hintz,C,1,1,0,1,-1,3,0.333333,1016.0,24.0,0.555556,,,,,,,,,,,,
25,8478975,https://assets.nhle.com/mugs/nhl/20242025/DAL/8478975.png,Mason,Marchment,L,1,0,0,0,0,3,0.0,941.0,22.0,0.0,,,,,,,,,,,,
25,8479351,https://assets.nhle.com/mugs/nhl/20242025/DAL/8479351.png,Sam,Steel,C,1,0,0,0,-2,1,0.0,797.0,16.0,0.25,,,,,,,,,,,,
25,8480840,https://assets.nhle.com/mugs/nhl/20242025/DAL/8480840.png,Oskar,Bäck,C,1,0,0,0,-2,0,0.0,664.0,16.0,0.0,,,,,,,,,,,,
25,8480950,https://assets.nhle.com/mugs/nhl/20242025/DAL/8480950.png,Ilya,Lyubushkin,D,1,0,0,0,-1,0,0.0,1297.0,24.0,0.0,,,,,,,,,,,,
25,8481581,https://assets.nhle.com/mugs/nhl/20242025/DAL/8481581.png,Thomas,Harley,D,1,0,1,1,-1,0,0.0,1654.0,27.0,0.0,,,,,,,,,,,,
25,8482145,https://assets.nhle.com/mugs/nhl/20242025/DAL/8482145.png,Mavrik,Bourque,C,1,0,0,0,-2,3,0.0,637.0,14.0,0.428571,,,,,,,,,,,,
25,8482740,https://assets.nhle.com/mugs/nhl/20242025/DAL/8482740.png,Wyatt,Johnston,C,1,0,1,1,-2,2,0.0,1140.0,23.0,0.538462,,,,,,,,,,,,
25,8483425,https://assets.nhle.com/mugs/nhl/20242025/DAL/8483425.png,Lian,Bichsel,D,1,0,0,0,-2,0,0.0,711.0,17.0,0.0,,,,,,,,,,,,
25,8479979,https://assets.nhle.com/mugs/nhl/20242025/DAL/8479979.png,Jake,Oettinger,G,1,0,0,0,,,,,,,1,0,1,,0,4.016736,0.833333,24,20,4,0,3585
52,8474568,https://assets.nhle.com/mugs/nhl/20242025/WPG/8474568.png,Luke,Schenn,D,1,0,1,1,0,1,0.0,979.0,25.0,0.0,,,,,,,,,,,,
52,8475799,https://assets.nhle.com/mugs/nhl/20242025/WPG/8475799.png,Nino,Niederreiter,R,1,0,0,0,0,1,0.0,848.0,19.0,0.0,,,,,,,,,,,,
52,8476331,https://assets.nhle.com/mugs/nhl/20242025/WPG/8476331.png,Dylan,DeMelo,D,1,0,0,0,1,1,0.0,1144.0,28.0,0.0,,,,,,,,,,,,
52,8476392,https://assets.nhle.com/mugs/nhl/20242025/WPG/8476392.png,Adam,Lowry,C,1,1,0,1,1,2,0.5,952.0,24.0,0.526316,,,,,,,,,,,,
52,8476460,https://assets.nhle.com/mugs/nhl/20242025/WPG/8476460.png,Mark,Scheifele,C,1,1,2,3,2,2,0.5,1300.0,25.0,0.4,,,,,,,,,,,,
52,8476480,https://assets.nhle.com/mugs/nhl/20242025/WPG/8476480.png,Vladislav,Namestnikov,C,1,0,0,0,0,0,0.0,890.0,20.0,0.357143,,,,,,,,,,,,
52,8477504,https://assets.nhle.com/mugs/nhl/20242025/WPG/8477504.png,Josh,Morrissey,D,1,0,2,2,0,0,0.0,1431.0,31.0,0.0,,,,,,,,,,,,
52,8478398,https://assets.nhle.com/mugs/nhl/20242025/WPG/8478398.png,Kyle,Connor,L,1,1,2,3,2,5,0.2,1341.0,26.0,0.0,,,,,,,,,,,,
52,8478891,https://assets.nhle.com/mugs/nhl/20242025/WPG/8478891.png,Mason,Appleton,C,1,0,1,1,1,1,0.0,952.0,23.0,0.0,,,,,,,,,,,,
52,8479293,https://assets.nhle.com/mugs/nhl/20242025/WPG/8479293.png,Brandon,Tanev,L,1,0,0,0,1,1,0.0,843.0,25.0,0.0,,,,,,,,,,,,
52,8479378,https://assets.nhle.com/mugs/nhl/20242025/WPG/8479378.png,Logan,Stanley,D,1,0,0,0,1,1,0.0,802.0,19.0,0.0,,,,,,,,,,,,
52,8479994,https://assets.nhle.com/mugs/nhl/20242025/WPG/8479994.png,Jaret,Anderson-Dolan,C,1,1,0,1,0,2,0.5,427.0,12.0,0.0,,,,,,,,,,,,
52,8480049,https://assets.nhle.com/mugs/nhl/20242025/WPG/8480049.png,Dylan,Samberg,D,1,0,0,0,2,3,0.0,1273.0,32.0,0.0,,,,,,,,,,,,
52,8480113,https://assets.nhle.com/mugs/nhl/20242025/WPG/8480113.png,Alex,Iafallo,L,1,1,0,1,2,3,0.333333,1291.0,27.0,0.0,,,,,,,,,,,,
52,8480145,https://assets.nhle.com/mugs/nhl/20242025/WPG/8480145.png,Neal,Pionk,D,1,0,0,0,2,0,0.0,1234.0,31.0,0.0,,,,,,,,,,,,
52,8480289,https://assets.nhle.com/mugs/nhl/20242025/WPG/8480289.png,Morgan,Barron,C,1,0,1,1,0,0,0.0,550.0,17.0,0.5,,,,,,,,,,,,
52,8481019,https://assets.nhle.com/mugs/nhl/20242025/WPG/8481019.png,David,Gustafsson,C,1,0,0,0,0,1,0.0,432.0,12.0,0.0,,,,,,,,,,,,
52,8482149,https://assets.nhle.com/mugs/nhl/20242025/WPG/8482149.png,Cole,Perfetti,C,1,0,0,0,0,2,0.0,1062.0,20.0,0.0,,,,,,,,,,,,
52,8476945,https://assets.nhle.com/mugs/nhl/20242025/WPG/8476945.png,Connor,Hellebuyck,G,1,0,0,0,,,,,,,1,1,0,,0,3.000834,0.823529,17,14,3,0,3599
14,8474151,https://assets.nhle.com/mugs/nhl/20242025/TBL/8474151.png,Ryan,McDonagh,D,82,4,27,31,43,78,0.051282,1222.2195,25.5976,0.0,,,,,,,,,,,,
14,8474715,https://assets.nhle.com/mugs/nhl/20242025/TBL/8474715.png,Cam,Atkinson,R,39,4,5,9,-4,47,0.085106,539.5641,12.641,0.333333,,,,,,,,,,,,
14,8475167,https://assets.nhle.com/mugs/nhl/20242025/TBL/8475167.png,Victor,Hedman,D,79,15,51,66,18,181,0.082873,1384.7848,25.9873,0.0,,,,,,,,,,,,
14,8476453,https://assets.nhle.com/mugs/nhl/20242025/TBL/8476453.png,Nikita,Kucherov,R,78,37,84,121,22,265,0.139623,1271.3718,22.7692,0.5,,,,,,,,,,,,
14,8476822,https://assets.nhle.com/mugs/nhl/20242025/TBL/8476822.png,Luke,Glendening,C,77,4,3,7,-9,51,0.078431,647.0909,17.5195,0.569807,,,,,,,,,,,,
14,8476826,https://assets.nhle.com/mugs/nhl/20242025/TBL/8476826.png,Yanni,Gourde,C,57,7,24,31,-1,75,0.093333,962.8421,19.9123,0.496283,,,,,,,,,,,,
14,8476878,https://assets.nhle.com/mugs/nhl/20242025/TBL/8476878.png,Zemgus,Girgensons,C,82,2,4,6,-7,83,0.024096,699.878,16.5976,0.472868,,,,,,,,,,,,
14,8477404,https://assets.nhle.com/mugs/nhl/20242025/TBL/8477404.png,Jake,Guentzel,C,80,41,39,80,18,217,0.18894,1199.5625,22.5125,0.460938,,,,,,,,,,,,
14,8477416,https://assets.nhle.com/mugs/nhl/20242025/TBL/8477416.png,Oliver,Bjorkstrand,R,79,21,25,46,2,154,0.136364,908.8987,17.7848,0.3,,,,,,,,,,,,
14,8477426,https://assets.nhle.com/mugs/nhl/20242025/TBL/8477426.png,Nick,Paul,L,76,22,19,41,13,141,0.156028,986.5658,20.9737,0.5,,,,,,,,,,,,
14,8477463,https://assets.nhle.com/mugs/nhl/20242025/TBL/8477463.png,Steven,Santini,D,1,0,0,0,0,1,0.0,697.0,18.0,0.0,,,,,,,,,,,,
14,8477839,https://assets.nhle.com/mugs/nhl/20242025/TBL/8477839.png,Conor,Sheary,L,5,0,0,0,-2,3,0.0,680.0,17.2,0.0,,,,,,,,,,,,
14,8478010,https://assets.nhle.com/mugs/nhl/20242025/TBL/8478010.png,Brayden,Point,C,77,42,40,82,17,189,0.222222,1168.7532,21.7922,0.485327,,,,,,,,,,,,
14,8478178,https://assets.nhle.com/mugs/nhl/20242025/TBL/8478178.png,Darren,Raddysh,D,73,6,31,37,9,108,0.055556,1037.9863,20.3699,0.0,,,,,,,,,,,,
14,8478416,https://assets.nhle.com/mugs/nhl/20242025/TBL/8478416.png,Erik,Cernak,D,76,3,18,21,29,64,0.046875,1095.6316,24.4737,0.0,,,,,,,,,,,,
14,8478519,https://assets.nhle.com/mugs/nhl/20242025/TBL/8478519.png,Anthony,Cirelli,C,80,27,32,59,30,160,0.16875,1121.425,23.075,0.500774,,,,,,,,,,,,
14,8479542,https://assets.nhle.com/mugs/nhl/20242025/TBL/8479542.png,Brandon,Hagel,L,82,35,55,90,33,228,0.153509,1244.5976,24.2439,0.347826,,,,,,,,,,,,
14,8480246,https://assets.nhle.com/mugs/nhl/20242025/TBL/8480246.png,Nick,Perbix,D,74,6,13,19,8,66,0.090909,881.0811,19.3514,0.0,,,,,,,,,,,,
14,8481719,https://assets.nhle.com/mugs/nhl/20242025/TBL/8481719.png,Maxwell,Crozier,D,5,0,0,0,0,8,0.0,1001.4,20.2,0.0,,,,,,,,,,,,
14,8482070,https://assets.nhle.com/mugs/nhl/20242025/TBL/8482070.png,Mitchell,Chaffee,R,66,12,6,18,-3,68,0.176471,722.1061,15.5606,0.363636,,,,,,,,,,,,
14,8482090,https://assets.nhle.com/mugs/nhl/20242025/TBL/8482090.png,Jack,Finley,C,1,0,0,0,1,1,0.0,505.0,15.0,0.6,,,,,,,,,,,,
14,8482201,https://assets.nhle.com/mugs/nhl/20242025/TBL/8482201.png,Gage,Goncalves,C,60,8,12,20,7,61,0.131148,767.6167,17.35,0.5,,,,,,,,,,,,
14,8482655,https://assets.nhle.com/mugs/nhl/20242025/TBL/8482655.png,J.J.,Moser,D,54,2,12,14,20,48,0.041667,1131.1667,24.2037,0.0,,,,,,,,,,,,
14,8482663,https://assets.nhle.com/mugs/nhl/20242025/TBL/8482663.png,Dylan,Duke,L,2,1,0,1,0,1,1.0,471.5,13.0,0.0,,,,,,,,,,,,
14,8482929,https://assets.nhle.com/mugs/nhl/20242025/TBL/8482929.png,Emil,Lilleberg,D,76,1,18,19,-1,46,0.021739,916.9079,20.2632,0.0,,,,,,,,,,,,
14,8483398,https://assets.nhle.com/mugs/nhl/20242025/TBL/8483398.png,Declan,Carlile,D,3,1,0,1,2,3,0.333333,780.3333,19.0,0.0,,,,,,,,,,,,
14,8483447,https://assets.nhle.com/mugs/nhl/20242025/TBL/8483447.png,Conor,Geekie,C,52,8,6,14,-4,60,0.133333,739.5192,17.2692,0.424419,,,,,,,,,,,,
14,8476883,https://assets.nhle.com/mugs/nhl/20242025/TBL/8476883.png,Andrei,Vasilevskiy,G,63,0,2,2,,,,,,,63,38,20,0,5,2.180021,0.921329,1716,1581,136,6,224585
14,8477990,https://assets.nhle.com/mugs/nhl/20242025/TBL/8477990.png,Brandon,Halverson,G,1,0,0,0,,,,,,,1,0,1,0,0,5.176877,0.791667,24,19,5,0,3477
14,8477992,https://assets.nhle.com/mugs/nhl/20242025/TBL/8477992.png,Jonas,Johansson,G,19,0,0,0,,,,,,,18,9,6,0,3,3.134429,0.895307,554,496,58,1,66615
59,8474013,https://assets.nhle.com/mugs/nhl/20242025/UTA/8474013.png,Ian,Cole,D,82,1,16,17,-2,66,0.015152,1216.9268,26.9756,0.0,,,,,,,,,,,,
59,8474145,https://assets.nhle.com/mugs/nhl/20242025/UTA/8474145.png,Robert,Bortuzzo,D,17,0,2,2,-2,8,0.0,657.1765,19.1176,0.0,,,,,,,,,,,,
59,8475760,https://assets.nhle.com/mugs/nhl/20242025/UTA/8475760.png,Nick,Bjugstad,C,66,8,11,19,-2,115,0.069565,738.9848,17.9242,0.473684,,,,,,,,,,,,
59,8476874,https://assets.nhle.com/mugs/nhl/20242025/UTA/8476874.png,Olli,Määttä,D,77,2,16,18,7,73,0.027397,1173.2857,26.0519,0.0,,,,,,,,,,,,
59,8477021,https://assets.nhle.com/mugs/nhl/20242025/UTA/8477021.png,Alexander,Kerfoot,C,81,11,17,28,-5,101,0.108911,915.2099,21.5926,0.524291,,,,,,,,,,,,
59,8477070,https://assets.nhle.com/mugs/nhl/20242025/UTA/8477070.png,Liam,O'Brien,C,28,0,2,2,1,34,0.0,557.8214,14.1429,0.0,,,,,,,,,,,,
59,8477951,https://assets.nhle.com/mugs/nhl/20242025/UTA/8477951.png,Nick,Schmaltz,C,82,20,43,63,-15,186,0.107527,1115.2927,22.5732,0.492021,,,,,,,,,,,,
59,8478474,https://assets.nhle.com/mugs/nhl/20242025/UTA/8478474.png,Lawson,Crouse,L,81,12,6,18,-4,126,0.095238,823.7778,19.963,0.463415,,,,,,,,,,,,
59,8478507,https://assets.nhle.com/mugs/nhl/20242025/UTA/8478507.png,John,Marino,D,35,1,13,14,1,30,0.033333,1270.0286,27.5429,0.0,,,,,,,,,,,,
59,8478831,https://assets.nhle.com/mugs/nhl/20242025/UTA/8478831.png,Kevin,Stenlund,C,82,14,14,28,-6,102,0.137255,861.061,21.7439,0.591082,,,,,,,,,,,,
59,8479343,https://assets.nhle.com/mugs/nhl/20242025/UTA/8479343.png,Clayton,Keller,R,81,30,60,90,-12,218,0.137615,1147.0864,22.7778,0.333333,,,,,,,,,,,,
59,8479410,https://assets.nhle.com/mugs/nhl/20242025/UTA/8479410.png,Mikhail,Sergachev,D,77,15,38,53,-8,132,0.113636,1507.013,30.6104,0.0,,,,,,,,,,,,
59,8479619,https://assets.nhle.com/mugs/nhl/20242025/UTA/8479619.png,Michael,Carcone,L,53,7,12,19,-7,75,0.093333,685.9811,16.283,0.5,,,,,,,,,,,,
59,8479976,https://assets.nhle.com/mugs/nhl/20242025/UTA/8479976.png,Juuso,Välimäki,D,43,2,3,5,-5,40,0.05,993.186,23.3256,0.0,,,,,,,,,,,,
59,8479977,https://assets.nhle.com/mugs/nhl/20242025/UTA/8479977.png,Kailer,Yamamoto,R,12,2,1,3,-1,13,0.153846,726.75,16.75,1.0,,,,,,,,,,,,
59,8480084,https://assets.nhle.com/mugs/nhl/20242025/UTA/8480084.png,Nick,DeSimone,D,20,1,5,6,4,24,0.041667,934.95,21.9,0.0,,,,,,,,,,,,
59,8480434,https://assets.nhle.com/mugs/nhl/20242025/UTA/8480434.png,Sean,Durzi,D,30,4,7,11,4,39,0.102564,1238.8667,26.9333,0.0,,,,,,,,,,,,
59,8480849,https://assets.nhle.com/mugs/nhl/20242025/UTA/8480849.png,Barrett,Hayton,C,82,20,26,46,-6,155,0.129032,966.0854,22.0244,0.541176,,,,,,,,,,,,
59,8480855,https://assets.nhle.com/mugs/nhl/20242025/UTA/8480855.png,Jack,McBain,C,82,13,14,27,8,90,0.144444,814.378,19.9756,0.498911,,,,,,,,,,,,
59,8480891,https://assets.nhle.com/mugs/nhl/20242025/UTA/8480891.png,Michael,Kesselring,D,82,7,22,29,4,150,0.046667,1061.1951,24.9634,0.0,,,,,,,,,,,,
59,8481711,https://assets.nhle.com/mugs/nhl/20242025/UTA/8481711.png,Matias,Maccelli,L,55,8,10,18,-13,86,0.093023,823.7091,18.1273,0.5,,,,,,,,,,,,
59,8482659,https://assets.nhle.com/mugs/nhl/20242025/UTA/8482659.png,Josh,Doan,R,51,7,12,19,-2,88,0.079545,811.1176,19.0196,0.411765,,,,,,,,,,,,
59,8482699,https://assets.nhle.com/mugs/nhl/20242025/UTA/8482699.png,Dylan,Guenther,R,70,27,33,60,-4,204,0.132353,1019.8286,20.6429,0.344828,,,,,,,,,,,,
59,8483431,https://assets.nhle.com/mugs/nhl/20242025/UTA/8483431.png,Logan,Cooley,C,75,25,40,65,1,158,0.158228,1071.68,22.3333,0.447368,,,,,,,,,,,,
59,8483472,https://assets.nhle.com/mugs/nhl/20242025/UTA/8483472.png,Maveric,Lamoureux,D,15,1,2,3,3,17,0.058824,967.4667,23.3333,0.0,,,,,,,,,,,,
59,8478872,https://assets.nhle.com/mugs/nhl/20242025/UTA/8478872.png,Karel,Vejmelka,G,58,0,1,1,,,,,,,55,26,22,0,8,2.58288,0.90391,1509,1364,145,1,202100
59,8478971,https://assets.nhle.com/mugs/nhl/20242025/UTA/8478971.png,Connor,Ingram,G,22,0,2,2,,,,,,,22,9,8,0,4,3.272412,0.88172,558,492,66,0,72607
59,8480191,https://assets.nhle.com/mugs/nhl/20242025/UTA/8480191.png,Matt,Villalta,G,1,0,0,0,,,,,,,1,1,0,0,0,3.0,0.903226,31,28,3,0,3600
59,8483530,https://assets.nhle.com/mugs/nhl/20242025/UTA/8483530.png,Jaxson,Stauber,G,6,0,0,0,,,,,,,4,2,1,0,1,3.256878,0.892405,158,141,17,1,18791
18,8474564,https://assets.nhle.com/mugs/nhl/20242025/NSH/8474564.png,Steven,Stamkos,C,82,27,26,53,-36,174,0.155172,1079.9878,20.8537,0.498741,,,,,,,,,,,,
18,8474600,https://assets.nhle.com/mugs/nhl/20242025/NSH/8474600.png,Roman,Josi,D,53,9,29,38,-26,150,0.06,1501.9434,27.1887,0.0,,,,,,,,,,,,
18,8475158,https://assets.nhle.com/mugs/nhl/20242025/NSH/8475158.png,Ryan,O'Reilly,C,79,21,32,53,-23,151,0.139073,1139.3038,23.1519,0.557132,,,,,,,,,,,,
18,8475857,https://assets.nhle.com/mugs/nhl/20242025/NSH/8475857.png,Kevin,Gravel,D,6,0,1,1,3,6,0.0,1070.1667,23.6667,0.0,,,,,,,,,,,,
18,8476539,https://assets.nhle.com/mugs/nhl/20242025/NSH/8476539.png,Jonathan,Marchessault,R,78,21,35,56,-29,206,0.101942,1078.6154,20.9103,0.253731,,,,,,,,,,,,
18,8476869,https://assets.nhle.com/mugs/nhl/20242025/NSH/8476869.png,Brady,Skjei,D,82,10,23,33,-24,156,0.064103,1313.4634,26.9268,0.0,,,,,,,,,,,,
18,8476887,https://assets.nhle.com/mugs/nhl/20242025/NSH/8476887.png,Filip,Forsberg,L,82,31,45,76,-27,281,0.11032,1117.6707,22.1707,0.235294,,,,,,,,,,,,
18,8476925,https://assets.nhle.com/mugs/nhl/20242025/NSH/8476925.png,Colton,Sissons,C,72,7,14,21,-12,80,0.0875,861.5417,20.9444,0.548077,,,,,,,,,,,,
18,8477446,https://assets.nhle.com/mugs/nhl/20242025/NSH/8477446.png,Michael,McCarron,C,74,5,9,14,-21,80,0.0625,825.4865,19.2162,0.543879,,,,,,,,,,,,
18,8477851,https://assets.nhle.com/mugs/nhl/20242025/NSH/8477851.png,Jordan,Oesterle,D,37,4,6,10,0,38,0.105263,1029.1351,21.2432,0.0,,,,,,,,,,,,
18,8477944,https://assets.nhle.com/mugs/nhl/20242025/NSH/8477944.png,Jakub,Vrana,L,39,9,5,14,-4,47,0.191489,621.0256,13.4872,0.35,,,,,,,,,,,,
18,8477971,https://assets.nhle.com/mugs/nhl/20242025/NSH/8477971.png,Andreas,Englund,D,35,1,2,3,-9,17,0.058824,795.6857,17.9429,0.0,,,,,,,,,,,,
18,8478047,https://assets.nhle.com/mugs/nhl/20242025/NSH/8478047.png,Michael,Bunting,L,76,19,19,38,-19,155,0.122581,931.8289,19.3947,0.384615,,,,,,,,,,,,
18,8478468,https://assets.nhle.com/mugs/nhl/20242025/NSH/8478468.png,Jeremy,Lauzon,D,28,0,1,1,-4,25,0.0,1078.2857,25.3929,0.0,,,,,,,,,,,,
18,8479356,https://assets.nhle.com/mugs/nhl/20242025/NSH/8479356.png,Kieffer,Bellows,L,19,2,2,4,-6,28,0.071429,640.4737,14.0526,0.666667,,,,,,,,,,,,
18,8481056,https://assets.nhle.com/mugs/nhl/20242025/NSH/8481056.png,Spencer,Stastney,D,23,0,3,3,-7,15,0.0,970.5652,21.4348,0.0,,,,,,,,,,,,
18,8481422,https://assets.nhle.com/mugs/nhl/20242025/NSH/8481422.png,Jake,Lucchini,C,3,0,0,0,-2,2,0.0,689.3333,15.3333,0.5,,,,,,,,,,,,
18,8481743,https://assets.nhle.com/mugs/nhl/20242025/NSH/8481743.png,Marc,Del Gaizo,D,46,2,7,9,-3,76,0.026316,1005.1304,21.8913,0.0,,,,,,,,,,,,
18,8482062,https://assets.nhle.com/mugs/nhl/20242025/NSH/8482062.png,Cole,Smith,R,71,4,8,12,-15,69,0.057971,816.3521,19.5211,0.529412,,,,,,,,,,,,
18,8482103,https://assets.nhle.com/mugs/nhl/20242025/NSH/8482103.png,Ozzy,Wiesblatt,C,5,0,1,1,1,4,0.0,666.0,15.4,0.0,,,,,,,,,,,,
18,8482111,https://assets.nhle.com/mugs/nhl/20242025/NSH/8482111.png,Justin,Barron,D,62,6,7,13,-18,73,0.082192,1045.8871,21.7903,0.0,,,,,,,,,,,,
18,8482146,https://assets.nhle.com/mugs/nhl/20242025/NSH/8482146.png,Luke,Evangelista,R,68,10,22,32,-2,134,0.074627,832.2941,17.3824,0.0,,,,,,,,,,,,
18,8482482,https://assets.nhle.com/mugs/nhl/20242025/NSH/8482482.png,Adam,Wilsby,D,23,1,4,5,3,33,0.030303,1085.913,23.5217,0.0,,,,,,,,,,,,
18,8482715,https://assets.nhle.com/mugs/nhl/20242025/NSH/8482715.png,Ryan,Ufko,D,1,0,0,0,0,0,0.0,937.0,20.0,0.0,,,,,,,,,,,,
18,8482742,https://assets.nhle.com/mugs/nhl/20242025/NSH/8482742.png,Zachary,L'Heureux,L,62,5,10,15,-6,78,0.064103,722.5161,16.6613,0.0,,,,,,,,,,,,
18,8482768,https://assets.nhle.com/mugs/nhl/20242025/NSH/8482768.png,Fedor,Svechkov,C,52,8,9,17,-17,64,0.125,773.0962,16.6731,0.367164,,,,,,,,,,,,
18,8483465,https://assets.nhle.com/mugs/nhl/20242025/NSH/8483465.png,Joakim,Kemell,R,2,0,0,0,0,8,0.0,620.5,12.5,0.0,,,,,,,,,,,,
18,8483565,https://assets.nhle.com/mugs/nhl/20242025/NSH/8483565.png,Nick,Blankenburg,D,60,4,12,16,-2,84,0.047619,1173.1333,25.45,0.0,,,,,,,,,,,,
18,8484241,https://assets.nhle.com/mugs/nhl/20242025/NSH/8484241.png,Matthew,Wood,R,6,0,1,1,0,8,0.0,694.8333,17.1667,0.333333,,,,,,,,,,,,
18,8477424,https://assets.nhle.com/mugs/nhl/20242025/NSH/8477424.png,Juuse,Saros,G,58,0,1,1,,,,,,,58,20,31,0,6,2.984082,0.895729,1592,1426,167,4,201469
18,8481020,https://assets.nhle.com/mugs/nhl/20242025/NSH/8481020.png,Justus,Annunen,G,34,0,0,0,,,,,,,29,15,15,0,1,3.184684,0.883292,814,719,95,0,107389
1,8475208,https://assets.nhle.com/mugs/nhl/20242025/NJD/8475208.png,Brian,Dumoulin,D,1,0,0,0,-1,0,0.0,1490.0,30.0,0.0,,,,,,,,,,,,
1,8475287,https://assets.nhle.com/mugs/nhl/20242025/NJD/8475287.png,Erik,Haula,L,1,0,0,0,0,1,0.0,1047.0,24.0,0.75,,,,,,,,,,,,
1,8475413,https://assets.nhle.com/mugs/nhl/20242025/NJD/8475413.png,Justin,Dowling,C,1,0,0,0,0,2,0.0,677.0,19.0,0.545455,,,,,,,,,,,,
1,8475455,https://assets.nhle.com/mugs/nhl/20242025/NJD/8475455.png,Brenden,Dillon,D,1,0,0,0,0,0,0.0,533.0,13.0,0.0,,,,,,,,,,,,
1,8476292,https://assets.nhle.com/mugs/nhl/20242025/NJD/8476292.png,Ondrej,Palat,L,1,0,0,0,0,1,0.0,750.0,21.0,0.0,,,,,,,,,,,,
1,8476462,https://assets.nhle.com/mugs/nhl/20242025/NJD/8476462.png,Dougie,Hamilton,D,1,0,0,0,0,2,0.0,1252.0,30.0,0.0,,,,,,,,,,,,
1,8476474,https://assets.nhle.com/mugs/nhl/20242025/NJD/8476474.png,Stefan,Noesen,R,1,0,0,0,-2,1,0.0,912.0,22.0,0.0,,,,,,,,,,,,
1,8477488,https://assets.nhle.com/mugs/nhl/20242025/NJD/8477488.png,Brett,Pesce,D,1,0,1,1,0,2,0.0,1387.0,30.0,0.0,,,,,,,,,,,,
1,8478414,https://assets.nhle.com/mugs/nhl/20242025/NJD/8478414.png,Timo,Meier,R,1,0,0,0,-1,2,0.0,1016.0,22.0,0.0,,,,,,,,,,,,
1,8478466,https://assets.nhle.com/mugs/nhl/20242025/NJD/8478466.png,Daniel,Sprong,R,1,0,0,0,-1,0,0.0,667.0,16.0,0.0,,,,,,,,,,,,
1,8479407,https://assets.nhle.com/mugs/nhl/20242025/NJD/8479407.png,Jesper,Bratt,L,1,0,1,1,-1,3,0.0,1182.0,26.0,0.0,,,,,,,,,,,,
1,8479414,https://assets.nhle.com/mugs/nhl/20242025/NJD/8479414.png,Nathan,Bastian,R,1,0,0,0,0,2,0.0,636.0,16.0,0.0,,,,,,,,,,,,
1,8479996,https://assets.nhle.com/mugs/nhl/20242025/NJD/8479996.png,Cody,Glass,C,1,0,0,0,-1,1,0.0,544.0,15.0,0.818182,,,,,,,,,,,,
1,8480002,https://assets.nhle.com/mugs/nhl/20242025/NJD/8480002.png,Nico,Hischier,C,1,1,0,1,-1,3,0.333333,1220.0,29.0,0.592593,,,,,,,,,,,,
1,8480192,https://assets.nhle.com/mugs/nhl/20242025/NJD/8480192.png,Johnathan,Kovacevic,D,1,0,0,0,-1,1,0.0,965.0,23.0,0.0,,,,,,,,,,,,
1,8481032,https://assets.nhle.com/mugs/nhl/20242025/NJD/8481032.png,Paul,Cotter,C,1,0,0,0,-1,0,0.0,784.0,19.0,0.0,,,,,,,,,,,,
1,8482110,https://assets.nhle.com/mugs/nhl/20242025/NJD/8482110.png,Dawson,Mercer,C,1,0,0,0,-1,1,0.0,1158.0,24.0,0.428571,,,,,,,,,,,,
1,8482684,https://assets.nhle.com/mugs/nhl/20242025/NJD/8482684.png,Luke,Hughes,D,1,0,0,0,-1,2,0.0,1340.0,27.0,0.0,,,,,,,,,,,,
1,8474593,https://assets.nhle.com/mugs/nhl/20242025/NJD/8474593.png,Jacob,Markstrom,G,1,0,0,0,,,,,,,1,0,1,,0,3.011712,0.931818,44,41,3,0,3586
9,8473512,https://assets.nhle.com/mugs/nhl/20242025/OTT/8473512.png,Claude,Giroux,R,1,0,0,0,-1,1,0.0,1095.0,30.0,0.363636,,,,,,,,,,,,
9,8474102,https://assets.nhle.com/mugs/nhl/20242025/OTT/8474102.png,David,Perron,L,1,0,1,1,0,1,0.0,915.0,22.0,0.0,,,,,,,,,,,,
9,8475324,https://assets.nhle.com/mugs/nhl/20242025/OTT/8475324.png,Nick,Jensen,D,1,0,0,0,-2,0,0.0,1252.0,26.0,0.0,,,,,,,,,,,,
9,8478020,https://assets.nhle.com/mugs/nhl/20242025/OTT/8478020.png,Michael,Amadio,R,1,0,1,1,1,1,0.0,806.0,23.0,0.0,,,,,,,,,,,,
9,8478146,https://assets.nhle.com/mugs/nhl/20242025/OTT/8478146.png,Matthew,Highmore,C,1,0,0,0,-1,1,0.0,550.0,16.0,0.0,,,,,,,,,,,,
9,8478469,https://assets.nhle.com/mugs/nhl/20242025/OTT/8478469.png,Thomas,Chabot,D,1,0,0,0,-2,2,0.0,1547.0,27.0,0.0,,,,,,,,,,,,
9,8478874,https://assets.nhle.com/mugs/nhl/20242025/OTT/8478874.png,Adam,Gaudette,R,1,0,0,0,-1,0,0.0,611.0,16.0,0.4,,,,,,,,,,,,
9,8480188,https://assets.nhle.com/mugs/nhl/20242025/OTT/8480188.png,Fabian,Zetterlund,L,1,0,0,0,-1,1,0.0,649.0,18.0,0.0,,,,,,,,,,,,
9,8480208,https://assets.nhle.com/mugs/nhl/20242025/OTT/8480208.png,Drake,Batherson,R,1,1,0,1,0,4,0.25,907.0,22.0,0.0,,,,,,,,,,,,
9,8480801,https://assets.nhle.com/mugs/nhl/20242025/OTT/8480801.png,Brady,Tkachuk,L,1,0,0,0,0,5,0.0,1018.0,24.0,0.5,,,,,,,,,,,,
9,8481528,https://assets.nhle.com/mugs/nhl/20242025/OTT/8481528.png,Dylan,Cozens,C,1,0,1,1,0,2,0.0,748.0,19.0,0.444444,,,,,,,,,,,,
9,8481596,https://assets.nhle.com/mugs/nhl/20242025/OTT/8481596.png,Shane,Pinto,C,1,0,1,1,1,3,0.0,1163.0,32.0,0.428571,,,,,,,,,,,,
9,8482092,https://assets.nhle.com/mugs/nhl/20242025/OTT/8482092.png,Ridly,Greig,C,1,1,0,1,1,2,0.5,1071.0,29.0,0.5,,,,,,,,,,,,
9,8482095,https://assets.nhle.com/mugs/nhl/20242025/OTT/8482095.png,Tyler,Kleven,D,1,0,0,0,0,0,0.0,667.0,19.0,0.0,,,,,,,,,,,,
9,8482105,https://assets.nhle.com/mugs/nhl/20242025/OTT/8482105.png,Jake,Sanderson,D,1,0,0,0,1,3,0.0,1599.0,30.0,0.0,,,,,,,,,,,,
9,8482116,https://assets.nhle.com/mugs/nhl/20242025/OTT/8482116.png,Tim,Stützle,C,1,0,0,0,-1,3,0.0,1026.0,24.0,0.555556,,,,,,,,,,,,
9,8482245,https://assets.nhle.com/mugs/nhl/20242025/OTT/8482245.png,Artem,Zub,D,1,0,0,0,1,3,0.0,1257.0,30.0,0.0,,,,,,,,,,,,
9,8484321,https://assets.nhle.com/mugs/nhl/20242025/OTT/8484321.png,Nikolas,Matinpalo,D,1,0,0,0,0,1,0.0,669.0,20.0,0.0,,,,,,,,,,,,
9,8476999,https://assets.nhle.com/mugs/nhl/20242025/OTT/8476999.png,Linus,Ullmark,G,1,0,0,0,,,,,,,1,0,1,,0,6.010017,0.75,24,18,6,0,3594
21,8473446,https://assets.nhle.com/mugs/nhl/20242025/COL/8473446.png,Erik,Johnson,D,1,0,0,0,1,1,0.0,840.0,20.0,0.0,,,,,,,,,,,,
21,8475745,https://assets.nhle.com/mugs/nhl/20242025/COL/8475745.png,Charlie,Coyle,C,1,1,0,1,1,1,1.0,794.0,23.0,0.642857,,,,,,,,,,,,
21,8475754,https://assets.nhle.com/mugs/nhl/20242025/COL/8475754.png,Brock,Nelson,C,1,0,0,0,1,1,0.0,936.0,20.0,0.333333,,,,,,,,,,,,
21,8476312,https://assets.nhle.com/mugs/nhl/20242025/COL/8476312.png,Josh,Manson,D,1,0,1,1,2,1,0.0,1010.0,28.0,0.0,,,,,,,,,,,,
21,8477476,https://assets.nhle.com/mugs/nhl/20242025/COL/8477476.png,Artturi,Lehkonen,L,1,1,0,1,1,2,0.5,1081.0,25.0,0.0,,,,,,,,,,,,
21,8477492,https://assets.nhle.com/mugs/nhl/20242025/COL/8477492.png,Nathan,MacKinnon,C,1,2,1,3,2,7,0.285714,1210.0,25.0,0.428571,,,,,,,,,,,,
21,8477494,https://assets.nhle.com/mugs/nhl/20242025/COL/8477494.png,Jonathan,Drouin,L,1,0,1,1,0,0,0.0,1068.0,21.0,0.0,,,,,,,,,,,,
21,8477501,https://assets.nhle.com/mugs/nhl/20242025/COL/8477501.png,Valeri,Nichushkin,R,1,0,0,0,0,1,0.0,1212.0,24.0,0.0,,,,,,,,,,,,
21,8478038,https://assets.nhle.com/mugs/nhl/20242025/COL/8478038.png,Devon,Toews,D,1,1,0,1,1,3,0.333333,1459.0,33.0,0.0,,,,,,,,,,,,
21,8479324,https://assets.nhle.com/mugs/nhl/20242025/COL/8479324.png,Ryan,Lindgren,D,1,0,1,1,1,0,0.0,1105.0,32.0,0.0,,,,,,,,,,,,
21,8479398,https://assets.nhle.com/mugs/nhl/20242025/COL/8479398.png,Samuel,Girard,D,1,0,0,0,2,3,0.0,1035.0,26.0,0.0,,,,,,,,,,,,
21,8479525,https://assets.nhle.com/mugs/nhl/20242025/COL/8479525.png,Ross,Colton,C,1,0,0,0,0,1,0.0,424.0,13.0,1.0,,,,,,,,,,,,
21,8480039,https://assets.nhle.com/mugs/nhl/20242025/COL/8480039.png,Martin,Necas,C,1,0,1,1,1,0,0.0,1226.0,24.0,0.5,,,,,,,,,,,,
21,8480069,https://assets.nhle.com/mugs/nhl/20242025/COL/8480069.png,Cale,Makar,D,1,0,1,1,1,1,0.0,1404.0,29.0,0.0,,,,,,,,,,,,
21,8480448,https://assets.nhle.com/mugs/nhl/20242025/COL/8480448.png,Parker,Kelly,C,1,0,1,1,1,2,0.0,652.0,17.0,0.0,,,,,,,,,,,,
21,8480835,https://assets.nhle.com/mugs/nhl/20242025/COL/8480835.png,Jack,Drury,C,1,0,1,1,1,0,0.0,698.0,17.0,0.727273,,,,,,,,,,,,
21,8481186,https://assets.nhle.com/mugs/nhl/20242025/COL/8481186.png,Logan,O'Connor,R,1,0,2,2,2,0,0.0,832.0,20.0,0.0,,,,,,,,,,,,
21,8481641,https://assets.nhle.com/mugs/nhl/20242025/COL/8481641.png,Joel,Kiviranta,L,1,0,0,0,2,1,0.0,658.0,17.0,0.0,,,,,,,,,,,,
21,8478406,https://assets.nhle.com/mugs/nhl/20242025/COL/8478406.png,Mackenzie,Blackwood,G,1,0,0,0,,,,,,,1,1,0,,0,1.0,0.958333,24,23,1,0,3600
55,8474586,https://assets.nhle.com/mugs/nhl/20242025/SEA/8474586.png,Jordan,Eberle,R,42,9,17,26,0,66,0.136364,975.7857,19.2857,0.388889,,,,,,,,,,,,
55,8475768,https://assets.nhle.com/mugs/nhl/20242025/SEA/8475768.png,Jaden,Schwartz,C,81,26,23,49,-6,194,0.134021,1072.963,20.4691,0.5,,,,,,,,,,,,
55,8476457,https://assets.nhle.com/mugs/nhl/20242025/SEA/8476457.png,Adam,Larsson,D,82,7,21,28,22,112,0.0625,1271.1463,22.2927,0.0,,,,,,,,,,,,
55,8476467,https://assets.nhle.com/mugs/nhl/20242025/SEA/8476467.png,Jamie,Oleksiak,D,82,4,13,17,-2,66,0.060606,1126.5732,20.9146,0.0,,,,,,,,,,,,
55,8476905,https://assets.nhle.com/mugs/nhl/20242025/SEA/8476905.png,Chandler,Stephenson,C,78,13,38,51,-9,73,0.178082,1170.5641,22.4231,0.516282,,,,,,,,,,,,
55,8477401,https://assets.nhle.com/mugs/nhl/20242025/SEA/8477401.png,John,Hayden,C,20,1,1,2,0,20,0.05,510.5,12.05,0.534483,,,,,,,,,,,,
55,8477444,https://assets.nhle.com/mugs/nhl/20242025/SEA/8477444.png,Andre,Burakovsky,L,79,10,27,37,-3,115,0.086957,865.3418,17.4177,0.5,,,,,,,,,,,,
55,8477955,https://assets.nhle.com/mugs/nhl/20242025/SEA/8477955.png,Jared,McCann,L,82,22,39,61,8,202,0.108911,1032.6463,21.3293,0.446721,,,,,,,,,,,,
55,8477986,https://assets.nhle.com/mugs/nhl/20242025/SEA/8477986.png,Brandon,Montour,D,81,18,23,41,-22,231,0.077922,1378.5679,22.4815,0.0,,,,,,,,,,,,
55,8478407,https://assets.nhle.com/mugs/nhl/20242025/SEA/8478407.png,Vince,Dunn,D,62,11,28,39,-3,137,0.080292,1324.7419,22.5484,0.0,,,,,,,,,,,,
55,8478477,https://assets.nhle.com/mugs/nhl/20242025/SEA/8478477.png,Mitchell,Stephens,C,28,1,2,3,-8,19,0.052632,553.5357,13.5,0.536082,,,,,,,,,,,,
55,8479372,https://assets.nhle.com/mugs/nhl/20242025/SEA/8479372.png,Joshua,Mahura,D,64,0,9,9,5,58,0.0,825.3125,17.1094,0.0,,,,,,,,,,,,
55,8479591,https://assets.nhle.com/mugs/nhl/20242025/SEA/8479591.png,Michael,Eyssimont,C,77,9,7,16,1,142,0.06338,636.8312,14.8442,0.333333,,,,,,,,,,,,
55,8479985,https://assets.nhle.com/mugs/nhl/20242025/SEA/8479985.png,Cale,Fleury,D,14,0,1,1,1,16,0.0,772.0,16.8571,0.0,,,,,,,,,,,,
55,8480009,https://assets.nhle.com/mugs/nhl/20242025/SEA/8480009.png,Eeli,Tolvanen,R,81,23,12,35,3,137,0.167883,859.1975,17.8025,0.454545,,,,,,,,,,,,
55,8481554,https://assets.nhle.com/mugs/nhl/20242025/SEA/8481554.png,Kaapo,Kakko,R,79,14,30,44,-2,117,0.119658,936.9747,19.0633,0.5,,,,,,,,,,,,
55,8481789,https://assets.nhle.com/mugs/nhl/20242025/SEA/8481789.png,Tye,Kartye,L,63,6,7,13,-14,56,0.107143,580.8571,13.3175,0.2,,,,,,,,,,,,
55,8482665,https://assets.nhle.com/mugs/nhl/20242025/SEA/8482665.png,Matty,Beniers,C,82,20,23,43,0,147,0.136054,1121.2683,21.061,0.476549,,,,,,,,,,,,
55,8482751,https://assets.nhle.com/mugs/nhl/20242025/SEA/8482751.png,Ryan,Winterton,C,12,0,1,1,-11,15,0.0,650.0,14.4167,0.5,,,,,,,,,,,,
55,8482858,https://assets.nhle.com/mugs/nhl/20242025/SEA/8482858.png,Ryker,Evans,D,73,5,20,25,-12,59,0.084746,1168.8356,20.8219,0.0,,,,,,,,,,,,
55,8482866,https://assets.nhle.com/mugs/nhl/20242025/SEA/8482866.png,Ville,Ottavainen,D,1,0,1,1,0,1,0.0,864.0,16.0,0.0,,,,,,,,,,,,
55,8482874,https://assets.nhle.com/mugs/nhl/20242025/SEA/8482874.png,Jacob,Melanson,R,1,0,0,0,0,0,0.0,593.0,13.0,0.0,,,,,,,,,,,,
55,8483497,https://assets.nhle.com/mugs/nhl/20242025/SEA/8483497.png,Jani,Nyman,R,12,3,3,6,-3,22,0.136364,839.1667,15.75,1.0,,,,,,,,,,,,
55,8483524,https://assets.nhle.com/mugs/nhl/20242025/SEA/8483524.png,Shane,Wright,C,79,19,25,44,4,91,0.208791,844.0886,17.6709,0.444578,,,,,,,,,,,,
55,8483570,https://assets.nhle.com/mugs/nhl/20242025/SEA/8483570.png,Ben,Meyers,C,8,0,0,0,-2,4,0.0,501.125,11.0,0.489796,,,,,,,,,,,,
55,8475831,https://assets.nhle.com/mugs/nhl/20242025/SEA/8475831.png,Philipp,Grubauer,G,26,0,0,0,,,,,,,26,8,17,0,1,3.491995,0.875184,681,596,85,0,87629
55,8478848,https://assets.nhle.com/mugs/nhl/20242025/SEA/8478848.png,Ales,Stezka,G,1,0,0,0,,,,,,,1,0,1,0,0,3.085714,0.869565,23,20,3,0,3500
55,8478916,https://assets.nhle.com/mugs/nhl/20242025/SEA/8478916.png,Joey,Daccord,G,57,0,2,2,,,,,,,55,27,23,0,5,2.749412,0.906191,1599,1449,151,2,197715
55,8483668,https://assets.nhle.com/mugs/nhl/20242025/SEA/8483668.png,Nikke,Kokko,G,1,0,0,0,,,,,,,0,0,0,0,0,4.006678,0.666667,6,4,2,0,1797
55,8484910,https://assets.nhle.com/mugs/nhl/20242025/SEA/8484910.png,Victor,Ostman,G,1,0,0,0,,,,,,,0,0,0,0,0,0.0,1.0,12,12,0,0,1200
15,8471214,https://assets.nhle.com/mugs/nhl/20242025/WSH/8471214.png,Alex,Ovechkin,L,65,44,29,73,15,237,0.185654,1063.4615,19.6,0.0,,,,,,,,,,,,
15,8474189,https://assets.nhle.com/mugs/nhl/20242025/WSH/8474189.png,Lars,Eller,C,80,10,12,22,-5,104,0.096154,797.4875,17.8375,0.521971,,,,,,,,,,,,
15,8474590,https://assets.nhle.com/mugs/nhl/20242025/WSH/8474590.png,John,Carlson,D,79,5,46,51,17,167,0.02994,1413.8481,24.3924,0.0,,,,,,,,,,,,
15,8475343,https://assets.nhle.com/mugs/nhl/20242025/WSH/8475343.png,Nic,Dowd,C,82,14,13,27,7,86,0.162791,910.561,20.9634,0.498745,,,,,,,,,,,,
15,8475795,https://assets.nhle.com/mugs/nhl/20242025/WSH/8475795.png,Dylan,McIlrath,D,17,0,2,2,-3,10,0.0,699.3529,16.6471,0.0,,,,,,,,,,,,
15,8475958,https://assets.nhle.com/mugs/nhl/20242025/WSH/8475958.png,Michael,Sgarbossa,C,3,1,1,2,2,1,1.0,560.3333,12.6667,0.45,,,,,,,,,,,,
15,8476880,https://assets.nhle.com/mugs/nhl/20242025/WSH/8476880.png,Tom,Wilson,R,81,33,32,65,20,169,0.195266,1123.6049,22.6296,0.263158,,,,,,,,,,,,
15,8477845,https://assets.nhle.com/mugs/nhl/20242025/WSH/8477845.png,Trevor,van Riemsdyk,D,82,1,20,21,20,80,0.0125,1059.5,20.4146,0.0,,,,,,,,,,,,
15,8477947,https://assets.nhle.com/mugs/nhl/20242025/WSH/8477947.png,Sonny,Milano,L,3,0,0,0,-3,4,0.0,432.6667,11.3333,0.0,,,,,,,,,,,,
15,8478233,https://assets.nhle.com/mugs/nhl/20242025/WSH/8478233.png,Andrew,Mangiapane,L,81,14,14,28,0,95,0.147368,781.5802,16.8025,0.416667,,,,,,,,,,,,
15,8478440,https://assets.nhle.com/mugs/nhl/20242025/WSH/8478440.png,Dylan,Strome,C,82,29,53,82,2,149,0.194631,1043.0244,20.061,0.536908,,,,,,,,,,,,
15,8478463,https://assets.nhle.com/mugs/nhl/20242025/WSH/8478463.png,Anthony,Beauvillier,L,81,15,10,25,2,149,0.100671,772.4444,17.6914,0.458333,,,,,,,,,,,,
15,8478911,https://assets.nhle.com/mugs/nhl/20242025/WSH/8478911.png,Matt,Roy,D,69,3,21,24,18,84,0.035714,1192.7391,21.7971,0.0,,,,,,,,,,,,
15,8479345,https://assets.nhle.com/mugs/nhl/20242025/WSH/8479345.png,Jakob,Chychrun,D,74,20,27,47,17,179,0.111732,1263.8514,21.4459,0.0,,,,,,,,,,,,
15,8479390,https://assets.nhle.com/mugs/nhl/20242025/WSH/8479390.png,Taylor,Raddysh,R,80,7,20,27,-7,93,0.075269,741.65,16.3375,0.310345,,,,,,,,,,,,
15,8479400,https://assets.nhle.com/mugs/nhl/20242025/WSH/8479400.png,Pierre-Luc,Dubois,L,82,20,46,66,27,142,0.140845,1037.9878,21.4634,0.496985,,,,,,,,,,,,
15,8479520,https://assets.nhle.com/mugs/nhl/20242025/WSH/8479520.png,Brandon,Duhaime,R,82,9,12,21,3,83,0.108434,800.622,19.6585,0.418605,,,,,,,,,,,,
15,8480796,https://assets.nhle.com/mugs/nhl/20242025/WSH/8480796.png,Martin,Fehérváry,D,81,5,20,25,18,76,0.065789,1140.284,21.5185,0.0,,,,,,,,,,,,
15,8480823,https://assets.nhle.com/mugs/nhl/20242025/WSH/8480823.png,Alexander,Alexeyev,D,8,0,0,0,2,7,0.0,964.25,20.375,0.0,,,,,,,,,,,,
15,8480873,https://assets.nhle.com/mugs/nhl/20242025/WSH/8480873.png,Rasmus,Sandin,D,82,4,26,30,13,78,0.051282,1151.4512,21.7561,0.0,,,,,,,,,,,,
15,8481580,https://assets.nhle.com/mugs/nhl/20242025/WSH/8481580.png,Connor,McMichael,C,82,26,31,57,19,177,0.146893,1008.5122,21.3171,0.46789,,,,,,,,,,,,
15,8481656,https://assets.nhle.com/mugs/nhl/20242025/WSH/8481656.png,Aliaksei,Protas,C,76,30,36,66,40,142,0.211268,987.3684,21.4474,0.24,,,,,,,,,,,,
15,8482148,https://assets.nhle.com/mugs/nhl/20242025/WSH/8482148.png,Hendrix,Lapierre,C,27,0,8,8,-3,18,0.0,587.7778,12.7407,0.39604,,,,,,,,,,,,
15,8483491,https://assets.nhle.com/mugs/nhl/20242025/WSH/8483491.png,Ivan,Miroshnichenko,L,18,1,3,4,1,14,0.071429,560.5556,12.2222,0.0,,,,,,,,,,,,
15,8483573,https://assets.nhle.com/mugs/nhl/20242025/WSH/8483573.png,Ethen,Frank,C,24,4,3,7,3,23,0.173913,649.4583,13.7917,0.0,,,,,,,,,,,,
15,8484186,https://assets.nhle.com/mugs/nhl/20242025/WSH/8484186.png,Ryan,Leonard,R,9,1,0,1,-4,17,0.058824,850.6667,18.0,1.0,,,,,,,,,,,,
15,8479292,https://assets.nhle.com/mugs/nhl/20242025/WSH/8479292.png,Charlie,Lindgren,G,39,0,0,0,,,,,,,38,20,14,0,3,2.728465,0.896447,985,883,104,1,137220
15,8480313,https://assets.nhle.com/mugs/nhl/20242025/WSH/8480313.png,Logan,Thompson,G,43,0,1,1,,,,,,,42,31,6,0,6,2.48506,0.91041,1172,1067,105,2,152109
15,8482411,https://assets.nhle.com/mugs/nhl/20242025/WSH/8482411.png,Hunter,Shepard,G,1,0,0,0,,,,,,,1,0,1,0,0,7.0,0.730769,26,19,7,0,3600
15,8483532,https://assets.nhle.com/mugs/nhl/20242025/WSH/8483532.png,Clay,Stevenson,G,1,0,0,0,,,,,,,1,0,1,0,0,5.0,0.868421,38,33,5,0,3600
26,8471685,https://assets.nhle.com/mugs/nhl/20242025/LAK/8471685.png,Anze,Kopitar,C,81,21,46,67,14,98,0.214286,1137.3457,21.8395,0.571893,,,,,,,,,,,,
26,8473453,https://assets.nhle.com/mugs/nhl/20242025/LAK/8473453.png,Trevor,Lewis,C,60,6,6,12,-4,53,0.113208,613.3,13.8667,0.464646,,,,,,,,,,,,
26,8474563,https://assets.nhle.com/mugs/nhl/20242025/LAK/8474563.png,Drew,Doughty,D,30,4,13,17,9,46,0.086957,1448.2,26.4,0.0,,,,,,,,,,,,
26,8476441,https://assets.nhle.com/mugs/nhl/20242025/LAK/8476441.png,Joel,Edmundson,D,73,6,14,20,25,91,0.065934,1235.3836,26.2466,0.0,,,,,,,,,,,,
26,8476479,https://assets.nhle.com/mugs/nhl/20242025/LAK/8476479.png,Phillip,Danault,C,80,8,35,43,20,123,0.065041,1060.4,22.0375,0.522204,,,,,,,,,,,,
26,8477335,https://assets.nhle.com/mugs/nhl/20242025/LAK/8477335.png,Kyle,Burroughs,D,33,0,3,3,3,6,0.0,469.0909,10.697,0.0,,,,,,,,,,,,
26,8477942,https://assets.nhle.com/mugs/nhl/20242025/LAK/8477942.png,Kevin,Fiala,L,81,35,25,60,-7,244,0.143443,1110.8148,19.716,0.405405,,,,,,,,,,,,
26,8477960,https://assets.nhle.com/mugs/nhl/20242025/LAK/8477960.png,Adrian,Kempe,R,81,35,38,73,22,237,0.147679,1149.321,22.2716,0.458333,,,,,,,,,,,,
26,8477998,https://assets.nhle.com/mugs/nhl/20242025/LAK/8477998.png,Warren,Foegele,L,82,24,22,46,36,199,0.120603,970.1341,21.3293,0.40678,,,,,,,,,,,,
26,8478452,https://assets.nhle.com/mugs/nhl/20242025/LAK/8478452.png,Caleb,Jones,D,6,0,0,0,-1,6,0.0,754.1667,17.0,0.0,,,,,,,,,,,,
26,8478882,https://assets.nhle.com/mugs/nhl/20242025/LAK/8478882.png,Vladislav,Gavrikov,D,82,5,25,30,26,112,0.044643,1385.1951,25.2317,0.0,,,,,,,,,,,,
26,8479421,https://assets.nhle.com/mugs/nhl/20242025/LAK/8479421.png,Jacob,Moverare,D,49,1,7,8,2,30,0.033333,711.5306,15.898,0.0,,,,,,,,,,,,
26,8479661,https://assets.nhle.com/mugs/nhl/20242025/LAK/8479661.png,Tanner,Jeannot,L,67,7,6,13,0,56,0.125,661.0,13.8209,0.444444,,,,,,,,,,,,
26,8479675,https://assets.nhle.com/mugs/nhl/20242025/LAK/8479675.png,Trevor,Moore,L,71,18,22,40,17,153,0.117647,1012.6197,21.7042,0.083333,,,,,,,,,,,,
26,8479998,https://assets.nhle.com/mugs/nhl/20242025/LAK/8479998.png,Mikey,Anderson,D,77,6,18,24,17,84,0.071429,1361.4156,25.1818,0.0,,,,,,,,,,,,
26,8480851,https://assets.nhle.com/mugs/nhl/20242025/LAK/8480851.png,Akil,Thomas,C,25,1,2,3,-4,20,0.05,594.84,13.4,0.439024,,,,,,,,,,,,
26,8481532,https://assets.nhle.com/mugs/nhl/20242025/LAK/8481532.png,Alex,Turcotte,C,68,9,16,25,6,79,0.113924,704.2059,15.4853,0.454545,,,,,,,,,,,,
26,8481606,https://assets.nhle.com/mugs/nhl/20242025/LAK/8481606.png,Jordan,Spence,D,79,4,24,28,23,86,0.046512,1007.3165,20.3924,0.0,,,,,,,,,,,,
26,8481732,https://assets.nhle.com/mugs/nhl/20242025/LAK/8481732.png,Andre,Lee,L,19,1,2,3,-5,18,0.055556,550.2632,12.2632,0.0,,,,,,,,,,,,
26,8482124,https://assets.nhle.com/mugs/nhl/20242025/LAK/8482124.png,Quinton,Byfield,R,81,23,31,54,16,157,0.146497,1117.4074,22.2346,0.440552,,,,,,,,,,,,
26,8482155,https://assets.nhle.com/mugs/nhl/20242025/LAK/8482155.png,Alex,Laferriere,R,77,19,23,42,22,193,0.098446,991.9091,19.2597,0.371134,,,,,,,,,,,,
26,8482408,https://assets.nhle.com/mugs/nhl/20242025/LAK/8482408.png,Jeff,Malott,L,12,0,1,1,-1,13,0.0,616.5,14.4167,0.5,,,,,,,,,,,,
26,8482726,https://assets.nhle.com/mugs/nhl/20242025/LAK/8482726.png,Samuel,Helenius,C,50,4,3,7,1,29,0.137931,519.26,11.6,0.464029,,,,,,,,,,,,
26,8482730,https://assets.nhle.com/mugs/nhl/20242025/LAK/8482730.png,Brandt,Clarke,D,78,5,28,33,13,131,0.038168,976.7436,20.1026,0.0,,,,,,,,,,,,
26,8483406,https://assets.nhle.com/mugs/nhl/20242025/LAK/8483406.png,Taylor,Ward,R,1,1,0,1,0,4,0.25,892.0,19.0,1.0,,,,,,,,,,,,
26,8483808,https://assets.nhle.com/mugs/nhl/20242025/LAK/8483808.png,Andrei,Kuzmenko,L,66,11,26,37,-6,83,0.13253,937.803,17.8939,1.0,,,,,,,,,,,,
26,8475311,https://assets.nhle.com/mugs/nhl/20242025/LAK/8475311.png,Darcy,Kuemper,G,50,0,1,1,,,,,,,50,31,11,0,7,2.017722,0.921863,1267,1168,100,5,178419
26,8477831,https://assets.nhle.com/mugs/nhl/20242025/LAK/8477831.png,Pheonix,Copley,G,1,0,0,0,,,,,,,0,0,0,0,0,4.366283,0.833333,12,10,2,0,1649
26,8479496,https://assets.nhle.com/mugs/nhl/20242025/LAK/8479496.png,David,Rittich,G,34,0,0,0,,,,,,,31,16,14,0,2,2.837998,0.88716,771,684,88,0,111628
26,8481707,https://assets.nhle.com/mugs/nhl/20242025/LAK/8481707.png,Erik,Portillo,G,1,0,0,0,,,,,,,1,1,0,0,0,1.0236,0.965517,29,28,1,0,3517
23,8474574,https://assets.nhle.com/mugs/nhl/20242025/VAN/8474574.png,Tyler,Myers,D,71,6,18,24,2,87,0.068966,1247.507,27.6338,0.0,,,,,,,,,,,,
23,8475762,https://assets.nhle.com/mugs/nhl/20242025/VAN/8475762.png,Derek,Forbort,D,54,2,9,11,-7,39,0.051282,1026.0926,24.8704,0.0,,,,,,,,,,,,
23,8476858,https://assets.nhle.com/mugs/nhl/20242025/VAN/8476858.png,Phillip,Di Giuseppe,L,20,1,5,6,-2,23,0.043478,693.9,17.4,0.2,,,,,,,,,,,,
23,8476927,https://assets.nhle.com/mugs/nhl/20242025/VAN/8476927.png,Teddy,Blueger,C,82,8,18,26,-7,94,0.085106,859.0366,20.1341,0.502463,,,,,,,,,,,,
23,8477969,https://assets.nhle.com/mugs/nhl/20242025/VAN/8477969.png,Marcus,Pettersson,D,78,4,25,29,6,70,0.057143,1301.4359,26.2821,0.0,,,,,,,,,,,,
23,8478057,https://assets.nhle.com/mugs/nhl/20242025/VAN/8478057.png,Dakota,Joshua,C,57,7,7,14,-13,52,0.134615,777.6491,19.4737,0.547619,,,,,,,,,,,,
23,8478444,https://assets.nhle.com/mugs/nhl/20242025/VAN/8478444.png,Brock,Boeser,R,75,25,25,50,-25,145,0.172414,1089.68,21.9467,0.272727,,,,,,,,,,,,
23,8478454,https://assets.nhle.com/mugs/nhl/20242025/VAN/8478454.png,Noah,Juulsen,D,35,0,0,0,-12,26,0.0,977.4286,24.6,0.0,,,,,,,,,,,,
23,8478465,https://assets.nhle.com/mugs/nhl/20242025/VAN/8478465.png,Guillaume,Brisebois,D,3,0,0,0,0,2,0.0,948.3333,24.0,0.0,,,,,,,,,,,,
23,8478498,https://assets.nhle.com/mugs/nhl/20242025/VAN/8478498.png,Jake,DeBrusk,L,82,28,20,48,-15,171,0.163743,998.9512,21.8537,0.37931,,,,,,,,,,,,
23,8478856,https://assets.nhle.com/mugs/nhl/20242025/VAN/8478856.png,Conor,Garland,R,81,19,31,50,-13,171,0.111111,1119.2716,23.0741,0.277778,,,,,,,,,,,,
23,8479425,https://assets.nhle.com/mugs/nhl/20242025/VAN/8479425.png,Filip,Hronek,D,61,5,28,33,0,83,0.060241,1433.6557,29.4754,1.0,,,,,,,,,,,,
23,8480012,https://assets.nhle.com/mugs/nhl/20242025/VAN/8480012.png,Elias,Pettersson,C,64,15,30,45,-10,109,0.137615,1119.625,22.3438,0.475104,,,,,,,,,,,,
23,8480078,https://assets.nhle.com/mugs/nhl/20242025/VAN/8480078.png,Filip,Chytil,C,56,13,13,26,-7,133,0.097744,898.0714,18.5536,0.468085,,,,,,,,,,,,
23,8480459,https://assets.nhle.com/mugs/nhl/20242025/VAN/8480459.png,Pius,Suter,C,81,25,21,46,2,138,0.181159,1040.642,23.3333,0.425629,,,,,,,,,,,,
23,8480748,https://assets.nhle.com/mugs/nhl/20242025/VAN/8480748.png,Kiefer,Sherwood,L,78,19,21,40,-1,141,0.134752,893.3462,20.5641,0.428571,,,,,,,,,,,,
23,8480800,https://assets.nhle.com/mugs/nhl/20242025/VAN/8480800.png,Quinn,Hughes,D,68,16,60,76,2,192,0.083333,1543.75,25.2941,0.0,,,,,,,,,,,,
23,8481024,https://assets.nhle.com/mugs/nhl/20242025/VAN/8481024.png,Linus,Karlsson,C,23,3,3,6,5,28,0.107143,656.0,15.6087,0.2,,,,,,,,,,,,
23,8481535,https://assets.nhle.com/mugs/nhl/20242025/VAN/8481535.png,Nils,Hoglander,L,72,8,17,25,5,83,0.096386,727.7778,17.3889,0.0,,,,,,,,,,,,
23,8482055,https://assets.nhle.com/mugs/nhl/20242025/VAN/8482055.png,Drew,O'Connor,L,84,10,15,25,-16,117,0.08547,867.75,19.4286,0.417391,,,,,,,,,,,,
23,8482496,https://assets.nhle.com/mugs/nhl/20242025/VAN/8482496.png,Nils,Aman,C,19,1,5,6,-2,8,0.125,629.0526,15.3158,0.378378,,,,,,,,,,,,
23,8482691,https://assets.nhle.com/mugs/nhl/20242025/VAN/8482691.png,Aatu,Raty,C,33,7,4,11,-1,34,0.205882,639.4242,16.4848,0.573574,,,,,,,,,,,,
23,8483395,https://assets.nhle.com/mugs/nhl/20242025/VAN/8483395.png,Arshdeep,Bains,L,13,1,0,1,-5,8,0.125,630.2308,15.8462,0.75,,,,,,,,,,,,
23,8483467,https://assets.nhle.com/mugs/nhl/20242025/VAN/8483467.png,Kirill,Kudryavtsev,D,2,0,0,0,1,2,0.0,848.0,17.0,0.0,,,,,,,,,,,,
23,8483476,https://assets.nhle.com/mugs/nhl/20242025/VAN/8483476.png,Jonathan,Lekkerimäki,R,24,3,3,6,-6,30,0.1,750.3333,17.7917,0.0,,,,,,,,,,,,
23,8483678,https://assets.nhle.com/mugs/nhl/20242025/VAN/8483678.png,Elias,Pettersson,D,28,1,2,3,-4,19,0.052632,769.3214,18.3214,0.0,,,,,,,,,,,,
23,8483768,https://assets.nhle.com/mugs/nhl/20242025/VAN/8483768.png,Victor,Mancini,D,31,2,6,8,-9,27,0.074074,918.3226,19.2258,0.0,,,,,,,,,,,,
23,8484136,https://assets.nhle.com/mugs/nhl/20242025/VAN/8484136.png,Max,Sasson,C,29,3,4,7,1,31,0.096774,619.8621,15.0345,0.427273,,,,,,,,,,,,
23,8484406,https://assets.nhle.com/mugs/nhl/20242025/VAN/8484406.png,Ty,Mueller,C,2,0,0,0,0,1,0.0,617.5,13.5,0.333333,,,,,,,,,,,,
23,8477967,https://assets.nhle.com/mugs/nhl/20242025/VAN/8477967.png,Thatcher,Demko,G,23,0,0,0,,,,,,,23,10,8,0,3,2.9033,0.889279,569,506,63,1,78118
23,8480947,https://assets.nhle.com/mugs/nhl/20242025/VAN/8480947.png,Kevin,Lankinen,G,51,0,1,1,,,,,,,49,25,15,0,10,2.622705,0.901859,1345,1213,132,4,181187
23,8481668,https://assets.nhle.com/mugs/nhl/20242025/VAN/8481668.png,Arturs,Silovs,G,10,0,0,0,,,,,,,9,2,6,0,1,3.649657,0.861345,238,205,33,0,32551
23,8484268,https://assets.nhle.com/mugs/nhl/20242025/VAN/8484268.png,Nikita,Tolopilo,G,2,0,0,0,,,,,,,1,1,1,0,0,2.151823,0.884615,26,23,3,0,5019
30,8474567,https://assets.nhle.com/mugs/nhl/20242025/MIN/8474567.png,Zach,Bogosian,D,1,0,0,0,0,0,0.0,602.0,17.0,0.0,,,,,,,,,,,,
30,8474679,https://assets.nhle.com/mugs/nhl/20242025/MIN/8474679.png,Gustav,Nyquist,R,1,0,0,0,0,1,0.0,618.0,13.0,0.0,,,,,,,,,,,,
30,8474716,https://assets.nhle.com/mugs/nhl/20242025/MIN/8474716.png,Jared,Spurgeon,D,1,0,0,0,1,3,0.0,1215.0,29.0,0.0,,,,,,,,,,,,
30,8475149,https://assets.nhle.com/mugs/nhl/20242025/MIN/8475149.png,Marcus,Johansson,L,1,0,0,0,-1,1,0.0,1029.0,19.0,0.0,,,,,,,,,,,,
30,8475220,https://assets.nhle.com/mugs/nhl/20242025/MIN/8475220.png,Marcus,Foligno,L,1,0,0,0,0,0,0.0,725.0,17.0,0.0,,,,,,,,,,,,
30,8475692,https://assets.nhle.com/mugs/nhl/20242025/MIN/8475692.png,Mats,Zuccarello,R,1,0,0,0,-1,1,0.0,1142.0,19.0,0.0,,,,,,,,,,,,
30,8476463,https://assets.nhle.com/mugs/nhl/20242025/MIN/8476463.png,Jonas,Brodin,D,1,0,0,0,-1,1,0.0,1553.0,30.0,0.0,,,,,,,,,,,,
30,8477451,https://assets.nhle.com/mugs/nhl/20242025/MIN/8477451.png,Ryan,Hartman,R,1,0,1,1,2,3,0.0,878.0,14.0,0.555556,,,,,,,,,,,,
30,8477919,https://assets.nhle.com/mugs/nhl/20242025/MIN/8477919.png,Frederick,Gaudreau,C,1,0,0,0,-1,0,0.0,735.0,19.0,0.533333,,,,,,,,,,,,
30,8478136,https://assets.nhle.com/mugs/nhl/20242025/MIN/8478136.png,Jake,Middleton,D,1,0,0,0,0,0,0.0,1156.0,27.0,0.0,,,,,,,,,,,,
30,8478493,https://assets.nhle.com/mugs/nhl/20242025/MIN/8478493.png,Joel,Eriksson Ek,C,1,0,0,0,-1,4,0.0,1266.0,24.0,0.677419,,,,,,,,,,,,
30,8478508,https://assets.nhle.com/mugs/nhl/20242025/MIN/8478508.png,Yakov,Trenin,C,1,0,0,0,0,1,0.0,645.0,12.0,0.0,,,,,,,,,,,,
30,8478864,https://assets.nhle.com/mugs/nhl/20242025/MIN/8478864.png,Kirill,Kaprizov,L,1,0,2,2,1,1,0.0,1317.0,24.0,0.0,,,,,,,,,,,,
30,8479638,https://assets.nhle.com/mugs/nhl/20242025/MIN/8479638.png,Justin,Brazeau,R,1,0,0,0,0,0,0.0,536.0,12.0,0.0,,,,,,,,,,,,
30,8481557,https://assets.nhle.com/mugs/nhl/20242025/MIN/8481557.png,Matt,Boldy,L,1,2,0,2,1,2,1.0,1352.0,24.0,0.0,,,,,,,,,,,,
30,8482079,https://assets.nhle.com/mugs/nhl/20242025/MIN/8482079.png,Marco,Rossi,C,1,0,0,0,0,1,0.0,730.0,18.0,0.625,,,,,,,,,,,,
30,8482122,https://assets.nhle.com/mugs/nhl/20242025/MIN/8482122.png,Brock,Faber,D,1,0,0,0,0,0,0.0,1677.0,30.0,0.0,,,,,,,,,,,,
30,8484798,https://assets.nhle.com/mugs/nhl/20242025/MIN/8484798.png,Zeev,Buium,D,1,0,0,0,0,1,0.0,807.0,19.0,0.0,,,,,,,,,,,,
30,8479406,https://assets.nhle.com/mugs/nhl/20242025/MIN/8479406.png,Filip,Gustavsson,G,1,0,0,0,,,,,,,1,0,1,,0,3.041397,0.884615,26,23,3,0,3551
10,8475166,https://assets.nhle.com/mugs/nhl/20242025/TOR/8475166.png,John,Tavares,C,1,1,1,2,-1,6,0.166667,1078.0,23.0,0.619048,,,,,,,,,,,,
10,8475171,https://assets.nhle.com/mugs/nhl/20242025/TOR/8475171.png,Oliver,Ekman-Larsson,D,1,1,0,1,0,4,0.25,1032.0,31.0,0.0,,,,,,,,,,,,
10,8475690,https://assets.nhle.com/mugs/nhl/20242025/TOR/8475690.png,Chris,Tanev,D,1,0,0,0,1,0,0.0,1089.0,31.0,0.0,,,,,,,,,,,,
10,8475714,https://assets.nhle.com/mugs/nhl/20242025/TOR/8475714.png,Calle,Jarnkrok,C,1,0,1,1,0,0,0.0,792.0,22.0,0.0,,,,,,,,,,,,
10,8476853,https://assets.nhle.com/mugs/nhl/20242025/TOR/8476853.png,Morgan,Rielly,D,1,1,0,1,1,2,0.5,1087.0,27.0,0.0,,,,,,,,,,,,
10,8476872,https://assets.nhle.com/mugs/nhl/20242025/TOR/8476872.png,Scott,Laughton,C,1,0,1,1,0,0,0.0,920.0,24.0,0.583333,,,,,,,,,,,,
10,8476931,https://assets.nhle.com/mugs/nhl/20242025/TOR/8476931.png,Jake,McCabe,D,1,0,0,0,1,0,0.0,1176.0,32.0,0.0,,,,,,,,,,,,
10,8477503,https://assets.nhle.com/mugs/nhl/20242025/TOR/8477503.png,Max,Domi,C,1,0,0,0,1,1,0.0,879.0,20.0,0.5,,,,,,,,,,,,
10,8477939,https://assets.nhle.com/mugs/nhl/20242025/TOR/8477939.png,William,Nylander,R,1,1,1,2,-1,2,0.5,1063.0,23.0,0.0,,,,,,,,,,,,
10,8478443,https://assets.nhle.com/mugs/nhl/20242025/TOR/8478443.png,Brandon,Carlo,D,1,0,0,0,0,0,0.0,1084.0,26.0,0.0,,,,,,,,,,,,
10,8478483,https://assets.nhle.com/mugs/nhl/20242025/TOR/8478483.png,Mitch,Marner,R,1,1,2,3,1,1,1.0,1260.0,27.0,1.0,,,,,,,,,,,,
10,8478904,https://assets.nhle.com/mugs/nhl/20242025/TOR/8478904.png,Steven,Lorentz,C,1,0,0,0,0,0,0.0,729.0,22.0,0.0,,,,,,,,,,,,
10,8479318,https://assets.nhle.com/mugs/nhl/20242025/TOR/8479318.png,Auston,Matthews,C,1,0,2,2,1,6,0.0,1122.0,27.0,0.411765,,,,,,,,,,,,
10,8480995,https://assets.nhle.com/mugs/nhl/20242025/TOR/8480995.png,Pontus,Holmberg,R,1,0,0,0,-1,0,0.0,691.0,17.0,0.666667,,,,,,,,,,,,
10,8481122,https://assets.nhle.com/mugs/nhl/20242025/TOR/8481122.png,Simon,Benoit,D,1,0,0,0,-1,0,0.0,1052.0,29.0,0.0,,,,,,,,,,,,
10,8481582,https://assets.nhle.com/mugs/nhl/20242025/TOR/8481582.png,Nicholas,Robertson,L,1,0,1,1,1,0,0.0,660.0,16.0,1.0,,,,,,,,,,,,
10,8482259,https://assets.nhle.com/mugs/nhl/20242025/TOR/8482259.png,Bobby,McMann,C,1,0,1,1,1,0,0.0,697.0,16.0,0.0,,,,,,,,,,,,
10,8482720,https://assets.nhle.com/mugs/nhl/20242025/TOR/8482720.png,Matthew,Knies,L,1,1,0,1,1,2,0.5,1349.0,26.0,0.0,,,,,,,,,,,,
10,8476932,https://assets.nhle.com/mugs/nhl/20242025/TOR/8476932.png,Anthony,Stolarz,G,1,0,0,0,,,,,,,1,1,0,,0,2.0,0.939394,33,31,2,0,3600
22,8470621,https://assets.nhle.com/mugs/nhl/20242025/EDM/8470621.png,Corey,Perry,R,81,19,11,30,12,100,0.19,716.2222,14.4938,0.515152,,,,,,,,,,,,
22,8474641,https://assets.nhle.com/mugs/nhl/20242025/EDM/8474641.png,Adam,Henrique,C,81,12,15,27,2,104,0.115385,878.642,19.5432,0.556436,,,,,,,,,,,,
22,8475218,https://assets.nhle.com/mugs/nhl/20242025/EDM/8475218.png,Mattias,Ekholm,D,65,9,24,33,11,143,0.062937,1331.7692,25.1538,0.0,,,,,,,,,,,,
22,8475784,https://assets.nhle.com/mugs/nhl/20242025/EDM/8475784.png,Jeff,Skinner,L,72,16,13,29,1,144,0.111111,779.9861,16.4028,0.511628,,,,,,,,,,,,
22,8475786,https://assets.nhle.com/mugs/nhl/20242025/EDM/8475786.png,Zach,Hyman,L,73,27,17,44,9,210,0.128571,1132.8904,19.9726,0.4,,,,,,,,,,,,
22,8475906,https://assets.nhle.com/mugs/nhl/20242025/EDM/8475906.png,John,Klingberg,D,11,1,3,4,0,19,0.052632,1034.6364,19.6364,0.0,,,,,,,,,,,,
22,8476454,https://assets.nhle.com/mugs/nhl/20242025/EDM/8476454.png,Ryan,Nugent-Hopkins,C,78,20,29,49,4,164,0.121951,1138.3718,21.3846,0.48474,,,,,,,,,,,,
22,8476967,https://assets.nhle.com/mugs/nhl/20242025/EDM/8476967.png,Brett,Kulak,D,82,7,18,25,-7,135,0.051852,1232.0976,24.4024,0.0,,,,,,,,,,,,
22,8477015,https://assets.nhle.com/mugs/nhl/20242025/EDM/8477015.png,Connor,Brown,R,82,13,17,30,9,123,0.105691,840.5854,17.7805,0.363636,,,,,,,,,,,,
22,8477384,https://assets.nhle.com/mugs/nhl/20242025/EDM/8477384.png,Joshua,Brown,D,10,0,1,1,-2,9,0.0,756.6,17.7,0.0,,,,,,,,,,,,
22,8477406,https://assets.nhle.com/mugs/nhl/20242025/EDM/8477406.png,Mattias,Janmark,C,80,2,16,18,-6,51,0.039216,797.8375,17.475,0.405858,,,,,,,,,,,,
22,8477498,https://assets.nhle.com/mugs/nhl/20242025/EDM/8477498.png,Darnell,Nurse,D,76,5,28,33,11,188,0.026596,1342.25,26.6447,0.0,,,,,,,,,,,,
22,8477934,https://assets.nhle.com/mugs/nhl/20242025/EDM/8477934.png,Leon,Draisaitl,C,71,52,54,106,32,240,0.216667,1291.0423,21.8592,0.543478,,,,,,,,,,,,
22,8477953,https://assets.nhle.com/mugs/nhl/20242025/EDM/8477953.png,Kasperi,Kapanen,R,67,6,8,14,-22,66,0.090909,715.1791,15.1194,0.414894,,,,,,,,,,,,
22,8478013,https://assets.nhle.com/mugs/nhl/20242025/EDM/8478013.png,Jake,Walman,D,65,7,33,40,4,164,0.042683,1366.2769,26.1077,0.0,,,,,,,,,,,,
22,8478042,https://assets.nhle.com/mugs/nhl/20242025/EDM/8478042.png,Viktor,Arvidsson,L,67,15,12,27,-3,158,0.094937,899.791,18.3134,0.326923,,,,,,,,,,,,
22,8478402,https://assets.nhle.com/mugs/nhl/20242025/EDM/8478402.png,Connor,McDavid,C,67,26,74,100,20,196,0.132653,1321.8806,21.0896,0.476804,,,,,,,,,,,,
22,8478408,https://assets.nhle.com/mugs/nhl/20242025/EDM/8478408.png,Travis,Dermott,D,19,0,0,0,-3,8,0.0,736.3684,15.8947,0.0,,,,,,,,,,,,
22,8478585,https://assets.nhle.com/mugs/nhl/20242025/EDM/8478585.png,Derek,Ryan,C,36,1,5,6,-4,20,0.05,561.3611,14.0556,0.604,,,,,,,,,,,,
22,8479341,https://assets.nhle.com/mugs/nhl/20242025/EDM/8479341.png,Cam,Dineen,D,4,0,0,0,0,8,0.0,1031.25,22.25,0.0,,,,,,,,,,,,
22,8479365,https://assets.nhle.com/mugs/nhl/20242025/EDM/8479365.png,Trent,Frederic,C,58,8,7,15,-16,78,0.102564,823.2931,18.9138,0.43662,,,,,,,,,,,,
22,8479368,https://assets.nhle.com/mugs/nhl/20242025/EDM/8479368.png,Max,Jones,L,26,1,1,2,-13,17,0.058824,562.8462,13.1154,0.0,,,,,,,,,,,,
22,8479442,https://assets.nhle.com/mugs/nhl/20242025/EDM/8479442.png,Troy,Stecher,D,66,3,4,7,-2,55,0.054545,832.4091,18.0455,0.0,,,,,,,,,,,,
22,8479465,https://assets.nhle.com/mugs/nhl/20242025/EDM/8479465.png,Drake,Caggiula,L,7,0,1,1,0,6,0.0,438.0,10.8571,1.0,,,,,,,,,,,,
22,8480803,https://assets.nhle.com/mugs/nhl/20242025/EDM/8480803.png,Evan,Bouchard,D,82,14,53,67,14,235,0.059574,1407.5,23.3902,0.0,,,,,,,,,,,,
22,8480834,https://assets.nhle.com/mugs/nhl/20242025/EDM/8480834.png,Ty,Emberson,D,76,2,11,13,-5,62,0.032258,906.8026,19.3947,0.0,,,,,,,,,,,,
22,8481491,https://assets.nhle.com/mugs/nhl/20242025/EDM/8481491.png,Noah,Philp,C,15,0,2,2,1,17,0.0,544.5333,13.2667,0.392157,,,,,,,,,,,,
22,8481617,https://assets.nhle.com/mugs/nhl/20242025/EDM/8481617.png,Vasily,Podkolzin,R,82,8,16,24,1,114,0.070175,792.939,16.7805,0.245614,,,,,,,,,,,,
22,8483512,https://assets.nhle.com/mugs/nhl/20242025/EDM/8483512.png,Matt,Savoie,C,4,0,1,1,-4,6,0.0,751.0,15.75,0.666667,,,,,,,,,,,,
22,8485511,https://assets.nhle.com/mugs/nhl/20242025/EDM/8485511.png,Quinn,Hutson,R,2,0,0,0,0,1,0.0,805.5,18.0,0.0,,,,,,,,,,,,
22,8475717,https://assets.nhle.com/mugs/nhl/20242025/EDM/8475717.png,Calvin,Pickard,G,36,0,1,1,,,,,,,31,22,10,0,1,2.710291,0.899882,849,764,85,0,112903
22,8479973,https://assets.nhle.com/mugs/nhl/20242025/EDM/8479973.png,Stuart,Skinner,G,51,0,0,0,,,,,,,50,26,18,0,4,2.813982,0.895849,1325,1187,138,3,176547
22,8480885,https://assets.nhle.com/mugs/nhl/20242025/EDM/8480885.png,Olivier,Rodrigue,G,2,0,0,0,,,,,,,1,0,1,0,0,3.100108,0.862069,29,25,4,0,4645
20,8474150,https://assets.nhle.com/mugs/nhl/20242025/CGY/8474150.png,Mikael,Backlund,C,76,15,17,32,4,175,0.085714,1124.2105,24.0395,0.48416,,,,,,,,,,,,
20,8475172,https://assets.nhle.com/mugs/nhl/20242025/CGY/8475172.png,Nazem,Kadri,C,82,35,32,67,-17,279,0.125448,1161.2927,23.439,0.462432,,,,,,,,,,,,
20,8475197,https://assets.nhle.com/mugs/nhl/20242025/CGY/8475197.png,Tyson,Barrie,D,13,1,2,3,-7,19,0.052632,948.0769,21.6923,0.0,,,,,,,,,,,,
20,8476399,https://assets.nhle.com/mugs/nhl/20242025/CGY/8476399.png,Blake,Coleman,L,82,15,24,39,-2,194,0.07732,1061.0854,22.8415,0.481013,,,,,,,,,,,,
20,8476456,https://assets.nhle.com/mugs/nhl/20242025/CGY/8476456.png,Jonathan,Huberdeau,L,81,28,34,62,-13,153,0.183007,1172.5185,24.6543,0.333333,,,,,,,,,,,,
20,8477346,https://assets.nhle.com/mugs/nhl/20242025/CGY/8477346.png,MacKenzie,Weegar,D,81,8,39,47,18,184,0.043478,1449.8642,32.2716,0.0,,,,,,,,,,,,
20,8477511,https://assets.nhle.com/mugs/nhl/20242025/CGY/8477511.png,Anthony,Mantha,R,13,4,3,7,6,15,0.266667,834.1538,16.6923,0.333333,,,,,,,,,,,,
20,8477810,https://assets.nhle.com/mugs/nhl/20242025/CGY/8477810.png,Joel,Hanley,D,53,2,7,9,12,42,0.047619,1114.8302,28.0,0.0,,,,,,,,,,,,
20,8477993,https://assets.nhle.com/mugs/nhl/20242025/CGY/8477993.png,Justin,Kirkland,C,21,2,6,8,6,9,0.222222,582.0476,14.619,0.428571,,,,,,,,,,,,
20,8478056,https://assets.nhle.com/mugs/nhl/20242025/CGY/8478056.png,Clark,Bishop,C,6,1,0,1,-2,4,0.25,435.0,11.3333,0.388889,,,,,,,,,,,,
20,8478211,https://assets.nhle.com/mugs/nhl/20242025/CGY/8478211.png,Dryden,Hunt,L,5,0,3,3,-1,5,0.0,699.4,17.4,1.0,,,,,,,,,,,,
20,8478397,https://assets.nhle.com/mugs/nhl/20242025/CGY/8478397.png,Rasmus,Andersson,D,81,11,20,31,-38,163,0.067485,1439.1111,32.8148,0.0,,,,,,,,,,,,
20,8479066,https://assets.nhle.com/mugs/nhl/20242025/CGY/8479066.png,Ryan,Lomberg,L,80,3,10,13,-5,66,0.045455,519.3,12.25,0.3125,,,,,,,,,,,,
20,8479291,https://assets.nhle.com/mugs/nhl/20242025/CGY/8479291.png,Kevin,Rooney,C,70,5,5,10,-6,54,0.092593,565.0,14.4143,0.472155,,,,,,,,,,,,
20,8479402,https://assets.nhle.com/mugs/nhl/20242025/CGY/8479402.png,Jake,Bean,D,64,2,5,7,0,71,0.028169,905.3438,21.8438,0.0,,,,,,,,,,,,
20,8480028,https://assets.nhle.com/mugs/nhl/20242025/CGY/8480028.png,Morgan,Frost,C,81,14,23,37,-17,144,0.097222,945.321,19.9506,0.512101,,,,,,,,,,,,
20,8480797,https://assets.nhle.com/mugs/nhl/20242025/CGY/8480797.png,Joel,Farabee,L,81,11,14,25,-17,151,0.072848,894.8025,19.7407,0.367347,,,,,,,,,,,,
20,8480860,https://assets.nhle.com/mugs/nhl/20242025/CGY/8480860.png,Kevin,Bahl,D,73,3,17,20,-6,82,0.036585,1283.2329,29.8493,0.0,,,,,,,,,,,,
20,8481028,https://assets.nhle.com/mugs/nhl/20242025/CGY/8481028.png,Martin,Pospisil,C,81,4,21,25,3,114,0.035088,828.4815,19.642,0.408046,,,,,,,,,,,,
20,8481068,https://assets.nhle.com/mugs/nhl/20242025/CGY/8481068.png,Yegor,Sharangovich,C,73,17,15,32,-9,128,0.132813,999.4932,20.8493,0.460568,,,,,,,,,,,,
20,8481167,https://assets.nhle.com/mugs/nhl/20242025/CGY/8481167.png,Brayden,Pachal,D,76,3,9,12,5,61,0.04918,854.4079,21.1053,0.0,,,,,,,,,,,,
20,8482074,https://assets.nhle.com/mugs/nhl/20242025/CGY/8482074.png,Connor,Zary,C,54,13,14,27,-7,111,0.117117,964.4444,19.2778,0.373444,,,,,,,,,,,,
20,8482209,https://assets.nhle.com/mugs/nhl/20242025/CGY/8482209.png,Rory,Kerins,C,5,0,4,4,3,3,0.0,733.6,15.6,0.333333,,,,,,,,,,,,
20,8482470,https://assets.nhle.com/mugs/nhl/20242025/CGY/8482470.png,Ilya,Solovyov,D,5,0,1,1,-3,6,0.0,940.2,24.6,0.0,,,,,,,,,,,,
20,8482624,https://assets.nhle.com/mugs/nhl/20242025/CGY/8482624.png,Daniil,Miromanov,D,44,2,7,9,2,52,0.038462,1060.7727,26.0227,0.0,,,,,,,,,,,,
20,8482679,https://assets.nhle.com/mugs/nhl/20242025/CGY/8482679.png,Matt,Coronato,R,77,24,23,47,6,180,0.133333,1054.7792,21.3636,0.427673,,,,,,,,,,,,
20,8483609,https://assets.nhle.com/mugs/nhl/20242025/CGY/8483609.png,Adam,Klapka,R,31,6,4,10,-3,44,0.136364,579.129,13.6452,0.352941,,,,,,,,,,,,
20,8484150,https://assets.nhle.com/mugs/nhl/20242025/CGY/8484150.png,Hunter,Brzustewicz,D,1,0,0,0,2,2,0.0,1103.0,20.0,0.0,,,,,,,,,,,,
20,8484180,https://assets.nhle.com/mugs/nhl/20242025/CGY/8484180.png,Samuel,Honzek,L,5,0,0,0,-1,6,0.0,743.6,16.6,0.0,,,,,,,,,,,,
20,8484234,https://assets.nhle.com/mugs/nhl/20242025/CGY/8484234.png,Aydar,Suniev,L,1,0,0,0,2,1,0.0,888.0,18.0,0.0,,,,,,,,,,,,
20,8484768,https://assets.nhle.com/mugs/nhl/20242025/CGY/8484768.png,Zayne,Parekh,D,1,1,0,1,3,2,0.5,1231.0,27.0,0.0,,,,,,,,,,,,
20,8484821,https://assets.nhle.com/mugs/nhl/20242025/CGY/8484821.png,Sam,Morton,C,1,1,0,1,1,1,1.0,745.0,18.0,0.571429,,,,,,,,,,,,
20,8478435,https://assets.nhle.com/mugs/nhl/20242025/CGY/8478435.png,Dan,Vladar,G,30,0,1,1,,,,,,,29,12,11,0,6,2.79613,0.897531,810,727,83,2,106862
20,8481692,https://assets.nhle.com/mugs/nhl/20242025/CGY/8481692.png,Dustin,Wolf,G,53,0,3,3,,,,,,,53,29,16,0,8,2.639545,0.909619,1549,1409,140,3,190942
6,8476854,https://assets.nhle.com/mugs/nhl/20242025/BOS/8476854.png,Hampus,Lindholm,D,17,3,4,7,-4,35,0.085714,1251.3529,26.2941,0.0,,,,,,,,,,,,
6,8477496,https://assets.nhle.com/mugs/nhl/20242025/BOS/8477496.png,Elias,Lindholm,C,82,17,30,47,-4,152,0.111842,1084.6707,24.1707,0.552402,,,,,,,,,,,,
6,8477507,https://assets.nhle.com/mugs/nhl/20242025/BOS/8477507.png,Nikita,Zadorov,D,81,4,18,22,25,105,0.038095,1236.679,26.0864,0.0,,,,,,,,,,,,
6,8477887,https://assets.nhle.com/mugs/nhl/20242025/BOS/8477887.png,Patrick,Brown,C,15,0,1,1,-2,11,0.0,633.9333,15.4,0.454545,,,,,,,,,,,,
6,8477956,https://assets.nhle.com/mugs/nhl/20242025/BOS/8477956.png,David,Pastrnak,R,82,43,63,106,0,319,0.134796,1211.1707,22.9756,0.375,,,,,,,,,,,,
6,8478401,https://assets.nhle.com/mugs/nhl/20242025/BOS/8478401.png,Pavel,Zacha,C,82,14,33,47,-8,132,0.106061,1143.7439,23.7439,0.5318,,,,,,,,,,,,
6,8478450,https://assets.nhle.com/mugs/nhl/20242025/BOS/8478450.png,Parker,Wotherspoon,D,55,1,6,7,-10,44,0.022727,1081.7455,23.0,0.0,,,,,,,,,,,,
6,8479325,https://assets.nhle.com/mugs/nhl/20242025/BOS/8479325.png,Charlie,McAvoy,D,50,7,16,23,0,98,0.071429,1420.22,27.72,0.0,,,,,,,,,,,,
6,8479362,https://assets.nhle.com/mugs/nhl/20242025/BOS/8479362.png,Riley,Tufte,L,6,0,0,0,-3,1,0.0,551.6667,13.6667,0.5,,,,,,,,,,,,
6,8479369,https://assets.nhle.com/mugs/nhl/20242025/BOS/8479369.png,Andrew,Peeke,D,76,1,16,17,-10,80,0.0125,1116.4079,23.9605,0.0,,,,,,,,,,,,
6,8479705,https://assets.nhle.com/mugs/nhl/20242025/BOS/8479705.png,Jeffrey,Viel,L,5,0,0,0,-1,3,0.0,461.4,12.2,1.0,,,,,,,,,,,,
6,8479968,https://assets.nhle.com/mugs/nhl/20242025/BOS/8479968.png,Vinni,Lettieri,C,26,3,2,5,-9,52,0.057692,811.0769,17.6538,0.5,,,,,,,,,,,,
6,8479987,https://assets.nhle.com/mugs/nhl/20242025/BOS/8479987.png,Morgan,Geekie,C,77,33,24,57,3,150,0.22,1015.2208,20.5844,0.465241,,,,,,,,,,,,
6,8479999,https://assets.nhle.com/mugs/nhl/20242025/BOS/8479999.png,Casey,Mittelstadt,C,81,15,25,40,-29,105,0.142857,1023.8272,19.7901,0.441675,,,,,,,,,,,,
6,8480035,https://assets.nhle.com/mugs/nhl/20242025/BOS/8480035.png,Henri,Jokiharju,D,60,3,7,10,13,59,0.050847,1069.55,23.6667,0.0,,,,,,,,,,,,
6,8480070,https://assets.nhle.com/mugs/nhl/20242025/BOS/8480070.png,Ian,Mitchell,D,15,0,1,1,-2,10,0.0,936.0,20.8,0.0,,,,,,,,,,,,
6,8480355,https://assets.nhle.com/mugs/nhl/20242025/BOS/8480355.png,Mark,Kastelic,C,61,5,9,14,-3,67,0.074627,644.1639,16.377,0.543716,,,,,,,,,,,,
6,8480789,https://assets.nhle.com/mugs/nhl/20242025/BOS/8480789.png,Oliver,Wahlstrom,R,43,3,3,6,-6,54,0.055556,613.5581,15.093,0.75,,,,,,,,,,,,
6,8480828,https://assets.nhle.com/mugs/nhl/20242025/BOS/8480828.png,Michael,Callahan,D,17,1,0,1,-5,9,0.111111,848.5882,20.0588,0.0,,,,,,,,,,,,
6,8480880,https://assets.nhle.com/mugs/nhl/20242025/BOS/8480880.png,Jakub,Lauko,C,56,5,6,11,-13,42,0.119048,642.8393,14.1429,0.1,,,,,,,,,,,,
6,8481043,https://assets.nhle.com/mugs/nhl/20242025/BOS/8481043.png,Cole,Koepke,L,73,10,7,17,1,85,0.117647,674.7671,16.589,0.0,,,,,,,,,,,,
6,8481556,https://assets.nhle.com/mugs/nhl/20242025/BOS/8481556.png,John,Beecher,C,78,3,8,11,-9,44,0.068182,677.0128,17.5128,0.520295,,,,,,,,,,,,
6,8481558,https://assets.nhle.com/mugs/nhl/20242025/BOS/8481558.png,John,Farinacci,C,1,1,0,1,1,1,1.0,658.0,16.0,0.75,,,,,,,,,,,,
6,8482177,https://assets.nhle.com/mugs/nhl/20242025/BOS/8482177.png,Marat,Khusnutdinov,C,75,5,7,12,-11,41,0.121951,725.1067,15.3333,0.43649,,,,,,,,,,,,
6,8482213,https://assets.nhle.com/mugs/nhl/20242025/BOS/8482213.png,Riley,Duran,C,2,0,0,0,-1,5,0.0,763.5,18.5,0.5,,,,,,,,,,,,
6,8482511,https://assets.nhle.com/mugs/nhl/20242025/BOS/8482511.png,Mason,Lohrei,D,77,5,28,33,-43,92,0.054348,1171.6494,23.8312,0.0,,,,,,,,,,,,
6,8482763,https://assets.nhle.com/mugs/nhl/20242025/BOS/8482763.png,Fabian,Lysell,R,12,1,2,3,-4,21,0.047619,806.5,17.1667,0.0,,,,,,,,,,,,
6,8483017,https://assets.nhle.com/mugs/nhl/20242025/BOS/8483017.png,Frederic,Brunet,D,1,0,0,0,-1,2,0.0,863.0,20.0,0.0,,,,,,,,,,,,
6,8483489,https://assets.nhle.com/mugs/nhl/20242025/BOS/8483489.png,Fraser,Minten,C,21,3,2,5,-5,24,0.125,781.381,16.1429,0.458333,,,,,,,,,,,,
6,8483505,https://assets.nhle.com/mugs/nhl/20242025/BOS/8483505.png,Matthew,Poitras,C,33,1,10,11,-5,29,0.034483,785.2727,17.303,0.457364,,,,,,,,,,,,
6,8483567,https://assets.nhle.com/mugs/nhl/20242025/BOS/8483567.png,Georgii,Merkulov,C,6,0,1,1,-1,7,0.0,824.0,18.0,0.0,,,,,,,,,,,,
6,8476914,https://assets.nhle.com/mugs/nhl/20242025/BOS/8476914.png,Joonas,Korpisalo,G,27,0,0,0,,,,,,,24,11,10,0,3,2.90253,0.893218,693,619,74,3,91782
6,8480280,https://assets.nhle.com/mugs/nhl/20242025/BOS/8480280.png,Jeremy,Swayman,G,58,0,0,0,,,,,,,58,22,29,0,7,3.114508,0.892157,1632,1456,176,4,203435
19,8470600,https://assets.nhle.com/mugs/nhl/20242025/STL/8470600.png,Ryan,Suter,D,1,0,0,0,-1,0,0.0,1072.0,27.0,0.0,,,,,,,,,,,,
19,8475170,https://assets.nhle.com/mugs/nhl/20242025/STL/8475170.png,Brayden,Schenn,C,1,0,0,0,-2,0,0.0,918.0,24.0,0.45,,,,,,,,,,,,
19,8475181,https://assets.nhle.com/mugs/nhl/20242025/STL/8475181.png,Nick,Leddy,D,1,0,0,0,-1,0,0.0,853.0,22.0,0.0,,,,,,,,,,,,
19,8475753,https://assets.nhle.com/mugs/nhl/20242025/STL/8475753.png,Justin,Faulk,D,1,0,2,2,1,2,0.0,1242.0,28.0,0.0,,,,,,,,,,,,
19,8475764,https://assets.nhle.com/mugs/nhl/20242025/STL/8475764.png,Cam,Fowler,D,1,0,1,1,-3,1,0.0,1283.0,29.0,0.0,,,,,,,,,,,,
19,8476889,https://assets.nhle.com/mugs/nhl/20242025/STL/8476889.png,Radek,Faksa,C,1,0,0,0,0,0,0.0,855.0,25.0,0.6875,,,,,,,,,,,,
19,8476892,https://assets.nhle.com/mugs/nhl/20242025/STL/8476892.png,Colton,Parayko,D,1,0,0,0,-2,1,0.0,1244.0,29.0,0.0,,,,,,,,,,,,
19,8476897,https://assets.nhle.com/mugs/nhl/20242025/STL/8476897.png,Oskar,Sundqvist,C,1,1,0,1,0,1,1.0,721.0,18.0,0.333333,,,,,,,,,,,,
19,8477402,https://assets.nhle.com/mugs/nhl/20242025/STL/8477402.png,Pavel,Buchnevich,L,1,0,1,1,-2,0,0.0,1181.0,27.0,0.0,,,,,,,,,,,,
19,8477573,https://assets.nhle.com/mugs/nhl/20242025/STL/8477573.png,Nathan,Walker,L,1,0,0,0,0,0,0.0,787.0,20.0,0.666667,,,,,,,,,,,,
19,8478472,https://assets.nhle.com/mugs/nhl/20242025/STL/8478472.png,Mathieu,Joseph,R,1,0,0,0,0,1,0.0,677.0,17.0,0.0,,,,,,,,,,,,
19,8479385,https://assets.nhle.com/mugs/nhl/20242025/STL/8479385.png,Jordan,Kyrou,R,1,1,0,1,-2,4,0.25,905.0,24.0,0.0,,,,,,,,,,,,
19,8480023,https://assets.nhle.com/mugs/nhl/20242025/STL/8480023.png,Robert,Thomas,C,1,1,0,1,-2,2,0.5,1192.0,27.0,0.733333,,,,,,,,,,,,
19,8480281,https://assets.nhle.com/mugs/nhl/20242025/STL/8480281.png,Alexey,Toropchenko,R,1,0,0,0,0,1,0.0,763.0,20.0,0.0,,,,,,,,,,,,
19,8481598,https://assets.nhle.com/mugs/nhl/20242025/STL/8481598.png,Philip,Broberg,D,1,0,0,0,1,0,0.0,1272.0,27.0,0.0,,,,,,,,,,,,
19,8482089,https://assets.nhle.com/mugs/nhl/20242025/STL/8482089.png,Jake,Neighbours,L,1,0,1,1,-2,2,0.0,962.0,24.0,0.0,,,,,,,,,,,,
19,8482737,https://assets.nhle.com/mugs/nhl/20242025/STL/8482737.png,Zack,Bolduc,R,1,0,1,1,0,1,0.0,762.0,19.0,0.0,,,,,,,,,,,,
19,8483516,https://assets.nhle.com/mugs/nhl/20242025/STL/8483516.png,Jimmy,Snuggerud,R,1,0,0,0,-1,1,0.0,991.0,22.0,0.0,,,,,,,,,,,,
19,8476412,https://assets.nhle.com/mugs/nhl/20242025/STL/8476412.png,Jordan,Binnington,G,1,0,0,0,,,,,,,1,0,1,,0,4.063205,0.84,25,21,4,0,3544
16,8473422,https://assets.nhle.com/mugs/nhl/20242025/CHI/8473422.png,Nick,Foligno,L,78,15,20,35,-17,104,0.144231,955.4872,20.359,0.484375,,,,,,,,,,,,
16,8474034,https://assets.nhle.com/mugs/nhl/20242025/CHI/8474034.png,Patrick,Maroon,L,68,5,14,19,-13,73,0.068493,692.3824,13.8382,0.461538,,,,,,,,,,,,
16,8474166,https://assets.nhle.com/mugs/nhl/20242025/CHI/8474166.png,Alec,Martinez,D,44,5,7,12,-15,38,0.131579,1123.7045,22.3636,0.0,,,,,,,,,,,,
16,8474673,https://assets.nhle.com/mugs/nhl/20242025/CHI/8474673.png,TJ,Brodie,D,54,2,8,10,-18,23,0.086957,937.9444,19.4259,0.0,,,,,,,,,,,,
16,8476473,https://assets.nhle.com/mugs/nhl/20242025/CHI/8476473.png,Connor,Murphy,D,68,2,17,19,-2,84,0.02381,1236.8971,24.5294,0.0,,,,,,,,,,,,
16,8476882,https://assets.nhle.com/mugs/nhl/20242025/CHI/8476882.png,Teuvo,Teravainen,C,82,15,43,58,-23,111,0.135135,1023.939,19.5854,0.392157,,,,,,,,,,,,
16,8476960,https://assets.nhle.com/mugs/nhl/20242025/CHI/8476960.png,Andreas,Athanasiou,C,8,1,0,1,-1,8,0.125,601.625,13.5,0.464286,,,,,,,,,,,,
16,8477450,https://assets.nhle.com/mugs/nhl/20242025/CHI/8477450.png,Jason,Dickinson,C,59,7,9,16,-11,56,0.125,941.9492,20.8305,0.494541,,,,,,,,,,,,
16,8477479,https://assets.nhle.com/mugs/nhl/20242025/CHI/8477479.png,Tyler,Bertuzzi,L,82,23,23,46,-39,131,0.175573,960.1707,17.2439,0.468085,,,,,,,,,,,,
16,8477987,https://assets.nhle.com/mugs/nhl/20242025/CHI/8477987.png,Ryan,Donato,C,80,31,31,62,-15,182,0.17033,978.55,18.2375,0.445714,,,,,,,,,,,,
16,8479315,https://assets.nhle.com/mugs/nhl/20242025/CHI/8479315.png,Joey,Anderson,R,18,0,1,1,-2,17,0.0,743.6111,16.5556,0.6,,,,,,,,,,,,
16,8480798,https://assets.nhle.com/mugs/nhl/20242025/CHI/8480798.png,Philipp,Kurashev,C,51,7,7,14,-28,54,0.12963,823.1569,16.3922,0.470874,,,,,,,,,,,,
16,8480813,https://assets.nhle.com/mugs/nhl/20242025/CHI/8480813.png,Joe,Veleno,C,74,8,9,17,-23,75,0.106667,727.0946,15.8784,0.468531,,,,,,,,,,,,
16,8481568,https://assets.nhle.com/mugs/nhl/20242025/CHI/8481568.png,Alex,Vlasic,D,82,4,26,30,-23,103,0.038835,1395.7683,26.5244,0.0,,,,,,,,,,,,
16,8481624,https://assets.nhle.com/mugs/nhl/20242025/CHI/8481624.png,Ilya,Mikheyev,R,80,20,14,34,4,138,0.144928,940.6125,19.6375,0.083333,,,,,,,,,,,,
16,8481806,https://assets.nhle.com/mugs/nhl/20242025/CHI/8481806.png,Louis,Crevier,D,32,3,1,4,-6,28,0.107143,1037.125,23.0,0.0,,,,,,,,,,,,
16,8482117,https://assets.nhle.com/mugs/nhl/20242025/CHI/8482117.png,Lukas,Reichel,L,70,8,14,22,-16,72,0.111111,714.6714,15.0,0.398876,,,,,,,,,,,,
16,8482172,https://assets.nhle.com/mugs/nhl/20242025/CHI/8482172.png,Landon,Slaggert,L,33,2,4,6,-7,34,0.058824,738.4545,16.6667,0.0,,,,,,,,,,,,
16,8482176,https://assets.nhle.com/mugs/nhl/20242025/CHI/8482176.png,Wyatt,Kaiser,D,57,4,4,8,0,66,0.060606,1087.0175,21.614,0.0,,,,,,,,,,,,
16,8482700,https://assets.nhle.com/mugs/nhl/20242025/CHI/8482700.png,Nolan,Allan,D,43,1,7,8,-13,17,0.058824,907.6977,19.093,0.0,,,,,,,,,,,,
16,8482703,https://assets.nhle.com/mugs/nhl/20242025/CHI/8482703.png,Colton,Dach,C,25,2,5,7,-3,27,0.074074,727.68,15.36,0.5,,,,,,,,,,,,
16,8482807,https://assets.nhle.com/mugs/nhl/20242025/CHI/8482807.png,Ethan,Del Mastro,D,24,2,4,6,-3,19,0.105263,1098.5417,21.25,0.0,,,,,,,,,,,,
16,8483450,https://assets.nhle.com/mugs/nhl/20242025/CHI/8483450.png,Ryan,Greene,C,2,0,0,0,0,1,0.0,792.0,18.0,0.333333,,,,,,,,,,,,
16,8483466,https://assets.nhle.com/mugs/nhl/20242025/CHI/8483466.png,Kevin,Korchinski,D,16,1,1,2,-5,14,0.071429,1025.375,20.6875,0.0,,,,,,,,,,,,
16,8483493,https://assets.nhle.com/mugs/nhl/20242025/CHI/8483493.png,Frank,Nazar,C,53,12,14,26,-11,91,0.131868,952.283,19.2642,0.446194,,,,,,,,,,,,
16,8483506,https://assets.nhle.com/mugs/nhl/20242025/CHI/8483506.png,Sam,Rinzel,D,9,0,5,5,1,22,0.0,1401.6667,25.7778,0.0,,,,,,,,,,,,
16,8484144,https://assets.nhle.com/mugs/nhl/20242025/CHI/8484144.png,Connor,Bedard,C,82,23,44,67,-36,195,0.117949,1217.1341,20.6951,0.382622,,,,,,,,,,,,
16,8484197,https://assets.nhle.com/mugs/nhl/20242025/CHI/8484197.png,Oliver,Moore,C,9,0,4,4,-2,10,0.0,814.6667,17.1111,0.407407,,,,,,,,,,,,
16,8484783,https://assets.nhle.com/mugs/nhl/20242025/CHI/8484783.png,Artyom,Levshunov,D,18,0,6,6,-13,21,0.0,1218.9444,22.6111,0.0,,,,,,,,,,,,
16,8481519,https://assets.nhle.com/mugs/nhl/20242025/CHI/8481519.png,Spencer,Knight,G,38,0,2,2,,,,,,,36,17,16,0,3,2.723744,0.902077,1011,912,100,2,132171
16,8482123,https://assets.nhle.com/mugs/nhl/20242025/CHI/8482123.png,Drew,Commesso,G,2,0,0,0,,,,,,,1,0,1,0,0,3.3637,0.846154,26,22,4,0,4281
16,8482821,https://assets.nhle.com/mugs/nhl/20242025/CHI/8482821.png,Arvid,Soderblom,G,36,0,0,0,,,,,,,33,10,18,0,7,3.176723,0.897884,1087,976,111,0,125790
17,8473507,https://assets.nhle.com/mugs/nhl/20242025/DET/8473507.png,Jeff,Petry,D,44,1,7,8,-2,33,0.030303,1133.7955,24.0,0.0,,,,,,,,,,,,
17,8474141,https://assets.nhle.com/mugs/nhl/20242025/DET/8474141.png,Patrick,Kane,R,72,21,38,59,-16,175,0.12,1078.7639,20.3889,0.384615,,,,,,,,,,,,
17,8475225,https://assets.nhle.com/mugs/nhl/20242025/DET/8475225.png,Craig,Smith,C,59,9,9,18,-9,90,0.1,680.322,14.8475,0.347826,,,,,,,,,,,,
17,8475279,https://assets.nhle.com/mugs/nhl/20242025/DET/8475279.png,Ben,Chiarot,D,81,4,9,13,-14,109,0.036697,1273.9383,26.0123,0.0,,,,,,,,,,,,
17,8475718,https://assets.nhle.com/mugs/nhl/20242025/DET/8475718.png,Justin,Holl,D,73,2,6,8,-7,41,0.04878,887.5205,19.4795,0.0,,,,,,,,,,,,
17,8475765,https://assets.nhle.com/mugs/nhl/20242025/DET/8475765.png,Vladimir,Tarasenko,R,80,11,22,33,-13,133,0.082707,886.85,20.1125,0.0,,,,,,,,,,,,
17,8475766,https://assets.nhle.com/mugs/nhl/20242025/DET/8475766.png,Austin,Watson,L,13,3,0,3,1,13,0.230769,471.2308,11.9231,0.666667,,,,,,,,,,,,
17,8476979,https://assets.nhle.com/mugs/nhl/20242025/DET/8476979.png,Erik,Gustafsson,D,60,2,16,18,-19,67,0.029851,978.8667,20.15,0.0,,,,,,,,,,,,
17,8477353,https://assets.nhle.com/mugs/nhl/20242025/DET/8477353.png,Tyler,Motte,C,55,4,5,9,-11,66,0.060606,678.8545,16.1455,0.413793,,,,,,,,,,,,
17,8477429,https://assets.nhle.com/mugs/nhl/20242025/DET/8477429.png,Andrew,Copp,C,56,10,13,23,4,67,0.149254,882.1429,19.6429,0.507177,,,,,,,,,,,,
17,8477456,https://assets.nhle.com/mugs/nhl/20242025/DET/8477456.png,J.T.,Compher,L,76,11,21,32,-7,98,0.112245,1000.8684,21.6316,0.451135,,,,,,,,,,,,
17,8477946,https://assets.nhle.com/mugs/nhl/20242025/DET/8477946.png,Dylan,Larkin,C,82,30,40,70,-16,234,0.128205,1204.2439,23.4878,0.544715,,,,,,,,,,,,
17,8478021,https://assets.nhle.com/mugs/nhl/20242025/DET/8478021.png,William,Lagesson,D,7,0,1,1,-1,5,0.0,874.1429,19.7143,0.0,,,,,,,,,,,,
17,8479337,https://assets.nhle.com/mugs/nhl/20242025/DET/8479337.png,Alex,DeBrincat,R,82,39,31,70,-13,244,0.159836,1072.2683,20.7439,0.448276,,,,,,,,,,,,
17,8479942,https://assets.nhle.com/mugs/nhl/20242025/DET/8479942.png,Dominik,Shine,R,9,0,1,1,-1,5,0.0,518.6667,12.7778,0.0,,,,,,,,,,,,
17,8479992,https://assets.nhle.com/mugs/nhl/20242025/DET/8479992.png,Michael,Rasmussen,C,77,11,10,21,-12,99,0.111111,804.6883,18.961,0.464286,,,,,,,,,,,,
17,8481013,https://assets.nhle.com/mugs/nhl/20242025/DET/8481013.png,Jonatan,Berggren,R,75,12,12,24,-13,88,0.136364,778.6267,16.7867,0.294118,,,,,,,,,,,,
17,8481542,https://assets.nhle.com/mugs/nhl/20242025/DET/8481542.png,Moritz,Seider,D,82,8,38,46,-5,162,0.049383,1504.3293,27.7805,0.0,,,,,,,,,,,,
17,8481607,https://assets.nhle.com/mugs/nhl/20242025/DET/8481607.png,Albert,Johansson,D,61,3,6,9,-11,48,0.0625,981.6557,21.4754,0.0,,,,,,,,,,,,
17,8481725,https://assets.nhle.com/mugs/nhl/20242025/DET/8481725.png,Elmer,Soderblom,L,26,4,7,11,2,38,0.105263,802.2308,18.0,0.266667,,,,,,,,,,,,
17,8482078,https://assets.nhle.com/mugs/nhl/20242025/DET/8482078.png,Lucas,Raymond,L,82,27,53,80,-15,192,0.140625,1127.0,22.5244,0.125,,,,,,,,,,,,
17,8482762,https://assets.nhle.com/mugs/nhl/20242025/DET/8482762.png,Simon,Edvinsson,D,78,7,24,31,12,86,0.081395,1267.3077,25.2564,0.0,,,,,,,,,,,,
17,8482802,https://assets.nhle.com/mugs/nhl/20242025/DET/8482802.png,Carter,Mazur,L,1,0,0,0,0,0,0.0,70.0,2.0,0.0,,,,,,,,,,,,
17,8483464,https://assets.nhle.com/mugs/nhl/20242025/DET/8483464.png,Marco,Kasper,C,77,19,18,37,1,145,0.131034,927.0519,20.1948,0.448882,,,,,,,,,,,,
17,8475660,https://assets.nhle.com/mugs/nhl/20242025/DET/8475660.png,Cam,Talbot,G,47,0,0,0,,,,,,,43,21,19,0,5,2.929414,0.901158,1295,1167,129,2,158530
17,8475852,https://assets.nhle.com/mugs/nhl/20242025/DET/8475852.png,Petr,Mrazek,G,38,0,0,0,,,,,,,38,12,21,0,2,3.345966,0.891182,1066,950,116,1,124807
17,8479312,https://assets.nhle.com/mugs/nhl/20242025/DET/8479312.png,Alex,Lyon,G,30,0,0,0,,,,,,,26,14,9,0,1,2.808352,0.896454,705,632,73,1,93578
17,8482657,https://assets.nhle.com/mugs/nhl/20242025/DET/8482657.png,Sebastian,Cossa,G,1,0,0,0,,,,,,,0,1,0,0,0,2.666667,0.857143,14,12,2,0,2700
4,8475235,https://assets.nhle.com/mugs/nhl/20242025/PHI/8475235.png,Nicolas,Deslauriers,L,31,2,1,3,-9,25,0.08,458.129,10.4194,0.333333,,,,,,,,,,,,
4,8476372,https://assets.nhle.com/mugs/nhl/20242025/PHI/8476372.png,Nick,Seeler,D,77,3,17,20,10,82,0.036585,1036.7792,24.7532,0.0,,,,,,,,,,,,
4,8476461,https://assets.nhle.com/mugs/nhl/20242025/PHI/8476461.png,Sean,Couturier,C,79,15,30,45,1,155,0.096774,1037.6203,20.9367,0.560669,,,,,,,,,,,,
4,8477499,https://assets.nhle.com/mugs/nhl/20242025/PHI/8477499.png,Rasmus,Ristolainen,D,63,4,15,19,3,100,0.04,1231.4603,27.4762,0.0,,,,,,,,,,,,
4,8477903,https://assets.nhle.com/mugs/nhl/20242025/PHI/8477903.png,Garnet,Hathaway,R,67,10,11,21,5,80,0.125,711.8209,17.6567,0.368421,,,,,,,,,,,,
4,8477948,https://assets.nhle.com/mugs/nhl/20242025/PHI/8477948.png,Travis,Sanheim,D,82,8,22,30,-6,139,0.057554,1469.7195,30.6341,0.0,,,,,,,,,,,,
4,8478409,https://assets.nhle.com/mugs/nhl/20242025/PHI/8478409.png,Anthony,Richard,C,15,2,4,6,-3,19,0.105263,741.8,16.4,0.0,,,,,,,,,,,,
4,8478439,https://assets.nhle.com/mugs/nhl/20242025/PHI/8478439.png,Travis,Konecny,R,82,24,52,76,-17,188,0.12766,1236.1707,23.8171,0.39,,,,,,,,,,,,
4,8479022,https://assets.nhle.com/mugs/nhl/20242025/PHI/8479022.png,Rodrigo,Abols,C,22,2,3,5,-10,25,0.08,551.4091,12.5,0.584071,,,,,,,,,,,,
4,8480015,https://assets.nhle.com/mugs/nhl/20242025/PHI/8480015.png,Owen,Tippett,R,77,20,23,43,-12,188,0.106383,959.5065,20.9221,0.388889,,,,,,,,,,,,
4,8480068,https://assets.nhle.com/mugs/nhl/20242025/PHI/8480068.png,Ryan,Poehling,C,68,12,19,31,-4,71,0.169014,832.7941,19.3971,0.50882,,,,,,,,,,,,
4,8480220,https://assets.nhle.com/mugs/nhl/20242025/PHI/8480220.png,Noah,Cates,L,78,16,21,37,3,110,0.145455,952.641,22.3846,0.446154,,,,,,,,,,,,
4,8480245,https://assets.nhle.com/mugs/nhl/20242025/PHI/8480245.png,Olle,Lycksell,R,19,0,5,5,-3,10,0.0,713.4737,15.0526,0.5,,,,,,,,,,,,
4,8480874,https://assets.nhle.com/mugs/nhl/20242025/PHI/8480874.png,Adam,Ginning,D,1,0,0,0,-1,0,0.0,768.0,18.0,0.0,,,,,,,,,,,,
4,8481178,https://assets.nhle.com/mugs/nhl/20242025/PHI/8481178.png,Egor,Zamula,D,63,3,12,15,-14,37,0.081081,991.3492,22.1587,0.0,,,,,,,,,,,,
4,8481546,https://assets.nhle.com/mugs/nhl/20242025/PHI/8481546.png,Cam,York,D,66,4,13,17,-8,65,0.061538,1246.9848,27.7879,0.0,,,,,,,,,,,,
4,8481553,https://assets.nhle.com/mugs/nhl/20242025/PHI/8481553.png,Bobby,Brink,R,79,12,29,41,-11,105,0.114286,889.8481,19.8481,0.298246,,,,,,,,,,,,
4,8481592,https://assets.nhle.com/mugs/nhl/20242025/PHI/8481592.png,Jakob,Pelletier,L,49,7,12,19,7,54,0.12963,693.3673,15.8776,0.40625,,,,,,,,,,,,
4,8482126,https://assets.nhle.com/mugs/nhl/20242025/PHI/8482126.png,Emil,Andrae,D,42,1,6,7,-5,52,0.019231,1040.6905,22.7143,0.0,,,,,,,,,,,,
4,8482142,https://assets.nhle.com/mugs/nhl/20242025/PHI/8482142.png,Jamie,Drysdale,D,70,7,13,20,-32,63,0.111111,1195.0143,25.1857,0.0,,,,,,,,,,,,
4,8482159,https://assets.nhle.com/mugs/nhl/20242025/PHI/8482159.png,Tyson,Foerster,R,81,25,18,43,-9,142,0.176056,1011.7531,21.8642,0.0,,,,,,,,,,,,
4,8482169,https://assets.nhle.com/mugs/nhl/20242025/PHI/8482169.png,Helge,Grans,D,6,0,1,1,0,5,0.0,867.5,21.3333,0.0,,,,,,,,,,,,
4,8483461,https://assets.nhle.com/mugs/nhl/20242025/PHI/8483461.png,Devin,Kaplan,R,1,0,0,0,-1,0,0.0,732.0,16.0,0.0,,,,,,,,,,,,
4,8483733,https://assets.nhle.com/mugs/nhl/20242025/PHI/8483733.png,Nikita,Grebenkin,R,7,0,0,0,-3,2,0.0,524.8571,12.8571,1.0,,,,,,,,,,,,
4,8484387,https://assets.nhle.com/mugs/nhl/20242025/PHI/8484387.png,Matvei,Michkov,R,80,26,37,63,-18,199,0.130653,1001.0625,19.5,0.463415,,,,,,,,,,,,
4,8484779,https://assets.nhle.com/mugs/nhl/20242025/PHI/8484779.png,Jett,Luchanko,C,4,0,0,0,-3,3,0.0,843.25,19.0,0.459459,,,,,,,,,,,,
4,8485483,https://assets.nhle.com/mugs/nhl/20242025/PHI/8485483.png,Karsen,Dorwart,L,5,0,0,0,-1,4,0.0,658.8,14.2,0.4,,,,,,,,,,,,
4,8478905,https://assets.nhle.com/mugs/nhl/20242025/PHI/8478905.png,Ivan,Fedotov,G,26,0,0,0,,,,,,,24,6,13,0,4,3.149019,0.879808,624,549,75,0,85741
4,8481035,https://assets.nhle.com/mugs/nhl/20242025/PHI/8481035.png,Samuel,Ersson,G,47,0,0,0,,,,,,,45,22,17,0,5,3.13631,0.88296,1162,1026,136,2,156107
4,8482783,https://assets.nhle.com/mugs/nhl/20242025/PHI/8482783.png,Aleksei,Kolosov,G,17,0,0,0,,,,,,,13,5,9,0,1,3.59235,0.866995,406,352,54,0,54115
24,8473986,https://assets.nhle.com/mugs/nhl/20242025/ANA/8473986.png,Alex,Killorn,L,82,19,18,37,12,134,0.141791,1036.561,21.6585,0.380952,,,,,,,,,,,,
24,8475462,https://assets.nhle.com/mugs/nhl/20242025/ANA/8475462.png,Radko,Gudas,D,81,1,15,16,4,89,0.011236,1191.9383,23.9012,0.0,,,,,,,,,,,,
24,8476458,https://assets.nhle.com/mugs/nhl/20242025/ANA/8476458.png,Ryan,Strome,C,82,10,31,41,-3,137,0.072993,1000.9634,20.6707,0.416803,,,,,,,,,,,,
24,8476885,https://assets.nhle.com/mugs/nhl/20242025/ANA/8476885.png,Jacob,Trouba,D,77,1,13,14,-8,111,0.009009,1231.0909,25.0649,0.0,,,,,,,,,,,,
24,8476934,https://assets.nhle.com/mugs/nhl/20242025/ANA/8476934.png,Brock,McGinn,L,26,4,4,8,1,30,0.133333,702.5,16.6923,0.125,,,,,,,,,,,,
24,8477527,https://assets.nhle.com/mugs/nhl/20242025/ANA/8477527.png,Ross,Johnston,L,43,1,3,4,-2,9,0.111111,521.4651,12.1395,0.0,,,,,,,,,,,,
24,8477952,https://assets.nhle.com/mugs/nhl/20242025/ANA/8477952.png,Robby,Fabbri,C,44,8,8,16,-6,65,0.123077,972.2727,19.4773,0.455128,,,,,,,,,,,,
24,8478366,https://assets.nhle.com/mugs/nhl/20242025/ANA/8478366.png,Frank,Vatrano,R,81,21,24,45,-9,234,0.089744,1052.716,21.8889,0.470588,,,,,,,,,,,,
24,8478424,https://assets.nhle.com/mugs/nhl/20242025/ANA/8478424.png,Jansen,Harkins,C,62,2,4,6,-13,49,0.040816,655.6452,15.129,0.534247,,,,,,,,,,,,
24,8478430,https://assets.nhle.com/mugs/nhl/20242025/ANA/8478430.png,Oliver,Kylington,D,19,1,4,5,-2,6,0.166667,737.6842,18.0526,0.0,,,,,,,,,,,,
24,8478873,https://assets.nhle.com/mugs/nhl/20242025/ANA/8478873.png,Troy,Terry,R,77,21,34,55,0,188,0.111702,1130.9481,21.2078,0.375,,,,,,,,,,,,
24,8480806,https://assets.nhle.com/mugs/nhl/20242025/ANA/8480806.png,Isac,Lundestrom,C,79,4,11,15,-12,60,0.066667,812.8354,18.4937,0.472222,,,,,,,,,,,,
24,8481517,https://assets.nhle.com/mugs/nhl/20242025/ANA/8481517.png,Brett,Leason,R,62,5,12,17,-2,79,0.063291,778.871,17.9677,0.283951,,,,,,,,,,,,
24,8481533,https://assets.nhle.com/mugs/nhl/20242025/ANA/8481533.png,Trevor,Zegras,C,57,12,20,32,-8,98,0.122449,1022.3509,19.2807,0.365591,,,,,,,,,,,,
24,8481563,https://assets.nhle.com/mugs/nhl/20242025/ANA/8481563.png,Drew,Helleson,D,56,4,9,13,6,63,0.063492,981.0714,20.8214,0.0,,,,,,,,,,,,
24,8481605,https://assets.nhle.com/mugs/nhl/20242025/ANA/8481605.png,Jackson,LaCombe,D,75,14,29,43,0,134,0.104478,1338.04,26.1467,0.0,,,,,,,,,,,,
24,8481754,https://assets.nhle.com/mugs/nhl/20242025/ANA/8481754.png,Nikita,Nesterenko,C,20,4,2,6,-4,20,0.2,619.0,13.4,0.0,,,,,,,,,,,,
24,8482118,https://assets.nhle.com/mugs/nhl/20242025/ANA/8482118.png,Sam,Colangelo,R,32,10,2,12,-4,41,0.243902,749.1875,16.125,0.266667,,,,,,,,,,,,
24,8482178,https://assets.nhle.com/mugs/nhl/20242025/ANA/8482178.png,Ian,Moore,D,3,0,1,1,1,4,0.0,818.3333,17.3333,0.0,,,,,,,,,,,,
24,8482745,https://assets.nhle.com/mugs/nhl/20242025/ANA/8482745.png,Mason,McTavish,C,76,22,30,52,0,180,0.122222,1012.5395,19.8684,0.506764,,,,,,,,,,,,
24,8482803,https://assets.nhle.com/mugs/nhl/20242025/ANA/8482803.png,Olen,Zellweger,D,62,7,13,20,1,130,0.053846,1137.5,22.1935,0.0,,,,,,,,,,,,
24,8483445,https://assets.nhle.com/mugs/nhl/20242025/ANA/8483445.png,Cutter,Gauthier,L,82,20,24,44,8,190,0.105263,849.3293,17.7683,0.375,,,,,,,,,,,,
24,8483482,https://assets.nhle.com/mugs/nhl/20242025/ANA/8483482.png,Tristan,Luneau,D,6,0,0,0,-5,6,0.0,993.3333,19.3333,0.0,,,,,,,,,,,,
24,8483490,https://assets.nhle.com/mugs/nhl/20242025/ANA/8483490.png,Pavel,Mintyukov,D,68,5,14,19,-4,69,0.072464,1055.8235,22.3088,0.0,,,,,,,,,,,,
24,8484153,https://assets.nhle.com/mugs/nhl/20242025/ANA/8484153.png,Leo,Carlsson,C,76,20,25,45,6,114,0.175439,974.4211,19.3947,0.413699,,,,,,,,,,,,
24,8485512,https://assets.nhle.com/mugs/nhl/20242025/ANA/8485512.png,Tim,Washe,C,2,0,0,0,0,2,0.0,464.0,12.5,0.5,,,,,,,,,,,,
24,8476434,https://assets.nhle.com/mugs/nhl/20242025/ANA/8476434.png,John,Gibson,G,29,0,1,1,,,,,,,28,11,11,0,2,2.765419,0.912454,811,740,72,0,93729
24,8478024,https://assets.nhle.com/mugs/nhl/20242025/ANA/8478024.png,Ville,Husso,G,13,0,0,0,,,,,,,11,2,6,0,3,3.470015,0.889881,336,299,37,0,38386
24,8480843,https://assets.nhle.com/mugs/nhl/20242025/ANA/8480843.png,Lukas,Dostal,G,54,0,0,0,,,,,,,49,23,23,0,7,3.10042,0.902769,1625,1467,158,1,183459
3,8475177,https://assets.nhle.com/mugs/nhl/20242025/NYR/8475177.png,Calvin,de Haan,D,47,0,8,8,-4,51,0.0,898.4255,19.8298,0.0,,,,,,,,,,,,
3,8475184,https://assets.nhle.com/mugs/nhl/20242025/NYR/8475184.png,Chris,Kreider,L,68,22,8,30,-5,152,0.144737,1005.25,21.25,0.397059,,,,,,,,,,,,
3,8475842,https://assets.nhle.com/mugs/nhl/20242025/NYR/8475842.png,Sam,Carrick,C,80,6,14,20,5,84,0.071429,715.9125,17.075,0.541908,,,,,,,,,,,,
3,8476389,https://assets.nhle.com/mugs/nhl/20242025/NYR/8476389.png,Vincent,Trocheck,C,82,26,33,59,0,202,0.128713,1265.939,24.3171,0.59322,,,,,,,,,,,,
3,8476459,https://assets.nhle.com/mugs/nhl/20242025/NYR/8476459.png,Mika,Zibanejad,C,82,20,42,62,-22,183,0.10929,1125.7439,23.3537,0.519886,,,,,,,,,,,,
3,8476468,https://assets.nhle.com/mugs/nhl/20242025/NYR/8476468.png,J.T.,Miller,C,72,22,48,70,-6,137,0.160584,1092.0139,24.7917,0.58256,,,,,,,,,,,,
3,8477244,https://assets.nhle.com/mugs/nhl/20242025/NYR/8477244.png,Chad,Ruhwedel,D,5,0,1,1,2,1,0.0,846.2,20.2,0.0,,,,,,,,,,,,
3,8477369,https://assets.nhle.com/mugs/nhl/20242025/NYR/8477369.png,Carson,Soucy,D,75,4,9,13,-11,81,0.049383,1074.9067,24.96,0.0,,,,,,,,,,,,
3,8477380,https://assets.nhle.com/mugs/nhl/20242025/NYR/8477380.png,Jonny,Brodzinski,C,51,12,7,19,6,73,0.164384,700.5098,16.0588,0.476471,,,,,,,,,,,,
3,8477979,https://assets.nhle.com/mugs/nhl/20242025/NYR/8477979.png,Nicolas,Aube-Kubel,R,22,1,1,2,-5,18,0.055556,565.2727,13.3636,0.625,,,,,,,,,,,,
3,8478550,https://assets.nhle.com/mugs/nhl/20242025/NYR/8478550.png,Artemi,Panarin,L,80,37,52,89,-9,237,0.156118,1180.9875,21.2125,0.0,,,,,,,,,,,,
3,8478840,https://assets.nhle.com/mugs/nhl/20242025/NYR/8478840.png,Will,Borgen,D,84,5,10,15,-4,81,0.061728,1024.8929,22.9643,0.0,,,,,,,,,,,,
3,8479323,https://assets.nhle.com/mugs/nhl/20242025/NYR/8479323.png,Adam,Fox,D,74,10,51,61,9,135,0.074074,1394.9324,26.1216,0.0,,,,,,,,,,,,
3,8480001,https://assets.nhle.com/mugs/nhl/20242025/NYR/8480001.png,Urho,Vaakanainen,D,51,2,14,16,8,42,0.047619,984.6471,20.9804,0.0,,,,,,,,,,,,
3,8480817,https://assets.nhle.com/mugs/nhl/20242025/NYR/8480817.png,K'Andre,Miller,D,74,7,20,27,0,110,0.063636,1316.7973,26.2568,0.0,,,,,,,,,,,,
3,8481525,https://assets.nhle.com/mugs/nhl/20242025/NYR/8481525.png,Matthew,Robertson,D,2,0,0,0,3,2,0.0,1058.0,24.5,0.0,,,,,,,,,,,,
3,8481560,https://assets.nhle.com/mugs/nhl/20242025/NYR/8481560.png,Arthur,Kaliyev,R,14,3,1,4,2,21,0.142857,672.6429,15.4286,0.0,,,,,,,,,,,,
3,8481704,https://assets.nhle.com/mugs/nhl/20242025/NYR/8481704.png,Juuso,Parssinen,C,48,6,10,16,-5,30,0.2,632.1042,14.9375,0.469388,,,,,,,,,,,,
3,8481708,https://assets.nhle.com/mugs/nhl/20242025/NYR/8481708.png,Zac,Jones,D,46,1,10,11,0,51,0.019608,1035.2391,20.1957,0.0,,,,,,,,,,,,
3,8481726,https://assets.nhle.com/mugs/nhl/20242025/NYR/8481726.png,Adam,Edstrom,C,51,5,4,9,-5,40,0.125,556.4118,13.5294,0.0,,,,,,,,,,,,
3,8482067,https://assets.nhle.com/mugs/nhl/20242025/NYR/8482067.png,Connor,Mackey,D,2,0,0,0,0,1,0.0,967.5,19.0,0.0,,,,,,,,,,,,
3,8482073,https://assets.nhle.com/mugs/nhl/20242025/NYR/8482073.png,Braden,Schneider,D,80,6,15,21,9,95,0.063158,1072.0125,22.0375,0.0,,,,,,,,,,,,
3,8482109,https://assets.nhle.com/mugs/nhl/20242025/NYR/8482109.png,Alexis,Lafrenière,L,82,17,28,45,-13,153,0.111111,1020.3293,20.6463,0.333333,,,,,,,,,,,,
3,8482132,https://assets.nhle.com/mugs/nhl/20242025/NYR/8482132.png,Brett,Berard,L,35,6,4,10,-6,59,0.101695,642.8857,15.1714,0.428571,,,,,,,,,,,,
3,8482157,https://assets.nhle.com/mugs/nhl/20242025/NYR/8482157.png,Will,Cuylle,L,82,20,25,45,12,152,0.131579,904.6463,20.4268,0.333333,,,,,,,,,,,,
3,8482460,https://assets.nhle.com/mugs/nhl/20242025/NYR/8482460.png,Matt,Rempe,C,42,3,5,8,7,30,0.1,510.4524,12.4048,0.153846,,,,,,,,,,,,
3,8482747,https://assets.nhle.com/mugs/nhl/20242025/NYR/8482747.png,Brennan,Othmann,L,22,0,2,2,7,20,0.0,598.2727,14.8636,0.0,,,,,,,,,,,,
3,8484210,https://assets.nhle.com/mugs/nhl/20242025/NYR/8484210.png,Gabe,Perreault,R,5,0,0,0,-1,5,0.0,866.2,19.2,0.0,,,,,,,,,,,,
3,8471734,https://assets.nhle.com/mugs/nhl/20242025/NYR/8471734.png,Jonathan,Quick,G,24,0,1,1,,,,,,,20,11,7,0,2,3.168177,0.893455,657,587,70,3,79541
3,8475839,https://assets.nhle.com/mugs/nhl/20242025/NYR/8475839.png,Louis,Domingue,G,1,0,0,0,,,,,,,1,1,0,0,0,2.0,0.925926,27,25,2,0,3600
3,8478048,https://assets.nhle.com/mugs/nhl/20242025/NYR/8478048.png,Igor,Shesterkin,G,61,0,0,0,,,,,,,61,27,29,0,5,2.858664,0.904626,1751,1584,167,6,210308
