Date,Team,Player,Transaction Details
"May 5, 2025",Tampa Bay Lightning,Charles-Edouard D'Astous,Signed 1 year @ $775K AAV starting in 2025-26
"May 5, 2025",Ottawa Senators,Nikolas Matinpalo,Signed 2 years @ $875K AAV starting in 2025-26
"May 5, 2025",Carolina Hurricanes,Frederik Andersen,Signed 1 year @ $3.500M AAV starting in 2025-26
"May 3, 2025",Calgary Flames,Matt Coronato,Signed 7 years @ $6.500M AAV starting in 2025-26
"May 2, 2025",New York Rangers,Juuso Parssinen,Signed 2 years @ $1.250M AAV starting in 2025-26
"May 2, 2025",Edmonton Oilers,Alec Regula,Signed 2 years @ $775K AAV starting in 2025-26
"May 2, 2025",New York Rangers,Juuso Parssinen,Signed 2 years @ $1.250M AAV starting in 2025-26
"May 1, 2025",St. Louis Blues,Will Cranley,Signed 1 year @ $775K AAV starting in 2025-26
"Apr 30, 2025",Carolina Hurricanes,Taylor Hall,Signed 3 years @ $3.167M AAV starting in 2025-26
"Apr 29, 2025",Utah Hockey Club,Jaxson Stauber,Signed 2 years @ $775K AAV starting in 2025-26
"Apr 28, 2025",Pittsburgh Penguins,Filip Hallander,Signed 2 years @ $775K AAV starting in 2025-26
"Apr 26, 2025",Carolina Hurricanes,Alexander Nikishin,Signed to an entry level contract.
"Apr 25, 2025",Minnesota Wild,Riley Mercer,Signed to an entry level contract.
"Apr 25, 2025",Florida Panthers,Aaron Ekblad,Suspension Ended
"Apr 24, 2025",Utah Hockey Club,Michal Kunc,Signed to an entry level contract.
"Apr 24, 2025",Toronto Maple Leafs,Max Pacioretty,Activated from LTIR
"Apr 23, 2025",Edmonton Oilers,Evander Kane,Activated from LTIR
"Apr 22, 2025",Florida Panthers,Matthew Tkachuk,Activated from LTIR
"Apr 22, 2025",Edmonton Oilers,Olivier Rodrigue,Recalled from AHL
"Apr 22, 2025",Minnesota Wild,Samuel Hlavaj,Recalled from AHL
"Apr 21, 2025",Minnesota Wild,Travis Boyd,Recalled from AHL
"Apr 21, 2025",Minnesota Wild,Brendan Gaunce,Recalled from AHL
"Apr 21, 2025",Minnesota Wild,Hunter Haight,Recalled from AHL
"Apr 21, 2025",Minnesota Wild,Ben Jones,Recalled from AHL
"Apr 21, 2025",Minnesota Wild,Carson Lambos,Recalled from AHL
"Apr 21, 2025",Minnesota Wild,Liam Ohgren,Recalled from AHL
"Apr 21, 2025",Los Angeles Kings,Pheonix Copley,Recalled from AHL
"Apr 21, 2025",Colorado Avalanche,Gabriel Landeskog,Activated from LTIR
"Apr 20, 2025",Washington Capitals,Bogdan Trineyev,Signed 1 year @ $775K AAV starting in 2025-26
"Apr 20, 2025",Colorado Avalanche,Zakhar Bardakov,Signed to an entry level contract.
"Apr 20, 2025",Minnesota Wild,Devin Shore,Recalled from AHL
"Apr 20, 2025",Toronto Maple Leafs,Artur Akhtyamov,Recalled from AHL
"Apr 19, 2025",Edmonton Oilers,Ty Emberson,Signed 2 years @ $1.300M AAV starting in 2025-26
"Apr 19, 2025",Ottawa Senators,Leevi Meriläinen,Recalled from AHL
"Apr 19, 2025",Calgary Flames,Dryden Hunt,Assigned to AHL
"Apr 19, 2025",Carolina Hurricanes,Ruslan Khazheyev,Recalled from AHL
"Apr 19, 2025",Detroit Red Wings,Elmer Soderblom,Assigned to AHL
"Apr 19, 2025",Anaheim Ducks,Ville Husso,Assigned to AHL
"Apr 18, 2025",San Jose Sharks,Leo Sahlin Wallenius,Signed to an entry level contract.
"Apr 18, 2025",Edmonton Oilers,Derek Ryan,Recalled from AHL
"Apr 18, 2025",Washington Capitals,Ethan Bear,Recalled from AHL
"Apr 18, 2025",Minnesota Wild,Jesper Wallstedt,Recalled from AHL
"Apr 18, 2025",Los Angeles Kings,Taylor Ward,Assigned to AHL
"Apr 18, 2025",Nashville Predators,Andreas Englund,Signed 1 year @ $775K AAV starting in 2025-26
"Apr 18, 2025",Dallas Stars,Alexander Petrovic,Recalled from AHL
"Apr 18, 2025",Buffalo Sabres,Tyson Kozak,Assigned to AHL
"Apr 18, 2025",Buffalo Sabres,Jiri Kulich,Assigned to AHL
"Apr 18, 2025",Buffalo Sabres,Noah Ostlund,Assigned to AHL
"Apr 18, 2025",Buffalo Sabres,Isak Rosen,Assigned to AHL
"Apr 18, 2025",Dallas Stars,Lian Bichsel,Recalled from AHL
"Apr 18, 2025",Dallas Stars,Ben Kraws,Recalled from AHL
"Apr 18, 2025",Toronto Maple Leafs,Ryan Reaves,Recalled from AHL
"Apr 18, 2025",Pittsburgh Penguins,Ville Koivunen,Assigned to AHL
"Apr 18, 2025",Pittsburgh Penguins,Joona Koppanen,Assigned to AHL
"Apr 18, 2025",Pittsburgh Penguins,Filip Kral,Assigned to AHL
"Apr 18, 2025",Pittsburgh Penguins,Vasily Ponomarev,Assigned to AHL
"Apr 18, 2025",Pittsburgh Penguins,Sam Poulin,Assigned to AHL
"Apr 18, 2025",Pittsburgh Penguins,Valtteri Puustinen,Assigned to AHL
"Apr 18, 2025",Philadelphia Flyers,Emil Andrae,Assigned to AHL
"Apr 18, 2025",Colorado Avalanche,Kevin Mandolese,Recalled from AHL
"Apr 18, 2025",Carolina Hurricanes,Skyler Brind'Amour,Assigned to AHL
"Apr 18, 2025",Carolina Hurricanes,Domenick Fensore,Assigned to AHL
"Apr 18, 2025",Carolina Hurricanes,Scott Morrow,Assigned to AHL
"Apr 18, 2025",Carolina Hurricanes,Bradly Nadeau,Assigned to AHL
"Apr 18, 2025",Calgary Flames,Sam Morton,Assigned to AHL
"Apr 18, 2025",Calgary Flames,Hunter Brzustewicz,Assigned to AHL
"Apr 17, 2025",San Jose Sharks,Lucas Carlsson,Cleared Waivers
"Apr 17, 2025",Boston Bruins,Ian Mitchell,Cleared Waivers
"Apr 17, 2025",Edmonton Oilers,Darnell Nurse,Suspension Ended
"Apr 17, 2025",Winnipeg Jets,Neal Pionk,Signed 6 years @ $7.000M AAV starting in 2025-26
"Apr 17, 2025",Los Angeles Kings,Caleb Jones,Assigned to AHL
"Apr 17, 2025",Los Angeles Kings,Taylor Ward,Recalled from AHL
"Apr 17, 2025",Boston Bruins,Ian Mitchell,Assigned to AHL
"Apr 17, 2025",Anaheim Ducks,Sam Colangelo,Assigned to AHL
"Apr 17, 2025",Anaheim Ducks,Nikita Nesterenko,Assigned to AHL
"Apr 17, 2025",San Jose Sharks,Lucas Carlsson,Assigned to AHL
"Apr 17, 2025",New Jersey Devils,Mike Hardman,Assigned to AHL
"Apr 17, 2025",New Jersey Devils,Marc McLaughlin,Assigned to AHL
"Apr 17, 2025",Pittsburgh Penguins,Sam Poulin,Recalled from AHL
"Apr 17, 2025",Montreal Canadiens,Joshua Roy,Assigned to AHL
"Apr 17, 2025",Detroit Red Wings,Austin Watson,Assigned to AHL
"Apr 17, 2025",Seattle Kraken,John Hayden,Assigned to AHL
"Apr 17, 2025",Columbus Blue Jackets,Jet Greaves,Assigned to AHL
"Apr 17, 2025",Columbus Blue Jackets,Denton Mateychuk,Assigned to AHL
"Apr 17, 2025",Vancouver Canucks,Linus Karlsson,Assigned to AHL
"Apr 17, 2025",Vancouver Canucks,Kirill Kudryavtsev,Assigned to AHL
"Apr 17, 2025",Vancouver Canucks,Victor Mancini,Assigned to AHL
"Apr 17, 2025",Vancouver Canucks,Ty Mueller,Assigned to AHL
"Apr 17, 2025",Vancouver Canucks,Aatu Raty,Assigned to AHL
"Apr 17, 2025",Vancouver Canucks,Max Sasson,Assigned to AHL
"Apr 17, 2025",Vancouver Canucks,Nikita Tolopilo,Assigned to AHL
"Apr 16, 2025",Dallas Stars,Tyler Seguin,Activated from LTIR
"Apr 16, 2025",Boston Bruins,Frederic Brunet,Assigned to AHL
"Apr 16, 2025",Boston Bruins,John Farinacci,Assigned to AHL
"Apr 16, 2025",Boston Bruins,Vinni Lettieri,Assigned to AHL
"Apr 16, 2025",Boston Bruins,Fabian Lysell,Assigned to AHL
"Apr 16, 2025",Boston Bruins,Fraser Minten,Assigned to AHL
"Apr 16, 2025",Chicago Blackhawks,Kevin Korchinski,Assigned to AHL
"Apr 16, 2025",Chicago Blackhawks,Artyom Levshunov,Assigned to AHL
"Apr 16, 2025",San Jose Sharks,Danil Gushchin,Assigned to AHL
"Apr 16, 2025",San Jose Sharks,Jimmy Schuldt,Assigned to AHL
"Apr 16, 2025",St. Louis Blues,Dalibor Dvorsky,Assigned to AHL
"Apr 16, 2025",Dallas Stars,Lian Bichsel,Assigned to AHL
"Apr 16, 2025",Dallas Stars,Alexander Petrovic,Assigned to AHL
"Apr 16, 2025",New Jersey Devils,Nico Daws,Recalled from AHL
"Apr 16, 2025",New Jersey Devils,Mike Hardman,Recalled from AHL
"Apr 16, 2025",Nashville Predators,Ryan Ufko,Assigned to AHL
"Apr 16, 2025",Vegas Golden Knights,Jonas Rondbjerg,Recalled from AHL
"Apr 16, 2025",Seattle Kraken,Ville Ottavainen,Assigned to AHL
"Apr 16, 2025",Florida Panthers,Rasmus Asplund,Assigned to AHL
"Apr 16, 2025",Florida Panthers,Matt Kiersted,Assigned to AHL
"Apr 16, 2025",Florida Panthers,Jesse Puljujarvi,Assigned to AHL
"Apr 16, 2025",Calgary Flames,Hunter Brzustewicz,Recalled from AHL
"Apr 16, 2025",Calgary Flames,Sam Morton,Recalled from AHL
"Apr 16, 2025",Ottawa Senators,Angus Crookshank,Assigned to AHL
"Apr 16, 2025",Edmonton Oilers,Connor Carrick,Assigned to AHL
"Apr 16, 2025",Boston Bruins,Ian Mitchell,Placed on Waivers
"Apr 16, 2025",San Jose Sharks,Lucas Carlsson,Placed on Waivers
"Apr 16, 2025",Nashville Predators,Marc Del Gaizo,Cleared Waivers
"Apr 16, 2025",New Jersey Devils,Shane Lachance,Signed to an entry level contract.
"Apr 16, 2025",Washington Capitals,Nic Dowd,Signed 2 years @ $3.000M AAV starting in 2025-26
"Apr 16, 2025",Winnipeg Jets,Alex Iafallo,Signed 3 years @ $3.667M AAV starting in 2025-26
"Apr 15, 2025",Edmonton Oilers,Darnell Nurse,Suspension Started
"Apr 15, 2025",Utah Hockey Club,Robert Bortuzzo,Activated from IR
"Apr 15, 2025",Los Angeles Kings,Caleb Jones,Recalled from AHL
"Apr 15, 2025",Buffalo Sabres,Isak Rosen,Recalled from AHL
"Apr 15, 2025",San Jose Sharks,Luca Cagnoni,Assigned to AHL
"Apr 15, 2025",Tampa Bay Lightning,Cam Atkinson,Recalled from AHL
"Apr 15, 2025",Utah Hockey Club,Matt Villalta,Assigned to AHL
"Apr 15, 2025",Utah Hockey Club,Kailer Yamamoto,Assigned to AHL
"Apr 15, 2025",Vegas Golden Knights,Jonas Rondbjerg,Assigned to AHL
"Apr 15, 2025",Carolina Hurricanes,Skyler Brind'Amour,Recalled from AHL
"Apr 15, 2025",Carolina Hurricanes,Domenick Fensore,Recalled from AHL
"Apr 15, 2025",Carolina Hurricanes,Bradly Nadeau,Recalled from AHL
"Apr 15, 2025",Carolina Hurricanes,Riley Stillman,Recalled from AHL
"Apr 15, 2025",Edmonton Oilers,Connor Carrick,Emergency Recall
"Apr 15, 2025",Pittsburgh Penguins,Joona Koppanen,Cleared Waivers
"Apr 15, 2025",Philadelphia Flyers,Alex Bump,Signed to an entry level contract.
"Apr 15, 2025",Philadelphia Flyers,Devin Kaplan,Signed to an entry level contract.
"Apr 15, 2025",Anaheim Ducks,Konnor Smith,Signed to an entry level contract.
"Apr 15, 2025",Nashville Predators,Marc Del Gaizo,Placed on Waivers
"Apr 15, 2025",Colorado Avalanche,Wyatt Aamodt,Assigned to AHL
"Apr 15, 2025",Colorado Avalanche,Jack Ahcan,Assigned to AHL
"Apr 15, 2025",Colorado Avalanche,Jere Innala,Assigned to AHL
"Apr 15, 2025",Colorado Avalanche,T.J. Tynan,Assigned to AHL
"Apr 15, 2025",Colorado Avalanche,Chris Wagner,Assigned to AHL
"Apr 14, 2025",Pittsburgh Penguins,Joona Koppanen,Placed on Waivers
"Apr 14, 2025",Vancouver Canucks,Kirill Kudryavtsev,Recalled from AHL
"Apr 14, 2025",Edmonton Oilers,Joshua Brown,Recalled from AHL
"Apr 14, 2025",Edmonton Oilers,Noah Philp,Assigned to AHL
"Apr 14, 2025",Edmonton Oilers,Derek Ryan,Assigned to AHL
"Apr 14, 2025",Seattle Kraken,Ville Ottavainen,Recalled from AHL
"Apr 14, 2025",Vegas Golden Knights,Jonas Rondbjerg,Recalled from AHL
"Apr 14, 2025",Washington Capitals,Hunter Shepard,Recalled from AHL
"Apr 14, 2025",Washington Capitals,Clay Stevenson,Recalled from AHL
"Apr 14, 2025",Nashville Predators,Ryan Ufko,Recalled from AHL
"Apr 14, 2025",Boston Bruins,Frederic Brunet,Recalled from AHL
"Apr 14, 2025",Boston Bruins,Riley Duran,Assigned to AHL
"Apr 14, 2025",Boston Bruins,John Farinacci,Recalled from AHL
"Apr 14, 2025",San Jose Sharks,Luca Cagnoni,Recalled from AHL
"Apr 14, 2025",San Jose Sharks,Danil Gushchin,Recalled from AHL
"Apr 14, 2025",San Jose Sharks,Jimmy Schuldt,Recalled from AHL
"Apr 14, 2025",New Jersey Devils,Marc McLaughlin,Recalled from AHL
"Apr 14, 2025",Anaheim Ducks,Tim Washe,Signed to an entry level contract.
"Apr 14, 2025",Edmonton Oilers,Quinn Hutson,Signed to an entry level contract.
"Apr 14, 2025",Los Angeles Kings,Jared Wright,Signed to an entry level contract.
"Apr 14, 2025",Calgary Flames,Arsenii Sergeev,Signed to an entry level contract.
"Apr 14, 2025",Calgary Flames,Carter King,Signed to an entry level contract.
"Apr 13, 2025",Ottawa Senators,Nick Cousins,Activated from LTIR
"Apr 13, 2025",Pittsburgh Penguins,Filip Kral,Recalled from AHL
"Apr 13, 2025",New York Islanders,Tristan Lennox,Assigned to AHL
"Apr 13, 2025",Seattle Kraken,Ryan Winterton,Assigned to AHL
"Apr 13, 2025",New York Rangers,Matthew Robertson,Recalled from AHL
"Apr 13, 2025",Winnipeg Jets,Dominic Toninato,Recalled from AHL
"Apr 13, 2025",Boston Bruins,Michael Callahan,Assigned to AHL
"Apr 13, 2025",Minnesota Wild,Zeev Buium,Signed to an entry level contract.
"Apr 13, 2025",Edmonton Oilers,Atro Leppanen,Signed to an entry level contract.
"Apr 13, 2025",Chicago Blackhawks,Ryan Greene,Signed to an entry level contract.
"Apr 13, 2025",Colorado Avalanche,T.J. Tynan,Recalled from AHL
"Apr 13, 2025",Minnesota Wild,Cameron Crotty,Assigned to AHL
"Apr 13, 2025",Philadelphia Flyers,Nikita Grebenkin,Assigned to AHL
"Apr 13, 2025",Toronto Maple Leafs,Dakota Mermis,Emergency Recall
"Apr 12, 2025",Tampa Bay Lightning,Conor Geekie,Recalled from AHL
"Apr 12, 2025",Seattle Kraken,John Hayden,Cleared Waivers
"Apr 12, 2025",Seattle Kraken,Cale Fleury,Cleared Waivers
"Apr 12, 2025",Florida Panthers,Jack Devine,Signed to an entry level contract.
"Apr 12, 2025",Anaheim Ducks,Ian Moore,Signed to an entry level contract.
"Apr 12, 2025",Chicago Blackhawks,Aidan Thompson,Signed to an entry level contract.
"Apr 12, 2025",Edmonton Oilers,Samuel Jonsson,Signed to an entry level contract.
"Apr 12, 2025",Vancouver Canucks,Ty Mueller,Recalled from AHL
"Apr 12, 2025",Vancouver Canucks,Nikita Tolopilo,Recalled from AHL
"Apr 12, 2025",Edmonton Oilers,Cam Dineen,Emergency Recall
"Apr 12, 2025",Edmonton Oilers,Derek Ryan,Emergency Recall
"Apr 12, 2025",Seattle Kraken,Cale Fleury,Assigned to AHL
"Apr 12, 2025",Philadelphia Flyers,Nikita Grebenkin,Recalled from AHL
"Apr 12, 2025",San Jose Sharks,Thomas Bordeleau,Recalled from AHL
"Apr 12, 2025",Dallas Stars,Alexander Petrovic,Recalled from AHL
"Apr 11, 2025",San Jose Sharks,Jan Rutta,Activated from IR
"Apr 11, 2025",Seattle Kraken,John Hayden,Placed on Waivers
"Apr 11, 2025",Seattle Kraken,Cale Fleury,Placed on Waivers
"Apr 11, 2025",Dallas Stars,Arno Tiefensee,Signed to an entry level contract.
"Apr 11, 2025",Edmonton Oilers,Cam Dineen,Assigned to AHL
"Apr 11, 2025",Ottawa Senators,Hayden Hodgson,Recalled from AHL
"Apr 11, 2025",Tampa Bay Lightning,Cam Atkinson,Assigned to AHL
"Apr 11, 2025",Pittsburgh Penguins,Emil Bemstrom,Assigned to AHL
"Apr 11, 2025",Colorado Avalanche,Chris Wagner,Recalled from AHL
"Apr 11, 2025",Colorado Avalanche,Jere Innala,Recalled from AHL
"Apr 11, 2025",Colorado Avalanche,Jack Ahcan,Recalled from AHL
"Apr 11, 2025",Colorado Avalanche,Wyatt Aamodt,Recalled from AHL
"Apr 10, 2025",Pittsburgh Penguins,Valtteri Puustinen,Recalled from AHL
"Apr 10, 2025",Pittsburgh Penguins,Vasily Ponomarev,Recalled from AHL
"Apr 10, 2025",Pittsburgh Penguins,Emil Bemstrom,Recalled from AHL
"Apr 10, 2025",Chicago Blackhawks,Ethan Del Mastro,Assigned to AHL
"Apr 10, 2025",Boston Bruins,Riley Duran,Recalled from AHL
"Apr 10, 2025",Boston Bruins,Patrick Brown,Assigned to AHL
"Apr 10, 2025",Vegas Golden Knights,Alexander Holtz,Recalled from AHL
"Apr 10, 2025",Columbus Blue Jackets,Jet Greaves,Recalled from AHL
"Apr 10, 2025",New York Islanders,Tristan Lennox,Recalled from AHL
"Apr 10, 2025",Edmonton Oilers,Olivier Rodrigue,Assigned to AHL
"Apr 10, 2025",Edmonton Oilers,Cam Dineen,Emergency Recall
"Apr 10, 2025",Nashville Predators,Navrin Mutter,Signed 1 year @ $775K AAV starting in 2025-26
"Apr 10, 2025",Toronto Maple Leafs,Blake Smith,Signed to an entry level contract.
"Apr 9, 2025",Minnesota Wild,Joel Eriksson Ek,Activated from IR
"Apr 9, 2025",Minnesota Wild,Kirill Kaprizov,Activated from LTIR
"Apr 9, 2025",Philadelphia Flyers,Rodrigo Abols,Assigned to AHL
"Apr 9, 2025",Minnesota Wild,Devin Shore,Assigned to AHL
"Apr 9, 2025",Minnesota Wild,Brendan Gaunce,Assigned to AHL
"Apr 9, 2025",Washington Capitals,Patrick Thomas,Signed to an entry level contract.
"Apr 9, 2025",Anaheim Ducks,Carey Terrance,Signed to an entry level contract.
"Apr 9, 2025",Nashville Predators,Matt Murray,Signed 2 years @ $775K AAV starting in 2025-26
"Apr 9, 2025",Seattle Kraken,Victor Ostman,Assigned to AHL
"Apr 9, 2025",Colorado Avalanche,Chris Wagner,Assigned to AHL
"Apr 8, 2025",Vegas Golden Knights,Cole Schwindt,Activated from IR
"Apr 8, 2025",Seattle Kraken,Nathan Villeneuve,Signed to an entry level contract.
"Apr 8, 2025",Montreal Canadiens,Ivan Demidov,Signed to an entry level contract.
"Apr 8, 2025",Montreal Canadiens,Tyler Thorpe,Signed to an entry level contract.
"Apr 8, 2025",New York Rangers,Anton Blidh,Signed 2 years @ $775K AAV starting in 2025-26
"Apr 8, 2025",San Jose Sharks,Collin Graf,Assigned to AHL
"Apr 8, 2025",Pittsburgh Penguins,Matt Nieto,Recalled from AHL
"Apr 8, 2025",Nashville Predators,Spencer Stastney,Assigned to AHL
"Apr 8, 2025",Nashville Predators,Kieffer Bellows,Assigned to AHL
"Apr 8, 2025",Philadelphia Flyers,Olle Lycksell,Assigned to AHL
"Apr 8, 2025",Philadelphia Flyers,Olle Lycksell,Cleared Waivers
"Apr 8, 2025",Detroit Red Wings,Austin Watson,Recalled from AHL
"Apr 8, 2025",Colorado Avalanche,Chris Wagner,Recalled from AHL
"Apr 8, 2025",Seattle Kraken,Victor Ostman,Recalled from AHL
"Apr 8, 2025",Seattle Kraken,Ryan Winterton,Recalled from AHL
"Apr 8, 2025",Edmonton Oilers,Noah Philp,Recalled from AHL
"Apr 8, 2025",Vancouver Canucks,Jonathan Lekkerimäki,Assigned to AHL
"Apr 7, 2025",Seattle Kraken,Andrei Lashko,Signed to an entry level contract.
"Apr 7, 2025",San Jose Sharks,Jimmy Schuldt,Assigned to AHL
"Apr 7, 2025",Utah Hockey Club,Kailer Yamamoto,Recalled from AHL
"Apr 7, 2025",Seattle Kraken,Jani Nyman,Assigned to AHL
"Apr 7, 2025",Philadelphia Flyers,Olle Lycksell,Placed on Waivers
"Apr 6, 2025",St. Louis Blues,Dalibor Dvorsky,Recalled from AHL
"Apr 6, 2025",Utah Hockey Club,Kailer Yamamoto,Assigned to AHL
"Apr 6, 2025",Pittsburgh Penguins,Joona Koppanen,Assigned to AHL
"Apr 6, 2025",Carolina Hurricanes,Justin Robidas,Assigned to AHL
"Apr 6, 2025",Winnipeg Jets,Kieron Walton,Signed to an entry level contract.
"Apr 5, 2025",Edmonton Oilers,Trent Frederic,Activated from IR
"Apr 5, 2025",Florida Panthers,Matt Kiersted,Recalled from AHL
"Apr 5, 2025",Boston Bruins,Michael Callahan,Recalled from AHL
"Apr 5, 2025",Boston Bruins,Fabian Lysell,Recalled from AHL
"Apr 5, 2025",Boston Bruins,Fraser Minten,Recalled from AHL
"Apr 5, 2025",Pittsburgh Penguins,Joona Koppanen,Recalled from AHL
"Apr 5, 2025",Minnesota Wild,Cameron Crotty,Recalled from AHL
"Apr 5, 2025",Colorado Avalanche,Kevin Mandolese,Assigned to AHL
"Apr 5, 2025",Florida Panthers,Rasmus Asplund,Recalled from AHL
"Apr 5, 2025",Florida Panthers,Jesse Puljujarvi,Recalled from AHL
"Apr 5, 2025",Vancouver Canucks,Max Sasson,Recalled from AHL
"Apr 5, 2025",Edmonton Oilers,Nathaniel Day,Signed to an entry level contract.
"Apr 5, 2025",Nashville Predators,Magnus Chrona,Signed 1 year @ $775K AAV starting in 2025-26
"Apr 4, 2025",New York Islanders,Scott Mayfield,Activated from IR
"Apr 4, 2025",New York Islanders,Matt Martin,Activated from IR
"Apr 4, 2025",San Jose Sharks,Gabriel Carriere,Assigned to AHL
"Apr 4, 2025",Nashville Predators,Ozzy Wiesblatt,Assigned to AHL
"Apr 4, 2025",Detroit Red Wings,Dominik Shine,Assigned to AHL
"Apr 4, 2025",Florida Panthers,Anton Lundmark,Signed to an entry level contract.
"Apr 4, 2025",Boston Bruins,Dalton Bancroft,Signed to an entry level contract.
"Apr 4, 2025",Montreal Canadiens,Jacob Fowler,Signed to an entry level contract.
"Apr 4, 2025",Washington Capitals,Hunter Shepard,Recalled from AHL
"Apr 3, 2025",San Jose Sharks,Henry Thrun,Activated from IR
"Apr 3, 2025",Los Angeles Kings,Kenny Connors,Signed to an entry level contract.
"Apr 3, 2025",Carolina Hurricanes,Justin Robidas,Recalled from AHL
"Apr 3, 2025",Seattle Kraken,Ryan Winterton,Assigned to AHL
"Apr 3, 2025",Detroit Red Wings,Austin Watson,Assigned to AHL
"Apr 3, 2025",Nashville Predators,Ozzy Wiesblatt,Recalled from AHL
"Apr 3, 2025",Boston Bruins,Michael Callahan,Assigned to AHL
"Apr 3, 2025",Boston Bruins,Jeffrey Viel,Assigned to AHL
"Apr 3, 2025",Buffalo Sabres,Noah Ostlund,Recalled from AHL
"Apr 3, 2025",San Jose Sharks,Gabriel Carriere,Recalled from AHL
"Apr 3, 2025",Pittsburgh Penguins,Emil Bemstrom,Assigned to AHL
"Apr 2, 2025",Florida Panthers,Jaycob Megna,Recalled from AHL
"Apr 2, 2025",St. Louis Blues,Dalibor Dvorsky,Assigned to AHL
"Apr 2, 2025",Edmonton Oilers,David Tomasek,Signed 1 year @ $1.200M AAV starting in 2025-26
"Apr 2, 2025",Edmonton Oilers,Josh Samanski,Signed to an entry level contract.
"Apr 2, 2025",Utah Hockey Club,Tomas Lavoie,Signed to an entry level contract.
"Apr 2, 2025",Vegas Golden Knights,Jackson Hallum,Signed to an entry level contract.
"Apr 2, 2025",Nashville Predators,Cole O'Hara,Signed to an entry level contract.
"Apr 2, 2025",Calgary Flames,Aydar Suniev,Signed to an entry level contract.
"Apr 2, 2025",Florida Panthers,Tobias Bjornfot,Assigned to AHL
"Apr 2, 2025",Colorado Avalanche,Kevin Mandolese,Recalled from AHL
"Apr 2, 2025",Boston Bruins,Michael Callahan,Recalled from AHL
"Apr 2, 2025",New Jersey Devils,Seamus Casey,Recalled from AHL
"Apr 2, 2025",Pittsburgh Penguins,Joona Koppanen,Recalled from AHL
"Apr 1, 2025",Anaheim Ducks,Ville Husso,Recalled from AHL
"Apr 1, 2025",Seattle Kraken,Ryan Winterton,Recalled from AHL
"Apr 1, 2025",Boston Bruins,Michael Callahan,Assigned to AHL
"Apr 1, 2025",Buffalo Sabres,Isak Rosen,Assigned to AHL
"Apr 1, 2025",Chicago Blackhawks,Taige Harding,Signed to an entry level contract.
"Apr 1, 2025",Vegas Golden Knights,Trevor Connelly,Signed to an entry level contract.
"Apr 1, 2025",Washington Capitals,Ryan Leonard,Signed to an entry level contract.
"Apr 1, 2025",Los Angeles Kings,Otto Salin,Signed to an entry level contract.
"Apr 1, 2025",Edmonton Oilers,Damien Carfagna,Signed to an entry level contract.
"Apr 1, 2025",New York Rangers,Callum Tung,Signed to an entry level contract.
"Apr 1, 2025",New York Islanders,Joey Larson,Signed to an entry level contract.
"Apr 1, 2025",Boston Bruins,Dans Locmelis,Signed to an entry level contract.
"Apr 1, 2025",Washington Capitals,Spencer Smallman,Signed 2 years @ $775K AAV starting in 2025-26
"Apr 1, 2025",Pittsburgh Penguins,Emil Bemstrom,Cleared Waivers
"Apr 1, 2025",Ottawa Senators,Angus Crookshank,Recalled from AHL
"Mar 31, 2025",Dallas Stars,Harrison Scott,Signed to an entry level contract.
"Mar 31, 2025",New York Rangers,Gabe Perreault,Signed to an entry level contract.
"Mar 31, 2025",Colorado Avalanche,Taylor Makar,Signed to an entry level contract.
"Mar 31, 2025",Washington Capitals,David Gucciardi,Signed to an entry level contract.
"Mar 31, 2025",Columbus Blue Jackets,Guillaume Richard,Signed to an entry level contract.
"Mar 31, 2025",San Jose Sharks,Luca Cagnoni,Assigned to AHL
"Mar 31, 2025",San Jose Sharks,Patrick Giles,Assigned to AHL
"Mar 31, 2025",San Jose Sharks,Jack Thompson,Recalled from AHL
"Mar 31, 2025",Pittsburgh Penguins,Emil Bemstrom,Placed on Waivers
"Mar 31, 2025",Minnesota Wild,Devin Shore,Cleared Waivers
"Mar 31, 2025",Minnesota Wild,Brendan Gaunce,Cleared Waivers
"Mar 31, 2025",Vancouver Canucks,Max Sasson,Assigned to AHL
"Mar 31, 2025",Vegas Golden Knights,Akira Schmid,Recalled from AHL
"Mar 31, 2025",Winnipeg Jets,Jaret Anderson-Dolan,Recalled from AHL
"Mar 31, 2025",Winnipeg Jets,Chris Driedger,Recalled from AHL
"Mar 31, 2025",Boston Bruins,Fabian Lysell,Recalled from AHL
"Mar 31, 2025",Boston Bruins,Michael Callahan,Recalled from AHL
"Mar 31, 2025",Boston Bruins,Patrick Brown,Cleared Waivers
"Mar 31, 2025",Boston Bruins,Vinni Lettieri,Cleared Waivers
"Mar 31, 2025",Boston Bruins,Jeffrey Viel,Emergency Recall
"Mar 31, 2025",Ottawa Senators,Angus Crookshank,Assigned to AHL
"Mar 30, 2025",Tampa Bay Lightning,Lucas Mercuri,Signed to an entry level contract.
"Mar 30, 2025",Tampa Bay Lightning,Connor Kurth,Signed to an entry level contract.
"Mar 30, 2025",Vancouver Canucks,Max Sasson,Recalled from AHL
"Mar 30, 2025",Ottawa Senators,Angus Crookshank,Recalled from AHL
"Mar 30, 2025",Buffalo Sabres,Jack Rathbone,Assigned to AHL
"Mar 30, 2025",Tampa Bay Lightning,Lucas Mercuri,Acquired from Carolina Hurricanes
"Mar 30, 2025",Carolina Hurricanes,Lucas Mercuri,Traded to Tampa Bay Lightning
"Mar 30, 2025",Boston Bruins,Fabian Lysell,Assigned to AHL
"Mar 30, 2025",Boston Bruins,Michael Callahan,Assigned to AHL
"Mar 30, 2025",Boston Bruins,Patrick Brown,Placed on Waivers
"Mar 30, 2025",Boston Bruins,Vinni Lettieri,Placed on Waivers
"Mar 30, 2025",Minnesota Wild,Brendan Gaunce,Placed on Waivers
"Mar 30, 2025",Minnesota Wild,Devin Shore,Placed on Waivers
"Mar 29, 2025",Philadelphia Flyers,Karsen Dorwart,Signed to an entry level contract.
"Mar 29, 2025",Buffalo Sabres,Jack Rathbone,Recalled from AHL
"Mar 29, 2025",Vancouver Canucks,Arturs Silovs,Assigned to AHL
"Mar 29, 2025",San Jose Sharks,Jimmy Schuldt,Recalled from AHL
"Mar 29, 2025",Chicago Blackhawks,Sam Rinzel,Signed to an entry level contract.
"Mar 29, 2025",Chicago Blackhawks,Oliver Moore,Signed to an entry level contract.
"Mar 29, 2025",Nashville Predators,Matthew Wood,Signed to an entry level contract.
"Mar 29, 2025",Calgary Flames,Jacob Battaglia,Signed to an entry level contract.
"Mar 28, 2025",Columbus Blue Jackets,Cole Sillinger,Activated from IR
"Mar 28, 2025",Vancouver Canucks,Max Sasson,Recalled from AHL
"Mar 28, 2025",Buffalo Sabres,Josh Dunne,Assigned to AHL
"Mar 28, 2025",Utah Hockey Club,Matt Villalta,Recalled from AHL
"Mar 28, 2025",Utah Hockey Club,Jaxson Stauber,Assigned to AHL
"Mar 28, 2025",Pittsburgh Penguins,Harrison Brunicke,Assigned to AHL
"Mar 28, 2025",Pittsburgh Penguins,Joona Koppanen,Assigned to AHL
"Mar 28, 2025",Pittsburgh Penguins,Rutger McGroarty,Recalled from AHL
"Mar 28, 2025",St. Louis Blues,Jimmy Snuggerud,Signed to an entry level contract.
"Mar 28, 2025",Buffalo Sabres,Topias Leinonen,Signed to an entry level contract.
"Mar 27, 2025",Edmonton Oilers,Brady Stonehouse,Assigned to AHL
"Mar 27, 2025",Nashville Predators,Kieffer Bellows,Cleared Waivers
"Mar 27, 2025",Nashville Predators,Marc Del Gaizo,Cleared Waivers
"Mar 27, 2025",Vegas Golden Knights,Cameron Whitehead,Signed to an entry level contract.
"Mar 27, 2025",Edmonton Oilers,Olivier Rodrigue,Emergency Recall
"Mar 27, 2025",Edmonton Oilers,Derek Ryan,Assigned to AHL
"Mar 27, 2025",Washington Capitals,Dylan McIlrath,Signed 2 years @ $800K AAV starting in 2025-26
"Mar 26, 2025",Nashville Predators,Kieffer Bellows,Placed on Waivers
"Mar 26, 2025",Nashville Predators,Marc Del Gaizo,Placed on Waivers
"Mar 26, 2025",Colorado Avalanche,Jacob MacDonald,Assigned to AHL
"Mar 26, 2025",Los Angeles Kings,Jeff Malott,Recalled from AHL
"Mar 26, 2025",Chicago Blackhawks,Kevin Korchinski,Recalled from AHL
"Mar 26, 2025",Utah Hockey Club,Kailer Yamamoto,Recalled from AHL
"Mar 26, 2025",Columbus Blue Jackets,Charlie Elick,Signed to an entry level contract.
"Mar 26, 2025",Columbus Blue Jackets,Caleb MacDonald,Signed to an entry level contract.
"Mar 26, 2025",Colorado Avalanche,Isak Posch,Signed to an entry level contract.
"Mar 26, 2025",Colorado Avalanche,Cooper Gay,Signed to an entry level contract.
"Mar 26, 2025",Los Angeles Kings,Jared Woolley,Signed to an entry level contract.
"Mar 26, 2025",Philadelphia Flyers,Ty Murchison,Signed to an entry level contract.
"Mar 25, 2025",Buffalo Sabres,Josh Dunne,Recalled from AHL
"Mar 25, 2025",St. Louis Blues,Lukas Fischer,Signed to an entry level contract.
"Mar 25, 2025",Buffalo Sabres,Tyler Kopff,Signed to an entry level contract.
"Mar 25, 2025",New Jersey Devils,Ethan Edwards,Signed to an entry level contract.
"Mar 25, 2025",Dallas Stars,Trey Taylor,Signed to an entry level contract.
"Mar 25, 2025",Toronto Maple Leafs,Luke Haymes,Signed to an entry level contract.
"Mar 25, 2025",Columbus Blue Jackets,Jack Williams,Signed to an entry level contract.
"Mar 25, 2025",St. Louis Blues,Adam Jecho,Signed to an entry level contract.
"Mar 25, 2025",San Jose Sharks,Noah Beck,Signed to an entry level contract.
"Mar 25, 2025",Colorado Avalanche,Jacob MacDonald,Recalled from AHL
"Mar 25, 2025",Ottawa Senators,Stephen Halliday,Assigned to AHL
"Mar 25, 2025",Washington Capitals,Jakob Chychrun,Signed 8 years @ $9.000M AAV starting in 2025-26
"Mar 24, 2025",Columbus Blue Jackets,Erik Gudbranson,Activated from IR
"Mar 24, 2025",Columbus Blue Jackets,Sean Monahan,Activated from IR
"Mar 24, 2025",Vancouver Canucks,Thatcher Demko,Activated from IR
"Mar 24, 2025",Buffalo Sabres,Isak Rosen,Recalled from AHL
"Mar 24, 2025",Buffalo Sabres,Brett Murray,Assigned to AHL
"Mar 24, 2025",Minnesota Wild,Liam Ohgren,Assigned to AHL
"Mar 24, 2025",Ottawa Senators,Stephen Halliday,Recalled from AHL
"Mar 24, 2025",Dallas Stars,Ayrton Martino,Signed to an entry level contract.
"Mar 24, 2025",Calgary Flames,Owen Say,Signed to an entry level contract.
"Mar 24, 2025",Tampa Bay Lightning,Cooper Flinton,Signed to an entry level contract.
"Mar 23, 2025",Minnesota Wild,Cameron Crotty,Recalled from AHL
"Mar 23, 2025",Carolina Hurricanes,Juha Jaaska,Assigned to AHL
"Mar 23, 2025",Vancouver Canucks,Aatu Raty,Recalled from AHL
"Mar 23, 2025",New York Rangers,Jackson Dorrington,Signed to an entry level contract.
"Mar 22, 2025",Buffalo Sabres,Jacob Bernard-Docker,Activated from LTIR
"Mar 22, 2025",St. Louis Blues,Dalibor Dvorsky,Recalled from AHL
"Mar 22, 2025",Tampa Bay Lightning,Cam Atkinson,Assigned to AHL
"Mar 22, 2025",Tampa Bay Lightning,Brandon Halverson,Recalled from AHL
"Mar 22, 2025",New York Rangers,Nicolas Aube-Kubel,Recalled from AHL
"Mar 22, 2025",Detroit Red Wings,Brogan Rafferty,Assigned to AHL
"Mar 21, 2025",Boston Bruins,Fabian Lysell,Recalled from AHL
"Mar 21, 2025",Boston Bruins,Michael Callahan,Recalled from AHL
"Mar 21, 2025",San Jose Sharks,Lucas Carlsson,Recalled from AHL
"Mar 21, 2025",San Jose Sharks,Jimmy Schuldt,Assigned to AHL
"Mar 21, 2025",Pittsburgh Penguins,Sebastian Aho,Assigned to AHL
"Mar 21, 2025",Pittsburgh Penguins,Matt Nieto,Assigned to AHL
"Mar 21, 2025",Minnesota Wild,David Jiricek,Assigned to AHL
"Mar 21, 2025",Detroit Red Wings,Brogan Rafferty,Recalled from AHL
"Mar 21, 2025",Detroit Red Wings,Austin Watson,Recalled from AHL
"Mar 21, 2025",Columbus Blue Jackets,Jet Greaves,Assigned to AHL
"Mar 21, 2025",Carolina Hurricanes,Juha Jaaska,Recalled from AHL
"Mar 21, 2025",Minnesota Wild,Stevie Leskovar,Signed to an entry level contract.
"Mar 21, 2025",New York Islanders,Gleb Veremyev,Signed to an entry level contract.
"Mar 21, 2025",Detroit Red Wings,Eduards Tralmaks,Signed 1 year @ $775K AAV starting in 2025-26
"Mar 21, 2025",San Jose Sharks,Cam Lund,Signed to an entry level contract.
"Mar 20, 2025",Vegas Golden Knights,William Karlsson,Activated from LTIR
"Mar 20, 2025",Boston Bruins,Fabian Lysell,Assigned to AHL
"Mar 20, 2025",Boston Bruins,Michael Callahan,Assigned to AHL
"Mar 20, 2025",Anaheim Ducks,Ville Husso,Assigned to AHL
"Mar 20, 2025",New Jersey Devils,Nolan Foote,Recalled from AHL
"Mar 20, 2025",Pittsburgh Penguins,Sebastian Aho,Recalled from AHL
"Mar 20, 2025",Pittsburgh Penguins,Matt Nieto,Recalled from AHL
"Mar 20, 2025",Toronto Maple Leafs,John Prokop,Signed 1 year @ $875K AAV starting in 2025-26
"Mar 20, 2025",Los Angeles Kings,Joe Hicketts,Signed 2 years @ $775K AAV starting in 2025-26
"Mar 20, 2025",Buffalo Sabres,Jacob Bryson,Signed 1 year @ $900K AAV starting in 2025-26
"Mar 19, 2025",San Jose Sharks,Jimmy Schuldt,Recalled from AHL
"Mar 19, 2025",Montreal Canadiens,Lucas Condotta,Signed 2 years @ $775K AAV starting in 2025-26
"Mar 18, 2025",Utah Hockey Club,Nick Bjugstad,Activated from IR
"Mar 18, 2025",Columbus Blue Jackets,Evan Gardner,Signed to an entry level contract.
"Mar 18, 2025",New York Rangers,Noah Laba,Signed to an entry level contract.
"Mar 18, 2025",Vancouver Canucks,Aku Koskenvuo,Signed to an entry level contract.
"Mar 18, 2025",Vancouver Canucks,Linus Karlsson,Recalled from AHL
"Mar 18, 2025",Edmonton Oilers,Derek Ryan,Recalled from AHL
"Mar 18, 2025",Florida Panthers,Tobias Bjornfot,Recalled from AHL
"Mar 18, 2025",Minnesota Wild,Liam Ohgren,Recalled from AHL
"Mar 18, 2025",Boston Bruins,Fabian Lysell,Recalled from AHL
"Mar 18, 2025",Boston Bruins,Michael Callahan,Recalled from AHL
"Mar 18, 2025",San Jose Sharks,Luca Cagnoni,Recalled from AHL
"Mar 18, 2025",San Jose Sharks,Jimmy Schuldt,Assigned to AHL
"Mar 18, 2025",Pittsburgh Penguins,Joona Koppanen,Recalled from AHL
"Mar 18, 2025",Pittsburgh Penguins,Sebastian Aho,Assigned to AHL
"Mar 18, 2025",Pittsburgh Penguins,Matt Nieto,Assigned to AHL
"Mar 18, 2025",Calgary Flames,Connor Zary,Suspension Ended
"Mar 17, 2025",Columbus Blue Jackets,Jet Greaves,Assigned to AHL
"Mar 17, 2025",Buffalo Sabres,Isak Rosen,Assigned to AHL
"Mar 17, 2025",Dallas Stars,Kyle Capobianco,Assigned to AHL
"Mar 16, 2025",New York Islanders,Mike Reilly,Activated from LTIR
"Mar 16, 2025",Pittsburgh Penguins,Sebastian Aho,Recalled from AHL
"Mar 16, 2025",Pittsburgh Penguins,Matt Nieto,Recalled from AHL
"Mar 15, 2025",Nashville Predators,Zachary L'Heureux,Activated from IR
"Mar 15, 2025",New York Rangers,Adam Fox,Activated from IR
"Mar 15, 2025",Buffalo Sabres,Brett Murray,Recalled from AHL
"Mar 15, 2025",Buffalo Sabres,Isak Rosen,Recalled from AHL
"Mar 15, 2025",Pittsburgh Penguins,Sebastian Aho,Assigned to AHL
"Mar 15, 2025",Pittsburgh Penguins,Matt Nieto,Assigned to AHL
"Mar 14, 2025",Nashville Predators,Michael Bunting,Activated from IR
"Mar 14, 2025",San Jose Sharks,Zack Ostapchuk,Recalled from AHL
"Mar 14, 2025",New Jersey Devils,Tory Dello,Acquired from Detroit Red Wings
"Mar 14, 2025",Detroit Red Wings,Tory Dello,Traded to New Jersey Devils
"Mar 14, 2025",Anaheim Ducks,Nikita Nesterenko,Recalled from AHL
"Mar 14, 2025",Columbus Blue Jackets,Jet Greaves,Recalled from AHL
"Mar 14, 2025",Vancouver Canucks,Linus Karlsson,Signed 1 year @ $775K AAV starting in 2025-26
"Mar 14, 2025",New Jersey Devils,Xavier Parent,Signed to an entry level contract.
"Mar 14, 2025",Dallas Stars,Kyle Capobianco,Recalled from AHL
"Mar 14, 2025",Buffalo Sabres,Tyson Kozak,Recalled from AHL
"Mar 14, 2025",Calgary Flames,Dryden Hunt,Recalled from AHL
"Mar 14, 2025",Vegas Golden Knights,Adin Hill,Signed 6 years @ $6.250M AAV starting in 2025-26
"Mar 13, 2025",Detroit Red Wings,Anton Johansson,Signed to an entry level contract.
"Mar 13, 2025",Pittsburgh Penguins,Avery Hayes,Signed to an entry level contract.
"Mar 13, 2025",Toronto Maple Leafs,Chris Tanev,Activated from IR
"Mar 13, 2025",Calgary Flames,Connor Zary,Suspension Started
"Mar 12, 2025",Pittsburgh Penguins,Sebastian Aho,Recalled from AHL
"Mar 12, 2025",Pittsburgh Penguins,Matt Nieto,Recalled from AHL
"Mar 12, 2025",Buffalo Sabres,Josh Dunne,Assigned to AHL
"Mar 12, 2025",Buffalo Sabres,Isak Rosen,Assigned to AHL
"Mar 12, 2025",Calgary Flames,Adam Klapka,Recalled from AHL
"Mar 12, 2025",Tampa Bay Lightning,Cam Atkinson,Recalled from AHL
"Mar 12, 2025",Ottawa Senators,Leevi Meriläinen,Assigned to AHL
"Mar 12, 2025",New York Rangers,Jonathan Quick,Signed 1 year @ $1.850M AAV starting in 2025-26
"Mar 11, 2025",Vegas Golden Knights,Jonas Rondbjerg,Recalled from AHL
"Mar 11, 2025",Dallas Stars,Angus MacDonell,Signed to an entry level contract.
"Mar 11, 2025",Ottawa Senators,Leevi Meriläinen,Recalled from AHL
"Mar 11, 2025",Pittsburgh Penguins,Sebastian Aho,Recalled from AHL
"Mar 11, 2025",Pittsburgh Penguins,Matt Nieto,Recalled from AHL
"Mar 11, 2025",Pittsburgh Penguins,Daniel Laatsch,Signed to an entry level contract.
"Mar 10, 2025",Florida Panthers,Aaron Ekblad,Suspension Started
"Mar 10, 2025",Seattle Kraken,Jani Nyman,Recalled from AHL
"Mar 10, 2025",San Jose Sharks,Jimmy Schuldt,Recalled from AHL
"Mar 10, 2025",Vancouver Canucks,Arturs Silovs,Recalled from AHL
"Mar 10, 2025",Vancouver Canucks,Nikita Tolopilo,Assigned to AHL
"Mar 10, 2025",Montreal Canadiens,Joshua Roy,Recalled from AHL
"Mar 10, 2025",Montreal Canadiens,Owen Beck,Assigned to AHL
"Mar 9, 2025",New York Islanders,Marcus Hogberg,Activated from IR
"Mar 9, 2025",New York Islanders,Jakub Skarek,Assigned to AHL
"Mar 9, 2025",Chicago Blackhawks,Artyom Levshunov,Recalled from AHL
"Mar 9, 2025",Anaheim Ducks,Ville Husso,Recalled from AHL
"Mar 9, 2025",Utah Hockey Club,Jaxson Stauber,Recalled from AHL
"Mar 9, 2025",Pittsburgh Penguins,Chase Pietila,Signed to an entry level contract.
"Mar 8, 2025",New York Rangers,Chris Kreider,Activated from IR
"Mar 8, 2025",Vancouver Canucks,Arturs Silovs,Assigned to AHL
"Mar 8, 2025",Vancouver Canucks,Nikita Tolopilo,Recalled from AHL
"Mar 8, 2025",Carolina Hurricanes,Scott Morrow,Recalled from AHL
"Mar 8, 2025",Los Angeles Kings,Samuel Helenius,Recalled from AHL
"Mar 8, 2025",Los Angeles Kings,Brandt Clarke,Recalled from AHL
"Mar 8, 2025",Anaheim Ducks,Ville Husso,Assigned to AHL
"Mar 8, 2025",Pittsburgh Penguins,Jack St. Ivany,Assigned to AHL
"Mar 8, 2025",Los Angeles Kings,Andre Lee,Signed 2 years @ $775K AAV starting in 2025-26
"Mar 8, 2025",Vancouver Canucks,Arturs Silovs,Recalled from AHL
"Mar 8, 2025",Vancouver Canucks,Victor Mancini,Recalled from AHL
"Mar 8, 2025",Vancouver Canucks,Jonathan Lekkerimäki,Recalled from AHL
"Mar 8, 2025",Carolina Hurricanes,Riley Stillman,Recalled from AHL
"Mar 8, 2025",Buffalo Sabres,Isak Rosen,Recalled from AHL
"Mar 8, 2025",Buffalo Sabres,Josh Dunne,Recalled from AHL
"Mar 8, 2025",New Jersey Devils,Daniel Sprong,Recalled from AHL
"Mar 8, 2025",New Jersey Devils,Seamus Casey,Assigned to AHL
"Mar 7, 2025",Toronto Maple Leafs,Max Pacioretty,Placed on LTIR
"Mar 7, 2025",Boston Bruins,Marat Khusnutdinov,Recalled from AHL
"Mar 7, 2025",Pittsburgh Penguins,Jack St. Ivany,Recalled from AHL
"Mar 7, 2025",Colorado Avalanche,Wyatt Aamodt,Signed 2 years @ $775K AAV starting in 2025-26
"Mar 7, 2025",San Jose Sharks,Gabriel Carriere,Signed 1 year @ $805K AAV starting in 2024-25
"Mar 7, 2025",Pittsburgh Penguins,Ryan Shea,Signed 1 year @ $900K AAV starting in 2025-26
"Mar 7, 2025",Toronto Maple Leafs,Reese Johnson,Acquired from Minnesota Wild
"Mar 7, 2025",Minnesota Wild,Reese Johnson,Traded to Toronto Maple Leafs
"Mar 7, 2025",Vancouver Canucks,Arturs Silovs,Assigned to AHL
"Mar 7, 2025",Vancouver Canucks,Victor Mancini,Assigned to AHL
"Mar 7, 2025",Vancouver Canucks,Jonathan Lekkerimäki,Assigned to AHL
"Mar 7, 2025",Edmonton Oilers,Cam Dineen,Assigned to AHL
"Mar 7, 2025",Boston Bruins,Marat Khusnutdinov,Assigned to AHL
"Mar 7, 2025",Nashville Predators,Kieffer Bellows,Recalled from AHL
"Mar 7, 2025",Boston Bruins,Ian Mitchell,Recalled from AHL
"Mar 7, 2025",Boston Bruins,Vinni Lettieri,Recalled from AHL
"Mar 7, 2025",Boston Bruins,Patrick Brown,Recalled from AHL
"Mar 7, 2025",Anaheim Ducks,Ville Husso,Recalled from AHL
"Mar 7, 2025",Anaheim Ducks,Sam Colangelo,Recalled from AHL
"Mar 7, 2025",San Jose Sharks,Collin Graf,Recalled from AHL
"Mar 7, 2025",San Jose Sharks,Shakir Mukhamadullin,Recalled from AHL
"Mar 7, 2025",Boston Bruins,Daniil Misyul,Acquired from New Jersey Devils
"Mar 7, 2025",New Jersey Devils,Daniil Misyul,Traded to Boston Bruins
"Mar 7, 2025",New Jersey Devils,Marc McLaughlin,Acquired from Boston Bruins
"Mar 7, 2025",Boston Bruins,Marc McLaughlin,Traded to New Jersey Devils
"Mar 7, 2025",Nashville Predators,Ozzy Wiesblatt,Assigned to AHL
"Mar 7, 2025",Nashville Predators,Jake Lucchini,Assigned to AHL
"Mar 7, 2025",Philadelphia Flyers,Olle Lycksell,Recalled from AHL
"Mar 7, 2025",Philadelphia Flyers,Emil Andrae,Recalled from AHL
"Mar 7, 2025",Philadelphia Flyers,Rodrigo Abols,Recalled from AHL
"Mar 7, 2025",Seattle Kraken,Cale Fleury,Recalled from AHL
"Mar 7, 2025",Seattle Kraken,John Hayden,Recalled from AHL
"Mar 7, 2025",Columbus Blue Jackets,Denton Mateychuk,Recalled from AHL
"Mar 7, 2025",Florida Panthers,Evan Cormier,Assigned to AHL
"Mar 7, 2025",Pittsburgh Penguins,Max Graham,Acquired from New Jersey Devils
"Mar 7, 2025",New Jersey Devils,Max Graham,Traded to Pittsburgh Penguins
"Mar 7, 2025",Pittsburgh Penguins,Chase Stillman,Acquired from New Jersey Devils
"Mar 7, 2025",New Jersey Devils,Chase Stillman,Traded to Pittsburgh Penguins
"Mar 7, 2025",New Jersey Devils,Jonathan Gruden,Acquired from Pittsburgh Penguins
"Mar 7, 2025",Pittsburgh Penguins,Jonathan Gruden,Traded to New Jersey Devils
"Mar 7, 2025",Carolina Hurricanes,Mark Jankowski,Acquired from Nashville Predators
"Mar 7, 2025",Nashville Predators,Mark Jankowski,Traded to Carolina Hurricanes
"Mar 7, 2025",Toronto Maple Leafs,Ryan Reaves,Assigned to AHL
"Mar 7, 2025",New Jersey Devils,Daniel Sprong,Acquired from Seattle Kraken
"Mar 7, 2025",Seattle Kraken,Daniel Sprong,Traded to New Jersey Devils
"Mar 7, 2025",New York Islanders,Adam Beckman,Acquired from New Jersey Devils
"Mar 7, 2025",New Jersey Devils,Adam Beckman,Traded to New York Islanders
"Mar 7, 2025",New Jersey Devils,Dennis Cholowski,Acquired from New York Islanders
"Mar 7, 2025",New York Islanders,Dennis Cholowski,Traded to New Jersey Devils
"Mar 7, 2025",Dallas Stars,Lian Bichsel,Recalled from AHL
"Mar 7, 2025",San Jose Sharks,Shakir Mukhamadullin,Assigned to AHL
"Mar 7, 2025",San Jose Sharks,Collin Graf,Assigned to AHL
"Mar 7, 2025",Chicago Blackhawks,Ethan Del Mastro,Recalled from AHL
"Mar 7, 2025",Chicago Blackhawks,Colton Dach,Recalled from AHL
"Mar 7, 2025",Los Angeles Kings,Brandt Clarke,Assigned to AHL
"Mar 7, 2025",Minnesota Wild,Devin Shore,Recalled from AHL
"Mar 7, 2025",Minnesota Wild,David Jiricek,Recalled from AHL
"Mar 7, 2025",Minnesota Wild,Brendan Gaunce,Recalled from AHL
"Mar 7, 2025",New York Rangers,Brennan Othmann,Recalled from AHL
"Mar 7, 2025",New York Rangers,Brett Berard,Recalled from AHL
"Mar 7, 2025",Philadelphia Flyers,Givani Smith,Acquired from Colorado Avalanche
"Mar 7, 2025",Colorado Avalanche,Givani Smith,Traded to Philadelphia Flyers
"Mar 7, 2025",Pittsburgh Penguins,Connor Dewar,Acquired from Toronto Maple Leafs
"Mar 7, 2025",Toronto Maple Leafs,Connor Dewar,Traded to Pittsburgh Penguins
"Mar 7, 2025",Pittsburgh Penguins,Conor Timmins,Acquired from Toronto Maple Leafs
"Mar 7, 2025",Toronto Maple Leafs,Conor Timmins,Traded to Pittsburgh Penguins
"Mar 7, 2025",New York Rangers,Nicolas Aube-Kubel,Acquired from Buffalo Sabres
"Mar 7, 2025",Buffalo Sabres,Nicolas Aube-Kubel,Traded to New York Rangers
"Mar 7, 2025",Buffalo Sabres,Erik Brannstrom,Acquired from New York Rangers
"Mar 7, 2025",New York Rangers,Erik Brannstrom,Traded to Buffalo Sabres
"Mar 7, 2025",Boston Bruins,Henri Jokiharju,Acquired from Buffalo Sabres
"Mar 7, 2025",Buffalo Sabres,Henri Jokiharju,Traded to Boston Bruins
"Mar 7, 2025",Boston Bruins,Fraser Minten,Acquired from Toronto Maple Leafs
"Mar 7, 2025",Toronto Maple Leafs,Fraser Minten,Traded to Boston Bruins
"Mar 7, 2025",San Jose Sharks,Noah Gregor,Acquired from Ottawa Senators
"Mar 7, 2025",Ottawa Senators,Noah Gregor,Traded to San Jose Sharks
"Mar 7, 2025",San Jose Sharks,Zack Ostapchuk,Acquired from Ottawa Senators
"Mar 7, 2025",Ottawa Senators,Zack Ostapchuk,Traded to San Jose Sharks
"Mar 7, 2025",Ottawa Senators,Tristen Robins,Acquired from San Jose Sharks
"Mar 7, 2025",San Jose Sharks,Tristen Robins,Traded to Ottawa Senators
"Mar 7, 2025",Ottawa Senators,Fabian Zetterlund,Acquired from San Jose Sharks
"Mar 7, 2025",San Jose Sharks,Fabian Zetterlund,Traded to Ottawa Senators
"Mar 7, 2025",Colorado Avalanche,Erik Johnson,Acquired from Philadelphia Flyers
"Mar 7, 2025",Philadelphia Flyers,Erik Johnson,Traded to Colorado Avalanche
"Mar 7, 2025",Chicago Blackhawks,Victor Soderstrom,Acquired from Utah Hockey Club
"Mar 7, 2025",Utah Hockey Club,Victor Soderstrom,Traded to Chicago Blackhawks
"Mar 7, 2025",Chicago Blackhawks,Aku Raty,Acquired from Utah Hockey Club
"Mar 7, 2025",Utah Hockey Club,Aku Raty,Traded to Chicago Blackhawks
"Mar 7, 2025",Chicago Blackhawks,Shea Weber,Placed on IR
"Mar 7, 2025",Chicago Blackhawks,Shea Weber,Acquired from Utah Hockey Club
"Mar 7, 2025",Utah Hockey Club,Shea Weber,Traded to Chicago Blackhawks
"Mar 7, 2025",Detroit Red Wings,Carter Mazur,Placed on IR
"Mar 7, 2025",Detroit Red Wings,Dominik Shine,Recalled from AHL
"Mar 7, 2025",Toronto Maple Leafs,Brandon Carlo,Acquired from Boston Bruins
"Mar 7, 2025",Boston Bruins,Brandon Carlo,Traded to Toronto Maple Leafs
"Mar 7, 2025",Florida Panthers,Brad Marchand,Acquired from Boston Bruins
"Mar 7, 2025",Boston Bruins,Brad Marchand,Traded to Florida Panthers
"Mar 7, 2025",San Jose Sharks,Jack Thompson,Assigned to AHL
"Mar 7, 2025",San Jose Sharks,Jimmy Schuldt,Assigned to AHL
"Mar 7, 2025",Anaheim Ducks,Sam Colangelo,Assigned to AHL
"Mar 7, 2025",Chicago Blackhawks,Ethan Del Mastro,Assigned to AHL
"Mar 7, 2025",Chicago Blackhawks,Colton Dach,Assigned to AHL
"Mar 7, 2025",Boston Bruins,Marat Khusnutdinov,Recalled from AHL
"Mar 7, 2025",Boston Bruins,Riley Tufte,Assigned to AHL
"Mar 7, 2025",Boston Bruins,Matthew Poitras,Assigned to AHL
"Mar 7, 2025",Boston Bruins,Ian Mitchell,Assigned to AHL
"Mar 7, 2025",Boston Bruins,Vinni Lettieri,Assigned to AHL
"Mar 7, 2025",Boston Bruins,Patrick Brown,Assigned to AHL
"Mar 7, 2025",Minnesota Wild,Devin Shore,Assigned to AHL
"Mar 7, 2025",Minnesota Wild,David Jiricek,Assigned to AHL
"Mar 7, 2025",Minnesota Wild,Brendan Gaunce,Assigned to AHL
"Mar 7, 2025",New York Rangers,Chad Ruhwedel,Assigned to AHL
"Mar 7, 2025",New York Rangers,Brennan Othmann,Assigned to AHL
"Mar 7, 2025",New York Rangers,Brett Berard,Assigned to AHL
"Mar 7, 2025",Columbus Blue Jackets,Denton Mateychuk,Assigned to AHL
"Mar 7, 2025",Carolina Hurricanes,Riley Stillman,Assigned to AHL
"Mar 7, 2025",New Jersey Devils,Cody Glass,Acquired from Pittsburgh Penguins
"Mar 7, 2025",Pittsburgh Penguins,Cody Glass,Traded to New Jersey Devils
"Mar 7, 2025",Dallas Stars,Wyatt Johnston,Signed 5 years @ $8.400M AAV starting in 2025-26
"Mar 7, 2025",New York Rangers,Urho Vaakanainen,Signed 2 years @ $1.550M AAV starting in 2025-26
"Mar 7, 2025",Boston Bruins,William Zellers,Acquired from Colorado Avalanche
"Mar 7, 2025",Colorado Avalanche,William Zellers,Traded to Boston Bruins
"Mar 7, 2025",Chicago Blackhawks,Joe Veleno,Acquired from Detroit Red Wings
"Mar 7, 2025",Detroit Red Wings,Joe Veleno,Traded to Chicago Blackhawks
"Mar 7, 2025",Detroit Red Wings,Craig Smith,Acquired from Chicago Blackhawks
"Mar 7, 2025",Chicago Blackhawks,Craig Smith,Traded to Detroit Red Wings
"Mar 7, 2025",Detroit Red Wings,Petr Mrazek,Acquired from Chicago Blackhawks
"Mar 7, 2025",Chicago Blackhawks,Petr Mrazek,Traded to Detroit Red Wings
"Mar 7, 2025",Boston Bruins,Casey Mittelstadt,Acquired from Colorado Avalanche
"Mar 7, 2025",Colorado Avalanche,Casey Mittelstadt,Traded to Boston Bruins
"Mar 7, 2025",Colorado Avalanche,Charlie Coyle,Acquired from Boston Bruins
"Mar 7, 2025",Boston Bruins,Charlie Coyle,Traded to Colorado Avalanche
"Mar 7, 2025",Utah Hockey Club,Cameron Hebig,Cleared Waivers
"Mar 7, 2025",Boston Bruins,Tyler Pitlick,Cleared Waivers
"Mar 7, 2025",Toronto Maple Leafs,Ryan Reaves,Cleared Waivers
"Mar 7, 2025",Florida Panthers,Evan Cormier,Cleared Waivers
"Mar 7, 2025",Carolina Hurricanes,Riley Stillman,Cleared Waivers
"Mar 7, 2025",Dallas Stars,Mikko Rantanen,Signed 8 years @ $12.000M AAV starting in 2025-26
"Mar 7, 2025",Columbus Blue Jackets,Joseph LaBate,Assigned to AHL
"Mar 7, 2025",Columbus Blue Jackets,Luke Kunin,Acquired from San Jose Sharks
"Mar 7, 2025",San Jose Sharks,Luke Kunin,Traded to Columbus Blue Jackets
"Mar 7, 2025",Dallas Stars,Miro Heiskanen,Placed on LTIR
"Mar 7, 2025",Buffalo Sabres,Jason Zucker,Signed 2 years @ $4.750M AAV starting in 2025-26
"Mar 7, 2025",Carolina Hurricanes,Logan Stankoven,Acquired from Dallas Stars
"Mar 7, 2025",Dallas Stars,Logan Stankoven,Traded to Carolina Hurricanes
"Mar 7, 2025",Dallas Stars,Mikko Rantanen,Acquired from Carolina Hurricanes
"Mar 7, 2025",Carolina Hurricanes,Mikko Rantanen,Traded to Dallas Stars
"Mar 7, 2025",New Jersey Devils,Johnathan Kovacevic,Signed 5 years @ $4.000M AAV starting in 2025-26
"Mar 7, 2025",Philadelphia Flyers,Nikita Grebenkin,Acquired from Toronto Maple Leafs
"Mar 7, 2025",Toronto Maple Leafs,Nikita Grebenkin,Traded to Philadelphia Flyers
"Mar 7, 2025",Toronto Maple Leafs,Scott Laughton,Acquired from Philadelphia Flyers
"Mar 7, 2025",Philadelphia Flyers,Scott Laughton,Traded to Toronto Maple Leafs
"Mar 7, 2025",Winnipeg Jets,Brandon Tanev,Acquired from Seattle Kraken
"Mar 7, 2025",Seattle Kraken,Brandon Tanev,Traded to Winnipeg Jets
"Mar 7, 2025",Winnipeg Jets,Luke Schenn,Acquired from Pittsburgh Penguins
"Mar 7, 2025",Pittsburgh Penguins,Luke Schenn,Traded to Winnipeg Jets
"Mar 7, 2025",Dallas Stars,Lian Bichsel,Assigned to AHL
"Mar 7, 2025",St. Louis Blues,Matthew Kessel,Recalled from AHL
"Mar 7, 2025",Seattle Kraken,Ben Meyers,Assigned to AHL
"Mar 7, 2025",Seattle Kraken,Jacob Melanson,Assigned to AHL
"Mar 7, 2025",Seattle Kraken,Cale Fleury,Assigned to AHL
"Mar 7, 2025",Calgary Flames,Adam Klapka,Assigned to AHL
"Mar 7, 2025",Buffalo Sabres,Jacob Bernard-Docker,Placed on LTIR
"Mar 7, 2025",Buffalo Sabres,Jacob Bernard-Docker,Acquired from Ottawa Senators
"Mar 7, 2025",Ottawa Senators,Jacob Bernard-Docker,Traded to Buffalo Sabres
"Mar 7, 2025",Buffalo Sabres,Josh Norris,Acquired from Ottawa Senators
"Mar 7, 2025",Ottawa Senators,Josh Norris,Traded to Buffalo Sabres
"Mar 7, 2025",Ottawa Senators,Dennis Gilbert,Acquired from Buffalo Sabres
"Mar 7, 2025",Buffalo Sabres,Dennis Gilbert,Traded to Ottawa Senators
"Mar 7, 2025",Ottawa Senators,Dylan Cozens,Acquired from Buffalo Sabres
"Mar 7, 2025",Buffalo Sabres,Dylan Cozens,Traded to Ottawa Senators
"Mar 7, 2025",Los Angeles Kings,Andrei Kuzmenko,Acquired from Philadelphia Flyers
"Mar 7, 2025",Philadelphia Flyers,Andrei Kuzmenko,Traded to Los Angeles Kings
"Mar 7, 2025",Washington Capitals,Anthony Beauvillier,Acquired from Pittsburgh Penguins
"Mar 7, 2025",Pittsburgh Penguins,Anthony Beauvillier,Traded to Washington Capitals
"Mar 7, 2025",Philadelphia Flyers,Aleksei Kolosov,Assigned to AHL
"Mar 7, 2025",San Jose Sharks,Carl Berglund,Acquired from Edmonton Oilers
"Mar 7, 2025",Edmonton Oilers,Carl Berglund,Traded to San Jose Sharks
"Mar 7, 2025",Edmonton Oilers,Jake Walman,Acquired from San Jose Sharks
"Mar 7, 2025",San Jose Sharks,Jake Walman,Traded to Edmonton Oilers
"Mar 7, 2025",Anaheim Ducks,Oliver Kylington,Acquired from New York Islanders
"Mar 7, 2025",New York Islanders,Oliver Kylington,Traded to Anaheim Ducks
"Mar 7, 2025",New York Islanders,Oliver Kylington,Acquired from Colorado Avalanche
"Mar 7, 2025",Colorado Avalanche,Oliver Kylington,Traded to New York Islanders
"Mar 7, 2025",New York Islanders,Calum Ritchie,Acquired from Colorado Avalanche
"Mar 7, 2025",Colorado Avalanche,Calum Ritchie,Traded to New York Islanders
"Mar 7, 2025",Colorado Avalanche,William Dufour,Acquired from New York Islanders
"Mar 7, 2025",New York Islanders,William Dufour,Traded to Colorado Avalanche
"Mar 7, 2025",Colorado Avalanche,Brock Nelson,Acquired from New York Islanders
"Mar 7, 2025",New York Islanders,Brock Nelson,Traded to Colorado Avalanche
"Mar 6, 2025",Minnesota Wild,Justin Brazeau,Acquired from Boston Bruins
"Mar 6, 2025",Boston Bruins,Justin Brazeau,Traded to Minnesota Wild
"Mar 6, 2025",Boston Bruins,Jakub Lauko,Acquired from Minnesota Wild
"Mar 6, 2025",Minnesota Wild,Jakub Lauko,Traded to Boston Bruins
"Mar 6, 2025",Boston Bruins,Marat Khusnutdinov,Acquired from Minnesota Wild
"Mar 6, 2025",Minnesota Wild,Marat Khusnutdinov,Traded to Boston Bruins
"Mar 6, 2025",Winnipeg Jets,Jacob Julien,Signed to an entry level contract.
"Mar 6, 2025",Utah Hockey Club,Nick Bjugstad,Placed on IR
"Mar 6, 2025",New York Rangers,Carson Soucy,Acquired from Vancouver Canucks
"Mar 6, 2025",Vancouver Canucks,Carson Soucy,Traded to New York Rangers
"Mar 6, 2025",Florida Panthers,Evan Cormier,Signed 1 year @ $775K AAV starting in 2024-25
"Mar 6, 2025",Calgary Flames,Connor Murphy,Signed 1 year @ $775K AAV starting in 2024-25
"Mar 6, 2025",New York Rangers,Matthew Robertson,Assigned to AHL
"Mar 6, 2025",New York Rangers,Chad Ruhwedel,Recalled from AHL
"Mar 6, 2025",St. Louis Blues,Colten Ellis,Signed 2 years @ $775K AAV starting in 2025-26
"Mar 6, 2025",Boston Bruins,Tyler Pitlick,Signed 1 year @ $775K AAV starting in 2024-25
"Mar 6, 2025",Chicago Blackhawks,Andreas Athanasiou,Assigned to AHL
"Mar 6, 2025",Florida Panthers,Jesse Puljujarvi,Assigned to AHL
"Mar 6, 2025",Columbus Blue Jackets,Mikael Pyyhtia,Assigned to AHL
"Mar 6, 2025",Los Angeles Kings,Samuel Helenius,Assigned to AHL
"Mar 6, 2025",Florida Panthers,Kaapo Kahkonen,Acquired from Winnipeg Jets
"Mar 6, 2025",Winnipeg Jets,Kaapo Kahkonen,Traded to Florida Panthers
"Mar 6, 2025",Winnipeg Jets,Chris Driedger,Acquired from Florida Panthers
"Mar 6, 2025",Florida Panthers,Chris Driedger,Traded to Winnipeg Jets
"Mar 6, 2025",Utah Hockey Club,Cameron Hebig,Signed 1 year @ $775K AAV starting in 2024-25
"Mar 6, 2025",Florida Panthers,Evan Cormier,Placed on Waivers
"Mar 6, 2025",Utah Hockey Club,Cameron Hebig,Placed on Waivers
"Mar 6, 2025",Boston Bruins,Tyler Pitlick,Placed on Waivers
"Mar 6, 2025",Florida Panthers,Jesse Puljujarvi,Cleared Waivers
"Mar 6, 2025",Carolina Hurricanes,Riley Stillman,Placed on Waivers
"Mar 6, 2025",Nashville Predators,Jordan Oesterle,Claimed on Waivers from Boston Bruins
"Mar 6, 2025",Boston Bruins,Jordan Oesterle,Lost on Waivers to Nashville Predators
"Mar 6, 2025",Nashville Predators,Jakub Vrana,Claimed on Waivers from Washington Capitals
"Mar 6, 2025",Washington Capitals,Jakub Vrana,Lost on Waivers to Nashville Predators
"Mar 6, 2025",Columbus Blue Jackets,Christian Fischer,Claimed on Waivers from Detroit Red Wings
"Mar 6, 2025",Detroit Red Wings,Christian Fischer,Lost on Waivers to Columbus Blue Jackets
"Mar 6, 2025",Toronto Maple Leafs,Ryan Reaves,Placed on Waivers
"Mar 6, 2025",New York Rangers,Brendan Brisson,Acquired from Vegas Golden Knights
"Mar 6, 2025",Vegas Golden Knights,Brendan Brisson,Traded to New York Rangers
"Mar 6, 2025",Vegas Golden Knights,Reilly Smith,Acquired from New York Rangers
"Mar 6, 2025",New York Rangers,Reilly Smith,Traded to Vegas Golden Knights
"Mar 6, 2025",Florida Panthers,Nico Sturm,Acquired from San Jose Sharks
"Mar 6, 2025",San Jose Sharks,Nico Sturm,Traded to Florida Panthers
"Mar 6, 2025",Calgary Flames,Ilya Solovyov,Assigned to AHL
"Mar 6, 2025",Seattle Kraken,Cale Fleury,Recalled from AHL
"Mar 6, 2025",Anaheim Ducks,Herman Traff,Acquired from New Jersey Devils
"Mar 6, 2025",New Jersey Devils,Herman Traff,Traded to Anaheim Ducks
"Mar 6, 2025",New Jersey Devils,Brian Dumoulin,Acquired from Anaheim Ducks
"Mar 6, 2025",Anaheim Ducks,Brian Dumoulin,Traded to New Jersey Devils
"Mar 6, 2025",Detroit Red Wings,Carter Mazur,Recalled from AHL
"Mar 5, 2025",Detroit Red Wings,Christian Fischer,Placed on Waivers
"Mar 5, 2025",Utah Hockey Club,Alexander Kerfoot,Signed 1 year @ $3.000M AAV starting in 2025-26
"Mar 5, 2025",Nashville Predators,Ozzy Wiesblatt,Recalled from AHL
"Mar 5, 2025",Edmonton Oilers,Matt Savoie,Assigned to AHL
"Mar 5, 2025",Edmonton Oilers,Max Jones,Recalled from AHL
"Mar 5, 2025",Edmonton Oilers,Cam Dineen,Emergency Recall
"Mar 5, 2025",Detroit Red Wings,Austin Watson,Signed 1 year @ $775K AAV starting in 2025-26
"Mar 5, 2025",Utah Hockey Club,Karel Vejmelka,Signed 5 years @ $4.750M AAV starting in 2025-26
"Mar 5, 2025",Utah Hockey Club,Ian Cole,Signed 1 year @ $3.000M AAV starting in 2025-26
"Mar 5, 2025",Nashville Predators,Michael Bunting,Placed on IR
"Mar 5, 2025",Nashville Predators,Michael Bunting,Acquired from Pittsburgh Penguins
"Mar 5, 2025",Pittsburgh Penguins,Michael Bunting,Traded to Nashville Predators
"Mar 5, 2025",Pittsburgh Penguins,Luke Schenn,Acquired from Nashville Predators
"Mar 5, 2025",Nashville Predators,Luke Schenn,Traded to Pittsburgh Penguins
"Mar 5, 2025",Pittsburgh Penguins,Tommy Novak,Acquired from Nashville Predators
"Mar 5, 2025",Nashville Predators,Tommy Novak,Traded to Pittsburgh Penguins
"Mar 5, 2025",San Jose Sharks,Vincent Desharnais,Acquired from Pittsburgh Penguins
"Mar 5, 2025",Pittsburgh Penguins,Vincent Desharnais,Traded to San Jose Sharks
"Mar 5, 2025",Seattle Kraken,Jacob Melanson,Recalled from AHL
"Mar 5, 2025",Seattle Kraken,Ben Meyers,Recalled from AHL
"Mar 5, 2025",New Jersey Devils,Jack Hughes,Placed on LTIR
"Mar 5, 2025",Boston Bruins,Jeffrey Viel,Assigned to AHL
"Mar 5, 2025",Boston Bruins,Riley Tufte,Recalled from AHL
"Mar 5, 2025",Boston Bruins,Ian Mitchell,Recalled from AHL
"Mar 5, 2025",Boston Bruins,Georgii Merkulov,Assigned to AHL
"Mar 5, 2025",Boston Bruins,Vinni Lettieri,Recalled from AHL
"Mar 5, 2025",Boston Bruins,Patrick Brown,Recalled from AHL
"Mar 5, 2025",Los Angeles Kings,Samuel Helenius,Recalled from AHL
"Mar 5, 2025",Detroit Red Wings,Kyle Aucoin,Acquired from Tampa Bay Lightning
"Mar 5, 2025",Tampa Bay Lightning,Kyle Aucoin,Traded to Detroit Red Wings
"Mar 5, 2025",Tampa Bay Lightning,Jesse Puljujarvi,Signed 1 year @ $775K AAV starting in 2024-25
"Mar 5, 2025",Seattle Kraken,Michael Eyssimont,Acquired from Tampa Bay Lightning
"Mar 5, 2025",Tampa Bay Lightning,Michael Eyssimont,Traded to Seattle Kraken
"Mar 5, 2025",Tampa Bay Lightning,Oliver Bjorkstrand,Acquired from Seattle Kraken
"Mar 5, 2025",Seattle Kraken,Oliver Bjorkstrand,Traded to Tampa Bay Lightning
"Mar 5, 2025",Tampa Bay Lightning,Yanni Gourde,Acquired from Seattle Kraken
"Mar 5, 2025",Seattle Kraken,Yanni Gourde,Traded to Tampa Bay Lightning
"Mar 5, 2025",Buffalo Sabres,Jordan Greenway,Signed 2 years @ $4.000M AAV starting in 2025-26
"Mar 5, 2025",Washington Capitals,Jakub Vrana,Placed on Waivers
"Mar 5, 2025",Florida Panthers,Jesse Puljujarvi,Placed on Waivers
"Mar 5, 2025",Boston Bruins,Jordan Oesterle,Placed on Waivers
"Mar 5, 2025",Tampa Bay Lightning,Logan Brown,Assigned to AHL
"Mar 5, 2025",Tampa Bay Lightning,Cam Atkinson,Assigned to AHL
"Mar 5, 2025",Tampa Bay Lightning,Logan Brown,Cleared Waivers
"Mar 5, 2025",Tampa Bay Lightning,Cam Atkinson,Cleared Waivers
"Mar 5, 2025",San Jose Sharks,Georgi Romanov,Recalled from AHL
"Mar 5, 2025",San Jose Sharks,Patrick Giles,Acquired from Florida Panthers
"Mar 5, 2025",Florida Panthers,Patrick Giles,Traded to San Jose Sharks
"Mar 5, 2025",Florida Panthers,Vitek Vanecek,Acquired from San Jose Sharks
"Mar 5, 2025",San Jose Sharks,Vitek Vanecek,Traded to Florida Panthers
"Mar 5, 2025",Columbus Blue Jackets,Mathieu Olivier,Signed 6 years @ $3.000M AAV starting in 2025-26
"Mar 4, 2025",Edmonton Oilers,Trent Frederic,Placed on IR
"Mar 4, 2025",Nashville Predators,Kieffer Bellows,Assigned to AHL
"Mar 4, 2025",Detroit Red Wings,Sheldon Dries,Assigned to AHL
"Mar 4, 2025",Edmonton Oilers,Cam Dineen,Assigned to AHL
"Mar 4, 2025",Seattle Kraken,Ben Meyers,Assigned to AHL
"Mar 4, 2025",Seattle Kraken,Yanni Gourde,Activated from LTIR
"Mar 4, 2025",Minnesota Wild,Ryan Hartman,Suspension Ended
"Mar 4, 2025",San Jose Sharks,Walker Duehr,Assigned to AHL
"Mar 4, 2025",Vancouver Canucks,Jonathan Lekkerimäki,Recalled from AHL
"Mar 4, 2025",Vancouver Canucks,Arshdeep Bains,Recalled from AHL
"Mar 4, 2025",Edmonton Oilers,Petr Hauser,Acquired from New Jersey Devils
"Mar 4, 2025",New Jersey Devils,Petr Hauser,Traded to Edmonton Oilers
"Mar 4, 2025",Tampa Bay Lightning,Logan Brown,Placed on Waivers
"Mar 4, 2025",Tampa Bay Lightning,Cam Atkinson,Placed on Waivers
"Mar 4, 2025",San Jose Sharks,Walker Duehr,Cleared Waivers
"Mar 4, 2025",Tampa Bay Lightning,Logan Brown,Signed 1 year @ $775K AAV starting in 2024-25
"Mar 4, 2025",Florida Panthers,Jesper Boqvist,Signed 2 years @ $1.500M AAV starting in 2025-26
"Mar 4, 2025",Montreal Canadiens,Jake Evans,Signed 4 years @ $2.850M AAV starting in 2025-26
"Mar 4, 2025",New Jersey Devils,Shane Lachance,Acquired from Edmonton Oilers
"Mar 4, 2025",Edmonton Oilers,Shane Lachance,Traded to New Jersey Devils
"Mar 4, 2025",Boston Bruins,Maximus Wanner,Acquired from Edmonton Oilers
"Mar 4, 2025",Edmonton Oilers,Maximus Wanner,Traded to Boston Bruins
"Mar 4, 2025",Edmonton Oilers,Max Jones,Acquired from Boston Bruins
"Mar 4, 2025",Boston Bruins,Max Jones,Traded to Edmonton Oilers
"Mar 4, 2025",Edmonton Oilers,Trent Frederic,Acquired from Boston Bruins
"Mar 4, 2025",Boston Bruins,Trent Frederic,Traded to Edmonton Oilers
"Mar 4, 2025",Colorado Avalanche,Adam Scheel,Signed 1 year @ $775K AAV starting in 2024-25
"Mar 4, 2025",Columbus Blue Jackets,Cole Sillinger,Placed on IR
"Mar 4, 2025",Columbus Blue Jackets,Yegor Chinakhov,Activated from IR
"Mar 4, 2025",Boston Bruins,Georgii Merkulov,Recalled from AHL
"Mar 4, 2025",Boston Bruins,Jeffrey Viel,Recalled from AHL
"Mar 4, 2025",Edmonton Oilers,Cam Dineen,Recalled from AHL
"Mar 3, 2025",Nashville Predators,Joey Willis,Signed to an entry level contract.
"Mar 3, 2025",Vegas Golden Knights,Braeden Bowman,Signed to an entry level contract.
"Mar 3, 2025",Vegas Golden Knights,Kai Uchacz,Signed to an entry level contract.
"Mar 3, 2025",Pittsburgh Penguins,Finn Harding,Signed to an entry level contract.
"Mar 3, 2025",Toronto Maple Leafs,Calle Jarnkrok,Activated from LTIR
"Mar 3, 2025",Boston Bruins,Jeffrey Viel,Assigned to AHL
"Mar 3, 2025",Boston Bruins,Ian Mitchell,Assigned to AHL
"Mar 3, 2025",Boston Bruins,Georgii Merkulov,Assigned to AHL
"Mar 3, 2025",Utah Hockey Club,Olli Määttä,Signed 3 years @ $3.500M AAV starting in 2025-26
"Mar 3, 2025",Pittsburgh Penguins,P.O Joseph,Placed on IR
"Mar 3, 2025",San Jose Sharks,Walker Duehr,Placed on Waivers
"Mar 3, 2025",Pittsburgh Penguins,Tristan Jarry,Recalled from AHL
"Mar 3, 2025",Pittsburgh Penguins,Joel Blomqvist,Assigned to AHL
"Mar 3, 2025",Toronto Maple Leafs,Marshall Rifai,Assigned to AHL
"Mar 3, 2025",San Jose Sharks,Jimmy Schuldt,Recalled from AHL
"Mar 3, 2025",San Jose Sharks,Henry Thrun,Placed on IR
"Mar 3, 2025",Washington Capitals,Charlie Lindgren,Signed 3 years @ $3.000M AAV starting in 2025-26
"Mar 2, 2025",Chicago Blackhawks,Louis Crevier,Recalled from AHL
"Mar 2, 2025",Toronto Maple Leafs,Alex Steeves,Assigned to AHL
"Mar 2, 2025",New Jersey Devils,Jacob Markstrom,Activated from IR
"Mar 2, 2025",Seattle Kraken,Philipp Grubauer,Recalled from AHL
"Mar 2, 2025",Seattle Kraken,Nikke Kokko,Assigned to AHL
"Mar 2, 2025",New Jersey Devils,Nico Daws,Assigned to AHL
"Mar 2, 2025",Toronto Maple Leafs,Chris Tanev,Placed on IR
"Mar 2, 2025",Toronto Maple Leafs,Connor Dewar,Activated from IR
"Mar 2, 2025",Florida Panthers,Chris Driedger,Recalled from AHL
"Mar 2, 2025",Florida Panthers,Matthew Tkachuk,Placed on LTIR
"Mar 2, 2025",Anaheim Ducks,Trevor Zegras,Suspension Ended
"Mar 1, 2025",Winnipeg Jets,Morgan Barron,Activated from IR
"Mar 1, 2025",Florida Panthers,Seth Jones,Acquired from Chicago Blackhawks
"Mar 1, 2025",Florida Panthers,Spencer Knight,Traded to Chicago Blackhawks
"Mar 1, 2025",Chicago Blackhawks,Spencer Knight,Acquired from Florida Panthers
"Mar 1, 2025",Chicago Blackhawks,Seth Jones,Traded to Florida Panthers
"Mar 1, 2025",Vegas Golden Knights,Trent Swick,Signed to an entry level contract.
"Mar 1, 2025",New York Rangers,Chris Kreider,Placed on IR
"Mar 1, 2025",New York Rangers,Brett Berard,Recalled from AHL
"Mar 1, 2025",Minnesota Wild,Marat Khusnutdinov,Assigned to AHL
"Mar 1, 2025",Minnesota Wild,Liam Ohgren,Assigned to AHL
"Mar 1, 2025",Minnesota Wild,David Jiricek,Recalled from AHL
"Mar 1, 2025",Nashville Predators,Spencer Stastney,Recalled from AHL
"Mar 1, 2025",Nashville Predators,Jake Lucchini,Recalled from AHL
"Mar 1, 2025",Minnesota Wild,Gustav Nyquist,Acquired from Nashville Predators
"Mar 1, 2025",Nashville Predators,Gustav Nyquist,Traded to Minnesota Wild
"Mar 1, 2025",Toronto Maple Leafs,Borya Valis,Signed to an entry level contract.
"Mar 1, 2025",Ottawa Senators,Angus Crookshank,Recalled from AHL
"Mar 1, 2025",Colorado Avalanche,Ryan Lindgren,Acquired from New York Rangers
"Mar 1, 2025",Colorado Avalanche,Jimmy Vesey,Acquired from New York Rangers
"Mar 1, 2025",Colorado Avalanche,Juuso Parssinen,Traded to New York Rangers
"Mar 1, 2025",Colorado Avalanche,Calvin de Haan,Traded to New York Rangers
"Mar 1, 2025",New York Rangers,Calvin de Haan,Acquired from Colorado Avalanche
"Mar 1, 2025",New York Rangers,Juuso Parssinen,Acquired from Colorado Avalanche
"Mar 1, 2025",New York Rangers,Jimmy Vesey,Traded to Colorado Avalanche
"Mar 1, 2025",New York Rangers,Ryan Lindgren,Traded to Colorado Avalanche
"Feb 28, 2025",Toronto Maple Leafs,Alex Steeves,Recalled from AHL
"Feb 28, 2025",Toronto Maple Leafs,Max Pacioretty,Placed on IR
"Feb 28, 2025",Boston Bruins,Georgii Merkulov,Recalled from AHL
"Feb 28, 2025",Anaheim Ducks,Oscar Dansk,Assigned to AHL
"Feb 28, 2025",St. Louis Blues,Tyler Tucker,Signed 2 years @ $925K AAV starting in 2025-26
"Feb 28, 2025",Boston Bruins,Michael Callahan,Assigned to AHL
"Feb 28, 2025",Boston Bruins,Ian Mitchell,Recalled from AHL
"Feb 28, 2025",Boston Bruins,Riley Tufte,Assigned to AHL
"Feb 28, 2025",Boston Bruins,Jeffrey Viel,Recalled from AHL
"Feb 28, 2025",Boston Bruins,Oliver Wahlstrom,Assigned to AHL
"Feb 28, 2025",Boston Bruins,Oliver Wahlstrom,Cleared Waivers
"Feb 28, 2025",Toronto Maple Leafs,Marshall Rifai,Recalled from AHL
"Feb 28, 2025",Columbus Blue Jackets,Mikael Pyyhtia,Recalled from AHL
"Feb 27, 2025",New York Islanders,Noah Dobson,Activated from LTIR
"Feb 27, 2025",San Jose Sharks,Klim Kostin,Activated from IR
"Feb 27, 2025",Boston Bruins,Trent Frederic,Placed on IR
"Feb 27, 2025",Chicago Blackhawks,Nolan Allan,Assigned to AHL
"Feb 27, 2025",Chicago Blackhawks,Wyatt Kaiser,Recalled from AHL
"Feb 27, 2025",Chicago Blackhawks,Andreas Athanasiou,Recalled from AHL
"Feb 27, 2025",Seattle Kraken,Ben Meyers,Recalled from AHL
"Feb 27, 2025",Pittsburgh Penguins,Michael Bunting,Placed on IR
"Feb 27, 2025",Pittsburgh Penguins,Bokondji Imama,Activated from IR
"Feb 27, 2025",Pittsburgh Penguins,Matt Nieto,Assigned to AHL
"Feb 27, 2025",Pittsburgh Penguins,Emil Bemstrom,Recalled from AHL
"Feb 27, 2025",Anaheim Ducks,Sam Colangelo,Recalled from AHL
"Feb 27, 2025",Nashville Predators,Jake Livingstone,Assigned to AHL
"Feb 27, 2025",Nashville Predators,Marc Del Gaizo,Recalled from AHL
"Feb 27, 2025",Ottawa Senators,Jan Jenik,Assigned to AHL
"Feb 27, 2025",Ottawa Senators,Angus Crookshank,Assigned to AHL
"Feb 27, 2025",Boston Bruins,Oliver Wahlstrom,Placed on Waivers
"Feb 27, 2025",Pittsburgh Penguins,Matt Nieto,Cleared Waivers
"Feb 26, 2025",Minnesota Wild,Brendan Gaunce,Recalled from AHL
"Feb 26, 2025",Edmonton Oilers,Travis Dermott,Assigned to AHL
"Feb 26, 2025",Los Angeles Kings,Joseph Cecconi,Acquired from Minnesota Wild
"Feb 26, 2025",Los Angeles Kings,Tyler Madden,Traded to Minnesota Wild
"Feb 26, 2025",Minnesota Wild,Tyler Madden,Acquired from Los Angeles Kings
"Feb 26, 2025",Minnesota Wild,Joseph Cecconi,Traded to Los Angeles Kings
"Feb 26, 2025",New York Rangers,Matthew Robertson,Recalled from AHL
"Feb 26, 2025",New York Rangers,Adam Fox,Placed on IR
"Feb 26, 2025",Nashville Predators,Jesse Ylonen,Acquired from Tampa Bay Lightning
"Feb 26, 2025",Nashville Predators,Anthony Angello,Traded to Tampa Bay Lightning
"Feb 26, 2025",Tampa Bay Lightning,Anthony Angello,Acquired from Nashville Predators
"Feb 26, 2025",Tampa Bay Lightning,Jesse Ylonen,Traded to Nashville Predators
"Feb 26, 2025",Pittsburgh Penguins,Matt Nieto,Placed on Waivers
"Feb 26, 2025",Edmonton Oilers,Travis Dermott,Claimed on Waivers from Minnesota Wild
"Feb 26, 2025",Minnesota Wild,Travis Dermott,Lost on Waivers to Edmonton Oilers
"Feb 26, 2025",Seattle Kraken,Mitchell Stephens,Assigned to AHL
"Feb 26, 2025",Florida Panthers,Justin Sourdif,Assigned to AHL
"Feb 26, 2025",Winnipeg Jets,Jaret Anderson-Dolan,Recalled from AHL
"Feb 26, 2025",Ottawa Senators,Jan Jenik,Recalled from AHL
"Feb 26, 2025",Ottawa Senators,Angus Crookshank,Recalled from AHL
"Feb 26, 2025",Tampa Bay Lightning,Matt Tomkins,Assigned to AHL
"Feb 26, 2025",Colorado Avalanche,Valeri Nichushkin,Activated from IR
"Feb 25, 2025",Pittsburgh Penguins,Bokondji Imama,Placed on IR
"Feb 25, 2025",Minnesota Wild,Jakub Lauko,Activated from IR
"Feb 25, 2025",Minnesota Wild,Joel Eriksson Ek,Placed on IR
"Feb 25, 2025",Minnesota Wild,Travis Dermott,Placed on Waivers
"Feb 24, 2025",New York Rangers,Brennan Othmann,Recalled from AHL
"Feb 24, 2025",New York Rangers,Matthew Robertson,Assigned to AHL
"Feb 24, 2025",Utah Hockey Club,Juuso Välimäki,Assigned to AHL
"Feb 24, 2025",Florida Panthers,Justin Sourdif,Recalled from AHL
"Feb 24, 2025",Anaheim Ducks,Trevor Zegras,Suspension Started
"Feb 24, 2025",Anaheim Ducks,Ville Husso,Acquired from Detroit Red Wings
"Feb 24, 2025",Detroit Red Wings,Ville Husso,Traded to Anaheim Ducks
"Feb 24, 2025",Chicago Blackhawks,Colton Dach,Recalled from AHL
"Feb 24, 2025",Montreal Canadiens,Owen Beck,Recalled from AHL
"Feb 24, 2025",Winnipeg Jets,Kaapo Kahkonen,Assigned to AHL
"Feb 24, 2025",Utah Hockey Club,Juuso Välimäki,Cleared Waivers
"Feb 24, 2025",Seattle Kraken,Cale Fleury,Assigned to AHL
"Feb 24, 2025",Seattle Kraken,Ales Stezka,Assigned to AHL
"Feb 24, 2025",Seattle Kraken,Nikke Kokko,Recalled from AHL
"Feb 24, 2025",Detroit Red Wings,Andrew Copp,Placed on IR
"Feb 24, 2025",Detroit Red Wings,Sheldon Dries,Recalled from AHL
"Feb 24, 2025",Vancouver Canucks,Victor Mancini,Recalled from AHL
"Feb 23, 2025",Vancouver Canucks,Thatcher Demko,Placed on IR
"Feb 23, 2025",San Jose Sharks,Ty Dellandrea,Activated from IR
"Feb 23, 2025",San Jose Sharks,Nico Sturm,Activated from IR
"Feb 23, 2025",Calgary Flames,Connor Zary,Activated from IR
"Feb 23, 2025",New York Islanders,Ryan Pulock,Activated from IR
"Feb 23, 2025",Utah Hockey Club,Juuso Välimäki,Placed on Waivers
"Feb 23, 2025",Anaheim Ducks,Oscar Dansk,Recalled from AHL
"Feb 23, 2025",Ottawa Senators,Cole Reinhardt,Assigned to AHL
"Feb 23, 2025",Ottawa Senators,Zack Ostapchuk,Assigned to AHL
"Feb 22, 2025",Detroit Red Wings,Craig Smith,Activated from IR
"Feb 22, 2025",Boston Bruins,Charlie McAvoy,Placed on IR
"Feb 22, 2025",Vegas Golden Knights,Tanner Pearson,Activated from IR
"Feb 22, 2025",New York Islanders,Matt Martin,Placed on IR
"Feb 22, 2025",Detroit Red Wings,J.T. Compher,Activated from IR
"Feb 22, 2025",Dallas Stars,Mason Marchment,Activated from IR
"Feb 22, 2025",Buffalo Sabres,Jordan Greenway,Activated from IR
"Feb 22, 2025",Utah Hockey Club,Jaxson Stauber,Assigned to AHL
"Feb 22, 2025",Nashville Predators,Luke Evangelista,Activated from IR
"Feb 22, 2025",Pittsburgh Penguins,Evgeni Malkin,Activated from IR
"Feb 22, 2025",Vancouver Canucks,Dakota Joshua,Activated from IR
"Feb 22, 2025",Ottawa Senators,Noah Gregor,Activated from LTIR
"Feb 22, 2025",Ottawa Senators,Nick Cousins,Placed on LTIR
"Feb 22, 2025",Carolina Hurricanes,Tyson Jost,Activated from LTIR
"Feb 22, 2025",New Jersey Devils,Jonas Siegenthaler,Placed on LTIR
"Feb 22, 2025",Tampa Bay Lightning,Matt Tomkins,Recalled from AHL
"Feb 22, 2025",Tampa Bay Lightning,Jesse Ylonen,Assigned to AHL
"Feb 22, 2025",Vegas Golden Knights,Raphael Lavoie,Recalled from AHL
"Feb 22, 2025",New York Islanders,Dennis Cholowski,Assigned to AHL
"Feb 22, 2025",Winnipeg Jets,Vladislav Namestnikov,Signed 2 years @ $3.000M AAV starting in 2025-26
"Feb 22, 2025",Edmonton Oilers,Matt Savoie,Recalled from AHL
"Feb 22, 2025",Chicago Blackhawks,Louis Crevier,Assigned to AHL
"Feb 22, 2025",Chicago Blackhawks,Louis Crevier,Activated from IR
"Feb 22, 2025",New Jersey Devils,Nico Hischier,Activated from IR
"Feb 22, 2025",Seattle Kraken,Jordan Eberle,Activated from LTIR
"Feb 21, 2025",Vegas Golden Knights,Raphael Lavoie,Assigned to AHL
"Feb 21, 2025",Utah Hockey Club,Sean Durzi,Activated from IR
"Feb 21, 2025",Columbus Blue Jackets,Boone Jenner,Activated from IR
"Feb 21, 2025",Columbus Blue Jackets,Kirill Marchenko,Activated from IR
"Feb 21, 2025",Columbus Blue Jackets,Kevin Labanc,Placed on IR
"Feb 21, 2025",Tampa Bay Lightning,Jesse Ylonen,Recalled from AHL
"Feb 21, 2025",Philadelphia Flyers,Ryan Poehling,Activated from IR
"Feb 21, 2025",Philadelphia Flyers,Egor Zamula,Activated from IR
"Feb 21, 2025",Calgary Flames,Adam Klapka,Recalled from AHL
"Feb 21, 2025",Calgary Flames,Yan Kuznetsov,Assigned to AHL
"Feb 21, 2025",Seattle Kraken,Cale Fleury,Recalled from AHL
"Feb 21, 2025",Winnipeg Jets,Kaapo Kahkonen,Recalled from AHL
"Feb 21, 2025",Nashville Predators,Adam Wilsby,Placed on IR
"Feb 21, 2025",Nashville Predators,Zachary L'Heureux,Placed on IR
"Feb 21, 2025",Nashville Predators,Mark Jankowski,Activated from IR
"Feb 21, 2025",Seattle Kraken,Yanni Gourde,Placed on LTIR
"Feb 21, 2025",Calgary Flames,Tyson Barrie,Assigned to AHL
"Feb 21, 2025",New York Islanders,Dennis Cholowski,Cleared Waivers
"Feb 21, 2025",Calgary Flames,Tyson Barrie,Cleared Waivers
"Feb 21, 2025",Vancouver Canucks,Kevin Lankinen,Signed 5 years @ $4.500M AAV starting in 2025-26
"Feb 21, 2025",Nashville Predators,Jake Livingstone,Recalled from AHL
"Feb 21, 2025",Nashville Predators,Kieffer Bellows,Recalled from AHL
"Feb 20, 2025",Winnipeg Jets,Adam Lowry,Activated from IR
"Feb 20, 2025",Columbus Blue Jackets,Joseph LaBate,Recalled from AHL
"Feb 20, 2025",New York Rangers,Matthew Robertson,Recalled from AHL
"Feb 20, 2025",New York Rangers,Dylan Garand,Assigned to AHL
"Feb 20, 2025",New Jersey Devils,Chase Stillman,Assigned to AHL
"Feb 20, 2025",Calgary Flames,Ilya Solovyov,Recalled from AHL
"Feb 20, 2025",Calgary Flames,Yan Kuznetsov,Recalled from AHL
"Feb 20, 2025",St. Louis Blues,Zack Bolduc,Recalled from AHL
"Feb 20, 2025",Vegas Golden Knights,Jonas Rondbjerg,Recalled from AHL
"Feb 20, 2025",Vegas Golden Knights,Raphael Lavoie,Recalled from AHL
"Feb 20, 2025",New York Islanders,Dennis Cholowski,Placed on Waivers
"Feb 20, 2025",Calgary Flames,Tyson Barrie,Placed on Waivers
"Feb 19, 2025",New Jersey Devils,Nico Daws,Recalled from AHL
"Feb 19, 2025",Seattle Kraken,Ales Stezka,Recalled from AHL
"Feb 18, 2025",Pittsburgh Penguins,Tristan Jarry,Assigned to AHL
"Feb 18, 2025",Chicago Blackhawks,Ethan Del Mastro,Recalled from AHL
"Feb 18, 2025",Tampa Bay Lightning,Gage Goncalves,Recalled from AHL
"Feb 18, 2025",Vancouver Canucks,Arturs Silovs,Recalled from AHL
"Feb 18, 2025",Vancouver Canucks,Elias Pettersson,Recalled from AHL
"Feb 18, 2025",Vancouver Canucks,Arshdeep Bains,Recalled from AHL
"Feb 18, 2025",Vancouver Canucks,Nils Aman,Recalled from AHL
"Feb 18, 2025",Utah Hockey Club,Jaxson Stauber,Emergency Recall
"Feb 18, 2025",Utah Hockey Club,Josh Doan,Recalled from AHL
"Feb 18, 2025",Boston Bruins,Riley Tufte,Emergency Recall
"Feb 18, 2025",Boston Bruins,Michael Callahan,Recalled from AHL
"Feb 18, 2025",Boston Bruins,Matthew Poitras,Recalled from AHL
"Feb 18, 2025",New Jersey Devils,Simon Nemec,Recalled from AHL
"Feb 18, 2025",New Jersey Devils,Seamus Casey,Recalled from AHL
"Feb 18, 2025",New Jersey Devils,Chase Stillman,Recalled from AHL
"Feb 18, 2025",New Jersey Devils,Jonas Siegenthaler,Placed on IR
"Feb 18, 2025",New Jersey Devils,Jacob Markstrom,Placed on IR
"Feb 18, 2025",San Jose Sharks,Jack Thompson,Recalled from AHL
"Feb 18, 2025",San Jose Sharks,Collin Graf,Recalled from AHL
"Feb 18, 2025",Nashville Predators,Grigori Denisenko,Acquired from Vegas Golden Knights
"Feb 18, 2025",Vegas Golden Knights,Grigori Denisenko,Traded to Nashville Predators
"Feb 18, 2025",New York Rangers,Dylan Garand,Recalled from AHL
"Feb 18, 2025",Dallas Stars,Lian Bichsel,Recalled from AHL
"Feb 18, 2025",Toronto Maple Leafs,Alex Steeves,Recalled from AHL
"Feb 18, 2025",Vancouver Canucks,Drew O'Connor,Signed 2 years @ $2.500M AAV starting in 2025-26
"Feb 18, 2025",Pittsburgh Penguins,Joel Blomqvist,Recalled from AHL
"Feb 18, 2025",Ottawa Senators,Cole Reinhardt,Recalled from AHL
"Feb 18, 2025",Carolina Hurricanes,Riley Stillman,Recalled from AHL
"Feb 18, 2025",Detroit Red Wings,Marco Kasper,Recalled from AHL
"Feb 18, 2025",Detroit Red Wings,Elmer Soderblom,Recalled from AHL
"Feb 18, 2025",Minnesota Wild,Liam Ohgren,Recalled from AHL
"Feb 18, 2025",Minnesota Wild,Devin Shore,Recalled from AHL
"Feb 14, 2025",Dallas Stars,Sam Steel,Signed 2 years @ $2.100M AAV starting in 2025-26
"Feb 13, 2025",St. Louis Blues,Mathias Laferriere,Traded to Pittsburgh Penguins
"Feb 13, 2025",St. Louis Blues,Corey Andonovski,Acquired from Pittsburgh Penguins
"Feb 13, 2025",Pittsburgh Penguins,Corey Andonovski,Traded to St. Louis Blues
"Feb 13, 2025",Pittsburgh Penguins,Mathias Laferriere,Acquired from St. Louis Blues
"Feb 12, 2025",Minnesota Wild,Devin Shore,Assigned to AHL
"Feb 12, 2025",Minnesota Wild,Devin Shore,Cleared Waivers
"Feb 11, 2025",Minnesota Wild,Devin Shore,Placed on Waivers
"Feb 10, 2025",Nashville Predators,Andreas Englund,Claimed on Waivers from Los Angeles Kings
"Feb 10, 2025",Los Angeles Kings,Andreas Englund,Lost on Waivers to Nashville Predators
"Feb 10, 2025",Seattle Kraken,Mitchell Stephens,Cleared Waivers
"Feb 9, 2025",Calgary Flames,Dryden Hunt,Assigned to AHL
"Feb 9, 2025",St. Louis Blues,Zack Bolduc,Assigned to AHL
"Feb 9, 2025",Philadelphia Flyers,Emil Andrae,Assigned to AHL
"Feb 9, 2025",Philadelphia Flyers,Rodrigo Abols,Assigned to AHL
"Feb 9, 2025",Columbus Blue Jackets,Luca Del Bel Belluz,Assigned to AHL
"Feb 9, 2025",Columbus Blue Jackets,Mikael Pyyhtia,Assigned to AHL
"Feb 9, 2025",Tampa Bay Lightning,Brandon Halverson,Assigned to AHL
"Feb 9, 2025",Tampa Bay Lightning,Gage Goncalves,Assigned to AHL
"Feb 9, 2025",Tampa Bay Lightning,Dylan Duke,Assigned to AHL
"Feb 9, 2025",Montreal Canadiens,Logan Mailloux,Assigned to AHL
"Feb 9, 2025",Montreal Canadiens,Owen Beck,Assigned to AHL
"Feb 9, 2025",Nashville Predators,Adam Wilsby,Signed 2 years @ $775K AAV starting in 2025-26
"Feb 9, 2025",Nashville Predators,Ozzy Wiesblatt,Assigned to AHL
"Feb 9, 2025",Nashville Predators,Joakim Kemell,Assigned to AHL
"Feb 9, 2025",Nashville Predators,Kevin Gravel,Assigned to AHL
"Feb 9, 2025",Utah Hockey Club,Josh Doan,Assigned to AHL
"Feb 9, 2025",Los Angeles Kings,Andreas Englund,Placed on Waivers
"Feb 9, 2025",Pittsburgh Penguins,Jesse Puljujarvi,Cleared Waivers
"Feb 9, 2025",Pittsburgh Penguins,Vladislav Kolyachonok,Claimed on Waivers from Utah Hockey Club
"Feb 9, 2025",Utah Hockey Club,Vladislav Kolyachonok,Lost on Waivers to Pittsburgh Penguins
"Feb 9, 2025",Seattle Kraken,Mitchell Stephens,Placed on Waivers
"Feb 9, 2025",Seattle Kraken,Ales Stezka,Assigned to AHL
"Feb 9, 2025",Seattle Kraken,Cale Fleury,Assigned to AHL
"Feb 9, 2025",Ottawa Senators,Cole Reinhardt,Assigned to AHL
"Feb 9, 2025",Tampa Bay Lightning,J.J. Moser,Activated from IR
"Feb 9, 2025",Minnesota Wild,Liam Ohgren,Assigned to AHL
"Feb 9, 2025",New York Rangers,Dylan Garand,Assigned to AHL
"Feb 9, 2025",San Jose Sharks,Jack Thompson,Assigned to AHL
"Feb 9, 2025",San Jose Sharks,Andrew Poturalski,Assigned to AHL
"Feb 9, 2025",San Jose Sharks,Collin Graf,Assigned to AHL
"Feb 9, 2025",Boston Bruins,Michael Callahan,Assigned to AHL
"Feb 9, 2025",Boston Bruins,Matthew Poitras,Assigned to AHL
"Feb 9, 2025",Buffalo Sabres,Tyson Kozak,Assigned to AHL
"Feb 9, 2025",Buffalo Sabres,Felix Sandstrom,Assigned to AHL
"Feb 9, 2025",Vancouver Canucks,Nils Aman,Assigned to AHL
"Feb 9, 2025",Vancouver Canucks,Linus Karlsson,Assigned to AHL
"Feb 9, 2025",Vancouver Canucks,Elias Pettersson,Assigned to AHL
"Feb 9, 2025",Toronto Maple Leafs,Dakota Mermis,Assigned to AHL
"Feb 9, 2025",Calgary Flames,Adam Klapka,Assigned to AHL
"Feb 9, 2025",Calgary Flames,Ilya Solovyov,Assigned to AHL
"Feb 9, 2025",Dallas Stars,Lian Bichsel,Assigned to AHL
"Feb 8, 2025",Vegas Golden Knights,Alexander Holtz,Assigned to AHL
"Feb 8, 2025",Nashville Predators,Mark Jankowski,Placed on IR
"Feb 8, 2025",Chicago Blackhawks,Ethan Del Mastro,Assigned to AHL
"Feb 8, 2025",Pittsburgh Penguins,Tristan Jarry,Recalled from AHL
"Feb 8, 2025",Pittsburgh Penguins,Joel Blomqvist,Assigned to AHL
"Feb 8, 2025",Pittsburgh Penguins,Emil Bemstrom,Assigned to AHL
"Feb 8, 2025",Carolina Hurricanes,Juha Jaaska,Assigned to AHL
"Feb 8, 2025",Carolina Hurricanes,Scott Morrow,Assigned to AHL
"Feb 8, 2025",Detroit Red Wings,Elmer Soderblom,Assigned to AHL
"Feb 8, 2025",Detroit Red Wings,Marco Kasper,Assigned to AHL
"Feb 8, 2025",Nashville Predators,Ozzy Wiesblatt,Recalled from AHL
"Feb 8, 2025",Vancouver Canucks,Victor Mancini,Assigned to AHL
"Feb 8, 2025",Vancouver Canucks,Linus Karlsson,Recalled from AHL
"Feb 8, 2025",New Jersey Devils,Simon Nemec,Assigned to AHL
"Feb 8, 2025",New Jersey Devils,Santeri Hatakka,Assigned to AHL
"Feb 8, 2025",New Jersey Devils,Nico Daws,Assigned to AHL
"Feb 8, 2025",Philadelphia Flyers,Anthony Richard,Assigned to AHL
"Feb 8, 2025",San Jose Sharks,Colin White,Assigned to AHL
"Feb 8, 2025",Pittsburgh Penguins,Jesse Puljujarvi,Placed on Waivers
"Feb 8, 2025",Utah Hockey Club,Vladislav Kolyachonok,Placed on Waivers
"Feb 8, 2025",San Jose Sharks,Colin White,Cleared Waivers
"Feb 8, 2025",Philadelphia Flyers,Anthony Richard,Cleared Waivers
"Feb 8, 2025",New Jersey Devils,Santeri Hatakka,Cleared Waivers
"Feb 8, 2025",Colorado Avalanche,Trent Miner,Assigned to AHL
"Feb 7, 2025",Vegas Golden Knights,Akira Schmid,Assigned to AHL
"Feb 7, 2025",Minnesota Wild,Carson Lambos,Assigned to AHL
"Feb 7, 2025",New York Rangers,Dylan Garand,Recalled from AHL
"Feb 7, 2025",Tampa Bay Lightning,Dylan Duke,Recalled from AHL
"Feb 7, 2025",Toronto Maple Leafs,Dakota Mermis,Recalled from AHL
"Feb 7, 2025",Winnipeg Jets,Brad Lambert,Assigned to AHL
"Feb 7, 2025",Winnipeg Jets,Parker Ford,Assigned to AHL
"Feb 7, 2025",Nashville Predators,Mark Friedman,Acquired from Vancouver Canucks
"Feb 7, 2025",Vancouver Canucks,Mark Friedman,Traded to Nashville Predators
"Feb 7, 2025",Buffalo Sabres,Isak Rosen,Assigned to AHL
"Feb 7, 2025",Boston Bruins,Michael Callahan,Recalled from AHL
"Feb 7, 2025",San Jose Sharks,Colin White,Placed on Waivers
"Feb 7, 2025",Philadelphia Flyers,Anthony Richard,Placed on Waivers
"Feb 7, 2025",New Jersey Devils,Santeri Hatakka,Placed on Waivers
"Feb 7, 2025",Tampa Bay Lightning,Brandon Halverson,Cleared Waivers
"Feb 7, 2025",Tampa Bay Lightning,Conor Sheary,Assigned to AHL
"Feb 7, 2025",Pittsburgh Penguins,Emil Bemstrom,Recalled from AHL
"Feb 7, 2025",Boston Bruins,Matthew Poitras,Recalled from AHL
"Feb 7, 2025",St. Louis Blues,Mackenzie MacEachern,Assigned to AHL
"Feb 7, 2025",Philadelphia Flyers,Jacob Gaucher,Assigned to AHL
"Feb 6, 2025",New York Islanders,Hudson Fasching,Activated from IR
"Feb 6, 2025",New York Islanders,Scott Mayfield,Placed on IR
"Feb 6, 2025",Toronto Maple Leafs,Matt Murray,Assigned to AHL
"Feb 6, 2025",Calgary Flames,Dryden Hunt,Recalled from AHL
"Feb 6, 2025",Calgary Flames,Clark Bishop,Assigned to AHL
"Feb 6, 2025",Vegas Golden Knights,Jonas Rondbjerg,Recalled from AHL
"Feb 6, 2025",Vegas Golden Knights,William Karlsson,Placed on LTIR
"Feb 6, 2025",Vegas Golden Knights,Akira Schmid,Recalled from AHL
"Feb 6, 2025",Vegas Golden Knights,Tanner Pearson,Placed on IR
"Feb 6, 2025",Edmonton Oilers,Noah Philp,Assigned to AHL
"Feb 6, 2025",Vegas Golden Knights,Alexander Holtz,Recalled from AHL
"Feb 6, 2025",Nashville Predators,Joakim Kemell,Recalled from AHL
"Feb 6, 2025",Boston Bruins,Michael Callahan,Assigned to AHL
"Feb 6, 2025",Boston Bruins,Matthew Poitras,Assigned to AHL
"Feb 6, 2025",New Jersey Devils,Nico Daws,Recalled from AHL
"Feb 6, 2025",Toronto Maple Leafs,Anthony Stolarz,Activated from LTIR
"Feb 6, 2025",Tampa Bay Lightning,Brandon Halverson,Placed on Waivers
"Feb 6, 2025",New Jersey Devils,Simon Nemec,Recalled from AHL
"Feb 6, 2025",New Jersey Devils,Nico Hischier,Placed on IR
"Feb 5, 2025",Minnesota Wild,Jakub Lauko,Placed on IR
"Feb 5, 2025",Toronto Maple Leafs,Dakota Mermis,Recalled from AHL
"Feb 5, 2025",Vegas Golden Knights,Raphael Lavoie,Assigned to AHL
"Feb 5, 2025",Vegas Golden Knights,Alexander Holtz,Assigned to AHL
"Feb 5, 2025",Chicago Blackhawks,Colton Dach,Assigned to AHL
"Feb 5, 2025",Chicago Blackhawks,Artyom Levshunov,Assigned to AHL
"Feb 5, 2025",St. Louis Blues,Mackenzie MacEachern,Recalled from AHL
"Feb 5, 2025",St. Louis Blues,Matthew Kessel,Assigned to AHL
"Feb 5, 2025",Tampa Bay Lightning,Conor Sheary,Recalled from AHL
"Feb 5, 2025",Vancouver Canucks,Marcus Pettersson,Signed 6 years @ $5.500M AAV starting in 2025-26
"Feb 5, 2025",Detroit Red Wings,Dominik Shine,Assigned to AHL
"Feb 5, 2025",Pittsburgh Penguins,Jesse Puljujarvi,Assigned to AHL
"Feb 5, 2025",Vancouver Canucks,Nils Aman,Recalled from AHL
"Feb 5, 2025",Vancouver Canucks,Linus Karlsson,Assigned to AHL
"Feb 5, 2025",Minnesota Wild,Vinnie Hinostroza,Claimed on Waivers from Nashville Predators
"Feb 5, 2025",Nashville Predators,Vinnie Hinostroza,Lost on Waivers to Minnesota Wild
"Feb 5, 2025",Calgary Flames,Ilya Solovyov,Recalled from AHL
"Feb 4, 2025",St. Louis Blues,Nick Leddy,Activated from IR
"Feb 4, 2025",New York Islanders,Mathew Barzal,Placed on IR
"Feb 4, 2025",New Jersey Devils,Erik Haula,Activated from IR
"Feb 4, 2025",Columbus Blue Jackets,Dylan Gambrell,Assigned to AHL
"Feb 4, 2025",Buffalo Sabres,Felix Sandstrom,Recalled from AHL
"Feb 4, 2025",Philadelphia Flyers,Nicolas Deslauriers,Activated from IR
"Feb 4, 2025",Utah Hockey Club,Dylan Guenther,Activated from IR
"Feb 4, 2025",New York Rangers,Adam Edstrom,Placed on IR
"Feb 4, 2025",Toronto Maple Leafs,Dakota Mermis,Assigned to AHL
"Feb 4, 2025",Boston Bruins,Mark Kastelic,Activated from IR
"Feb 4, 2025",Boston Bruins,Vinni Lettieri,Assigned to AHL
"Feb 4, 2025",Vancouver Canucks,Linus Karlsson,Recalled from AHL
"Feb 4, 2025",Vancouver Canucks,Victor Mancini,Recalled from AHL
"Feb 4, 2025",Vancouver Canucks,Elias Pettersson,Recalled from AHL
"Feb 4, 2025",Nashville Predators,Vinnie Hinostroza,Placed on Waivers
"Feb 4, 2025",Tampa Bay Lightning,Conor Geekie,Assigned to AHL
"Feb 4, 2025",San Jose Sharks,Andrew Poturalski,Recalled from AHL
"Feb 4, 2025",Minnesota Wild,Marcus Johansson,Activated from IR
"Feb 4, 2025",Minnesota Wild,Jonas Brodin,Activated from LTIR
"Feb 4, 2025",Minnesota Wild,Ben Jones,Assigned to AHL
"Feb 3, 2025",Columbus Blue Jackets,Dylan Gambrell,Recalled from AHL
"Feb 3, 2025",Toronto Maple Leafs,Dakota Mermis,Recalled from AHL
"Feb 3, 2025",Toronto Maple Leafs,Fraser Minten,Assigned to AHL
"Feb 3, 2025",Vegas Golden Knights,Alexander Holtz,Recalled from AHL
"Feb 3, 2025",Minnesota Wild,Ryan Hartman,Suspension Started
"Feb 3, 2025",Seattle Kraken,Gustav Olofsson,Assigned to AHL
"Feb 3, 2025",Buffalo Sabres,Isak Rosen,Recalled from AHL
"Feb 3, 2025",Buffalo Sabres,Tyson Kozak,Placed on IR
"Feb 3, 2025",Carolina Hurricanes,Riley Stillman,Assigned to AHL
"Feb 3, 2025",Carolina Hurricanes,Scott Morrow,Recalled from AHL
"Feb 3, 2025",Nashville Predators,Kevin Gravel,Recalled from AHL
"Feb 3, 2025",Vancouver Canucks,Elias Pettersson,Assigned to AHL
"Feb 3, 2025",Vancouver Canucks,Victor Mancini,Assigned to AHL
"Feb 3, 2025",Vancouver Canucks,Linus Karlsson,Assigned to AHL
"Feb 3, 2025",Utah Hockey Club,Sammy Walker,Acquired from Minnesota Wild
"Feb 3, 2025",Minnesota Wild,Sammy Walker,Traded to Utah Hockey Club
"Feb 3, 2025",Columbus Blue Jackets,Kirill Marchenko,Placed on IR
"Feb 3, 2025",San Jose Sharks,Collin Graf,Recalled from AHL
"Feb 3, 2025",San Jose Sharks,Shakir Mukhamadullin,Recalled from AHL
"Feb 3, 2025",Colorado Avalanche,Oliver Kylington,Activated from IR
"Feb 3, 2025",Colorado Avalanche,Valeri Nichushkin,Placed on IR
"Feb 3, 2025",Chicago Blackhawks,Louis Crevier,Placed on IR
"Feb 3, 2025",Tampa Bay Lightning,Brandon Halverson,Signed 2 years @ $775K AAV starting in 2024-25
"Feb 3, 2025",Boston Bruins,Vinni Lettieri,Recalled from AHL
"Feb 3, 2025",Boston Bruins,Matthew Poitras,Recalled from AHL
"Feb 2, 2025",Winnipeg Jets,Parker Ford,Recalled from AHL
"Feb 2, 2025",Winnipeg Jets,Brad Lambert,Recalled from AHL
"Feb 2, 2025",Minnesota Wild,Kirill Kaprizov,Placed on LTIR
"Feb 2, 2025",Vegas Golden Knights,Alexander Holtz,Assigned to AHL
"Feb 2, 2025",Tampa Bay Lightning,Matt Tomkins,Assigned to AHL
"Feb 2, 2025",Vancouver Canucks,Phillip Di Giuseppe,Assigned to AHL
"Feb 2, 2025",Chicago Blackhawks,Artyom Levshunov,Recalled from AHL
"Feb 2, 2025",Ottawa Senators,Linus Ullmark,Activated from LTIR
"Feb 2, 2025",Ottawa Senators,Noah Gregor,Placed on LTIR
"Feb 2, 2025",Ottawa Senators,Jacob Bernard-Docker,Placed on LTIR
"Feb 2, 2025",Ottawa Senators,Leevi Meriläinen,Assigned to AHL
"Feb 2, 2025",Vancouver Canucks,Kiefer Sherwood,Activated from IR
"Feb 2, 2025",Carolina Hurricanes,Ryan Suzuki,Assigned to AHL
"Feb 2, 2025",Ottawa Senators,Cole Reinhardt,Recalled from AHL
"Feb 2, 2025",Carolina Hurricanes,Riley Stillman,Recalled from AHL
"Feb 2, 2025",Colorado Avalanche,Trent Miner,Recalled from AHL
"Feb 2, 2025",Boston Bruins,Matthew Poitras,Assigned to AHL
"Feb 2, 2025",Dallas Stars,Christian Kyrou,Assigned to AHL
"Feb 2, 2025",Dallas Stars,Kyle McDonald,Assigned to AHL
"Feb 2, 2025",Detroit Red Wings,Patrick Kane,Activated from IR
"Feb 2, 2025",Detroit Red Wings,J.T. Compher,Placed on IR
"Feb 2, 2025",San Jose Sharks,Yaroslav Askarov,Assigned to AHL
"Feb 2, 2025",San Jose Sharks,Vitek Vanecek,Recalled from AHL
"Feb 2, 2025",Vancouver Canucks,Victor Mancini,Recalled from AHL
"Feb 2, 2025",Vancouver Canucks,Phillip Di Giuseppe,Cleared Waivers
"Feb 1, 2025",Winnipeg Jets,Parker Ford,Assigned to AHL
"Feb 1, 2025",Winnipeg Jets,Brad Lambert,Assigned to AHL
"Feb 1, 2025",Toronto Maple Leafs,Nikita Grebenkin,Assigned to AHL
"Feb 1, 2025",Toronto Maple Leafs,John Tavares,Activated from IR
"Feb 1, 2025",Chicago Blackhawks,Connor Murphy,Activated from IR
"Feb 1, 2025",Toronto Maple Leafs,Matthew Knies,Activated from IR
"Feb 1, 2025",Carolina Hurricanes,Ryan Suzuki,Recalled from AHL
"Feb 1, 2025",Seattle Kraken,Gustav Olofsson,Recalled from AHL
"Feb 1, 2025",Philadelphia Flyers,Emil Andrae,Recalled from AHL
"Feb 1, 2025",Philadelphia Flyers,Jacob Gaucher,Recalled from AHL
"Feb 1, 2025",Nashville Predators,Matt Murray,Assigned to AHL
"Feb 1, 2025",Boston Bruins,Vinni Lettieri,Assigned to AHL
"Feb 1, 2025",Dallas Stars,Tyler Seguin,Placed on LTIR
"Feb 1, 2025",Dallas Stars,Nils Lundkvist,Placed on LTIR
"Feb 1, 2025",Dallas Stars,Mason Marchment,Placed on IR
"Feb 1, 2025",Vancouver Canucks,Aatu Raty,Assigned to AHL
"Feb 1, 2025",Vancouver Canucks,Phillip Di Giuseppe,Placed on Waivers
"Feb 1, 2025",Washington Capitals,Hardy Haman Aktell,Cleared Waivers
"Feb 1, 2025",Montreal Canadiens,Logan Mailloux,Recalled from AHL
"Feb 1, 2025",Montreal Canadiens,Owen Beck,Recalled from AHL
"Feb 1, 2025",Dallas Stars,Kyle McDonald,Recalled from AHL
"Feb 1, 2025",Dallas Stars,Christian Kyrou,Recalled from AHL
"Feb 1, 2025",Dallas Stars,Kyle Capobianco,Assigned to AHL
"Feb 1, 2025",Tampa Bay Lightning,Matt Tomkins,Recalled from AHL
"Feb 1, 2025",Tampa Bay Lightning,Gage Goncalves,Recalled from AHL
"Feb 1, 2025",Dallas Stars,Cody Ceci,Acquired from San Jose Sharks
"Feb 1, 2025",Dallas Stars,Mikael Granlund,Acquired from San Jose Sharks
"Feb 1, 2025",San Jose Sharks,Mikael Granlund,Traded to Dallas Stars
"Feb 1, 2025",San Jose Sharks,Cody Ceci,Traded to Dallas Stars
"Feb 1, 2025",Pittsburgh Penguins,Melvin Fernström,Acquired from Vancouver Canucks
"Feb 1, 2025",Pittsburgh Penguins,Danton Heinen,Acquired from Vancouver Canucks
"Feb 1, 2025",Pittsburgh Penguins,Vincent Desharnais,Acquired from Vancouver Canucks
"Feb 1, 2025",Pittsburgh Penguins,Marcus Pettersson,Traded to Vancouver Canucks
"Feb 1, 2025",Pittsburgh Penguins,Drew O'Connor,Traded to Vancouver Canucks
"Feb 1, 2025",Vancouver Canucks,Drew O'Connor,Acquired from Pittsburgh Penguins
"Feb 1, 2025",Vancouver Canucks,Marcus Pettersson,Acquired from Pittsburgh Penguins
"Feb 1, 2025",Vancouver Canucks,Melvin Fernström,Traded to Pittsburgh Penguins
"Feb 1, 2025",Vancouver Canucks,Danton Heinen,Traded to Pittsburgh Penguins
"Feb 1, 2025",Vancouver Canucks,Vincent Desharnais,Traded to Pittsburgh Penguins
"Feb 1, 2025",New York Rangers,Jackson Dorrington,Acquired from Vancouver Canucks
"Feb 1, 2025",New York Rangers,Erik Brannstrom,Acquired from Vancouver Canucks
"Feb 1, 2025",New York Rangers,J.T. Miller,Acquired from Vancouver Canucks
"Feb 1, 2025",New York Rangers,Victor Mancini,Traded to Vancouver Canucks
"Feb 1, 2025",New York Rangers,Filip Chytil,Traded to Vancouver Canucks
"Feb 1, 2025",Vancouver Canucks,Victor Mancini,Acquired from New York Rangers
"Feb 1, 2025",Vancouver Canucks,Filip Chytil,Acquired from New York Rangers
"Feb 1, 2025",Vancouver Canucks,Erik Brannstrom,Traded to New York Rangers
"Feb 1, 2025",Vancouver Canucks,Jackson Dorrington,Traded to New York Rangers
"Feb 1, 2025",Vancouver Canucks,J.T. Miller,Traded to New York Rangers
"Jan 31, 2025",Vegas Golden Knights,Callahan Burke,Assigned to AHL
"Jan 31, 2025",Vegas Golden Knights,Alexander Holtz,Recalled from AHL
"Jan 31, 2025",Tampa Bay Lightning,Declan Carlile,Assigned to AHL
"Jan 31, 2025",Dallas Stars,Miro Heiskanen,Placed on IR
"Jan 31, 2025",Washington Capitals,Hardy Haman Aktell,Placed on Waivers
"Jan 31, 2025",St. Louis Blues,Corey Schueneman,Signed 1 year @ $775K AAV starting in 2025-26
"Jan 31, 2025",Tampa Bay Lightning,Matt Tomkins,Assigned to AHL
"Jan 31, 2025",Tampa Bay Lightning,Gage Goncalves,Assigned to AHL
"Jan 31, 2025",Nashville Predators,Matt Murray,Recalled from AHL
"Jan 31, 2025",Nashville Predators,Kevin Gravel,Assigned to AHL
"Jan 31, 2025",Philadelphia Flyers,Egor Zamula,Placed on IR
"Jan 31, 2025",Philadelphia Flyers,Aleksei Kolosov,Recalled from AHL
"Jan 31, 2025",Philadelphia Flyers,Adam Ginning,Assigned to AHL
"Jan 31, 2025",New York Islanders,Isaiah George,Assigned to AHL
"Jan 31, 2025",Vegas Golden Knights,Brandon Saad,Signed 1 year @ $1.500M AAV starting in 2024-25
"Jan 31, 2025",St. Louis Blues,Matthew Kessel,Recalled from AHL
"Jan 31, 2025",Toronto Maple Leafs,Jacob Quillan,Assigned to AHL
"Jan 31, 2025",St. Louis Blues,Brandon Saad,Cleared Waivers
"Jan 31, 2025",New York Islanders,Adam Boqvist,Claimed on Waivers from Florida Panthers
"Jan 31, 2025",Florida Panthers,Adam Boqvist,Lost on Waivers to New York Islanders
"Jan 31, 2025",Montreal Canadiens,Rafael Harvey-Pinard,Assigned to AHL
"Jan 31, 2025",Carolina Hurricanes,Riley Stillman,Recalled from AHL
"Jan 31, 2025",Carolina Hurricanes,Ryan Suzuki,Assigned to AHL
"Jan 31, 2025",Philadelphia Flyers,Andrei Kuzmenko,Acquired from Calgary Flames
"Jan 31, 2025",Philadelphia Flyers,Jakob Pelletier,Acquired from Calgary Flames
"Jan 31, 2025",Philadelphia Flyers,Joel Farabee,Traded to Calgary Flames
"Jan 31, 2025",Philadelphia Flyers,Morgan Frost,Traded to Calgary Flames
"Jan 31, 2025",Calgary Flames,Joel Farabee,Acquired from Philadelphia Flyers
"Jan 31, 2025",Calgary Flames,Morgan Frost,Acquired from Philadelphia Flyers
"Jan 31, 2025",Calgary Flames,Andrei Kuzmenko,Traded to Philadelphia Flyers
"Jan 31, 2025",Calgary Flames,Jakob Pelletier,Traded to Philadelphia Flyers
"Jan 30, 2025",Boston Bruins,Charlie McAvoy,Activated from IR
"Jan 30, 2025",Philadelphia Flyers,Adam Ginning,Recalled from AHL
"Jan 30, 2025",Vegas Golden Knights,Jonas Rondbjerg,Assigned to AHL
"Jan 30, 2025",Vegas Golden Knights,Callahan Burke,Recalled from AHL
"Jan 30, 2025",Carolina Hurricanes,Ryan Suzuki,Recalled from AHL
"Jan 30, 2025",Carolina Hurricanes,Riley Stillman,Assigned to AHL
"Jan 30, 2025",Boston Bruins,Max Jones,Assigned to AHL
"Jan 30, 2025",Tampa Bay Lightning,Matt Tomkins,Recalled from AHL
"Jan 30, 2025",Dallas Stars,Kyle Capobianco,Recalled from AHL
"Jan 30, 2025",Florida Panthers,Adam Boqvist,Placed on Waivers
"Jan 30, 2025",Seattle Kraken,Philipp Grubauer,Assigned to AHL
"Jan 30, 2025",Seattle Kraken,Philipp Grubauer,Cleared Waivers
"Jan 30, 2025",St. Louis Blues,Brandon Saad,Placed on Waivers
"Jan 30, 2025",Vancouver Canucks,Max Sasson,Assigned to AHL
"Jan 30, 2025",New Jersey Devils,Isaac Poulter,Assigned to AHL
"Jan 29, 2025",Winnipeg Jets,Morgan Barron,Placed on IR
"Jan 29, 2025",Toronto Maple Leafs,Matthew Knies,Placed on IR
"Jan 29, 2025",Vancouver Canucks,Kiefer Sherwood,Placed on IR
"Jan 29, 2025",Ottawa Senators,Cole Reinhardt,Assigned to AHL
"Jan 29, 2025",Seattle Kraken,Ales Stezka,Recalled from AHL
"Jan 29, 2025",Winnipeg Jets,Parker Ford,Recalled from AHL
"Jan 29, 2025",Seattle Kraken,Cale Fleury,Recalled from AHL
"Jan 29, 2025",Utah Hockey Club,Milos Kelemen,Cleared Waivers
"Jan 29, 2025",St. Louis Blues,Marcus Sylvegard,Cleared Waivers
"Jan 29, 2025",Ottawa Senators,Cole Reinhardt,Cleared Waivers
"Jan 29, 2025",Seattle Kraken,Philipp Grubauer,Placed on Waivers
"Jan 29, 2025",St. Louis Blues,Brandon Saad,Cleared Waivers
"Jan 29, 2025",Los Angeles Kings,Drew Doughty,Activated from LTIR
"Jan 29, 2025",Montreal Canadiens,Jayden Struble,Recalled from AHL
"Jan 29, 2025",Los Angeles Kings,Samuel Helenius,Assigned to AHL
"Jan 29, 2025",San Jose Sharks,Scott Sabourin,Assigned to AHL
"Jan 29, 2025",San Jose Sharks,Vitek Vanecek,Assigned to AHL for conditioning stint
"Jan 29, 2025",Minnesota Wild,Ben Jones,Recalled from AHL
"Jan 29, 2025",Colorado Avalanche,Chris Wagner,Assigned to AHL
"Jan 28, 2025",Vegas Golden Knights,Tanner Laczynski,Assigned to AHL
"Jan 28, 2025",Vegas Golden Knights,Alexander Holtz,Assigned to AHL
"Jan 28, 2025",Seattle Kraken,John Hayden,Assigned to AHL
"Jan 28, 2025",Vegas Golden Knights,Raphael Lavoie,Recalled from AHL
"Jan 28, 2025",Vegas Golden Knights,Jonas Rondbjerg,Recalled from AHL
"Jan 28, 2025",Vancouver Canucks,Aatu Raty,Recalled from AHL
"Jan 28, 2025",Buffalo Sabres,Nicolas Aube-Kubel,Assigned to AHL
"Jan 28, 2025",Buffalo Sabres,Tyson Kozak,Recalled from AHL
"Jan 28, 2025",Minnesota Wild,Kirill Kaprizov,Placed on IR
"Jan 28, 2025",Minnesota Wild,Jonas Brodin,Placed on LTIR
"Jan 28, 2025",Utah Hockey Club,Milos Kelemen,Placed on Waivers
"Jan 28, 2025",St. Louis Blues,Marcus Sylvegard,Placed on Waivers
"Jan 28, 2025",St. Louis Blues,Brandon Saad,Placed on Waivers
"Jan 28, 2025",Ottawa Senators,Cole Reinhardt,Placed on Waivers
"Jan 28, 2025",Buffalo Sabres,Nicolas Aube-Kubel,Cleared Waivers
"Jan 28, 2025",Calgary Flames,Adam Klapka,Recalled from AHL
"Jan 28, 2025",Calgary Flames,Tyson Barrie,Recalled from AHL
"Jan 28, 2025",Nashville Predators,Kieffer Bellows,Assigned to AHL
"Jan 28, 2025",Nashville Predators,Kevin Gravel,Recalled from AHL
"Jan 28, 2025",Winnipeg Jets,Brad Lambert,Recalled from AHL
"Jan 28, 2025",Tampa Bay Lightning,Declan Carlile,Recalled from AHL
"Jan 28, 2025",Tampa Bay Lightning,Gage Goncalves,Recalled from AHL
"Jan 27, 2025",Vegas Golden Knights,Jonas Rondbjerg,Assigned to AHL
"Jan 27, 2025",Detroit Red Wings,Dominik Shine,Recalled from AHL
"Jan 27, 2025",Detroit Red Wings,Dominik Shine,Signed 2 years @ $775K AAV starting in 2024-25
"Jan 27, 2025",Washington Capitals,Logan Thompson,Signed 6 years @ $5.850M AAV starting in 2025-26
"Jan 27, 2025",Detroit Red Wings,Marco Kasper,Recalled from AHL
"Jan 27, 2025",Detroit Red Wings,William Lagesson,Recalled from AHL
"Jan 27, 2025",Detroit Red Wings,Elmer Soderblom,Recalled from AHL
"Jan 27, 2025",Boston Bruins,Max Jones,Recalled from AHL
"Jan 27, 2025",Boston Bruins,Matthew Poitras,Recalled from AHL
"Jan 27, 2025",Pittsburgh Penguins,Jesse Puljujarvi,Recalled from AHL
"Jan 27, 2025",Vancouver Canucks,Mark Friedman,Assigned to AHL
"Jan 27, 2025",New York Islanders,Scott Perunovich,Acquired from St. Louis Blues
"Jan 27, 2025",St. Louis Blues,Scott Perunovich,Traded to New York Islanders
"Jan 27, 2025",Buffalo Sabres,Nicolas Aube-Kubel,Placed on Waivers
"Jan 27, 2025",New York Islanders,Jakub Skarek,Recalled from AHL
"Jan 27, 2025",Calgary Flames,Rory Kerins,Assigned to AHL
"Jan 26, 2025",Vegas Golden Knights,Jonas Rondbjerg,Recalled from AHL
"Jan 26, 2025",Vegas Golden Knights,Alexander Holtz,Recalled from AHL
"Jan 26, 2025",Detroit Red Wings,Marco Kasper,Assigned to AHL
"Jan 26, 2025",Detroit Red Wings,William Lagesson,Assigned to AHL
"Jan 26, 2025",Detroit Red Wings,Elmer Soderblom,Assigned to AHL
"Jan 26, 2025",Boston Bruins,Max Jones,Assigned to AHL
"Jan 26, 2025",Boston Bruins,Matthew Poitras,Assigned to AHL
"Jan 26, 2025",Edmonton Oilers,Connor McDavid,Suspension Ended
"Jan 26, 2025",Vancouver Canucks,Tyler Myers,Suspension Ended
"Jan 26, 2025",Carolina Hurricanes,Tyson Jost,Placed on LTIR
"Jan 26, 2025",San Jose Sharks,Jack Thompson,Recalled from AHL
"Jan 26, 2025",Nashville Predators,Spencer Stastney,Assigned to AHL
"Jan 26, 2025",Florida Panthers,Tobias Bjornfot,Assigned to AHL
"Jan 26, 2025",Dallas Stars,Matěj  Blümel,Assigned to AHL
"Jan 26, 2025",Colorado Avalanche,Jere Innala,Assigned to AHL
"Jan 26, 2025",Colorado Avalanche,Miles Wood,Activated from LTIR
"Jan 25, 2025",Vegas Golden Knights,Brendan Brisson,Assigned to AHL
"Jan 25, 2025",New York Islanders,Noah Dobson,Placed on LTIR
"Jan 25, 2025",New York Islanders,Ryan Pulock,Placed on IR
"Jan 25, 2025",Chicago Blackhawks,Landon Slaggert,Recalled from AHL
"Jan 25, 2025",Ottawa Senators,Travis Hamonic,Activated from IR
"Jan 25, 2025",New York Rangers,Will Borgen,Signed 5 years @ $4.100M AAV starting in 2025-26
"Jan 25, 2025",Buffalo Sabres,Tyson Kozak,Assigned to AHL
"Jan 25, 2025",New York Islanders,Tony DeAngelo,Cleared Waivers
"Jan 25, 2025",Pittsburgh Penguins,Owen Pickering,Assigned to AHL
"Jan 25, 2025",Pittsburgh Penguins,Bokondji Imama,Recalled from AHL
"Jan 25, 2025",Tampa Bay Lightning,Ryder Korczak,Acquired from New York Rangers
"Jan 25, 2025",Tampa Bay Lightning,Lucas Edmonds,Traded to New York Rangers
"Jan 25, 2025",New York Rangers,Ryder Korczak,Traded to Tampa Bay Lightning
"Jan 25, 2025",New York Rangers,Lucas Edmonds,Acquired from Tampa Bay Lightning
"Jan 25, 2025",Toronto Maple Leafs,Nikita Grebenkin,Recalled from AHL
"Jan 25, 2025",Toronto Maple Leafs,Connor Dewar,Placed on IR
"Jan 25, 2025",Winnipeg Jets,Brad Lambert,Assigned to AHL
"Jan 25, 2025",Montreal Canadiens,Rafael Harvey-Pinard,Recalled from AHL
"Jan 25, 2025",Ottawa Senators,Donovan Sebrango,Assigned to AHL
"Jan 24, 2025",Vegas Golden Knights,Alexander Holtz,Assigned to AHL
"Jan 24, 2025",San Jose Sharks,Jan Rutta,Placed on IR
"Jan 24, 2025",San Jose Sharks,Nico Sturm,Placed on IR
"Jan 24, 2025",Pittsburgh Penguins,Evgeni Malkin,Placed on IR
"Jan 24, 2025",New York Islanders,Marcus Hogberg,Placed on IR
"Jan 24, 2025",Carolina Hurricanes,Martin Necas,Traded to Colorado Avalanche
"Jan 24, 2025",Carolina Hurricanes,Jack Drury,Traded to Colorado Avalanche
"Jan 24, 2025",Carolina Hurricanes,Nils Juntorp,Acquired from Chicago Blackhawks
"Jan 24, 2025",Chicago Blackhawks,Nils Juntorp,Traded to Carolina Hurricanes
"Jan 24, 2025",Chicago Blackhawks,Taylor Hall,Traded to Carolina Hurricanes
"Jan 24, 2025",Carolina Hurricanes,Mikko Rantanen,Acquired from Colorado Avalanche
"Jan 24, 2025",Carolina Hurricanes,Taylor Hall,Acquired from Chicago Blackhawks
"Jan 24, 2025",Colorado Avalanche,Jack Drury,Acquired from Carolina Hurricanes
"Jan 24, 2025",Colorado Avalanche,Martin Necas,Acquired from Carolina Hurricanes
"Jan 24, 2025",Colorado Avalanche,Mikko Rantanen,Traded to Carolina Hurricanes
"Jan 24, 2025",San Jose Sharks,Colin White,Signed 1 year @ $850K AAV starting in 2024-25
"Jan 24, 2025",Boston Bruins,Michael DiPietro,Assigned to AHL
"Jan 24, 2025",Calgary Flames,Tyson Barrie,Assigned to AHL for conditioning stint
"Jan 24, 2025",Montreal Canadiens,Jayden Struble,Assigned to AHL
"Jan 24, 2025",Winnipeg Jets,Brad Lambert,Recalled from AHL
"Jan 24, 2025",Boston Bruins,Patrick Brown,Assigned to AHL
"Jan 24, 2025",Anaheim Ducks,Nikita Nesterenko,Assigned to AHL
"Jan 24, 2025",San Jose Sharks,Scott Sabourin,Recalled from AHL
"Jan 24, 2025",San Jose Sharks,Collin Graf,Assigned to AHL
"Jan 24, 2025",New Jersey Devils,Isaac Poulter,Recalled from AHL
"Jan 24, 2025",New York Islanders,Tony DeAngelo,Placed on Waivers
"Jan 24, 2025",New York Islanders,Tony DeAngelo,Signed 1 year @ $775K AAV starting in 2024-25
"Jan 23, 2025",Chicago Blackhawks,Anthony (AJ) Spellacy,Signed to an entry level contract.
"Jan 23, 2025",Ottawa Senators,David Perron,Activated from LTIR
"Jan 23, 2025",Ottawa Senators,Linus Ullmark,Placed on LTIR
"Jan 23, 2025",Boston Bruins,Michael DiPietro,Recalled from AHL
"Jan 23, 2025",Vegas Golden Knights,Brendan Brisson,Recalled from AHL
"Jan 23, 2025",Vegas Golden Knights,Tanner Laczynski,Recalled from AHL
"Jan 23, 2025",Chicago Blackhawks,Wyatt Kaiser,Assigned to AHL
"Jan 23, 2025",Winnipeg Jets,Dominic Toninato,Assigned to AHL
"Jan 23, 2025",Minnesota Wild,Jared Spurgeon,Activated from IR
"Jan 23, 2025",Minnesota Wild,Kirill Kaprizov,Activated from IR
"Jan 23, 2025",Toronto Maple Leafs,Matt Murray,Recalled from AHL
"Jan 23, 2025",Toronto Maple Leafs,Dennis Hildeby,Assigned to AHL
"Jan 23, 2025",Vancouver Canucks,Linus Karlsson,Recalled from AHL
"Jan 23, 2025",Vancouver Canucks,Elias Pettersson,Recalled from AHL
"Jan 23, 2025",Calgary Flames,Clark Bishop,Recalled from AHL
"Jan 23, 2025",Carolina Hurricanes,Jackson Blake,Recalled from AHL
"Jan 23, 2025",Carolina Hurricanes,Juha Jaaska,Recalled from AHL
"Jan 23, 2025",Colorado Avalanche,Ivan Ivan,Assigned to AHL
"Jan 23, 2025",Colorado Avalanche,Chris Wagner,Recalled from AHL
"Jan 23, 2025",Detroit Red Wings,Marco Kasper,Recalled from AHL
"Jan 23, 2025",Detroit Red Wings,William Lagesson,Recalled from AHL
"Jan 23, 2025",Detroit Red Wings,Elmer Soderblom,Recalled from AHL
"Jan 23, 2025",Dallas Stars,Lian Bichsel,Recalled from AHL
"Jan 23, 2025",Dallas Stars,Matěj  Blümel,Recalled from AHL
"Jan 22, 2025",Winnipeg Jets,Haydn Fleury,Activated from IR
"Jan 22, 2025",Winnipeg Jets,Mason Appleton,Activated from IR
"Jan 22, 2025",Vegas Golden Knights,William Karlsson,Placed on IR
"Jan 22, 2025",Detroit Red Wings,Patrick Kane,Placed on IR
"Jan 22, 2025",Detroit Red Wings,Elmer Soderblom,Assigned to AHL
"Jan 22, 2025",Philadelphia Flyers,Aleksei Kolosov,Assigned to AHL
"Jan 22, 2025",Philadelphia Flyers,Olle Lycksell,Assigned to AHL
"Jan 22, 2025",Philadelphia Flyers,Anthony Richard,Recalled from AHL
"Jan 22, 2025",Chicago Blackhawks,Ethan Del Mastro,Recalled from AHL
"Jan 22, 2025",Minnesota Wild,David Jiricek,Assigned to AHL
"Jan 22, 2025",Carolina Hurricanes,Jackson Blake,Assigned to AHL
"Jan 22, 2025",Carolina Hurricanes,Juha Jaaska,Assigned to AHL
"Jan 22, 2025",Carolina Hurricanes,Riley Stillman,Recalled from AHL
"Jan 22, 2025",Anaheim Ducks,Justin Bailey,Acquired from San Jose Sharks
"Jan 22, 2025",Anaheim Ducks,Pavol Regenda,Traded to San Jose Sharks
"Jan 22, 2025",San Jose Sharks,Justin Bailey,Traded to Anaheim Ducks
"Jan 22, 2025",San Jose Sharks,Pavol Regenda,Acquired from Anaheim Ducks
"Jan 22, 2025",San Jose Sharks,Walker Duehr,Claimed on Waivers from Calgary Flames
"Jan 22, 2025",Calgary Flames,Walker Duehr,Lost on Waivers to San Jose Sharks
"Jan 22, 2025",Tampa Bay Lightning,Maxwell Crozier,Assigned to AHL
"Jan 22, 2025",Dallas Stars,Matěj  Blümel,Assigned to AHL
"Jan 22, 2025",Colorado Avalanche,Ivan Ivan,Recalled from AHL
"Jan 22, 2025",Colorado Avalanche,Jere Innala,Recalled from AHL
"Jan 22, 2025",Toronto Maple Leafs,Jacob Quillan,Recalled from AHL
"Jan 22, 2025",Toronto Maple Leafs,Max Pacioretty,Placed on IR
"Jan 21, 2025",Winnipeg Jets,Adam Lowry,Placed on IR
"Jan 21, 2025",Nashville Predators,Cole Smith,Activated from IR
"Jan 21, 2025",Anaheim Ducks,Trevor Zegras,Activated from IR
"Jan 21, 2025",Calgary Flames,Rory Kerins,Recalled from AHL
"Jan 21, 2025",Detroit Red Wings,Marco Kasper,Assigned to AHL
"Jan 21, 2025",Detroit Red Wings,William Lagesson,Assigned to AHL
"Jan 21, 2025",Calgary Flames,Walker Duehr,Placed on Waivers
"Jan 21, 2025",Boston Bruins,Max Jones,Recalled from AHL
"Jan 21, 2025",Boston Bruins,Patrick Brown,Recalled from AHL
"Jan 21, 2025",Buffalo Sabres,Tyson Kozak,Recalled from AHL
"Jan 21, 2025",Buffalo Sabres,Devon Levi,Assigned to AHL
"Jan 21, 2025",Colorado Avalanche,Ivan Ivan,Assigned to AHL
"Jan 21, 2025",Minnesota Wild,Brendan Gaunce,Assigned to AHL
"Jan 21, 2025",Dallas Stars,Matěj  Blümel,Recalled from AHL
"Jan 21, 2025",Detroit Red Wings,Elmer Soderblom,Recalled from AHL
"Jan 21, 2025",Colorado Avalanche,Jere Innala,Assigned to AHL
"Jan 20, 2025",Anaheim Ducks,Sam Colangelo,Assigned to AHL
"Jan 20, 2025",San Jose Sharks,Ty Dellandrea,Placed on IR
"Jan 20, 2025",Buffalo Sabres,Jiri Kulich,Activated from IR
"Jan 20, 2025",Boston Bruins,Mark Kastelic,Placed on IR
"Jan 20, 2025",Buffalo Sabres,Tyson Kozak,Assigned to AHL
"Jan 20, 2025",Vancouver Canucks,Tyler Myers,Suspension Started
"Jan 20, 2025",Edmonton Oilers,Connor McDavid,Suspension Started
"Jan 20, 2025",Los Angeles Kings,Samuel Helenius,Recalled from AHL
"Jan 20, 2025",Edmonton Oilers,Derek Ryan,Assigned to AHL
"Jan 20, 2025",Edmonton Oilers,Derek Ryan,Cleared Waivers
"Jan 20, 2025",Vancouver Canucks,Mark Friedman,Recalled from AHL
"Jan 20, 2025",San Jose Sharks,Nikolai Kovalenko,Activated from IR
"Jan 20, 2025",Columbus Blue Jackets,Justin Danforth,Activated from IR
"Jan 20, 2025",Dallas Stars,Justin Hryckowian,Assigned to AHL
"Jan 20, 2025",Dallas Stars,Matěj  Blümel,Assigned to AHL
"Jan 20, 2025",Philadelphia Flyers,Rodrigo Abols,Recalled from AHL
"Jan 20, 2025",Philadelphia Flyers,Ryan Poehling,Placed on IR
"Jan 20, 2025",New Jersey Devils,Colton White,Assigned to AHL
"Jan 20, 2025",New Jersey Devils,Brian Halonen,Assigned to AHL
"Jan 20, 2025",Tampa Bay Lightning,Maxwell Crozier,Recalled from AHL
"Jan 20, 2025",Colorado Avalanche,Jere Innala,Recalled from AHL
"Jan 20, 2025",Carolina Hurricanes,Ty Smith,Assigned to AHL
"Jan 19, 2025",New York Islanders,Noah Dobson,Placed on IR
"Jan 19, 2025",Los Angeles Kings,Samuel Helenius,Assigned to AHL
"Jan 19, 2025",Tampa Bay Lightning,Maxwell Crozier,Assigned to AHL
"Jan 19, 2025",Vancouver Canucks,Jonathan Lekkerimäki,Assigned to AHL
"Jan 19, 2025",Vancouver Canucks,Guillaume Brisebois,Assigned to AHL
"Jan 19, 2025",Edmonton Oilers,Joshua Brown,Assigned to AHL
"Jan 19, 2025",Edmonton Oilers,Derek Ryan,Placed on Waivers
"Jan 19, 2025",Minnesota Wild,Dylan Ferguson,Assigned to AHL
"Jan 19, 2025",Seattle Kraken,Gustav Olofsson,Assigned to AHL
"Jan 19, 2025",Carolina Hurricanes,Jackson Blake,Recalled from AHL
"Jan 19, 2025",Carolina Hurricanes,Juha Jaaska,Recalled from AHL
"Jan 19, 2025",Carolina Hurricanes,Ty Smith,Recalled from AHL
"Jan 19, 2025",Calgary Flames,Rory Kerins,Assigned to AHL
"Jan 18, 2025",Washington Capitals,Charlie Lindgren,Activated from IR
"Jan 18, 2025",Boston Bruins,Mark Kastelic,Activated from IR
"Jan 18, 2025",Buffalo Sabres,Devon Levi,Recalled from AHL
"Jan 18, 2025",New Jersey Devils,Colton White,Assigned to AHL
"Jan 18, 2025",Minnesota Wild,Dylan Ferguson,Recalled from AHL
"Jan 18, 2025",Washington Capitals,Hunter Shepard,Assigned to AHL
"Jan 18, 2025",Detroit Red Wings,Ville Husso,Assigned to AHL
"Jan 18, 2025",Colorado Avalanche,Jere Innala,Assigned to AHL
"Jan 18, 2025",Colorado Avalanche,Ivan Ivan,Recalled from AHL
"Jan 18, 2025",Carolina Hurricanes,Jackson Blake,Assigned to AHL
"Jan 18, 2025",Carolina Hurricanes,Juha Jaaska,Assigned to AHL
"Jan 18, 2025",Carolina Hurricanes,Ty Smith,Assigned to AHL
"Jan 17, 2025",Vegas Golden Knights,Cole Schwindt,Placed on IR
"Jan 17, 2025",Tampa Bay Lightning,Maxwell Crozier,Recalled from AHL
"Jan 17, 2025",New Jersey Devils,Brian Halonen,Recalled from AHL
"Jan 17, 2025",New Jersey Devils,Colton White,Recalled from AHL
"Jan 17, 2025",Carolina Hurricanes,Dustin Tokarski,Assigned to AHL
"Jan 17, 2025",New York Islanders,Marc Gatcomb,Recalled from AHL
"Jan 17, 2025",Edmonton Oilers,John Klingberg,Signed 1 year @ $1.755M AAV starting in 2024-25
"Jan 17, 2025",Colorado Avalanche,Jason Polin,Assigned to AHL
"Jan 17, 2025",Minnesota Wild,Devin Shore,Recalled from AHL
"Jan 17, 2025",Boston Bruins,Vinni Lettieri,Recalled from AHL
"Jan 17, 2025",Boston Bruins,Matthew Poitras,Recalled from AHL
"Jan 17, 2025",Columbus Blue Jackets,Jake Christiansen,Signed 2 years @ $975K AAV starting in 2025-26
"Jan 16, 2025",Ottawa Senators,Michael Amadio,Activated from IR
"Jan 16, 2025",Toronto Maple Leafs,Jake McCabe,Activated from IR
"Jan 16, 2025",New Jersey Devils,Brian Halonen,Assigned to AHL
"Jan 16, 2025",Boston Bruins,Vinni Lettieri,Assigned to AHL
"Jan 16, 2025",Boston Bruins,Matthew Poitras,Assigned to AHL
"Jan 16, 2025",Minnesota Wild,Brendan Gaunce,Recalled from AHL
"Jan 16, 2025",Minnesota Wild,Liam Ohgren,Recalled from AHL
"Jan 16, 2025",Vancouver Canucks,Max Sasson,Recalled from AHL
"Jan 16, 2025",Vancouver Canucks,Jonathan Lekkerimäki,Recalled from AHL
"Jan 16, 2025",Vancouver Canucks,Guillaume Brisebois,Recalled from AHL
"Jan 16, 2025",Colorado Avalanche,John Ludvig,Assigned to AHL
"Jan 16, 2025",Pittsburgh Penguins,Joel Blomqvist,Recalled from AHL
"Jan 16, 2025",Pittsburgh Penguins,Tristan Jarry,Assigned to AHL
"Jan 16, 2025",Colorado Avalanche,John Ludvig,Cleared Waivers
"Jan 16, 2025",Pittsburgh Penguins,Tristan Jarry,Cleared Waivers
"Jan 16, 2025",Dallas Stars,Justin Hryckowian,Recalled from AHL
"Jan 16, 2025",Dallas Stars,Matěj  Blümel,Recalled from AHL
"Jan 16, 2025",Minnesota Wild,Jakub Lauko,Activated from LTIR
"Jan 16, 2025",Minnesota Wild,Devin Shore,Assigned to AHL
"Jan 16, 2025",Minnesota Wild,Ben Jones,Assigned to AHL
"Jan 16, 2025",Ottawa Senators,Donovan Sebrango,Recalled from AHL
"Jan 16, 2025",Ottawa Senators,Zack MacEwen,Assigned to AHL
"Jan 16, 2025",Toronto Maple Leafs,Fraser Minten,Recalled from AHL
"Jan 16, 2025",Toronto Maple Leafs,John Tavares,Placed on IR
"Jan 15, 2025",Tampa Bay Lightning,Jack Finley,Assigned to AHL
"Jan 15, 2025",Vancouver Canucks,Noah Juulsen,Placed on IR
"Jan 15, 2025",New Jersey Devils,Brian Halonen,Recalled from AHL
"Jan 15, 2025",Boston Bruins,Fabian Lysell,Assigned to AHL
"Jan 15, 2025",New York Islanders,Marc Gatcomb,Assigned to AHL
"Jan 15, 2025",Vancouver Canucks,Max Sasson,Assigned to AHL
"Jan 15, 2025",Vancouver Canucks,Jonathan Lekkerimäki,Assigned to AHL
"Jan 15, 2025",Vancouver Canucks,Guillaume Brisebois,Assigned to AHL
"Jan 15, 2025",Colorado Avalanche,John Ludvig,Placed on Waivers
"Jan 15, 2025",Pittsburgh Penguins,Tristan Jarry,Placed on Waivers
"Jan 15, 2025",Los Angeles Kings,Samuel Helenius,Recalled from AHL
"Jan 15, 2025",Chicago Blackhawks,Isaak Phillips,Traded to Winnipeg Jets
"Jan 15, 2025",Chicago Blackhawks,Dmitry Kuzmin,Acquired from Winnipeg Jets
"Jan 15, 2025",Winnipeg Jets,Dmitry Kuzmin,Traded to Chicago Blackhawks
"Jan 15, 2025",Winnipeg Jets,Isaak Phillips,Acquired from Chicago Blackhawks
"Jan 15, 2025",Dallas Stars,Arttu Hyry,Assigned to AHL
"Jan 15, 2025",Dallas Stars,Matěj  Blümel,Assigned to AHL
"Jan 15, 2025",Ottawa Senators,Maxence Guenette,Assigned to AHL
"Jan 15, 2025",Toronto Maple Leafs,Marshall Rifai,Assigned to AHL
"Jan 14, 2025",New York Rangers,Chris Kreider,Activated from IR
"Jan 14, 2025",Minnesota Wild,Marcus Johansson,Placed on IR
"Jan 14, 2025",Boston Bruins,Michael Callahan,Recalled from AHL
"Jan 14, 2025",Boston Bruins,Matthew Poitras,Recalled from AHL
"Jan 14, 2025",Boston Bruins,Hampus Lindholm,Placed on LTIR
"Jan 14, 2025",Boston Bruins,Fabian Lysell,Recalled from AHL
"Jan 14, 2025",Boston Bruins,Mark Kastelic,Placed on IR
"Jan 14, 2025",Boston Bruins,Charlie McAvoy,Placed on IR
"Jan 14, 2025",Edmonton Oilers,Noah Philp,Recalled from AHL
"Jan 14, 2025",Vancouver Canucks,Filip Hronek,Activated from IR
"Jan 14, 2025",Pittsburgh Penguins,Jesse Puljujarvi,Assigned to AHL
"Jan 14, 2025",Pittsburgh Penguins,Evgeni Malkin,Activated from IR
"Jan 14, 2025",New York Islanders,Marc Gatcomb,Emergency Recall
"Jan 14, 2025",Utah Hockey Club,John Marino,Activated from IR
"Jan 14, 2025",New York Rangers,Bo Groulx,Assigned to AHL
"Jan 14, 2025",Minnesota Wild,Ben Jones,Cleared Waivers
"Jan 14, 2025",Minnesota Wild,Devin Shore,Cleared Waivers
"Jan 14, 2025",Tampa Bay Lightning,Gage Goncalves,Assigned to AHL
"Jan 14, 2025",Tampa Bay Lightning,Gage Goncalves,Cleared Waivers
"Jan 14, 2025",Detroit Red Wings,William Lagesson,Recalled from AHL
"Jan 14, 2025",Detroit Red Wings,Marco Kasper,Recalled from AHL
"Jan 14, 2025",Detroit Red Wings,Ville Husso,Recalled from AHL
"Jan 14, 2025",Los Angeles Kings,Samuel Helenius,Assigned to AHL
"Jan 14, 2025",Carolina Hurricanes,Dustin Tokarski,Recalled from AHL
"Jan 14, 2025",Carolina Hurricanes,Ty Smith,Recalled from AHL
"Jan 14, 2025",Carolina Hurricanes,Juha Jaaska,Recalled from AHL
"Jan 14, 2025",Carolina Hurricanes,Jackson Blake,Recalled from AHL
"Jan 14, 2025",Tampa Bay Lightning,Jack Finley,Recalled from AHL
"Jan 13, 2025",Edmonton Oilers,Joshua Brown,Recalled from AHL
"Jan 13, 2025",Boston Bruins,Marc McLaughlin,Assigned to AHL
"Jan 13, 2025",New York Islanders,Grant Hutton,Assigned to AHL
"Jan 13, 2025",Vancouver Canucks,Erik Brannstrom,Assigned to AHL
"Jan 13, 2025",Detroit Red Wings,Marco Kasper,Assigned to AHL
"Jan 13, 2025",Detroit Red Wings,William Lagesson,Assigned to AHL
"Jan 13, 2025",Detroit Red Wings,Ville Husso,Assigned to AHL
"Jan 13, 2025",Columbus Blue Jackets,Zachary Aston-Reese,Signed 1 year @ $775K AAV starting in 2025-26
"Jan 13, 2025",Colorado Avalanche,Ivan Ivan,Assigned to AHL
"Jan 13, 2025",Colorado Avalanche,Ivan Ivan,Activated from IR
"Jan 13, 2025",Toronto Maple Leafs,Marshall Rifai,Recalled from AHL
"Jan 13, 2025",New Jersey Devils,Justin Dowling,Recalled from AHL
"Jan 13, 2025",San Jose Sharks,Shakir Mukhamadullin,Assigned to AHL
"Jan 13, 2025",Boston Bruins,Vinni Lettieri,Recalled from AHL
"Jan 13, 2025",Colorado Avalanche,Jason Polin,Recalled from AHL
"Jan 13, 2025",Colorado Avalanche,Jere Innala,Recalled from AHL
"Jan 13, 2025",Carolina Hurricanes,Dustin Tokarski,Assigned to AHL
"Jan 13, 2025",Carolina Hurricanes,Juha Jaaska,Assigned to AHL
"Jan 13, 2025",Carolina Hurricanes,Jackson Blake,Assigned to AHL
"Jan 13, 2025",Tampa Bay Lightning,Gage Goncalves,Placed on Waivers
"Jan 13, 2025",Minnesota Wild,Devin Shore,Placed on Waivers
"Jan 13, 2025",Minnesota Wild,Ben Jones,Placed on Waivers
"Jan 13, 2025",Vancouver Canucks,Erik Brannstrom,Cleared Waivers
"Jan 13, 2025",Boston Bruins,Marc McLaughlin,Cleared Waivers
"Jan 12, 2025",Edmonton Oilers,Joshua Brown,Assigned to AHL
"Jan 12, 2025",Vegas Golden Knights,Jakub Demek,Assigned to AHL
"Jan 12, 2025",Vegas Golden Knights,Jakub Demek,Activated from IR
"Jan 12, 2025",Vegas Golden Knights,Nicolas Roy,Activated from IR
"Jan 12, 2025",Carolina Hurricanes,Shayne Gostisbehere,Activated from IR
"Jan 12, 2025",New York Islanders,Jakub Skarek,Assigned to AHL
"Jan 12, 2025",Pittsburgh Penguins,Philip Tomasino,Activated from IR
"Jan 12, 2025",Pittsburgh Penguins,Evgeni Malkin,Placed on IR
"Jan 12, 2025",New York Islanders,Isaiah George,Recalled from AHL
"Jan 12, 2025",Toronto Maple Leafs,Marshall Rifai,Assigned to AHL
"Jan 12, 2025",New Jersey Devils,Justin Dowling,Assigned to AHL
"Jan 12, 2025",Boston Bruins,Marc McLaughlin,Placed on Waivers
"Jan 12, 2025",Utah Hockey Club,Maveric Lamoureux,Assigned to AHL
"Jan 12, 2025",Utah Hockey Club,Maveric Lamoureux,Activated from IR
"Jan 12, 2025",Vancouver Canucks,Erik Brannstrom,Placed on Waivers
"Jan 12, 2025",Carolina Hurricanes,Ty Smith,Assigned to AHL
"Jan 12, 2025",Carolina Hurricanes,Ty Smith,Cleared Waivers
"Jan 12, 2025",Colorado Avalanche,Trent Miner,Assigned to AHL
"Jan 12, 2025",Colorado Avalanche,Scott Wedgewood,Activated from IR
"Jan 12, 2025",Columbus Blue Jackets,Jet Greaves,Assigned to AHL
"Jan 12, 2025",Carolina Hurricanes,Dustin Tokarski,Recalled from AHL
"Jan 12, 2025",Carolina Hurricanes,Juha Jaaska,Recalled from AHL
"Jan 12, 2025",Carolina Hurricanes,Jackson Blake,Recalled from AHL
"Jan 12, 2025",Colorado Avalanche,Tye Felhaber,Assigned to AHL
"Jan 12, 2025",Colorado Avalanche,Jere Innala,Assigned to AHL
"Jan 11, 2025",Vegas Golden Knights,Ivan Barbashev,Activated from IR
"Jan 11, 2025",New York Islanders,Isaiah George,Assigned to AHL
"Jan 11, 2025",Chicago Blackhawks,Alec Martinez,Activated from IR
"Jan 11, 2025",San Jose Sharks,Nikolai Kovalenko,Placed on IR
"Jan 11, 2025",San Jose Sharks,Klim Kostin,Placed on IR
"Jan 11, 2025",San Jose Sharks,Carl Grundstrom,Activated from IR
"Jan 11, 2025",San Jose Sharks,Jake Walman,Activated from IR
"Jan 11, 2025",Carolina Hurricanes,Ty Smith,Placed on Waivers
"Jan 11, 2025",Washington Capitals,Charlie Lindgren,Placed on IR
"Jan 11, 2025",New York Rangers,Brett Berard,Assigned to AHL
"Jan 11, 2025",New York Rangers,Bo Groulx,Recalled from AHL
"Jan 11, 2025",New York Islanders,Jakub Skarek,Recalled from AHL
"Jan 11, 2025",Carolina Hurricanes,Jackson Blake,Assigned to AHL
"Jan 11, 2025",Carolina Hurricanes,Juha Jaaska,Assigned to AHL
"Jan 11, 2025",Carolina Hurricanes,Dustin Tokarski,Assigned to AHL
"Jan 11, 2025",Washington Capitals,Hunter Shepard,Recalled from AHL
"Jan 11, 2025",Nashville Predators,Kieffer Bellows,Recalled from AHL
"Jan 11, 2025",St. Louis Blues,Otto Stenberg,Assigned to AHL
"Jan 11, 2025",Dallas Stars,Matěj  Blümel,Recalled from AHL
"Jan 11, 2025",Toronto Maple Leafs,Marshall Rifai,Recalled from AHL
"Jan 11, 2025",New Jersey Devils,Justin Dowling,Recalled from AHL
"Jan 10, 2025",Vegas Golden Knights,Jonas Rondbjerg,Assigned to AHL
"Jan 10, 2025",New Jersey Devils,Justin Dowling,Assigned to AHL
"Jan 10, 2025",Vancouver Canucks,Elias Pettersson,Activated from IR
"Jan 10, 2025",Winnipeg Jets,Dylan Samberg,Activated from IR
"Jan 10, 2025",Ottawa Senators,Noah Gregor,Placed on IR
"Jan 10, 2025",Washington Capitals,Ivan Miroshnichenko,Assigned to AHL
"Jan 10, 2025",Washington Capitals,Ethen Frank,Recalled from AHL
"Jan 10, 2025",Utah Hockey Club,Josh Doan,Recalled from AHL
"Jan 10, 2025",Calgary Flames,Rory Kerins,Recalled from AHL
"Jan 10, 2025",Calgary Flames,Connor Zary,Placed on IR
"Jan 10, 2025",Ottawa Senators,Zack MacEwen,Recalled from AHL
"Jan 10, 2025",Ottawa Senators,Matthew Highmore,Recalled from AHL
"Jan 10, 2025",Columbus Blue Jackets,Jet Greaves,Recalled from AHL
"Jan 10, 2025",Columbus Blue Jackets,Owen Sillinger,Assigned to AHL
"Jan 10, 2025",Ottawa Senators,Ridly Greig,Signed 4 years @ $3.250M AAV starting in 2025-26
"Jan 9, 2025",Edmonton Oilers,Joshua Brown,Recalled from AHL
"Jan 9, 2025",Utah Hockey Club,Dylan Guenther,Placed on IR
"Jan 9, 2025",Toronto Maple Leafs,Marshall Rifai,Assigned to AHL
"Jan 9, 2025",Utah Hockey Club,Connor Ingram,Activated from IR
"Jan 9, 2025",Utah Hockey Club,Jaxson Stauber,Assigned to AHL
"Jan 9, 2025",Detroit Red Wings,William Lagesson,Recalled from AHL
"Jan 9, 2025",Detroit Red Wings,Marco Kasper,Recalled from AHL
"Jan 9, 2025",Seattle Kraken,John Hayden,Recalled from AHL
"Jan 9, 2025",Seattle Kraken,Daniel Sprong,Assigned to AHL
"Jan 9, 2025",Seattle Kraken,Daniel Sprong,Cleared Waivers
"Jan 9, 2025",Vancouver Canucks,Arturs Silovs,Assigned to AHL
"Jan 9, 2025",Columbus Blue Jackets,Owen Sillinger,Emergency Recall
"Jan 9, 2025",Columbus Blue Jackets,Sean Monahan,Placed on IR
"Jan 9, 2025",New York Rangers,Igor Shesterkin,Activated from IR
"Jan 9, 2025",New York Rangers,Louis Domingue,Assigned to AHL
"Jan 8, 2025",Edmonton Oilers,Joshua Brown,Assigned to AHL
"Jan 8, 2025",Chicago Blackhawks,Craig Smith,Placed on IR
"Jan 8, 2025",Toronto Maple Leafs,Marshall Rifai,Recalled from AHL
"Jan 8, 2025",Vancouver Canucks,Derek Forbort,Activated from IR
"Jan 8, 2025",Detroit Red Wings,William Lagesson,Assigned to AHL
"Jan 8, 2025",Detroit Red Wings,Marco Kasper,Assigned to AHL
"Jan 8, 2025",Columbus Blue Jackets,Luca Del Bel Belluz,Recalled from AHL
"Jan 8, 2025",New York Rangers,Matt Rempe,Suspension Ended
"Jan 8, 2025",Buffalo Sabres,Jiri Kulich,Placed on IR
"Jan 8, 2025",Buffalo Sabres,Tyson Kozak,Recalled from AHL
"Jan 8, 2025",Anaheim Ducks,Sam Colangelo,Recalled from AHL
"Jan 8, 2025",Ottawa Senators,Jan Jenik,Assigned to AHL
"Jan 8, 2025",Minnesota Wild,Devin Shore,Assigned to AHL
"Jan 8, 2025",Minnesota Wild,David Jiricek,Recalled from AHL
"Jan 8, 2025",Minnesota Wild,Dylan Ferguson,Assigned to AHL
"Jan 8, 2025",Minnesota Wild,Dylan Ferguson,Cleared Waivers
"Jan 8, 2025",Seattle Kraken,Daniel Sprong,Placed on Waivers
"Jan 8, 2025",Minnesota Wild,Jakub Lauko,Placed on LTIR
"Jan 7, 2025",Ottawa Senators,Jacob Bernard-Docker,Placed on IR
"Jan 7, 2025",Toronto Maple Leafs,Marshall Rifai,Assigned to AHL
"Jan 7, 2025",New York Rangers,Matt Rempe,Recalled from AHL
"Jan 7, 2025",New York Rangers,Chris Kreider,Placed on IR
"Jan 7, 2025",New York Islanders,Mike Reilly,Placed on LTIR
"Jan 7, 2025",Ottawa Senators,Linus Ullmark,Placed on IR
"Jan 7, 2025",New Jersey Devils,Justin Dowling,Recalled from AHL
"Jan 7, 2025",New York Islanders,Grant Hutton,Recalled from AHL
"Jan 7, 2025",Minnesota Wild,Jake Middleton,Activated from LTIR
"Jan 7, 2025",Minnesota Wild,Travis Boyd,Assigned to AHL
"Jan 7, 2025",Minnesota Wild,Brendan Gaunce,Assigned to AHL
"Jan 7, 2025",Carolina Hurricanes,Dustin Tokarski,Recalled from AHL
"Jan 7, 2025",Carolina Hurricanes,Juha Jaaska,Recalled from AHL
"Jan 7, 2025",Carolina Hurricanes,Jackson Blake,Recalled from AHL
"Jan 7, 2025",Minnesota Wild,Dylan Ferguson,Placed on Waivers
"Jan 7, 2025",Seattle Kraken,Joey Daccord,Activated from IR
"Jan 7, 2025",Seattle Kraken,Ben Meyers,Assigned to AHL
"Jan 7, 2025",Seattle Kraken,Ales Stezka,Assigned to AHL
"Jan 7, 2025",Seattle Kraken,Cale Fleury,Assigned to AHL
"Jan 7, 2025",Seattle Kraken,Mitchell Stephens,Recalled from AHL
"Jan 7, 2025",Nashville Predators,Kevin Gravel,Assigned to AHL
"Jan 7, 2025",Nashville Predators,Ozzy Wiesblatt,Assigned to AHL
"Jan 7, 2025",Minnesota Wild,Dylan Ferguson,Signed 1 year @ $775K AAV starting in 2024-25
"Jan 7, 2025",Ottawa Senators,Maxence Guenette,Recalled from AHL
"Jan 6, 2025",Nashville Predators,Luke Evangelista,Placed on IR
"Jan 6, 2025",Vegas Golden Knights,Jonas Rondbjerg,Recalled from AHL
"Jan 6, 2025",Ottawa Senators,Travis Hamonic,Placed on IR
"Jan 6, 2025",Toronto Maple Leafs,Marshall Rifai,Recalled from AHL
"Jan 6, 2025",Nashville Predators,Jeremy Lauzon,Placed on IR
"Jan 6, 2025",Minnesota Wild,Jared Spurgeon,Placed on IR
"Jan 6, 2025",Minnesota Wild,Carson Lambos,Recalled from AHL
"Jan 6, 2025",Minnesota Wild,Brendan Gaunce,Recalled from AHL
"Jan 6, 2025",Minnesota Wild,Travis Boyd,Recalled from AHL
"Jan 6, 2025",Colorado Avalanche,Tye Felhaber,Recalled from AHL
"Jan 6, 2025",Carolina Hurricanes,Jackson Blake,Assigned to AHL
"Jan 6, 2025",New York Rangers,Matt Rempe,Assigned to AHL
"Jan 6, 2025",Toronto Maple Leafs,Jake McCabe,Placed on IR
"Jan 6, 2025",Los Angeles Kings,Samuel Helenius,Recalled from AHL
"Jan 6, 2025",Los Angeles Kings,Arthur Kaliyev,Lost on Waivers to New York Rangers
"Jan 6, 2025",New York Rangers,Arthur Kaliyev,Claimed on Waivers from Los Angeles Kings
"Jan 6, 2025",Carolina Hurricanes,Dustin Tokarski,Assigned to AHL
"Jan 6, 2025",Carolina Hurricanes,Juha Jaaska,Assigned to AHL
"Jan 6, 2025",Dallas Stars,Arttu Hyry,Recalled from AHL
"Jan 6, 2025",Ottawa Senators,Nikolas Matinpalo,Recalled from AHL
"Jan 6, 2025",Ottawa Senators,Jan Jenik,Recalled from AHL
"Jan 6, 2025",Vancouver Canucks,Jonathan Lekkerimäki,Emergency Recall
"Jan 6, 2025",Vancouver Canucks,Dakota Joshua,Placed on IR
"Jan 5, 2025",Seattle Kraken,Yanni Gourde,Placed on IR
"Jan 5, 2025",Seattle Kraken,Joey Daccord,Placed on IR
"Jan 5, 2025",Utah Hockey Club,Kevin Connauton,Assigned to AHL
"Jan 5, 2025",Los Angeles Kings,Samuel Helenius,Assigned to AHL
"Jan 5, 2025",Nashville Predators,Kevin Gravel,Recalled from AHL
"Jan 5, 2025",Vegas Golden Knights,Tanner Laczynski,Assigned to AHL
"Jan 5, 2025",Colorado Avalanche,Oskar Olausson,Assigned to AHL
"Jan 5, 2025",Seattle Kraken,Gustav Olofsson,Recalled from AHL
"Jan 5, 2025",Seattle Kraken,Cale Fleury,Recalled from AHL
"Jan 5, 2025",Florida Panthers,Tobias Bjornfot,Recalled from AHL
"Jan 5, 2025",Pittsburgh Penguins,Philip Tomasino,Placed on IR
"Jan 5, 2025",Pittsburgh Penguins,Kris Letang,Activated from IR
"Jan 5, 2025",Los Angeles Kings,Arthur Kaliyev,Placed on Waivers
"Jan 5, 2025",Utah Hockey Club,Nick DeSimone,Cleared Waivers
"Jan 5, 2025",New Jersey Devils,Nick DeSimone,Lost on Waivers to Utah Hockey Club
"Jan 5, 2025",Anaheim Ducks,Frank Vatrano,Signed 3 years @ $6.000M AAV starting in 2025-26
"Jan 5, 2025",Carolina Hurricanes,Juha Jaaska,Recalled from AHL
"Jan 5, 2025",Carolina Hurricanes,Shayne Gostisbehere,Placed on IR
"Jan 5, 2025",Dallas Stars,Arttu Hyry,Assigned to AHL
"Jan 5, 2025",Anaheim Ducks,Nikita Nesterenko,Recalled from AHL
"Jan 5, 2025",Minnesota Wild,Carson Lambos,Assigned to AHL
"Jan 5, 2025",Minnesota Wild,Brendan Gaunce,Assigned to AHL
"Jan 4, 2025",New York Islanders,Hudson Fasching,Placed on IR
"Jan 4, 2025",New Jersey Devils,Erik Haula,Placed on IR
"Jan 4, 2025",Utah Hockey Club,Robert Bortuzzo,Placed on IR
"Jan 4, 2025",Colorado Avalanche,Scott Wedgewood,Placed on IR
"Jan 4, 2025",Carolina Hurricanes,Jack Drury,Activated from IR
"Jan 4, 2025",New Jersey Devils,Nick DeSimone,Placed on Waivers
"Jan 4, 2025",Edmonton Oilers,Joshua Brown,Recalled from AHL
"Jan 4, 2025",Toronto Maple Leafs,Auston Matthews,Activated from IR
"Jan 4, 2025",Los Angeles Kings,Trevor Lewis,Activated from IR
"Jan 4, 2025",Los Angeles Kings,Trevor Moore,Activated from IR
"Jan 4, 2025",San Jose Sharks,Jake Walman,Placed on IR
"Jan 4, 2025",San Jose Sharks,William Eklund,Activated from IR
"Jan 4, 2025",Utah Hockey Club,Kevin Connauton,Recalled from AHL
"Jan 4, 2025",Los Angeles Kings,Andre Lee,Assigned to AHL
"Jan 4, 2025",Seattle Kraken,Ben Meyers,Recalled from AHL
"Jan 4, 2025",Carolina Hurricanes,Ty Smith,Recalled from AHL
"Jan 4, 2025",Carolina Hurricanes,Jackson Blake,Recalled from AHL
"Jan 3, 2025",Toronto Maple Leafs,Dakota Mermis,Assigned to AHL
"Jan 3, 2025",Detroit Red Wings,William Lagesson,Recalled from AHL
"Jan 3, 2025",Nashville Predators,Fedor Svechkov,Recalled from AHL
"Jan 3, 2025",Winnipeg Jets,Mason Appleton,Placed on IR
"Jan 3, 2025",Vancouver Canucks,Arturs Silovs,Emergency Recall
"Jan 3, 2025",Vancouver Canucks,Elias Pettersson,Placed on IR
"Jan 3, 2025",Carolina Hurricanes,Ty Smith,Assigned to AHL
"Jan 3, 2025",Carolina Hurricanes,Jackson Blake,Assigned to AHL
"Jan 3, 2025",Carolina Hurricanes,Juha Jaaska,Assigned to AHL
"Jan 3, 2025",Colorado Avalanche,Trent Miner,Recalled from AHL
"Jan 3, 2025",Boston Bruins,Mark Kastelic,Signed 3 years @ $1.567M AAV starting in 2025-26
"Jan 3, 2025",Toronto Maple Leafs,Philippe Myers,Signed 2 years @ $850K AAV starting in 2025-26
"Jan 3, 2025",Pittsburgh Penguins,Colton Poolman,Assigned to AHL
"Jan 3, 2025",Buffalo Sabres,Bennett MacArthur,Assigned to AHL
"Jan 3, 2025",Pittsburgh Penguins,Bennett MacArthur,Traded to Buffalo Sabres
"Jan 3, 2025",Pittsburgh Penguins,Colton Poolman,Acquired from Buffalo Sabres
"Jan 3, 2025",Buffalo Sabres,Bennett MacArthur,Acquired from Pittsburgh Penguins
"Jan 3, 2025",Buffalo Sabres,Colton Poolman,Traded to Pittsburgh Penguins
"Jan 3, 2025",Toronto Maple Leafs,Dakota Mermis,Claimed on Waivers from Utah Hockey Club
"Jan 3, 2025",Utah Hockey Club,Dakota Mermis,Lost on Waivers to Toronto Maple Leafs
"Jan 3, 2025",Ottawa Senators,Nikolas Matinpalo,Assigned to AHL
"Jan 2, 2025",Ottawa Senators,Michael Amadio,Placed on IR
"Jan 2, 2025",Vegas Golden Knights,Ivan Barbashev,Placed on IR
"Jan 2, 2025",San Jose Sharks,Marc-Edouard Vlasic,Activated from IR
"Jan 2, 2025",Ottawa Senators,Anton Forsberg,Activated from IR
"Jan 2, 2025",Ottawa Senators,Artem Zub,Activated from LTIR
"Jan 2, 2025",Colorado Avalanche,Keaton Middleton,Signed 2 years @ $775K AAV starting in 2025-26
"Jan 2, 2025",Dallas Stars,Oskar Bäck,Signed 2 years @ $800K AAV starting in 2025-26
"Jan 2, 2025",San Jose Sharks,Carl Grundstrom,Placed on IR
"Jan 2, 2025",Utah Hockey Club,Dakota Mermis,Placed on Waivers
"Jan 2, 2025",Dallas Stars,Arttu Hyry,Recalled from AHL
"Jan 2, 2025",Toronto Maple Leafs,Marshall Rifai,Assigned to AHL
"Jan 2, 2025",Nashville Predators,Spencer Stastney,Recalled from AHL
"Jan 2, 2025",Nashville Predators,Ozzy Wiesblatt,Recalled from AHL
"Jan 2, 2025",Vegas Golden Knights,Tanner Laczynski,Recalled from AHL
"Jan 2, 2025",Vegas Golden Knights,Jonas Rondbjerg,Recalled from AHL
"Jan 2, 2025",Carolina Hurricanes,Jackson Blake,Recalled from AHL
"Jan 2, 2025",Carolina Hurricanes,Ty Smith,Recalled from AHL
"Jan 2, 2025",Carolina Hurricanes,Riley Stillman,Assigned to AHL
"Jan 2, 2025",Carolina Hurricanes,Dustin Tokarski,Recalled from AHL
"Jan 2, 2025",Ottawa Senators,Mads Sogaard,Assigned to AHL
"Jan 1, 2025",Detroit Red Wings,Jeff Petry,Placed on IR
"Jan 1, 2025",Chicago Blackhawks,Connor Murphy,Placed on IR
"Jan 1, 2025",Minnesota Wild,Kirill Kaprizov,Placed on IR
"Jan 1, 2025",Colorado Avalanche,Oliver Kylington,Placed on IR
"Jan 1, 2025",Chicago Blackhawks,Joey Anderson,Assigned to AHL
"Jan 1, 2025",Chicago Blackhawks,Colton Dach,Recalled from AHL
"Jan 1, 2025",Anaheim Ducks,Nikita Nesterenko,Recalled from AHL
"Jan 1, 2025",Dallas Stars,Justin Hryckowian,Assigned to AHL
"Jan 1, 2025",Pittsburgh Penguins,Nathan Clurman,Assigned to AHL
"Jan 1, 2025",Minnesota Wild,Brendan Gaunce,Recalled from AHL
"Jan 1, 2025",Minnesota Wild,Carson Lambos,Recalled from AHL
"Jan 1, 2025",Vegas Golden Knights,Jonas Rondbjerg,Assigned to AHL
"Jan 1, 2025",Colorado Avalanche,Oskar Olausson,Recalled from AHL
"Jan 1, 2025",Carolina Hurricanes,Jackson Blake,Assigned to AHL
"Jan 1, 2025",Carolina Hurricanes,Juha Jaaska,Recalled from AHL
"Jan 1, 2025",Carolina Hurricanes,Ty Smith,Assigned to AHL
"Jan 1, 2025",Carolina Hurricanes,Dustin Tokarski,Assigned to AHL
"Dec 31, 2024",New York Rangers,Igor Shesterkin,Placed on IR
"Dec 31, 2024",Pittsburgh Penguins,Kris Letang,Placed on IR
"Dec 31, 2024",Detroit Red Wings,Ondrej Becher,Signed to an entry level contract.
"Dec 31, 2024",San Jose Sharks,William Eklund,Placed on IR
"Dec 31, 2024",Colorado Avalanche,Ivan Ivan,Placed on IR
"Dec 31, 2024",Colorado Avalanche,Jonathan Drouin,Activated from IR
"Dec 31, 2024",Pittsburgh Penguins,Jesse Puljujarvi,Cleared Waivers
"Dec 31, 2024",San Jose Sharks,Collin Graf,Recalled from AHL
"Dec 31, 2024",Toronto Maple Leafs,Jani Hakanpää,Placed on LTIR
"Dec 31, 2024",Toronto Maple Leafs,Auston Matthews,Placed on IR
"Dec 31, 2024",Toronto Maple Leafs,Marshall Rifai,Recalled from AHL
"Dec 31, 2024",Los Angeles Kings,Samuel Helenius,Recalled from AHL
"Dec 31, 2024",Los Angeles Kings,Andre Lee,Recalled from AHL
"Dec 31, 2024",New York Rangers,Louis Domingue,Recalled from AHL
"Dec 31, 2024",Seattle Kraken,Gustav Olofsson,Assigned to AHL
"Dec 30, 2024",Winnipeg Jets,Haydn Fleury,Placed on IR
"Dec 30, 2024",Carolina Hurricanes,Jack Drury,Placed on IR
"Dec 30, 2024",Pittsburgh Penguins,Jesse Puljujarvi,Placed on Waivers
"Dec 30, 2024",Anaheim Ducks,Calle Clang,Assigned to AHL
"Dec 30, 2024",Dallas Stars,Lian Bichsel,Assigned to AHL
"Dec 30, 2024",Los Angeles Kings,Samuel Helenius,Assigned to AHL
"Dec 30, 2024",Los Angeles Kings,Andre Lee,Assigned to AHL
"Dec 30, 2024",Winnipeg Jets,Dominic Toninato,Recalled from AHL
"Dec 30, 2024",Minnesota Wild,Brendan Gaunce,Assigned to AHL
"Dec 30, 2024",Vegas Golden Knights,Tanner Laczynski,Assigned to AHL
"Dec 30, 2024",Vegas Golden Knights,Jonas Rondbjerg,Recalled from AHL
"Dec 30, 2024",Carolina Hurricanes,Jackson Blake,Recalled from AHL
"Dec 30, 2024",Carolina Hurricanes,Ty Smith,Recalled from AHL
"Dec 30, 2024",Carolina Hurricanes,Riley Stillman,Recalled from AHL
"Dec 30, 2024",Carolina Hurricanes,Dustin Tokarski,Recalled from AHL
"Dec 30, 2024",Toronto Maple Leafs,Dennis Hildeby,Recalled from AHL
"Dec 30, 2024",Toronto Maple Leafs,Matt Murray,Assigned to AHL
"Dec 29, 2024",Anaheim Ducks,Brock McGinn,Placed on IR
"Dec 29, 2024",Minnesota Wild,Joel Eriksson Ek,Activated from IR
"Dec 29, 2024",Washington Capitals,Lars Eller,Activated from IR
"Dec 29, 2024",Boston Bruins,Fabian Lysell,Assigned to AHL
"Dec 29, 2024",Washington Capitals,Hendrix Lapierre,Assigned to AHL
"Dec 29, 2024",Winnipeg Jets,Daniel Torgersson,Cleared Waivers
"Dec 29, 2024",Montreal Canadiens,Cayden Primeau,Assigned to AHL
"Dec 29, 2024",Montreal Canadiens,Cayden Primeau,Cleared Waivers
"Dec 29, 2024",Carolina Hurricanes,Ty Smith,Assigned to AHL
"Dec 29, 2024",Carolina Hurricanes,Jackson Blake,Assigned to AHL
"Dec 29, 2024",Carolina Hurricanes,Dustin Tokarski,Assigned to AHL
"Dec 29, 2024",Chicago Blackhawks,Wyatt Kaiser,Recalled from AHL
"Dec 28, 2024",Chicago Blackhawks,Kevin Korchinski,Assigned to AHL
"Dec 28, 2024",Ottawa Senators,David Perron,Placed on LTIR
"Dec 28, 2024",Ottawa Senators,Anton Forsberg,Placed on IR
"Dec 28, 2024",Washington Capitals,Alex Ovechkin,Activated from IR
"Dec 28, 2024",Boston Bruins,Fabian Lysell,Recalled from AHL
"Dec 28, 2024",Colorado Avalanche,Givani Smith,Assigned to AHL
"Dec 28, 2024",Nashville Predators,Ondrej Pavel,Acquired from Colorado Avalanche
"Dec 28, 2024",Nashville Predators,Juuso Parssinen,Traded to Colorado Avalanche
"Dec 28, 2024",Colorado Avalanche,Juuso Parssinen,Acquired from Nashville Predators
"Dec 28, 2024",Colorado Avalanche,Ondrej Pavel,Traded to Nashville Predators
"Dec 28, 2024",Anaheim Ducks,Calle Clang,Recalled from AHL
"Dec 28, 2024",Colorado Avalanche,Jere Innala,Recalled from AHL
"Dec 28, 2024",Colorado Avalanche,Keaton Middleton,Recalled from AHL
"Dec 28, 2024",Carolina Hurricanes,Ty Smith,Recalled from AHL
"Dec 28, 2024",Montreal Canadiens,Cayden Primeau,Placed on Waivers
"Dec 28, 2024",Winnipeg Jets,Daniel Torgersson,Placed on Waivers
"Dec 28, 2024",Dallas Stars,Justin Hryckowian,Recalled from AHL
"Dec 28, 2024",Nashville Predators,Vinnie Hinostroza,Recalled from AHL
"Dec 28, 2024",Los Angeles Kings,Arthur Kaliyev,Activated from IR
"Dec 28, 2024",Los Angeles Kings,Trevor Moore,Placed on IR
"Dec 28, 2024",Ottawa Senators,Nikolas Matinpalo,Recalled from AHL
"Dec 27, 2024",San Jose Sharks,Vitek Vanecek,Placed on IR
"Dec 27, 2024",San Jose Sharks,Klim Kostin,Activated from IR
"Dec 27, 2024",New York Rangers,K'Andre Miller,Activated from IR
"Dec 27, 2024",Colorado Avalanche,Josh Manson,Activated from IR
"Dec 27, 2024",Vegas Golden Knights,Tanner Laczynski,Recalled from AHL
"Dec 27, 2024",Vegas Golden Knights,Ben Hutton,Activated from LTIR
"Dec 27, 2024",Vegas Golden Knights,Nicolas Roy,Placed on IR
"Dec 27, 2024",Vancouver Canucks,Guillaume Brisebois,Recalled from AHL
"Dec 27, 2024",Vancouver Canucks,Max Sasson,Recalled from AHL
"Dec 27, 2024",Vancouver Canucks,Phillip Di Giuseppe,Recalled from AHL
"Dec 27, 2024",Pittsburgh Penguins,Nathan Clurman,Recalled from AHL
"Dec 27, 2024",New Jersey Devils,Nick DeSimone,Recalled from AHL
"Dec 27, 2024",New Jersey Devils,Justin Dowling,Recalled from AHL
"Dec 27, 2024",Dallas Stars,Lian Bichsel,Recalled from AHL
"Dec 27, 2024",Boston Bruins,Marc McLaughlin,Recalled from AHL
"Dec 27, 2024",Los Angeles Kings,Andre Lee,Recalled from AHL
"Dec 27, 2024",Philadelphia Flyers,Olle Lycksell,Recalled from AHL
"Dec 27, 2024",Montreal Canadiens,Jakub Dobes,Recalled from AHL
"Dec 27, 2024",Minnesota Wild,Brendan Gaunce,Recalled from AHL
"Dec 27, 2024",Minnesota Wild,Devin Shore,Recalled from AHL
"Dec 27, 2024",Detroit Red Wings,Marco Kasper,Recalled from AHL
"Dec 27, 2024",Seattle Kraken,Gustav Olofsson,Recalled from AHL
"Dec 27, 2024",Seattle Kraken,Ales Stezka,Recalled from AHL
"Dec 27, 2024",Columbus Blue Jackets,Denton Mateychuk,Recalled from AHL
"Dec 27, 2024",Columbus Blue Jackets,Mikael Pyyhtia,Recalled from AHL
"Dec 27, 2024",Carolina Hurricanes,Jackson Blake,Recalled from AHL
"Dec 27, 2024",Carolina Hurricanes,Riley Stillman,Recalled from AHL
"Dec 27, 2024",Carolina Hurricanes,Dustin Tokarski,Recalled from AHL
"Dec 27, 2024",Calgary Flames,Walker Duehr,Recalled from AHL
"Dec 27, 2024",Calgary Flames,Jakob Pelletier,Recalled from AHL
"Dec 27, 2024",Ottawa Senators,Leevi Meriläinen,Recalled from AHL
"Dec 27, 2024",Ottawa Senators,Zack Ostapchuk,Recalled from AHL
"Dec 27, 2024",Ottawa Senators,Cole Reinhardt,Recalled from AHL
"Dec 27, 2024",Ottawa Senators,Mads Sogaard,Recalled from AHL
"Dec 27, 2024",Colorado Avalanche,Mackenzie Blackwood,Signed 5 years @ $5.250M AAV starting in 2025-26
"Dec 26, 2024",Toronto Maple Leafs,Dennis Hildeby,Assigned to AHL
"Dec 26, 2024",Toronto Maple Leafs,Matt Murray,Recalled from AHL
"Dec 24, 2024",Edmonton Oilers,Connor Clattenburg,Signed to an entry level contract.
"Dec 24, 2024",Pittsburgh Penguins,Nathan Clurman,Assigned to AHL
"Dec 24, 2024",Dallas Stars,Lian Bichsel,Assigned to AHL
"Dec 24, 2024",Carolina Hurricanes,Dustin Tokarski,Assigned to AHL
"Dec 24, 2024",Vancouver Canucks,Phillip Di Giuseppe,Assigned to AHL
"Dec 24, 2024",Vancouver Canucks,Linus Karlsson,Assigned to AHL
"Dec 24, 2024",Vancouver Canucks,Max Sasson,Assigned to AHL
"Dec 23, 2024",Nashville Predators,Cole Smith,Placed on IR
"Dec 23, 2024",Minnesota Wild,Yakov Trenin,Activated from IR
"Dec 23, 2024",Vegas Golden Knights,Tanner Laczynski,Assigned to AHL
"Dec 23, 2024",Washington Capitals,Henrik Rybinski,Assigned to AHL
"Dec 23, 2024",Pittsburgh Penguins,Nathan Clurman,Recalled from AHL
"Dec 23, 2024",Boston Bruins,Marc McLaughlin,Assigned to AHL
"Dec 23, 2024",Los Angeles Kings,Andre Lee,Assigned to AHL
"Dec 23, 2024",Winnipeg Jets,Simon Lundmark,Assigned to AHL
"Dec 23, 2024",New York Rangers,Chad Ruhwedel,Assigned to AHL
"Dec 23, 2024",Colorado Avalanche,Jere Innala,Assigned to AHL
"Dec 23, 2024",Colorado Avalanche,Keaton Middleton,Assigned to AHL
"Dec 23, 2024",Seattle Kraken,Ben Meyers,Assigned to AHL
"Dec 23, 2024",Seattle Kraken,Gustav Olofsson,Assigned to AHL
"Dec 23, 2024",Columbus Blue Jackets,Jet Greaves,Assigned to AHL
"Dec 23, 2024",Columbus Blue Jackets,Mikael Pyyhtia,Assigned to AHL
"Dec 23, 2024",Columbus Blue Jackets,Denton Mateychuk,Assigned to AHL
"Dec 23, 2024",Carolina Hurricanes,Jackson Blake,Assigned to AHL
"Dec 23, 2024",Carolina Hurricanes,Riley Stillman,Assigned to AHL
"Dec 23, 2024",Florida Panthers,Rasmus Asplund,Assigned to AHL
"Dec 23, 2024",Ottawa Senators,Leevi Meriläinen,Assigned to AHL
"Dec 23, 2024",Ottawa Senators,Zack Ostapchuk,Assigned to AHL
"Dec 23, 2024",Ottawa Senators,Cole Reinhardt,Assigned to AHL
"Dec 22, 2024",Winnipeg Jets,Simon Lundmark,Recalled from AHL
"Dec 22, 2024",Philadelphia Flyers,Olle Lycksell,Assigned to AHL
"Dec 22, 2024",Minnesota Wild,Brendan Gaunce,Assigned to AHL
"Dec 22, 2024",Minnesota Wild,Devin Shore,Assigned to AHL
"Dec 22, 2024",Detroit Red Wings,Marco Kasper,Assigned to AHL
"Dec 22, 2024",Detroit Red Wings,William Lagesson,Assigned to AHL
"Dec 22, 2024",Columbus Blue Jackets,Denton Mateychuk,Recalled from AHL
"Dec 22, 2024",Columbus Blue Jackets,Jet Greaves,Recalled from AHL
"Dec 22, 2024",Columbus Blue Jackets,James Malatesta,Assigned to AHL
"Dec 22, 2024",New York Rangers,Matt Rempe,Suspension Started
"Dec 22, 2024",Florida Panthers,Rasmus Asplund,Recalled from AHL
"Dec 22, 2024",Carolina Hurricanes,Jackson Blake,Recalled from AHL
"Dec 22, 2024",Carolina Hurricanes,Riley Stillman,Recalled from AHL
"Dec 22, 2024",Carolina Hurricanes,Dustin Tokarski,Recalled from AHL
"Dec 22, 2024",Calgary Flames,Walker Duehr,Assigned to AHL
"Dec 22, 2024",Calgary Flames,Jakob Pelletier,Assigned to AHL
"Dec 21, 2024",Chicago Blackhawks,Petr Mrazek,Activated from IR
"Dec 21, 2024",Chicago Blackhawks,Seth Jones,Activated from IR
"Dec 21, 2024",Winnipeg Jets,David Gustafsson,Activated from IR
"Dec 21, 2024",Carolina Hurricanes,Dustin Tokarski,Assigned to AHL
"Dec 21, 2024",Carolina Hurricanes,Riley Stillman,Assigned to AHL
"Dec 21, 2024",Carolina Hurricanes,Jackson Blake,Assigned to AHL
"Dec 21, 2024",Seattle Kraken,Ben Meyers,Recalled from AHL
"Dec 21, 2024",Seattle Kraken,Gustav Olofsson,Recalled from AHL
"Dec 21, 2024",Minnesota Wild,Travis Boyd,Assigned to AHL
"Dec 21, 2024",Minnesota Wild,Jesper Wallstedt,Assigned to AHL
"Dec 21, 2024",Philadelphia Flyers,Olle Lycksell,Recalled from AHL
"Dec 21, 2024",Boston Bruins,Marc McLaughlin,Recalled from AHL
"Dec 21, 2024",Dallas Stars,Justin Hryckowian,Assigned to AHL
"Dec 21, 2024",Toronto Maple Leafs,Dennis Hildeby,Recalled from AHL
"Dec 21, 2024",Toronto Maple Leafs,Matt Murray,Assigned to AHL
"Dec 21, 2024",New Jersey Devils,Colton White,Assigned to AHL
"Dec 20, 2024",Buffalo Sabres,Sam Lafferty,Activated from IR
"Dec 20, 2024",Washington Capitals,Henrik Rybinski,Recalled from AHL
"Dec 20, 2024",Boston Bruins,Tyler Johnson,Cleared Waivers
"Dec 20, 2024",Minnesota Wild,Devin Shore,Recalled from AHL
"Dec 20, 2024",Minnesota Wild,Travis Boyd,Recalled from AHL
"Dec 20, 2024",Nashville Predators,Kevin Gravel,Assigned to AHL
"Dec 20, 2024",Nashville Predators,Marc Del Gaizo,Assigned to AHL
"Dec 20, 2024",Detroit Red Wings,William Lagesson,Recalled from AHL
"Dec 20, 2024",Dallas Stars,Lian Bichsel,Recalled from AHL
"Dec 20, 2024",Dallas Stars,Justin Hryckowian,Recalled from AHL
"Dec 20, 2024",Toronto Maple Leafs,Matt Murray,Recalled from AHL
"Dec 20, 2024",Toronto Maple Leafs,Dennis Hildeby,Assigned to AHL
"Dec 20, 2024",Boston Bruins,Marc McLaughlin,Assigned to AHL
"Dec 20, 2024",Colorado Avalanche,Chris Wagner,Assigned to AHL
"Dec 19, 2024",New York Islanders,Anthony Duclair,Activated from LTIR
"Dec 19, 2024",New York Islanders,Semyon Varlamov,Placed on LTIR
"Dec 19, 2024",New York Islanders,Grant Hutton,Assigned to AHL
"Dec 19, 2024",Chicago Blackhawks,Wyatt Kaiser,Assigned to AHL
"Dec 19, 2024",New Jersey Devils,Justin Dowling,Recalled from AHL
"Dec 19, 2024",Vegas Golden Knights,Tanner Laczynski,Recalled from AHL
"Dec 19, 2024",Colorado Avalanche,Jere Innala,Recalled from AHL
"Dec 19, 2024",Colorado Avalanche,Tye Felhaber,Assigned to AHL
"Dec 19, 2024",Seattle Kraken,Mitchell Stephens,Assigned to AHL
"Dec 19, 2024",Winnipeg Jets,Nikita Chibrikov,Assigned to AHL
"Dec 19, 2024",Edmonton Oilers,Viktor Arvidsson,Activated from IR
"Dec 19, 2024",Boston Bruins,Tyler Johnson,Placed on Waivers
"Dec 19, 2024",Winnipeg Jets,Dylan Coghlan,Assigned to AHL
"Dec 19, 2024",Winnipeg Jets,Dylan Coghlan,Cleared Waivers
"Dec 19, 2024",New York Islanders,Grant Hutton,Cleared Waivers
"Dec 19, 2024",Nashville Predators,Marc Del Gaizo,Cleared Waivers
"Dec 19, 2024",Colorado Avalanche,Tye Felhaber,Cleared Waivers
"Dec 19, 2024",Pittsburgh Penguins,Nathan Clurman,Assigned to AHL
"Dec 19, 2024",Dallas Stars,Alexander Petrovic,Assigned to AHL
"Dec 19, 2024",Dallas Stars,Lian Bichsel,Assigned to AHL
"Dec 19, 2024",St. Louis Blues,Tyler Tucker,Recalled from AHL
"Dec 19, 2024",Detroit Red Wings,Ville Husso,Recalled from AHL
"Dec 19, 2024",Carolina Hurricanes,Dustin Tokarski,Recalled from AHL
"Dec 19, 2024",Carolina Hurricanes,Riley Stillman,Recalled from AHL
"Dec 19, 2024",Carolina Hurricanes,Jackson Blake,Recalled from AHL
"Dec 19, 2024",Ottawa Senators,Cole Reinhardt,Recalled from AHL
"Dec 18, 2024",Chicago Blackhawks,Drew Commesso,Assigned to AHL
"Dec 18, 2024",Columbus Blue Jackets,James Malatesta,Recalled from AHL
"Dec 18, 2024",Winnipeg Jets,Nikolaj Ehlers,Activated from IR
"Dec 18, 2024",Winnipeg Jets,David Gustafsson,Placed on IR
"Dec 18, 2024",Nashville Predators,Justin Barron,Acquired from Montreal Canadiens
"Dec 18, 2024",Nashville Predators,Alexandre Carrier,Traded to Montreal Canadiens
"Dec 18, 2024",Montreal Canadiens,Alexandre Carrier,Acquired from Nashville Predators
"Dec 18, 2024",Montreal Canadiens,Justin Barron,Traded to Nashville Predators
"Dec 18, 2024",Pittsburgh Penguins,P.O Joseph,Acquired from St. Louis Blues
"Dec 18, 2024",St. Louis Blues,P.O Joseph,Traded to Pittsburgh Penguins
"Dec 18, 2024",Seattle Kraken,Kaapo Kakko,Acquired from New York Rangers
"Dec 18, 2024",Seattle Kraken,Will Borgen,Traded to New York Rangers
"Dec 18, 2024",New York Rangers,Will Borgen,Acquired from Seattle Kraken
"Dec 18, 2024",New York Rangers,Kaapo Kakko,Traded to Seattle Kraken
"Dec 18, 2024",New York Rangers,Matt Rempe,Recalled from AHL
"Dec 18, 2024",New York Rangers,Victor Mancini,Assigned to AHL
"Dec 18, 2024",New Jersey Devils,Justin Dowling,Assigned to AHL
"Dec 18, 2024",Dallas Stars,Alexander Petrovic,Recalled from AHL
"Dec 18, 2024",San Jose Sharks,Yaroslav Askarov,Recalled from AHL
"Dec 18, 2024",Seattle Kraken,Ryan Winterton,Assigned to AHL
"Dec 18, 2024",Columbus Blue Jackets,Jet Greaves,Assigned to AHL
"Dec 18, 2024",Winnipeg Jets,Dylan Coghlan,Placed on Waivers
"Dec 18, 2024",New York Islanders,Grant Hutton,Placed on Waivers
"Dec 18, 2024",Nashville Predators,Marc Del Gaizo,Placed on Waivers
"Dec 18, 2024",Colorado Avalanche,Tye Felhaber,Placed on Waivers
"Dec 18, 2024",Colorado Avalanche,Chris Wagner,Cleared Waivers
"Dec 18, 2024",New Jersey Devils,Justin Dowling,Cleared Waivers
"Dec 18, 2024",Toronto Maple Leafs,David Kampf,Activated from LTIR
"Dec 18, 2024",Carolina Hurricanes,Jackson Blake,Assigned to AHL
"Dec 18, 2024",Carolina Hurricanes,Riley Stillman,Assigned to AHL
"Dec 18, 2024",Carolina Hurricanes,Dustin Tokarski,Assigned to AHL
"Dec 17, 2024",Detroit Red Wings,Alex Lyon,Activated from IR
"Dec 17, 2024",Nashville Predators,Fedor Svechkov,Assigned to AHL
"Dec 17, 2024",Winnipeg Jets,Kevin He,Signed to an entry level contract.
"Dec 17, 2024",New York Rangers,Connor Mackey,Assigned to AHL
"Dec 17, 2024",Vancouver Canucks,Phillip Di Giuseppe,Recalled from AHL
"Dec 17, 2024",Vancouver Canucks,Linus Karlsson,Recalled from AHL
"Dec 17, 2024",Vancouver Canucks,Arturs Silovs,Assigned to AHL
"Dec 17, 2024",Vancouver Canucks,Mark Friedman,Assigned to AHL
"Dec 17, 2024",New Jersey Devils,Curtis Lazar,Activated from IR
"Dec 17, 2024",Colorado Avalanche,Chris Wagner,Placed on Waivers
"Dec 17, 2024",New Jersey Devils,Justin Dowling,Placed on Waivers
"Dec 17, 2024",Minnesota Wild,Devin Shore,Cleared Waivers
"Dec 17, 2024",Calgary Flames,Brayden Pachal,Signed 2 years @ $1.188M AAV starting in 2025-26
"Dec 17, 2024",Pittsburgh Penguins,Nathan Clurman,Recalled from AHL
"Dec 17, 2024",Carolina Hurricanes,Jackson Blake,Recalled from AHL
"Dec 17, 2024",Carolina Hurricanes,Riley Stillman,Recalled from AHL
"Dec 17, 2024",Carolina Hurricanes,Dustin Tokarski,Recalled from AHL
"Dec 17, 2024",Toronto Maple Leafs,Fraser Minten,Assigned to AHL
"Dec 16, 2024",Minnesota Wild,Brendan Gaunce,Recalled from AHL
"Dec 16, 2024",San Jose Sharks,Shakir Mukhamadullin,Recalled from AHL
"Dec 16, 2024",Detroit Red Wings,Marco Kasper,Recalled from AHL
"Dec 16, 2024",Buffalo Sabres,Devon Levi,Assigned to AHL
"Dec 16, 2024",Minnesota Wild,Devin Shore,Placed on Waivers
"Dec 16, 2024",Carolina Hurricanes,Jackson Blake,Assigned to AHL
"Dec 16, 2024",Carolina Hurricanes,Riley Stillman,Assigned to AHL
"Dec 16, 2024",Carolina Hurricanes,Dustin Tokarski,Assigned to AHL
"Dec 16, 2024",New Jersey Devils,Nico Daws,Recalled from AHL
"Dec 16, 2024",New Jersey Devils,Isaac Poulter,Assigned to AHL
"Dec 16, 2024",Calgary Flames,Walker Duehr,Recalled from AHL
"Dec 16, 2024",Calgary Flames,Jakob Pelletier,Recalled from AHL
"Dec 16, 2024",Minnesota Wild,Reese Johnson,Assigned to AHL
"Dec 16, 2024",Dallas Stars,Lian Bichsel,Recalled from AHL
"Dec 16, 2024",Ottawa Senators,Zack Ostapchuk,Recalled from AHL
"Dec 15, 2024",New York Islanders,Adam Pelech,Activated from IR
"Dec 15, 2024",Colorado Avalanche,Tye Felhaber,Signed 2 years @ $775K AAV starting in 2024-25
"Dec 15, 2024",Tampa Bay Lightning,Declan Carlile,Assigned to AHL
"Dec 15, 2024",Tampa Bay Lightning,Steven Santini,Assigned to AHL
"Dec 15, 2024",Buffalo Sabres,Devon Levi,Recalled from AHL
"Dec 15, 2024",Buffalo Sabres,Ryan Johnson,Assigned to AHL
"Dec 15, 2024",Toronto Maple Leafs,Anthony Stolarz,Placed on IR
"Dec 15, 2024",New York Islanders,Mathew Barzal,Activated from LTIR
"Dec 15, 2024",Calgary Flames,Jakob Pelletier,Assigned to AHL
"Dec 15, 2024",Calgary Flames,Walker Duehr,Assigned to AHL
"Dec 15, 2024",Calgary Flames,Devin Cooley,Assigned to AHL
"Dec 15, 2024",Dallas Stars,Magnus Hellberg,Assigned to AHL
"Dec 15, 2024",Dallas Stars,Lian Bichsel,Assigned to AHL
"Dec 15, 2024",Detroit Red Wings,Jack Campbell,Assigned to AHL
"Dec 15, 2024",Ottawa Senators,Zack Ostapchuk,Assigned to AHL
"Dec 15, 2024",Ottawa Senators,Leevi Meriläinen,Recalled from AHL
"Dec 15, 2024",Vancouver Canucks,Aatu Raty,Assigned to AHL
"Dec 14, 2024",San Jose Sharks,Will Smith,Activated from IR
"Dec 14, 2024",San Jose Sharks,Shakir Mukhamadullin,Assigned to AHL
"Dec 14, 2024",Detroit Red Wings,Marco Kasper,Assigned to AHL
"Dec 14, 2024",Tampa Bay Lightning,J.J. Moser,Placed on IR
"Dec 14, 2024",San Jose Sharks,Klim Kostin,Placed on IR
"Dec 14, 2024",New York Islanders,Semyon Varlamov,Placed on IR
"Dec 14, 2024",Minnesota Wild,Jesper Wallstedt,Emergency Recall
"Dec 14, 2024",Minnesota Wild,Jakub Lauko,Placed on IR
"Dec 14, 2024",Dallas Stars,Magnus Hellberg,Recalled from AHL
"Dec 14, 2024",Tampa Bay Lightning,Declan Carlile,Recalled from AHL
"Dec 14, 2024",Columbus Blue Jackets,Jet Greaves,Recalled from AHL
"Dec 14, 2024",Columbus Blue Jackets,Mikael Pyyhtia,Recalled from AHL
"Dec 14, 2024",Edmonton Oilers,Joshua Brown,Recalled from AHL
"Dec 14, 2024",Anaheim Ducks,Jeremie Biakabutuka,Acquired from St. Louis Blues
"Dec 14, 2024",Anaheim Ducks,Cam Fowler,Traded to St. Louis Blues
"Dec 14, 2024",St. Louis Blues,Cam Fowler,Acquired from Anaheim Ducks
"Dec 14, 2024",St. Louis Blues,Jeremie Biakabutuka,Traded to Anaheim Ducks
"Dec 14, 2024",Colorado Avalanche,Givani Smith,Recalled from AHL
"Dec 14, 2024",Colorado Avalanche,Keaton Middleton,Recalled from AHL
"Dec 14, 2024",Toronto Maple Leafs,Bobby McMann,Activated from IR
"Dec 14, 2024",Toronto Maple Leafs,Nikita Grebenkin,Assigned to AHL
"Dec 14, 2024",Utah Hockey Club,Kevin Connauton,Assigned to AHL
"Dec 14, 2024",Vancouver Canucks,Arturs Silovs,Emergency Recall
"Dec 14, 2024",Minnesota Wild,Mats Zuccarello,Activated from LTIR
"Dec 14, 2024",Minnesota Wild,Cameron Crotty,Assigned to AHL
"Dec 14, 2024",Minnesota Wild,Jonas Brodin,Activated from IR
"Dec 14, 2024",Vancouver Canucks,Aatu Raty,Recalled from AHL
"Dec 14, 2024",Vancouver Canucks,Max Sasson,Recalled from AHL
"Dec 14, 2024",Vancouver Canucks,Mark Friedman,Recalled from AHL
"Dec 14, 2024",Boston Bruins,Oliver Wahlstrom,Claimed on Waivers from New York Islanders
"Dec 14, 2024",New York Islanders,Oliver Wahlstrom,Lost on Waivers to Boston Bruins
"Dec 14, 2024",New York Islanders,Pierre Engvall,Cleared Waivers
"Dec 14, 2024",Ottawa Senators,Cole Reinhardt,Assigned to AHL
"Dec 14, 2024",Detroit Red Wings,Jack Campbell,Emergency Recall
"Dec 14, 2024",New York Rangers,Chad Ruhwedel,Recalled from AHL
"Dec 13, 2024",Chicago Blackhawks,Alec Martinez,Placed on IR
"Dec 13, 2024",New York Rangers,K'Andre Miller,Placed on IR
"Dec 13, 2024",Vegas Golden Knights,Keegan Kolesar,Signed 3 years @ $2.500M AAV starting in 2025-26
"Dec 13, 2024",New York Islanders,Oliver Wahlstrom,Placed on Waivers
"Dec 13, 2024",New York Islanders,Pierre Engvall,Placed on Waivers
"Dec 13, 2024",Winnipeg Jets,Henri Nikkanen,Cleared Waivers
"Dec 13, 2024",Vancouver Canucks,Max Sasson,Assigned to AHL
"Dec 13, 2024",Vancouver Canucks,Aatu Raty,Assigned to AHL
"Dec 13, 2024",Vancouver Canucks,Mark Friedman,Assigned to AHL
"Dec 13, 2024",Minnesota Wild,Travis Dermott,Claimed on Waivers from Edmonton Oilers
"Dec 13, 2024",Minnesota Wild,Jake Middleton,Placed on LTIR
"Dec 13, 2024",Edmonton Oilers,Travis Dermott,Lost on Waivers to Minnesota Wild
"Dec 13, 2024",Boston Bruins,Marc McLaughlin,Recalled from AHL
"Dec 13, 2024",Calgary Flames,Devin Cooley,Emergency Recall
"Dec 13, 2024",Los Angeles Kings,Andre Lee,Emergency Recall
"Dec 13, 2024",Toronto Maple Leafs,Dennis Hildeby,Emergency Recall
"Dec 13, 2024",Ottawa Senators,Cole Reinhardt,Recalled from AHL
"Dec 13, 2024",Chicago Blackhawks,Frank Nazar,Recalled from AHL
"Dec 13, 2024",Colorado Avalanche,Givani Smith,Assigned to AHL
"Dec 13, 2024",Colorado Avalanche,Keaton Middleton,Assigned to AHL
"Dec 12, 2024",Anaheim Ducks,Robby Fabbri,Activated from IR
"Dec 12, 2024",Columbus Blue Jackets,Mikael Pyyhtia,Assigned to AHL
"Dec 12, 2024",Columbus Blue Jackets,Jet Greaves,Assigned to AHL
"Dec 12, 2024",Boston Bruins,Marc McLaughlin,Assigned to AHL
"Dec 12, 2024",Vancouver Canucks,J.T. Miller,Activated from IR
"Dec 12, 2024",Anaheim Ducks,Sam Colangelo,Assigned to AHL
"Dec 12, 2024",Carolina Hurricanes,Dustin Tokarski,Recalled from AHL
"Dec 12, 2024",Philadelphia Flyers,Jacob Gaucher,Signed to an entry level contract.
"Dec 12, 2024",Winnipeg Jets,Henri Nikkanen,Placed on Waivers
"Dec 12, 2024",San Jose Sharks,Valtteri Pulli,Cleared Waivers
"Dec 12, 2024",Toronto Maple Leafs,Jake McCabe,Activated from IR
"Dec 12, 2024",Edmonton Oilers,Travis Dermott,Placed on Waivers
"Dec 12, 2024",Toronto Maple Leafs,Alex Nylander,Assigned to AHL
"Dec 12, 2024",Toronto Maple Leafs,Alex Nylander,Cleared Waivers
"Dec 12, 2024",Utah Hockey Club,Dakota Mermis,Claimed on Waivers from Toronto Maple Leafs
"Dec 12, 2024",Toronto Maple Leafs,Dakota Mermis,Lost on Waivers to Utah Hockey Club
"Dec 12, 2024",Calgary Flames,Walker Duehr,Recalled from AHL
"Dec 12, 2024",Calgary Flames,Jakob Pelletier,Recalled from AHL
"Dec 12, 2024",Vancouver Canucks,Mark Friedman,Recalled from AHL
"Dec 12, 2024",Toronto Maple Leafs,Nikita Grebenkin,Recalled from AHL
"Dec 12, 2024",Toronto Maple Leafs,Marshall Rifai,Assigned to AHL
"Dec 12, 2024",Dallas Stars,Lian Bichsel,Recalled from AHL
"Dec 12, 2024",Carolina Hurricanes,Jackson Blake,Recalled from AHL
"Dec 12, 2024",Carolina Hurricanes,Riley Stillman,Recalled from AHL
"Dec 12, 2024",Nashville Predators,Kevin Gravel,Recalled from AHL
"Dec 12, 2024",New Jersey Devils,Colton White,Recalled from AHL
"Dec 12, 2024",New Jersey Devils,Isaac Poulter,Recalled from AHL
"Dec 12, 2024",Seattle Kraken,Ryan Winterton,Recalled from AHL
"Dec 12, 2024",Colorado Avalanche,Keaton Middleton,Recalled from AHL
"Dec 12, 2024",Colorado Avalanche,Ivan Ivan,Recalled from AHL
"Dec 12, 2024",Minnesota Wild,Cameron Crotty,Recalled from AHL
"Dec 12, 2024",Minnesota Wild,Reese Johnson,Recalled from AHL
"Dec 11, 2024",Buffalo Sabres,Mattias Samuelsson,Activated from IR
"Dec 11, 2024",Edmonton Oilers,Alec Regula,Placed on SOIR
"Dec 11, 2024",New Jersey Devils,Isaac Poulter,Assigned to AHL
"Dec 11, 2024",Vancouver Canucks,Mark Friedman,Assigned to AHL
"Dec 11, 2024",Minnesota Wild,Cameron Crotty,Assigned to AHL
"Dec 11, 2024",Minnesota Wild,Reese Johnson,Assigned to AHL
"Dec 11, 2024",Utah Hockey Club,Kevin Connauton,Recalled from AHL
"Dec 11, 2024",Detroit Red Wings,Sebastian Cossa,Assigned to AHL
"Dec 11, 2024",San Jose Sharks,Valtteri Pulli,Placed on Waivers
"Dec 11, 2024",Toronto Maple Leafs,Alex Nylander,Placed on Waivers
"Dec 11, 2024",Toronto Maple Leafs,Dakota Mermis,Placed on Waivers
"Dec 11, 2024",Edmonton Oilers,Alec Regula,Claimed on Waivers from Boston Bruins
"Dec 11, 2024",Boston Bruins,Alec Regula,Lost on Waivers to Edmonton Oilers
"Dec 11, 2024",Carolina Hurricanes,Dustin Tokarski,Assigned to AHL
"Dec 11, 2024",Carolina Hurricanes,Tyson Jost,Recalled from AHL
"Dec 11, 2024",Carolina Hurricanes,Jackson Blake,Assigned to AHL
"Dec 11, 2024",Calgary Flames,Walker Duehr,Assigned to AHL
"Dec 11, 2024",Calgary Flames,Jakob Pelletier,Assigned to AHL
"Dec 11, 2024",Columbus Blue Jackets,Jet Greaves,Recalled from AHL
"Dec 11, 2024",Columbus Blue Jackets,Yegor Chinakhov,Placed on IR
"Dec 11, 2024",Detroit Red Wings,Sebastian Cossa,Recalled from AHL
"Dec 11, 2024",Detroit Red Wings,Marco Kasper,Recalled from AHL
"Dec 11, 2024",New Jersey Devils,Nick DeSimone,Assigned to AHL
"Dec 11, 2024",Ottawa Senators,Nikolas Matinpalo,Assigned to AHL
"Dec 11, 2024",Colorado Avalanche,Trent Miner,Assigned to AHL
"Dec 11, 2024",Colorado Avalanche,Keaton Middleton,Assigned to AHL
"Dec 11, 2024",Colorado Avalanche,Ivan Ivan,Assigned to AHL
"Dec 10, 2024",Columbus Blue Jackets,Justin Danforth,Placed on IR
"Dec 10, 2024",Detroit Red Wings,Sebastian Cossa,Assigned to AHL
"Dec 10, 2024",Detroit Red Wings,Marco Kasper,Assigned to AHL
"Dec 10, 2024",San Jose Sharks,Jack Thompson,Assigned to AHL
"Dec 10, 2024",San Jose Sharks,Ethan Cardwell,Assigned to AHL
"Dec 10, 2024",San Jose Sharks,Shakir Mukhamadullin,Recalled from AHL
"Dec 10, 2024",Minnesota Wild,Jakub Lauko,Activated from IR
"Dec 10, 2024",San Jose Sharks,Barclay Goodrow,Activated from IR
"Dec 10, 2024",San Jose Sharks,Will Smith,Placed on IR
"Dec 10, 2024",Carolina Hurricanes,Ty Smith,Assigned to AHL
"Dec 10, 2024",Toronto Maple Leafs,Max Domi,Activated from IR
"Dec 10, 2024",Toronto Maple Leafs,Nikita Grebenkin,Assigned to AHL
"Dec 10, 2024",Boston Bruins,Alec Regula,Placed on Waivers
"Dec 10, 2024",Vancouver Canucks,Max Sasson,Recalled from AHL
"Dec 10, 2024",New Jersey Devils,Nathan Bastian,Activated from LTIR
"Dec 10, 2024",New Jersey Devils,Nathan Légaré,Assigned to AHL
"Dec 10, 2024",New Jersey Devils,Isaac Poulter,Recalled from AHL
"Dec 10, 2024",Buffalo Sabres,Tyson Kozak,Assigned to AHL
"Dec 10, 2024",Ottawa Senators,Nikolas Matinpalo,Recalled from AHL
"Dec 9, 2024",Tampa Bay Lightning,Steven Santini,Recalled from AHL
"Dec 9, 2024",Colorado Avalanche,Trent Miner,Recalled from AHL
"Dec 9, 2024",Vancouver Canucks,Max Sasson,Assigned to AHL
"Dec 9, 2024",Colorado Avalanche,Nikita Prishchepov,Assigned to AHL
"Dec 9, 2024",Colorado Avalanche,Nikolai Kovalenko,Traded to San Jose Sharks
"Dec 9, 2024",Colorado Avalanche,Alexandar Georgiev,Traded to San Jose Sharks
"Dec 9, 2024",Colorado Avalanche,Givani Smith,Acquired from San Jose Sharks
"Dec 9, 2024",Colorado Avalanche,Mackenzie Blackwood,Acquired from San Jose Sharks
"Dec 9, 2024",San Jose Sharks,Nikolai Kovalenko,Acquired from Colorado Avalanche
"Dec 9, 2024",San Jose Sharks,Alexandar Georgiev,Acquired from Colorado Avalanche
"Dec 9, 2024",San Jose Sharks,Mackenzie Blackwood,Traded to Colorado Avalanche
"Dec 9, 2024",San Jose Sharks,Givani Smith,Traded to Colorado Avalanche
"Dec 9, 2024",San Jose Sharks,Givani Smith,Cleared Waivers
"Dec 9, 2024",Boston Bruins,Marc McLaughlin,Recalled from AHL
"Dec 9, 2024",Boston Bruins,Jordan Oesterle,Recalled from AHL
"Dec 9, 2024",Minnesota Wild,Cameron Crotty,Recalled from AHL
"Dec 9, 2024",Minnesota Wild,David Jiricek,Assigned to AHL
"Dec 9, 2024",Chicago Blackhawks,Joey Anderson,Cleared Waivers
"Dec 9, 2024",Carolina Hurricanes,Dustin Tokarski,Recalled from AHL
"Dec 9, 2024",Los Angeles Kings,Caleb Jones,Assigned to AHL
"Dec 9, 2024",Los Angeles Kings,Caleb Jones,Cleared Waivers
"Dec 9, 2024",Winnipeg Jets,Brad Lambert,Assigned to AHL
"Dec 9, 2024",Winnipeg Jets,Nikita Chibrikov,Recalled from AHL
"Dec 9, 2024",New York Rangers,Dylan Garand,Assigned to AHL
"Dec 9, 2024",Carolina Hurricanes,Ty Smith,Recalled from AHL
"Dec 8, 2024",New York Rangers,Connor Mackey,Recalled from AHL
"Dec 8, 2024",New York Rangers,Dylan Garand,Recalled from AHL
"Dec 8, 2024",Philadelphia Flyers,Jamie Drysdale,Activated from IR
"Dec 8, 2024",Philadelphia Flyers,Samuel Ersson,Activated from IR
"Dec 8, 2024",Minnesota Wild,Travis Boyd,Assigned to AHL
"Dec 8, 2024",Los Angeles Kings,Caleb Jones,Placed on Waivers
"Dec 8, 2024",San Jose Sharks,Givani Smith,Placed on Waivers
"Dec 8, 2024",Chicago Blackhawks,Kevin Korchinski,Recalled from AHL
"Dec 8, 2024",Chicago Blackhawks,Joey Anderson,Placed on Waivers
"Dec 8, 2024",Vancouver Canucks,Arturs Silovs,Assigned to AHL
"Dec 8, 2024",Boston Bruins,Jordan Oesterle,Assigned to AHL
"Dec 8, 2024",Boston Bruins,Marc McLaughlin,Assigned to AHL
"Dec 8, 2024",Seattle Kraken,Mitchell Stephens,Recalled from AHL
"Dec 8, 2024",Carolina Hurricanes,Dustin Tokarski,Assigned to AHL
"Dec 8, 2024",Chicago Blackhawks,Drew Commesso,Recalled from AHL
"Dec 8, 2024",Chicago Blackhawks,Petr Mrazek,Placed on IR
"Dec 8, 2024",Ottawa Senators,Nikolas Matinpalo,Assigned to AHL
"Dec 8, 2024",Ottawa Senators,Cole Reinhardt,Assigned to AHL
"Dec 7, 2024",Los Angeles Kings,Akil Thomas,Activated from IR
"Dec 7, 2024",Anaheim Ducks,Trevor Zegras,Placed on IR
"Dec 7, 2024",Seattle Kraken,Ryan Winterton,Assigned to AHL
"Dec 7, 2024",Seattle Kraken,Mitchell Stephens,Assigned to AHL
"Dec 7, 2024",Carolina Hurricanes,Riley Stillman,Assigned to AHL
"Dec 7, 2024",Carolina Hurricanes,Brendan Lemieux,Cleared Waivers
"Dec 7, 2024",Toronto Maple Leafs,Max Pacioretty,Activated from LTIR
"Dec 7, 2024",Toronto Maple Leafs,Jake McCabe,Placed on IR
"Dec 7, 2024",Colorado Avalanche,Ross Colton,Activated from LTIR
"Dec 7, 2024",Colorado Avalanche,Jonathan Drouin,Placed on IR
"Dec 7, 2024",Detroit Red Wings,Marco Kasper,Recalled from AHL
"Dec 7, 2024",Detroit Red Wings,Sebastian Cossa,Recalled from AHL
"Dec 6, 2024",Vegas Golden Knights,Mark Stone,Activated from IR
"Dec 6, 2024",Minnesota Wild,Joel Eriksson Ek,Placed on IR
"Dec 6, 2024",Colorado Avalanche,Miles Wood,Placed on LTIR
"Dec 6, 2024",Vancouver Canucks,Thatcher Demko,Activated from IR
"Dec 6, 2024",Florida Panthers,Mackie Samoskevich,Recalled from AHL
"Dec 6, 2024",Detroit Red Wings,Marco Kasper,Assigned to AHL
"Dec 6, 2024",Detroit Red Wings,Sebastian Cossa,Assigned to AHL
"Dec 6, 2024",New York Rangers,Igor Shesterkin,Signed 8 years @ $11.500M AAV starting in 2025-26
"Dec 6, 2024",Anaheim Ducks,Urho Vaakanainen,Traded to New York Rangers
"Dec 6, 2024",Anaheim Ducks,Jacob Trouba,Acquired from New York Rangers
"Dec 6, 2024",New York Rangers,Urho Vaakanainen,Acquired from Anaheim Ducks
"Dec 6, 2024",New York Rangers,Jacob Trouba,Traded to Anaheim Ducks
"Dec 6, 2024",Montreal Canadiens,Noel Hoefenmayer,Acquired from Edmonton Oilers
"Dec 6, 2024",Montreal Canadiens,Jacob Perreault,Traded to Edmonton Oilers
"Dec 6, 2024",Edmonton Oilers,Noel Hoefenmayer,Traded to Montreal Canadiens
"Dec 6, 2024",Edmonton Oilers,Jacob Perreault,Acquired from Montreal Canadiens
"Dec 6, 2024",Carolina Hurricanes,Brendan Lemieux,Placed on Waivers
"Dec 6, 2024",Vancouver Canucks,Cole McWard,Assigned to AHL
"Dec 6, 2024",Vancouver Canucks,Jonathan Lekkerimäki,Assigned to AHL
"Dec 6, 2024",Philadelphia Flyers,Nicolas Deslauriers,Placed on IR
"Dec 6, 2024",Florida Panthers,Chris Driedger,Assigned to AHL
"Dec 6, 2024",Boston Bruins,Marc McLaughlin,Recalled from AHL
"Dec 6, 2024",Boston Bruins,Jordan Oesterle,Recalled from AHL
"Dec 6, 2024",New York Rangers,Victor Mancini,Recalled from AHL
"Dec 5, 2024",Buffalo Sabres,Sam Lafferty,Placed on IR
"Dec 5, 2024",Nashville Predators,Michael McCarron,Activated from IR
"Dec 5, 2024",Nashville Predators,Jeremy Lauzon,Placed on IR
"Dec 5, 2024",Boston Bruins,Marc McLaughlin,Assigned to AHL
"Dec 5, 2024",Boston Bruins,Jordan Oesterle,Assigned to AHL
"Dec 5, 2024",Los Angeles Kings,Andre Lee,Assigned to AHL
"Dec 5, 2024",New York Islanders,Marcus Hogberg,Recalled from AHL
"Dec 5, 2024",Vancouver Canucks,Max Sasson,Recalled from AHL
"Dec 5, 2024",Vancouver Canucks,Filip Hronek,Placed on LTIR
"Dec 5, 2024",Vancouver Canucks,Cole McWard,Recalled from AHL
"Dec 5, 2024",Vancouver Canucks,Jonathan Lekkerimäki,Recalled from AHL
"Dec 5, 2024",Detroit Red Wings,Patrick Kane,Activated from IR
"Dec 5, 2024",Buffalo Sabres,Ryan Johnson,Recalled from AHL
"Dec 5, 2024",Minnesota Wild,Reese Johnson,Recalled from AHL
"Dec 5, 2024",Minnesota Wild,Travis Boyd,Recalled from AHL
"Dec 4, 2024",Anaheim Ducks,Urho Vaakanainen,Placed on IR
"Dec 4, 2024",Vancouver Canucks,Max Sasson,Assigned to AHL
"Dec 4, 2024",Utah Hockey Club,Maksymilian Szuber,Assigned to AHL
"Dec 4, 2024",Anaheim Ducks,Cam Fowler,Activated from IR
"Dec 4, 2024",Los Angeles Kings,Trevor Lewis,Placed on IR
"Dec 4, 2024",Los Angeles Kings,Darcy Kuemper,Activated from IR
"Dec 4, 2024",Los Angeles Kings,Erik Portillo,Assigned to AHL
"Dec 4, 2024",Edmonton Oilers,Drake Caggiula,Assigned to AHL
"Dec 4, 2024",Minnesota Wild,Jesper Wallstedt,Assigned to AHL
"Dec 4, 2024",Minnesota Wild,Liam Ohgren,Assigned to AHL
"Dec 4, 2024",Carolina Hurricanes,Dustin Tokarski,Recalled from AHL
"Dec 4, 2024",Carolina Hurricanes,Spencer Martin,Assigned to AHL
"Dec 4, 2024",Detroit Red Wings,William Lagesson,Assigned to AHL
"Dec 3, 2024",New York Islanders,Marcus Hogberg,Assigned to AHL
"Dec 3, 2024",New Jersey Devils,Mike Hardman,Assigned to AHL
"Dec 3, 2024",Carolina Hurricanes,Dustin Tokarski,Assigned to AHL
"Dec 3, 2024",Carolina Hurricanes,Dustin Tokarski,Cleared Waivers
"Dec 3, 2024",Vegas Golden Knights,Daniil Chayka,Cleared Waivers
"Dec 3, 2024",Pittsburgh Penguins,Cody Glass,Activated from IR
"Dec 3, 2024",Minnesota Wild,Devin Shore,Recalled from AHL
"Dec 3, 2024",Minnesota Wild,Ben Jones,Recalled from AHL
"Dec 3, 2024",Minnesota Wild,Jakub Lauko,Placed on IR
"Dec 3, 2024",Minnesota Wild,Jonas Brodin,Placed on IR
"Dec 3, 2024",Minnesota Wild,Mats Zuccarello,Placed on LTIR
"Dec 3, 2024",Pittsburgh Penguins,Jack St. Ivany,Assigned to AHL
"Dec 3, 2024",Los Angeles Kings,Samuel Helenius,Recalled from AHL
"Dec 3, 2024",Los Angeles Kings,Andre Lee,Recalled from AHL
"Dec 3, 2024",Los Angeles Kings,Jacob Moverare,Recalled from AHL
"Dec 3, 2024",Montreal Canadiens,Patrik Laine,Activated from LTIR
"Dec 3, 2024",New York Rangers,Chad Ruhwedel,Assigned to AHL
"Dec 3, 2024",Dallas Stars,Justin Hryckowian,Assigned to AHL
"Dec 3, 2024",Winnipeg Jets,Brad Lambert,Recalled from AHL
"Dec 3, 2024",Winnipeg Jets,Nikolaj Ehlers,Placed on IR
"Dec 3, 2024",Toronto Maple Leafs,Ryan Reaves,Suspension Ended
"Dec 3, 2024",Detroit Red Wings,William Lagesson,Recalled from AHL
"Dec 3, 2024",Detroit Red Wings,Patrick Kane,Placed on IR
"Dec 3, 2024",Ottawa Senators,Nikolas Matinpalo,Recalled from AHL
"Dec 3, 2024",Ottawa Senators,Donovan Sebrango,Assigned to AHL
"Dec 2, 2024",Colorado Avalanche,Ross Colton,Placed on LTIR
"Dec 2, 2024",Vegas Golden Knights,Daniil Chayka,Placed on Waivers
"Dec 2, 2024",Minnesota Wild,Liam Ohgren,Recalled from AHL
"Dec 2, 2024",Minnesota Wild,Jesper Wallstedt,Recalled from AHL
"Dec 2, 2024",Minnesota Wild,Ben Jones,Assigned to AHL
"Dec 2, 2024",Minnesota Wild,Devin Shore,Assigned to AHL
"Dec 2, 2024",Montreal Canadiens,Carey Price,Placed on LTIR
"Dec 2, 2024",Florida Panthers,Chris Driedger,Recalled from AHL
"Dec 2, 2024",Florida Panthers,Mackie Samoskevich,Assigned to AHL
"Dec 2, 2024",Calgary Flames,Justin Kirkland,Placed on IR
"Dec 2, 2024",Los Angeles Kings,Jacob Moverare,Assigned to AHL
"Dec 2, 2024",Los Angeles Kings,Andre Lee,Assigned to AHL
"Dec 2, 2024",Los Angeles Kings,Samuel Helenius,Assigned to AHL
"Dec 2, 2024",New Jersey Devils,Nathan Légaré,Recalled from AHL
"Dec 2, 2024",New Jersey Devils,Mike Hardman,Recalled from AHL
"Dec 2, 2024",Dallas Stars,Tyler Seguin,Placed on IR
"Dec 2, 2024",Dallas Stars,Justin Hryckowian,Recalled from AHL
"Dec 2, 2024",Dallas Stars,Alexander Petrovic,Assigned to AHL
"Dec 2, 2024",Carolina Hurricanes,Dustin Tokarski,Placed on Waivers
"Dec 2, 2024",Carolina Hurricanes,Dustin Tokarski,Signed 1 year @ $775K AAV starting in 2024-25
"Dec 2, 2024",Montreal Canadiens,Joshua Roy,Assigned to AHL
"Dec 2, 2024",Philadelphia Flyers,Helge Grans,Assigned to AHL
"Dec 2, 2024",Colorado Avalanche,Chris Wagner,Recalled from AHL
"Dec 2, 2024",Colorado Avalanche,Nikita Prishchepov,Recalled from AHL
"Dec 2, 2024",Colorado Avalanche,Keaton Middleton,Recalled from AHL
"Dec 2, 2024",Colorado Avalanche,Ivan Ivan,Recalled from AHL
"Dec 2, 2024",Colorado Avalanche,Josh Manson,Placed on IR
"Dec 2, 2024",Carolina Hurricanes,Riley Stillman,Recalled from AHL
"Dec 2, 2024",Carolina Hurricanes,Spencer Martin,Recalled from AHL
"Dec 2, 2024",Calgary Flames,Jakob Pelletier,Recalled from AHL
"Dec 2, 2024",Calgary Flames,Adam Klapka,Assigned to AHL
"Dec 2, 2024",Calgary Flames,Walker Duehr,Recalled from AHL
"Dec 2, 2024",Vegas Golden Knights,Callahan Burke,Assigned to AHL
"Dec 2, 2024",Detroit Red Wings,Sebastian Cossa,Emergency Recall
"Dec 2, 2024",Detroit Red Wings,Alex Lyon,Placed on IR
"Dec 2, 2024",New York Islanders,Marcus Hogberg,Recalled from AHL
"Dec 2, 2024",Toronto Maple Leafs,Marshall Rifai,Recalled from AHL
"Dec 2, 2024",Toronto Maple Leafs,Jani Hakanpää,Placed on IR
"Dec 1, 2024",New Jersey Devils,Nick DeSimone,Recalled from AHL
"Dec 1, 2024",Montreal Canadiens,Rafael Harvey-Pinard,Assigned to AHL
"Dec 1, 2024",Montreal Canadiens,Rafael Harvey-Pinard,Cleared Waivers
"Dec 1, 2024",Carolina Hurricanes,Yaniv Perets,Assigned to AHL
"Dec 1, 2024",Carolina Hurricanes,Spencer Martin,Assigned to AHL
"Dec 1, 2024",Minnesota Wild,David Jiricek,Recalled from AHL
"Dec 1, 2024",Minnesota Wild,Travis Boyd,Assigned to AHL
"Dec 1, 2024",Tampa Bay Lightning,Conor Sheary,Assigned to AHL
"Dec 1, 2024",Columbus Blue Jackets,Mikael Pyyhtia,Recalled from AHL
"Dec 1, 2024",Colorado Avalanche,Ivan Ivan,Assigned to AHL
"Dec 1, 2024",Colorado Avalanche,Chris Wagner,Assigned to AHL
"Dec 1, 2024",Colorado Avalanche,Nikita Prishchepov,Assigned to AHL
"Nov 30, 2024",New Jersey Devils,Nick DeSimone,Assigned to AHL
"Nov 30, 2024",New Jersey Devils,Shane Bowers,Assigned to AHL
"Nov 30, 2024",Seattle Kraken,Mitchell Stephens,Recalled from AHL
"Nov 30, 2024",Seattle Kraken,Vince Dunn,Activated from LTIR
"Nov 30, 2024",Seattle Kraken,Jordan Eberle,Placed on LTIR
"Nov 30, 2024",Utah Hockey Club,Maveric Lamoureux,Placed on IR
"Nov 30, 2024",Minnesota Wild,David Jiricek,Acquired from Colorado Avalanche
"Nov 30, 2024",Minnesota Wild,Daemon Hunt,Traded to Columbus Blue Jackets
"Nov 30, 2024",Columbus Blue Jackets,Daemon Hunt,Acquired from Minnesota Wild
"Nov 30, 2024",Columbus Blue Jackets,David Jiricek,Traded to Minnesota Wild
"Nov 30, 2024",Toronto Maple Leafs,Matthew Knies,Activated from IR
"Nov 30, 2024",Toronto Maple Leafs,Auston Matthews,Activated from IR
"Nov 30, 2024",Toronto Maple Leafs,Bobby McMann,Placed on IR
"Nov 30, 2024",Toronto Maple Leafs,Alex Steeves,Assigned to AHL
"Nov 30, 2024",Carolina Hurricanes,Ty Smith,Assigned to AHL
"Nov 30, 2024",Tampa Bay Lightning,Conor Sheary,Recalled from AHL
"Nov 30, 2024",Tampa Bay Lightning,Matt Tomkins,Assigned to AHL
"Nov 30, 2024",Anaheim Ducks,Tyson Hinds,Assigned to AHL
"Nov 30, 2024",Buffalo Sabres,Tyson Kozak,Recalled from AHL
"Nov 30, 2024",Montreal Canadiens,Rafael Harvey-Pinard,Placed on Waivers
"Nov 30, 2024",Montreal Canadiens,Rafael Harvey-Pinard,Activated from LTIR
"Nov 30, 2024",Columbus Blue Jackets,Jet Greaves,Assigned to AHL
"Nov 30, 2024",Colorado Avalanche,Nikita Prishchepov,Recalled from AHL
"Nov 30, 2024",Colorado Avalanche,Chase Bradley,Assigned to AHL
"Nov 30, 2024",Columbus Blue Jackets,Joseph LaBate,Assigned to AHL
"Nov 30, 2024",Columbus Blue Jackets,Joseph LaBate,Cleared Waivers
"Nov 30, 2024",Utah Hockey Club,Maksymilian Szuber,Recalled from AHL
"Nov 30, 2024",Nashville Predators,Justus Annunen,Acquired from Colorado Avalanche
"Nov 30, 2024",Nashville Predators,Scott Wedgewood,Traded to Colorado Avalanche
"Nov 30, 2024",Colorado Avalanche,Scott Wedgewood,Acquired from Nashville Predators
"Nov 30, 2024",Colorado Avalanche,Justus Annunen,Traded to Nashville Predators
"Nov 29, 2024",St. Louis Blues,Corey Schueneman,Assigned to AHL
"Nov 29, 2024",Winnipeg Jets,Logan Stanley,Activated from IR
"Nov 29, 2024",Los Angeles Kings,Akil Thomas,Placed on IR
"Nov 29, 2024",St. Louis Blues,Philip Broberg,Activated from IR
"Nov 29, 2024",Vegas Golden Knights,Mason Morelli,Assigned to AHL
"Nov 29, 2024",Vegas Golden Knights,Robert Hagg,Assigned to AHL
"Nov 29, 2024",Vegas Golden Knights,Victor Olofsson,Recalled from AHL
"Nov 29, 2024",Vegas Golden Knights,Callahan Burke,Recalled from AHL
"Nov 29, 2024",Columbus Blue Jackets,Joseph LaBate,Placed on Waivers
"Nov 29, 2024",Columbus Blue Jackets,Joseph LaBate,Signed 1 year @ $775K AAV starting in 2024-25
"Nov 29, 2024",Calgary Flames,Ilya Nikolaev,Cleared Waivers
"Nov 29, 2024",Dallas Stars,Alexander Petrovic,Recalled from AHL
"Nov 29, 2024",Tampa Bay Lightning,Matt Tomkins,Recalled from AHL
"Nov 29, 2024",Boston Bruins,Jordan Oesterle,Recalled from AHL
"Nov 29, 2024",Boston Bruins,Marc McLaughlin,Recalled from AHL
"Nov 29, 2024",Los Angeles Kings,Andre Lee,Recalled from AHL
"Nov 29, 2024",Detroit Red Wings,Ville Husso,Recalled from AHL
"Nov 29, 2024",Detroit Red Wings,Marco Kasper,Recalled from AHL
"Nov 29, 2024",Columbus Blue Jackets,Jet Greaves,Recalled from AHL
"Nov 29, 2024",Carolina Hurricanes,Yaniv Perets,Recalled from AHL
"Nov 29, 2024",Carolina Hurricanes,Spencer Martin,Recalled from AHL
"Nov 29, 2024",Edmonton Oilers,Drake Caggiula,Recalled from AHL
"Nov 28, 2024",San Jose Sharks,Barclay Goodrow,Placed on IR
"Nov 28, 2024",Carolina Hurricanes,Ty Smith,Recalled from AHL
"Nov 28, 2024",Vegas Golden Knights,Callahan Burke,Assigned to AHL
"Nov 28, 2024",Detroit Red Wings,Ville Husso,Assigned to AHL
"Nov 28, 2024",Detroit Red Wings,Marco Kasper,Assigned to AHL
"Nov 28, 2024",Vancouver Canucks,Mark Friedman,Recalled from AHL
"Nov 28, 2024",Vancouver Canucks,Arshdeep Bains,Assigned to AHL
"Nov 28, 2024",Boston Bruins,Marc McLaughlin,Assigned to AHL
"Nov 28, 2024",Boston Bruins,Jordan Oesterle,Assigned to AHL
"Nov 28, 2024",Calgary Flames,Ilya Nikolaev,Placed on Waivers
"Nov 28, 2024",San Jose Sharks,Ethan Cardwell,Recalled from AHL
"Nov 28, 2024",Seattle Kraken,Ryan Winterton,Recalled from AHL
"Nov 28, 2024",New Jersey Devils,Timo Meier,Suspension Ended
"Nov 28, 2024",New Jersey Devils,Nolan Foote,Assigned to AHL
"Nov 28, 2024",Carolina Hurricanes,Yaniv Perets,Assigned to AHL
"Nov 28, 2024",Carolina Hurricanes,Spencer Martin,Assigned to AHL
"Nov 28, 2024",Colorado Avalanche,Chris Wagner,Recalled from AHL
"Nov 28, 2024",Colorado Avalanche,Miles Wood,Placed on IR
"Nov 27, 2024",Buffalo Sabres,Tage Thompson,Activated from IR
"Nov 27, 2024",Pittsburgh Penguins,Blake Lizotte,Activated from IR
"Nov 27, 2024",Pittsburgh Penguins,Valtteri Puustinen,Assigned to AHL
"Nov 27, 2024",Carolina Hurricanes,Riley Stillman,Assigned to AHL
"Nov 27, 2024",Pittsburgh Penguins,Valtteri Puustinen,Cleared Waivers
"Nov 27, 2024",Los Angeles Kings,Jacob Moverare,Recalled from AHL
"Nov 27, 2024",Los Angeles Kings,Samuel Helenius,Recalled from AHL
"Nov 27, 2024",Nashville Predators,Ryder Rolston,Assigned to AHL
"Nov 27, 2024",Nashville Predators,Ryder Rolston,Acquired from Chicago Blackhawks
"Nov 27, 2024",Chicago Blackhawks,Ryder Rolston,Traded to Nashville Predators
"Nov 27, 2024",Detroit Red Wings,Ville Husso,Emergency Recall
"Nov 27, 2024",Nashville Predators,Michael McCarron,Placed on IR
"Nov 27, 2024",Nashville Predators,Adam Wilsby,Recalled from AHL
"Nov 27, 2024",Nashville Predators,Spencer Stastney,Assigned to AHL
"Nov 27, 2024",Nashville Predators,Spencer Stastney,Activated from SOIR.
"Nov 27, 2024",Nashville Predators,Nick Blankenburg,Recalled from AHL
"Nov 27, 2024",Colorado Avalanche,Chase Bradley,Recalled from AHL
"Nov 27, 2024",Colorado Avalanche,Nikolai Kovalenko,Recalled from AHL
"Nov 27, 2024",Colorado Avalanche,Ivan Ivan,Recalled from AHL
"Nov 26, 2024",Seattle Kraken,Jordan Eberle,Placed on IR
"Nov 26, 2024",Buffalo Sabres,Isak Rosen,Assigned to AHL
"Nov 26, 2024",Pittsburgh Penguins,Valtteri Puustinen,Placed on Waivers
"Nov 26, 2024",New Jersey Devils,Timo Meier,Suspension Started
"Nov 26, 2024",Seattle Kraken,Ben Meyers,Assigned to AHL
"Nov 26, 2024",Anaheim Ducks,Tyson Hinds,Recalled from AHL
"Nov 26, 2024",Los Angeles Kings,Jacob Moverare,Assigned to AHL
"Nov 26, 2024",Los Angeles Kings,Samuel Helenius,Assigned to AHL
"Nov 26, 2024",San Jose Sharks,Jack Thompson,Recalled from AHL
"Nov 26, 2024",San Jose Sharks,Yaroslav Askarov,Assigned to AHL
"Nov 26, 2024",New York Rangers,Chad Ruhwedel,Recalled from AHL
"Nov 26, 2024",New York Rangers,Matt Rempe,Assigned to AHL
"Nov 26, 2024",Ottawa Senators,Donovan Sebrango,Recalled from AHL
"Nov 26, 2024",Ottawa Senators,Artem Zub,Placed on LTIR
"Nov 26, 2024",Colorado Avalanche,T.J. Tynan,Assigned to AHL
"Nov 26, 2024",Colorado Avalanche,Nikolai Kovalenko,Assigned to AHL
"Nov 26, 2024",Colorado Avalanche,Ivan Ivan,Assigned to AHL
"Nov 25, 2024",Anaheim Ducks,Brock McGinn,Placed on IR
"Nov 25, 2024",Carolina Hurricanes,Riley Stillman,Recalled from AHL
"Nov 25, 2024",Minnesota Wild,Travis Boyd,Recalled from AHL
"Nov 25, 2024",San Jose Sharks,Nico Sturm,Activated from IR
"Nov 25, 2024",San Jose Sharks,Jack Thompson,Assigned to AHL
"Nov 25, 2024",Anaheim Ducks,Mason McTavish,Activated from IR
"Nov 25, 2024",Vegas Golden Knights,Robert Hagg,Recalled from AHL
"Nov 25, 2024",Vegas Golden Knights,Callahan Burke,Recalled from AHL
"Nov 25, 2024",Vegas Golden Knights,Mason Morelli,Recalled from AHL
"Nov 25, 2024",Ottawa Senators,Cole Reinhardt,Recalled from AHL
"Nov 25, 2024",Ottawa Senators,Zack MacEwen,Assigned to AHL
"Nov 25, 2024",Ottawa Senators,Zack MacEwen,Cleared Waivers
"Nov 25, 2024",Pittsburgh Penguins,Sam Poulin,Assigned to AHL
"Nov 25, 2024",Montreal Canadiens,Lucas Condotta,Assigned to AHL
"Nov 25, 2024",Pittsburgh Penguins,Philip Tomasino,Acquired from Nashville Predators
"Nov 25, 2024",Nashville Predators,Philip Tomasino,Traded to Pittsburgh Penguins
"Nov 25, 2024",Boston Bruins,Jordan Oesterle,Recalled from AHL
"Nov 25, 2024",Boston Bruins,Marc McLaughlin,Recalled from AHL
"Nov 25, 2024",Carolina Hurricanes,Jackson Blake,Recalled from AHL
"Nov 25, 2024",Carolina Hurricanes,Tyson Jost,Assigned to AHL
"Nov 25, 2024",Carolina Hurricanes,Spencer Martin,Recalled from AHL
"Nov 25, 2024",New York Rangers,Matt Rempe,Recalled from AHL
"Nov 25, 2024",Montreal Canadiens,Joshua Roy,Recalled from AHL
"Nov 25, 2024",New Jersey Devils,Shane Bowers,Recalled from AHL
"Nov 25, 2024",New Jersey Devils,Nick DeSimone,Recalled from AHL
"Nov 25, 2024",New Jersey Devils,Nolan Foote,Recalled from AHL
"Nov 24, 2024",Vegas Golden Knights,Callahan Burke,Assigned to AHL
"Nov 24, 2024",Vegas Golden Knights,Mason Morelli,Assigned to AHL
"Nov 24, 2024",New Jersey Devils,Shane Bowers,Assigned to AHL
"Nov 24, 2024",New Jersey Devils,Nick DeSimone,Assigned to AHL
"Nov 24, 2024",New Jersey Devils,Nolan Foote,Assigned to AHL
"Nov 24, 2024",Carolina Hurricanes,Yaniv Perets,Recalled from AHL
"Nov 24, 2024",Carolina Hurricanes,Seth Jarvis,Activated from IR
"Nov 24, 2024",New York Rangers,Brett Berard,Recalled from AHL
"Nov 24, 2024",New York Rangers,Victor Mancini,Assigned to AHL
"Nov 24, 2024",New York Rangers,Chad Ruhwedel,Assigned to AHL
"Nov 24, 2024",Winnipeg Jets,Ville Heinola,Recalled from AHL
"Nov 24, 2024",Winnipeg Jets,Dylan Samberg,Placed on IR
"Nov 24, 2024",Anaheim Ducks,Jansen Harkins,Recalled from AHL
"Nov 24, 2024",Ottawa Senators,Zack MacEwen,Placed on Waivers
"Nov 24, 2024",Detroit Red Wings,Tim Gettinger,Assigned to AHL
"Nov 24, 2024",Detroit Red Wings,Tim Gettinger,Cleared Waivers
"Nov 24, 2024",Carolina Hurricanes,Spencer Martin,Assigned to AHL
"Nov 24, 2024",Los Angeles Kings,Erik Portillo,Recalled from AHL
"Nov 24, 2024",Los Angeles Kings,Pheonix Copley,Assigned to AHL
"Nov 24, 2024",Boston Bruins,Marc McLaughlin,Assigned to AHL
"Nov 24, 2024",Boston Bruins,Jordan Oesterle,Assigned to AHL
"Nov 24, 2024",Carolina Hurricanes,Ty Smith,Assigned to AHL
"Nov 24, 2024",Carolina Hurricanes,Jackson Blake,Assigned to AHL
"Nov 24, 2024",Edmonton Oilers,Drake Caggiula,Assigned to AHL
"Nov 24, 2024",Ottawa Senators,Zack Ostapchuk,Recalled from AHL
"Nov 24, 2024",Edmonton Oilers,Joshua Brown,Assigned to AHL
"Nov 23, 2024",Vegas Golden Knights,Robert Hagg,Assigned to AHL
"Nov 23, 2024",Vegas Golden Knights,Nicolas Hague,Activated from IR
"Nov 23, 2024",Pittsburgh Penguins,Kevin Hayes,Activated from IR
"Nov 23, 2024",Pittsburgh Penguins,Vasily Ponomarev,Assigned to AHL
"Nov 23, 2024",Vegas Golden Knights,Callahan Burke,Recalled from AHL
"Nov 23, 2024",Vegas Golden Knights,Robert Hagg,Recalled from AHL
"Nov 23, 2024",Vegas Golden Knights,Mason Morelli,Recalled from AHL
"Nov 23, 2024",Detroit Red Wings,Tim Gettinger,Placed on Waivers
"Nov 23, 2024",Carolina Hurricanes,Spencer Martin,Recalled from AHL
"Nov 23, 2024",Carolina Hurricanes,Jackson Blake,Recalled from AHL
"Nov 23, 2024",Anaheim Ducks,Jansen Harkins,Assigned to AHL
"Nov 23, 2024",Philadelphia Flyers,Cam York,Activated from IR
"Nov 23, 2024",Philadelphia Flyers,Anthony Richard,Assigned to AHL
"Nov 23, 2024",Los Angeles Kings,Erik Portillo,Assigned to AHL
"Nov 23, 2024",Los Angeles Kings,Pheonix Copley,Recalled from AHL
"Nov 23, 2024",Nashville Predators,Fedor Svechkov,Recalled from AHL
"Nov 23, 2024",Nashville Predators,Adam Wilsby,Assigned to AHL
"Nov 22, 2024",Vegas Golden Knights,Callahan Burke,Assigned to AHL
"Nov 22, 2024",Vegas Golden Knights,Robert Hagg,Assigned to AHL
"Nov 22, 2024",Vegas Golden Knights,Mason Morelli,Assigned to AHL
"Nov 22, 2024",Minnesota Wild,Travis Boyd,Emergency Recall
"Nov 22, 2024",Toronto Maple Leafs,Alex Nylander,Recalled from AHL
"Nov 22, 2024",Toronto Maple Leafs,Alex Nylander,Signed 1 year @ $775K AAV starting in 2024-25
"Nov 22, 2024",Toronto Maple Leafs,Matthew Knies,Placed on IR
"Nov 22, 2024",New York Rangers,Jake Leschyshyn,Assigned to AHL
"Nov 22, 2024",Carolina Hurricanes,Spencer Martin,Assigned to AHL
"Nov 22, 2024",Carolina Hurricanes,Jackson Blake,Assigned to AHL
"Nov 22, 2024",New York Rangers,Victor Mancini,Recalled from AHL
"Nov 22, 2024",Nashville Predators,Adam Wilsby,Recalled from AHL
"Nov 22, 2024",Boston Bruins,Marc McLaughlin,Recalled from AHL
"Nov 22, 2024",Boston Bruins,Georgii Merkulov,Assigned to AHL
"Nov 22, 2024",Vegas Golden Knights,Brett Howden,Signed 5 years @ $2.500M AAV starting in 2025-26
"Nov 22, 2024",Colorado Avalanche,T.J. Tynan,Recalled from AHL
"Nov 22, 2024",Colorado Avalanche,Kevin Mandolese,Assigned to AHL
"Nov 21, 2024",Buffalo Sabres,Jordan Greenway,Placed on IR
"Nov 21, 2024",Vegas Golden Knights,Robert Hagg,Recalled from AHL
"Nov 21, 2024",Edmonton Oilers,Viktor Arvidsson,Placed on IR
"Nov 21, 2024",Edmonton Oilers,Joshua Brown,Recalled from AHL
"Nov 21, 2024",Colorado Avalanche,Alexandar Georgiev,Activated from IR
"Nov 21, 2024",Colorado Avalanche,T.J. Tynan,Assigned to AHL
"Nov 21, 2024",Vancouver Canucks,Max Sasson,Recalled from AHL
"Nov 21, 2024",Vancouver Canucks,Jonathan Lekkerimäki,Assigned to AHL
"Nov 21, 2024",Edmonton Oilers,Drake Caggiula,Recalled from AHL
"Nov 20, 2024",New York Islanders,Travis Mitchell,Assigned to AHL
"Nov 20, 2024",Utah Hockey Club,Connor Ingram,Placed on IR
"Nov 20, 2024",Edmonton Oilers,Joshua Brown,Assigned to AHL
"Nov 20, 2024",Boston Bruins,Jeffrey Viel,Assigned to AHL
"Nov 20, 2024",Chicago Blackhawks,Drew Commesso,Assigned to AHL
"Nov 20, 2024",Nashville Predators,Adam Wilsby,Assigned to AHL
"Nov 20, 2024",Vegas Golden Knights,Jonas Rondbjerg,Assigned to AHL
"Nov 20, 2024",Toronto Maple Leafs,Nikita Grebenkin,Recalled from AHL
"Nov 20, 2024",Toronto Maple Leafs,David Kampf,Placed on LTIR
"Nov 20, 2024",Anaheim Ducks,Tyson Hinds,Assigned to AHL
"Nov 20, 2024",Boston Bruins,Jeffrey Viel,Recalled from AHL
"Nov 20, 2024",Boston Bruins,Georgii Merkulov,Recalled from AHL
"Nov 20, 2024",Columbus Blue Jackets,Kent Johnson,Activated from IR
"Nov 20, 2024",Columbus Blue Jackets,David Jiricek,Assigned to AHL
"Nov 20, 2024",Columbus Blue Jackets,Mikael Pyyhtia,Assigned to AHL
"Nov 20, 2024",Utah Hockey Club,Jaxson Stauber,Recalled from AHL
"Nov 20, 2024",Washington Capitals,Ivan Miroshnichenko,Recalled from AHL
"Nov 20, 2024",Washington Capitals,Alex Ovechkin,Placed on IR
"Nov 20, 2024",Washington Capitals,Sonny Milano,Placed on LTIR
"Nov 20, 2024",Toronto Maple Leafs,Max Domi,Placed on IR
"Nov 19, 2024",Minnesota Wild,Yakov Trenin,Placed on IR
"Nov 19, 2024",Vancouver Canucks,J.T. Miller,Placed on IR
"Nov 19, 2024",Edmonton Oilers,Kasperi Kapanen,Claimed on Waivers from St. Louis Blues
"Nov 19, 2024",Detroit Red Wings,William Lagesson,Assigned to AHL
"Nov 19, 2024",Boston Bruins,Jeffrey Viel,Assigned to AHL
"Nov 19, 2024",Boston Bruins,Georgii Merkulov,Assigned to AHL
"Nov 19, 2024",Toronto Maple Leafs,Max Pacioretty,Placed on LTIR
"Nov 19, 2024",Vegas Golden Knights,Callahan Burke,Recalled from AHL
"Nov 19, 2024",Vegas Golden Knights,Ben Hutton,Placed on LTIR
"Nov 19, 2024",Vegas Golden Knights,Mason Morelli,Recalled from AHL
"Nov 19, 2024",Vegas Golden Knights,Jonas Rondbjerg,Recalled from AHL
"Nov 19, 2024",Vegas Golden Knights,Mark Stone,Placed on IR
"Nov 19, 2024",Chicago Blackhawks,Drew Commesso,Recalled from AHL
"Nov 19, 2024",Vancouver Canucks,Arshdeep Bains,Recalled from AHL
"Nov 19, 2024",Vancouver Canucks,Elias Pettersson,Assigned to AHL
"Nov 19, 2024",St. Louis Blues,Robert Thomas,Activated from IR
"Nov 19, 2024",St. Louis Blues,Kasperi Kapanen,Lost on Waivers to Edmonton Oilers
"Nov 19, 2024",Anaheim Ducks,Sam Colangelo,Recalled from AHL
"Nov 19, 2024",Calgary Flames,Adam Klapka,Recalled from AHL
"Nov 19, 2024",Carolina Hurricanes,Spencer Martin,Recalled from AHL
"Nov 19, 2024",Carolina Hurricanes,Jackson Blake,Recalled from AHL
"Nov 19, 2024",Tampa Bay Lightning,Gage Goncalves,Recalled from AHL
"Nov 19, 2024",Toronto Maple Leafs,Fraser Minten,Recalled from AHL
"Nov 19, 2024",Toronto Maple Leafs,David Kampf,Placed on IR
"Nov 19, 2024",New Jersey Devils,Simon Nemec,Assigned to AHL
"Nov 19, 2024",New Jersey Devils,Justin Dowling,Recalled from AHL
"Nov 19, 2024",New Jersey Devils,Shane Bowers,Recalled from AHL
"Nov 19, 2024",New Jersey Devils,Nick DeSimone,Recalled from AHL
"Nov 19, 2024",New Jersey Devils,Seamus Casey,Assigned to AHL
"Nov 19, 2024",New Jersey Devils,Nathan Bastian,Placed on LTIR
"Nov 19, 2024",New Jersey Devils,Nolan Foote,Recalled from AHL
"Nov 18, 2024",Vegas Golden Knights,Victor Olofsson,Assigned to AHL for conditioning stint
"Nov 18, 2024",Vegas Golden Knights,Victor Olofsson,Activated from LTIR
"Nov 18, 2024",Anaheim Ducks,Sam Colangelo,Assigned to AHL
"Nov 18, 2024",Detroit Red Wings,Jack Campbell,Assigned to AHL
"Nov 18, 2024",New Jersey Devils,Simon Nemec,Recalled from AHL
"Nov 18, 2024",New Jersey Devils,Curtis Lazar,Placed on IR
"Nov 18, 2024",New Jersey Devils,Seamus Casey,Recalled from AHL
"Nov 18, 2024",Carolina Hurricanes,Spencer Martin,Assigned to AHL
"Nov 18, 2024",Carolina Hurricanes,Jackson Blake,Assigned to AHL
"Nov 18, 2024",Philadelphia Flyers,Helge Grans,Recalled from AHL
"Nov 18, 2024",Winnipeg Jets,Ville Heinola,Assigned to AHL
"Nov 18, 2024",Winnipeg Jets,Ville Heinola,Activated from SOIR.
"Nov 18, 2024",Los Angeles Kings,Jacob Moverare,Recalled from AHL
"Nov 18, 2024",Los Angeles Kings,Samuel Helenius,Recalled from AHL
"Nov 18, 2024",St. Louis Blues,Kasperi Kapanen,Placed on Waivers
"Nov 18, 2024",Detroit Red Wings,Jack Campbell,Cleared Waivers
"Nov 18, 2024",San Jose Sharks,Yaroslav Askarov,Recalled from AHL
"Nov 18, 2024",San Jose Sharks,Nico Sturm,Placed on IR
"Nov 18, 2024",Buffalo Sabres,Isak Rosen,Recalled from AHL
"Nov 18, 2024",Buffalo Sabres,Devon Levi,Assigned to AHL
"Nov 18, 2024",Detroit Red Wings,William Lagesson,Recalled from AHL
"Nov 18, 2024",Boston Bruins,Jeffrey Viel,Recalled from AHL
"Nov 18, 2024",Minnesota Wild,Devin Shore,Recalled from AHL
"Nov 18, 2024",Minnesota Wild,Ben Jones,Recalled from AHL
"Nov 17, 2024",Vancouver Canucks,Elias Pettersson,Recalled from AHL
"Nov 17, 2024",Vancouver Canucks,Derek Forbort,Placed on IR
"Nov 17, 2024",Anaheim Ducks,Mason McTavish,Placed on IR
"Nov 17, 2024",Los Angeles Kings,Jacob Moverare,Assigned to AHL
"Nov 17, 2024",Los Angeles Kings,Samuel Helenius,Assigned to AHL
"Nov 17, 2024",Edmonton Oilers,Joshua Brown,Recalled from AHL
"Nov 17, 2024",Anaheim Ducks,Tyson Hinds,Recalled from AHL
"Nov 17, 2024",Anaheim Ducks,Sam Colangelo,Recalled from AHL
"Nov 17, 2024",Toronto Maple Leafs,Ryan Reaves,Suspension Started
"Nov 17, 2024",Philadelphia Flyers,Samuel Ersson,Placed on IR
"Nov 17, 2024",Minnesota Wild,Michael Milne,Assigned to AHL
"Nov 17, 2024",Minnesota Wild,Liam Ohgren,Assigned to AHL
"Nov 17, 2024",Minnesota Wild,Daemon Hunt,Assigned to AHL
"Nov 17, 2024",Carolina Hurricanes,Yaniv Perets,Assigned to AHL
"Nov 17, 2024",Detroit Red Wings,Jack Campbell,Placed on Waivers
"Nov 17, 2024",Boston Bruins,Riley Tufte,Assigned to AHL
"Nov 17, 2024",Tampa Bay Lightning,Gage Goncalves,Assigned to AHL
"Nov 17, 2024",Colorado Avalanche,Kevin Mandolese,Recalled from AHL
"Nov 17, 2024",Colorado Avalanche,T.J. Tynan,Recalled from AHL
"Nov 17, 2024",Colorado Avalanche,Alexandar Georgiev,Placed on IR
"Nov 17, 2024",New Jersey Devils,Nick DeSimone,Assigned to AHL
"Nov 17, 2024",New Jersey Devils,Justin Dowling,Assigned to AHL
"Nov 16, 2024",Chicago Blackhawks,Louis Crevier,Recalled from AHL
"Nov 16, 2024",Chicago Blackhawks,Seth Jones,Placed on IR
"Nov 16, 2024",Colorado Avalanche,Trent Miner,Assigned to AHL
"Nov 16, 2024",Los Angeles Kings,Alex Turcotte,Activated from IR
"Nov 16, 2024",Los Angeles Kings,Andre Lee,Assigned to AHL
"Nov 16, 2024",Boston Bruins,Hampus Lindholm,Placed on IR
"Nov 16, 2024",Carolina Hurricanes,Seth Jarvis,Placed on IR
"Nov 16, 2024",Seattle Kraken,Ben Meyers,Recalled from AHL
"Nov 16, 2024",New York Rangers,Jake Leschyshyn,Recalled from AHL
"Nov 16, 2024",Calgary Flames,Adam Klapka,Assigned to AHL
"Nov 16, 2024",Boston Bruins,Riley Tufte,Recalled from AHL
"Nov 16, 2024",Boston Bruins,Georgii Merkulov,Recalled from AHL
"Nov 16, 2024",Boston Bruins,Patrick Brown,Assigned to AHL
"Nov 16, 2024",Buffalo Sabres,Jiri Kulich,Recalled from AHL
"Nov 15, 2024",Colorado Avalanche,Chris Wagner,Cleared Waivers
"Nov 15, 2024",Minnesota Wild,Liam Ohgren,Emergency Recall
"Nov 15, 2024",Buffalo Sabres,Tage Thompson,Placed on IR
"Nov 15, 2024",Carolina Hurricanes,Yaniv Perets,Recalled from AHL
"Nov 15, 2024",Pittsburgh Penguins,Matt Nieto,Activated from LTIR
"Nov 15, 2024",Pittsburgh Penguins,Blake Lizotte,Placed on IR
"Nov 15, 2024",Los Angeles Kings,Tanner Jeannot,Suspension Ended
"Nov 15, 2024",Vegas Golden Knights,Brayden McNabb,Signed 3 years @ $3.650M AAV starting in 2025-26
"Nov 15, 2024",Los Angeles Kings,Caleb Jones,Placed on IR
"Nov 15, 2024",Los Angeles Kings,Darcy Kuemper,Placed on IR
"Nov 15, 2024",Los Angeles Kings,Jacob Moverare,Recalled from AHL
"Nov 15, 2024",Los Angeles Kings,Erik Portillo,Emergency Recall
"Nov 15, 2024",Colorado Avalanche,Trent Miner,Recalled from AHL
"Nov 15, 2024",San Jose Sharks,Kasper Halttunen,Assigned to Junior Team
"Nov 15, 2024",Minnesota Wild,Mats Zuccarello,Placed on IR
"Nov 15, 2024",Colorado Avalanche,Chris Wagner,Assigned to AHL
"Nov 15, 2024",St. Louis Blues,Leo Loof,Assigned to AHL
"Nov 15, 2024",St. Louis Blues,Corey Schueneman,Recalled from AHL
"Nov 15, 2024",Colorado Avalanche,Valeri Nichushkin,Activated from Non-Roster
"Nov 15, 2024",Colorado Avalanche,Ivan Ivan,Recalled from AHL
"Nov 15, 2024",Colorado Avalanche,Nikolai Kovalenko,Recalled from AHL
"Nov 15, 2024",Pittsburgh Penguins,Owen Pickering,Recalled from AHL
"Nov 14, 2024",Vancouver Canucks,Dakota Joshua,Activated from IR
"Nov 14, 2024",Vegas Golden Knights,Grigori Denisenko,Assigned to AHL
"Nov 14, 2024",Vegas Golden Knights,Akira Schmid,Assigned to AHL
"Nov 14, 2024",Carolina Hurricanes,Ty Smith,Recalled from AHL
"Nov 14, 2024",Chicago Blackhawks,Alec Martinez,Activated from IR
"Nov 14, 2024",Columbus Blue Jackets,Gavin Brindley,Assigned to AHL
"Nov 14, 2024",Columbus Blue Jackets,Gavin Brindley,Activated from SOIR.
"Nov 14, 2024",Colorado Avalanche,Nikolai Kovalenko,Assigned to AHL
"Nov 14, 2024",Colorado Avalanche,Ivan Ivan,Assigned to AHL
"Nov 14, 2024",Colorado Avalanche,Chris Wagner,Placed on Waivers
"Nov 14, 2024",Boston Bruins,Patrick Brown,Recalled from AHL
"Nov 14, 2024",Vancouver Canucks,Aatu Raty,Recalled from AHL
"Nov 14, 2024",Vancouver Canucks,Jonathan Lekkerimäki,Recalled from AHL
"Nov 14, 2024",Colorado Avalanche,Jonathan Drouin,Activated from IR
"Nov 14, 2024",Colorado Avalanche,Miles Wood,Activated from IR
"Nov 14, 2024",Pittsburgh Penguins,Joel Blomqvist,Assigned to AHL
"Nov 14, 2024",Pittsburgh Penguins,Matt Nieto,Recalled from AHL
"Nov 14, 2024",Pittsburgh Penguins,Vasily Ponomarev,Recalled from AHL
"Nov 14, 2024",Detroit Red Wings,Ville Husso,Assigned to AHL
"Nov 14, 2024",New York Islanders,Travis Mitchell,Recalled from AHL
"Nov 14, 2024",New York Islanders,Mike Reilly,Placed on IR
"Nov 14, 2024",Colorado Avalanche,Nikita Prishchepov,Assigned to AHL
"Nov 14, 2024",Colorado Avalanche,T.J. Tynan,Assigned to AHL
"Nov 13, 2024",Vegas Golden Knights,Grigori Denisenko,Recalled from AHL
"Nov 13, 2024",Vegas Golden Knights,Victor Olofsson,Placed on LTIR
"Nov 13, 2024",Vegas Golden Knights,Akira Schmid,Recalled from AHL
"Nov 13, 2024",Vegas Golden Knights,Jonas Rondbjerg,Assigned to AHL
"Nov 13, 2024",New York Rangers,Chad Ruhwedel,Recalled from AHL
"Nov 13, 2024",New York Rangers,Victor Mancini,Assigned to AHL
"Nov 13, 2024",Buffalo Sabres,Mattias Samuelsson,Placed on IR
"Nov 13, 2024",St. Louis Blues,Leo Loof,Recalled from AHL
"Nov 13, 2024",Anaheim Ducks,Drew Helleson,Recalled from AHL
"Nov 13, 2024",Anaheim Ducks,Jansen Harkins,Recalled from AHL
"Nov 13, 2024",Nashville Predators,Adam Wilsby,Recalled from AHL
"Nov 13, 2024",Carolina Hurricanes,Jackson Blake,Recalled from AHL
"Nov 13, 2024",Carolina Hurricanes,Spencer Martin,Recalled from AHL
"Nov 13, 2024",Carolina Hurricanes,Riley Stillman,Assigned to AHL
"Nov 13, 2024",Carolina Hurricanes,Riley Stillman,Cleared Waivers
"Nov 13, 2024",Vancouver Canucks,Aatu Raty,Assigned to AHL
"Nov 13, 2024",Vancouver Canucks,Jonathan Lekkerimäki,Assigned to AHL
"Nov 13, 2024",Vancouver Canucks,Arshdeep Bains,Assigned to AHL
"Nov 13, 2024",Anaheim Ducks,James Reimer,Lost on Waivers to Buffalo Sabres
"Nov 13, 2024",Buffalo Sabres,James Reimer,Claimed on Waivers from Anaheim Ducks
"Nov 13, 2024",Boston Bruins,Jordan Oesterle,Recalled from AHL
"Nov 13, 2024",Seattle Kraken,Ales Stezka,Assigned to AHL
"Nov 13, 2024",Toronto Maple Leafs,Jani Hakanpää,Activated from LTIR
"Nov 13, 2024",Colorado Avalanche,Nikita Prishchepov,Recalled from AHL
"Nov 13, 2024",Colorado Avalanche,T.J. Tynan,Recalled from AHL
"Nov 13, 2024",Minnesota Wild,Michael Milne,Recalled from AHL
"Nov 13, 2024",Tampa Bay Lightning,Gage Goncalves,Recalled from AHL
"Nov 12, 2024",Vegas Golden Knights,Akira Schmid,Assigned to AHL
"Nov 12, 2024",Carolina Hurricanes,Spencer Martin,Assigned to AHL
"Nov 12, 2024",Carolina Hurricanes,Jackson Blake,Assigned to AHL
"Nov 12, 2024",Chicago Blackhawks,Andreas Athanasiou,Assigned to AHL
"Nov 12, 2024",Washington Capitals,Lars Eller,Acquired from Pittsburgh Penguins
"Nov 12, 2024",Pittsburgh Penguins,Lars Eller,Traded to Washington Capitals
"Nov 12, 2024",Anaheim Ducks,Robby Fabbri,Placed on IR
"Nov 12, 2024",Carolina Hurricanes,Ty Smith,Assigned to AHL
"Nov 12, 2024",Washington Capitals,Michael Sgarbossa,Assigned to AHL
"Nov 12, 2024",St. Louis Blues,Philip Broberg,Placed on IR
"Nov 12, 2024",Minnesota Wild,Daemon Hunt,Recalled from AHL
"Nov 12, 2024",Anaheim Ducks,Cam Fowler,Placed on IR
"Nov 12, 2024",Winnipeg Jets,Logan Stanley,Placed on IR
"Nov 12, 2024",Winnipeg Jets,Kaapo Kahkonen,Assigned to AHL
"Nov 12, 2024",Toronto Maple Leafs,Matt Benning,Assigned to AHL
"Nov 12, 2024",Carolina Hurricanes,Riley Stillman,Placed on Waivers
"Nov 12, 2024",Anaheim Ducks,James Reimer,Placed on Waivers
"Nov 12, 2024",Chicago Blackhawks,Andreas Athanasiou,Cleared Waivers
"Nov 12, 2024",Toronto Maple Leafs,Matt Benning,Cleared Waivers
"Nov 12, 2024",Winnipeg Jets,Kaapo Kahkonen,Claimed on Waivers from Colorado Avalanche
"Nov 12, 2024",Colorado Avalanche,Kaapo Kahkonen,Lost on Waivers to Winnipeg Jets
"Nov 12, 2024",Colorado Avalanche,T.J. Tynan,Assigned to AHL
"Nov 12, 2024",Colorado Avalanche,Nikita Prishchepov,Assigned to AHL
"Nov 12, 2024",Ottawa Senators,Zack Ostapchuk,Assigned to AHL
"Nov 12, 2024",Vancouver Canucks,Arshdeep Bains,Recalled from AHL
"Nov 12, 2024",Toronto Maple Leafs,Alex Steeves,Emergency Recall
"Nov 11, 2024",Washington Capitals,Michael Sgarbossa,Recalled from AHL
"Nov 11, 2024",Seattle Kraken,Ales Stezka,Emergency Recall
"Nov 11, 2024",Calgary Flames,Anthony Mantha,Placed on IR
"Nov 11, 2024",Carolina Hurricanes,Spencer Martin,Recalled from AHL
"Nov 11, 2024",Philadelphia Flyers,Ryan Poehling,Activated from IR
"Nov 11, 2024",Vancouver Canucks,Arturs Silovs,Recalled from AHL
"Nov 11, 2024",Vancouver Canucks,Ty Young,Assigned to AHL
"Nov 11, 2024",Boston Bruins,Matthew Poitras,Assigned to AHL
"Nov 11, 2024",Philadelphia Flyers,Jamie Drysdale,Placed on IR
"Nov 11, 2024",Colorado Avalanche,Kaapo Kahkonen,Placed on Waivers
"Nov 11, 2024",Chicago Blackhawks,Andreas Athanasiou,Placed on Waivers
"Nov 11, 2024",Toronto Maple Leafs,Matt Benning,Placed on Waivers
"Nov 11, 2024",Minnesota Wild,Michael Milne,Assigned to AHL
"Nov 11, 2024",Calgary Flames,Adam Klapka,Recalled from AHL
"Nov 11, 2024",Chicago Blackhawks,Isaak Phillips,Assigned to AHL
"Nov 11, 2024",Pittsburgh Penguins,Sam Poulin,Recalled from AHL
"Nov 11, 2024",Pittsburgh Penguins,Kevin Hayes,Placed on IR
"Nov 11, 2024",Ottawa Senators,Zack Ostapchuk,Recalled from AHL
"Nov 11, 2024",Toronto Maple Leafs,Max Pacioretty,Placed on IR
"Nov 11, 2024",Carolina Hurricanes,Tyson Jost,Recalled from AHL
"Nov 11, 2024",Carolina Hurricanes,Ty Smith,Recalled from AHL
"Nov 10, 2024",Vegas Golden Knights,Jonas Rondbjerg,Recalled from AHL
"Nov 10, 2024",Vegas Golden Knights,Akira Schmid,Recalled from AHL
"Nov 10, 2024",Carolina Hurricanes,Spencer Martin,Assigned to AHL
"Nov 10, 2024",Columbus Blue Jackets,Kent Johnson,Placed on IR
"Nov 10, 2024",Vancouver Canucks,Nils Aman,Assigned to AHL
"Nov 10, 2024",Vancouver Canucks,Ty Young,Recalled from AHL
"Nov 10, 2024",Vancouver Canucks,Arturs Silovs,Assigned to AHL
"Nov 10, 2024",Vancouver Canucks,Jonathan Lekkerimäki,Recalled from AHL
"Nov 10, 2024",Vancouver Canucks,Arshdeep Bains,Assigned to AHL
"Nov 10, 2024",Washington Capitals,Michael Sgarbossa,Assigned to AHL
"Nov 10, 2024",Ottawa Senators,Zack Ostapchuk,Assigned to AHL
"Nov 10, 2024",Calgary Flames,Dryden Hunt,Assigned to AHL
"Nov 10, 2024",Columbus Blue Jackets,Dante Fabbro,Claimed on Waivers from Nashville Predators
"Nov 10, 2024",Nashville Predators,Dante Fabbro,Lost on Waivers to Columbus Blue Jackets
"Nov 9, 2024",Vegas Golden Knights,Jonas Rondbjerg,Assigned to AHL
"Nov 9, 2024",Vegas Golden Knights,Akira Schmid,Assigned to AHL
"Nov 9, 2024",Seattle Kraken,Ales Stezka,Assigned to AHL
"Nov 9, 2024",Los Angeles Kings,Samuel Helenius,Recalled from AHL
"Nov 9, 2024",Los Angeles Kings,Alex Turcotte,Placed on IR
"Nov 9, 2024",Washington Capitals,Michael Sgarbossa,Recalled from AHL
"Nov 9, 2024",Washington Capitals,Sonny Milano,Placed on IR
"Nov 9, 2024",Washington Capitals,Jakob Chychrun,Activated from IR
"Nov 9, 2024",Nashville Predators,Dante Fabbro,Placed on Waivers
"Nov 9, 2024",Vancouver Canucks,Nils Aman,Recalled from AHL
"Nov 9, 2024",Vancouver Canucks,Arshdeep Bains,Recalled from AHL
"Nov 9, 2024",Colorado Avalanche,T.J. Tynan,Recalled from AHL
"Nov 9, 2024",Colorado Avalanche,Nikita Prishchepov,Recalled from AHL
"Nov 9, 2024",Tampa Bay Lightning,Gage Goncalves,Assigned to AHL
"Nov 9, 2024",Seattle Kraken,Daniel Sprong,Acquired from Vancouver Canucks
"Nov 9, 2024",Vancouver Canucks,Daniel Sprong,Traded to Seattle Kraken
"Nov 8, 2024",Vegas Golden Knights,Jonas Rondbjerg,Recalled from AHL
"Nov 8, 2024",Anaheim Ducks,John Gibson,Activated from IR
"Nov 8, 2024",Winnipeg Jets,Jaret Anderson-Dolan,Assigned to AHL
"Nov 8, 2024",Winnipeg Jets,Jaret Anderson-Dolan,Activated from IR
"Nov 8, 2024",Pittsburgh Penguins,Cody Glass,Placed on IR
"Nov 8, 2024",Pittsburgh Penguins,Bryan Rust,Activated from IR
"Nov 8, 2024",New Jersey Devils,Nick DeSimone,Recalled from AHL
"Nov 8, 2024",Los Angeles Kings,Tanner Jeannot,Suspension Started
"Nov 8, 2024",Toronto Maple Leafs,Connor Dewar,Activated from LTIR
"Nov 8, 2024",Toronto Maple Leafs,Auston Matthews,Placed on IR
"Nov 8, 2024",Vegas Golden Knights,Nicolas Hague,Placed on IR
"Nov 8, 2024",Detroit Red Wings,Ville Husso,Emergency Recall
"Nov 8, 2024",Colorado Avalanche,T.J. Tynan,Assigned to AHL
"Nov 8, 2024",Colorado Avalanche,Nikita Prishchepov,Assigned to AHL
"Nov 8, 2024",Seattle Kraken,Ales Stezka,Emergency Recall
"Nov 7, 2024",Boston Bruins,Loke Johansson,Signed to an entry level contract.
"Nov 7, 2024",New Jersey Devils,Simon Nemec,Assigned to AHL
"Nov 7, 2024",Florida Panthers,Justin Sourdif,Assigned to AHL
"Nov 7, 2024",Florida Panthers,Justin Sourdif,Activated from SOIR.
"Nov 7, 2024",Calgary Flames,Dryden Hunt,Recalled from AHL
"Nov 7, 2024",Calgary Flames,Anthony Mantha,Placed on IR
"Nov 7, 2024",Washington Capitals,Michael Sgarbossa,Assigned to AHL
"Nov 7, 2024",San Jose Sharks,Lucas Carlsson,Assigned to AHL
"Nov 7, 2024",San Jose Sharks,Lucas Carlsson,Cleared Waivers
"Nov 7, 2024",Edmonton Oilers,Brady Stonehouse,Assigned to Junior Team
"Nov 7, 2024",Edmonton Oilers,Brady Stonehouse,Activated from SOIR.
"Nov 6, 2024",Boston Bruins,Max Jones,Assigned to AHL
"Nov 6, 2024",Philadelphia Flyers,Anthony Richard,Recalled from AHL
"Nov 6, 2024",Philadelphia Flyers,Ryan Poehling,Placed on IR
"Nov 6, 2024",Boston Bruins,Max Jones,Cleared Waivers
"Nov 6, 2024",San Jose Sharks,Lucas Carlsson,Placed on Waivers
"Nov 6, 2024",Washington Capitals,Vincent Iorio,Assigned to AHL
"Nov 6, 2024",Seattle Kraken,Ryan Winterton,Assigned to AHL
"Nov 6, 2024",Seattle Kraken,John Hayden,Assigned to AHL
"Nov 6, 2024",Seattle Kraken,Cale Fleury,Assigned to AHL
"Nov 6, 2024",Edmonton Oilers,Noah Philp,Assigned to AHL
"Nov 6, 2024",Washington Capitals,Matt Roy,Activated from IR
"Nov 6, 2024",Montreal Canadiens,Lucas Condotta,Recalled from AHL
"Nov 6, 2024",Montreal Canadiens,Oliver Kapanen,Assigned to European Team
"Nov 6, 2024",Minnesota Wild,Michael Milne,Recalled from AHL
"Nov 5, 2024",Vegas Golden Knights,Akira Schmid,Recalled from AHL
"Nov 5, 2024",Buffalo Sabres,Jiri Kulich,Assigned to AHL
"Nov 5, 2024",Buffalo Sabres,Zach Benson,Activated from IR
"Nov 5, 2024",San Jose Sharks,Ethan Cardwell,Assigned to AHL
"Nov 5, 2024",San Jose Sharks,Danil Gushchin,Assigned to AHL
"Nov 5, 2024",San Jose Sharks,Ty Dellandrea,Activated from IR
"Nov 5, 2024",Boston Bruins,Max Jones,Placed on Waivers
"Nov 5, 2024",Edmonton Oilers,Drake Caggiula,Assigned to AHL
"Nov 5, 2024",Tampa Bay Lightning,Gage Goncalves,Recalled from AHL
"Nov 5, 2024",Vancouver Canucks,Aatu Raty,Recalled from AHL
"Nov 5, 2024",Vancouver Canucks,Arshdeep Bains,Assigned to AHL
"Nov 5, 2024",New York Islanders,Isaiah George,Recalled from AHL
"Nov 5, 2024",Washington Capitals,Michael Sgarbossa,Recalled from AHL
"Nov 5, 2024",Seattle Kraken,Ryan Winterton,Recalled from AHL
"Nov 5, 2024",San Jose Sharks,Macklin Celebrini,Activated from IR
"Nov 4, 2024",Vegas Golden Knights,Akira Schmid,Assigned to AHL
"Nov 4, 2024",Philadelphia Flyers,Ronnie Attard,Traded to Edmonton Oilers
"Nov 4, 2024",Philadelphia Flyers,Ben Gleason,Acquired from Edmonton Oilers
"Nov 4, 2024",Edmonton Oilers,Ben Gleason,Traded to Philadelphia Flyers
"Nov 4, 2024",Edmonton Oilers,Ronnie Attard,Acquired from Philadelphia Flyers
"Nov 4, 2024",Florida Panthers,Gracyn Sawchyn,Signed to an entry level contract.
"Nov 4, 2024",New York Islanders,Samuel Bolduc,Assigned to AHL
"Nov 4, 2024",Boston Bruins,Tyler Johnson,Signed 1 year @ $775K AAV starting in 2024-25
"Nov 4, 2024",Dallas Stars,Kyle Capobianco,Assigned to AHL
"Nov 4, 2024",Washington Capitals,Michael Sgarbossa,Assigned to AHL
"Nov 4, 2024",Colorado Avalanche,Nikolai Kovalenko,Recalled from AHL
"Nov 4, 2024",Colorado Avalanche,Nikita Prishchepov,Recalled from AHL
"Nov 4, 2024",Colorado Avalanche,Ivan Ivan,Recalled from AHL
"Nov 4, 2024",Ottawa Senators,Zack Ostapchuk,Recalled from AHL
"Nov 3, 2024",Vancouver Canucks,Nils Aman,Assigned to AHL
"Nov 3, 2024",Vancouver Canucks,Nils Aman,Cleared Waivers
"Nov 3, 2024",Colorado Avalanche,Nikolai Kovalenko,Assigned to AHL
"Nov 3, 2024",Colorado Avalanche,Nikita Prishchepov,Assigned to AHL
"Nov 3, 2024",Ottawa Senators,Zack Ostapchuk,Assigned to AHL
"Nov 3, 2024",Colorado Avalanche,Ivan Ivan,Assigned to AHL
"Nov 3, 2024",Colorado Avalanche,Artturi Lehkonen,Activated from IR
"Nov 2, 2024",Vegas Golden Knights,Akira Schmid,Recalled from AHL
"Nov 2, 2024",Vancouver Canucks,Nils Aman,Placed on Waivers
"Nov 2, 2024",New York Rangers,Matt Rempe,Assigned to AHL
"Nov 2, 2024",New York Rangers,Jimmy Vesey,Activated from LTIR
"Nov 2, 2024",New York Islanders,Samuel Bolduc,Recalled from AHL
"Nov 2, 2024",New York Islanders,Grant Hutton,Recalled from AHL
"Nov 2, 2024",New York Islanders,Adam Pelech,Placed on IR
"Nov 2, 2024",New York Islanders,Mathew Barzal,Placed on LTIR
"Nov 2, 2024",Washington Capitals,Vincent Iorio,Recalled from AHL
"Nov 2, 2024",Washington Capitals,Jakob Chychrun,Placed on IR
"Nov 1, 2024",Florida Panthers,Patrick Giles,Assigned to AHL
"Nov 1, 2024",Florida Panthers,Tomas Nosek,Activated from LTIR
"Nov 1, 2024",Columbus Blue Jackets,Dmitri Voronkov,Activated from IR
"Nov 1, 2024",Anaheim Ducks,Tristan Luneau,Assigned to AHL
"Nov 1, 2024",Nashville Predators,Ozzy Wiesblatt,Signed 2 years @ $775K AAV starting in 2025-26
"Nov 1, 2024",Vancouver Canucks,Erik Brannstrom,Recalled from AHL
"Nov 1, 2024",Vancouver Canucks,Arshdeep Bains,Recalled from AHL
"Nov 1, 2024",Colorado Avalanche,Nikita Prishchepov,Recalled from AHL
"Nov 1, 2024",Colorado Avalanche,T.J. Tynan,Recalled from AHL
"Nov 1, 2024",Colorado Avalanche,Matt Stienburg,Assigned to AHL
"Nov 1, 2024",Vegas Golden Knights,Brendan Brisson,Assigned to AHL
"Oct 31, 2024",Colorado Avalanche,Matt Stienburg,Suspension Started
"Oct 31, 2024",Calgary Flames,Samuel Honzek,Assigned to AHL
"Oct 31, 2024",Calgary Flames,Matt Coronato,Recalled from AHL
"Oct 31, 2024",Pittsburgh Penguins,Blake Lizotte,Activated from IR
"Oct 31, 2024",Minnesota Wild,Luke Toporowski,Assigned to AHL
"Oct 31, 2024",Minnesota Wild,Luke Toporowski,Activated from SOIR.
"Oct 31, 2024",Minnesota Wild,Liam Ohgren,Assigned to AHL
"Oct 31, 2024",Minnesota Wild,Liam Ohgren,Activated from SOIR.
"Oct 31, 2024",Vancouver Canucks,Arshdeep Bains,Assigned to AHL
"Oct 31, 2024",Vancouver Canucks,Erik Brannstrom,Assigned to AHL
"Oct 31, 2024",Detroit Red Wings,Austin Watson,Assigned to AHL
"Oct 31, 2024",Colorado Avalanche,T.J. Tynan,Assigned to AHL
"Oct 31, 2024",Pittsburgh Penguins,Vasily Ponomarev,Assigned to AHL
"Oct 31, 2024",Pittsburgh Penguins,Vasily Ponomarev,Activated from SOIR.
"Oct 31, 2024",Ottawa Senators,Zack Ostapchuk,Recalled from AHL
"Oct 31, 2024",Ottawa Senators,Adam Gaudette,Recalled from AHL
"Oct 30, 2024",Tampa Bay Lightning,Lukas Svejkovsky,Assigned to AHL
"Oct 30, 2024",Tampa Bay Lightning,Lukas Svejkovsky,Cleared Waivers
"Oct 30, 2024",Nashville Predators,Marc Del Gaizo,Recalled from AHL
"Oct 30, 2024",San Jose Sharks,Timothy Liljegren,Acquired from Toronto Maple Leafs
"Oct 30, 2024",Toronto Maple Leafs,Timothy Liljegren,Traded to San Jose Sharks
"Oct 30, 2024",San Jose Sharks,Matt Benning,Traded to Toronto Maple Leafs
"Oct 30, 2024",Toronto Maple Leafs,Matt Benning,Acquired from San Jose Sharks
"Oct 30, 2024",Calgary Flames,Samuel Honzek,Activated from IR
"Oct 30, 2024",Calgary Flames,Adam Klapka,Assigned to AHL
"Oct 30, 2024",Detroit Red Wings,Austin Watson,Recalled from AHL
"Oct 30, 2024",Minnesota Wild,Graeme Clarke,Assigned to AHL
"Oct 30, 2024",Minnesota Wild,Graeme Clarke,Cleared Waivers
"Oct 30, 2024",Montreal Canadiens,Logan Mailloux,Assigned to AHL
"Oct 30, 2024",Ottawa Senators,Adam Gaudette,Assigned to AHL
"Oct 30, 2024",Ottawa Senators,Zack Ostapchuk,Assigned to AHL
"Oct 30, 2024",Colorado Avalanche,T.J. Tynan,Recalled from AHL
"Oct 30, 2024",Utah Hockey Club,Olli Määttä,Acquired from Detroit Red Wings
"Oct 30, 2024",Detroit Red Wings,Olli Määttä,Traded to Utah Hockey Club
"Oct 29, 2024",St. Louis Blues,Alexey Toropchenko,Signed 1 year @ $1.700M AAV starting in 2025-26
"Oct 29, 2024",Pittsburgh Penguins,Bryan Rust,Placed on IR
"Oct 29, 2024",Edmonton Oilers,Noah Philp,Recalled from AHL
"Oct 29, 2024",Colorado Avalanche,Ross Colton,Placed on IR
"Oct 29, 2024",Edmonton Oilers,Drake Caggiula,Recalled from AHL
"Oct 29, 2024",Minnesota Wild,Graeme Clarke,Placed on Waivers
"Oct 29, 2024",Tampa Bay Lightning,Lukas Svejkovsky,Placed on Waivers
"Oct 29, 2024",St. Louis Blues,Adam Jiricek,Assigned to Junior Team
"Oct 29, 2024",San Jose Sharks,Ethan Cardwell,Recalled from AHL
"Oct 29, 2024",Toronto Maple Leafs,Fraser Minten,Assigned to AHL
"Oct 29, 2024",Toronto Maple Leafs,Fraser Minten,Activated from SOIR.
"Oct 29, 2024",New Jersey Devils,Justin Dowling,Recalled from AHL
"Oct 29, 2024",New Jersey Devils,Topias Vilen,Assigned to AHL
"Oct 29, 2024",New Jersey Devils,Topias Vilen,Activated from SOIR.
"Oct 29, 2024",Chicago Blackhawks,Isaak Phillips,Recalled from AHL
"Oct 29, 2024",Minnesota Wild,Daemon Hunt,Assigned to AHL
"Oct 29, 2024",San Jose Sharks,Ty Dellandrea,Placed on IR
"Oct 29, 2024",Ottawa Senators,Zack Ostapchuk,Recalled from AHL
"Oct 29, 2024",Ottawa Senators,Adam Gaudette,Recalled from AHL
"Oct 28, 2024",Vegas Golden Knights,Brendan Brisson,Recalled from AHL
"Oct 28, 2024",Buffalo Sabres,Nicolas Aube-Kubel,Activated from IR
"Oct 28, 2024",Colorado Avalanche,Miles Wood,Placed on IR
"Oct 28, 2024",Tampa Bay Lightning,Gabriel Fortier,Assigned to AHL
"Oct 28, 2024",New York Rangers,Matt Rempe,Recalled from AHL
"Oct 28, 2024",Chicago Blackhawks,Drew Commesso,Assigned to AHL
"Oct 28, 2024",Carolina Hurricanes,Ty Smith,Assigned to AHL
"Oct 28, 2024",Nashville Predators,Marc Del Gaizo,Assigned to AHL
"Oct 28, 2024",Buffalo Sabres,Zach Benson,Placed on IR
"Oct 28, 2024",Utah Hockey Club,Josh Doan,Assigned to AHL
"Oct 28, 2024",Seattle Kraken,Cale Fleury,Recalled from AHL
"Oct 28, 2024",Seattle Kraken,John Hayden,Recalled from AHL
"Oct 28, 2024",Vancouver Canucks,Erik Brannstrom,Recalled from AHL
"Oct 28, 2024",Vancouver Canucks,Arshdeep Bains,Recalled from AHL
"Oct 28, 2024",Ottawa Senators,Adam Gaudette,Assigned to AHL
"Oct 28, 2024",Ottawa Senators,Cole Reinhardt,Assigned to AHL
"Oct 28, 2024",Washington Capitals,Matt Roy,Placed on IR
"Oct 28, 2024",Washington Capitals,Michael Sgarbossa,Recalled from AHL
"Oct 28, 2024",Carolina Hurricanes,Spencer Martin,Recalled from AHL
"Oct 28, 2024",Montreal Canadiens,Lucas Condotta,Assigned to AHL
"Oct 28, 2024",Tampa Bay Lightning,Gabriel Fortier,Cleared Waivers
"Oct 28, 2024",Toronto Maple Leafs,Jake McCabe,Signed 5 years @ $4.700M AAV starting in 2025-26
"Oct 27, 2024",Vegas Golden Knights,Brendan Brisson,Assigned to AHL
"Oct 27, 2024",Dallas Stars,Kyle Capobianco,Recalled from AHL
"Oct 27, 2024",Boston Bruins,Riley Tufte,Assigned to AHL
"Oct 27, 2024",New York Rangers,Jake Leschyshyn,Assigned to AHL
"Oct 27, 2024",Tampa Bay Lightning,Gabriel Fortier,Placed on Waivers
"Oct 27, 2024",Vancouver Canucks,Arshdeep Bains,Assigned to AHL
"Oct 27, 2024",Vancouver Canucks,Erik Brannstrom,Assigned to AHL
"Oct 26, 2024",Minnesota Wild,Pavel Novak,Cleared Waivers
"Oct 26, 2024",Carolina Hurricanes,Jackson Blake,Recalled from AHL
"Oct 26, 2024",Utah Hockey Club,Kailer Yamamoto,Assigned to AHL
"Oct 26, 2024",Utah Hockey Club,Kailer Yamamoto,Cleared Waivers
"Oct 26, 2024",Boston Bruins,Riley Tufte,Cleared Waivers
"Oct 26, 2024",New York Islanders,Matt Martin,Signed 1 year @ $775K AAV starting in 2024-25
"Oct 26, 2024",Vegas Golden Knights,Victor Olofsson,Placed on IR
"Oct 26, 2024",Montreal Canadiens,Lucas Condotta,Recalled from AHL
"Oct 26, 2024",Philadelphia Flyers,Emil Andrae,Recalled from AHL
"Oct 26, 2024",Philadelphia Flyers,Aleksei Kolosov,Recalled from AHL
"Oct 26, 2024",Philadelphia Flyers,Cam York,Placed on IR
"Oct 26, 2024",Vegas Golden Knights,William Karlsson,Activated from IR
"Oct 26, 2024",Calgary Flames,Yegor Sharangovich,Activated from IR
"Oct 26, 2024",New York Islanders,Hudson Fasching,Recalled from AHL
"Oct 26, 2024",New York Islanders,Pierre Engvall,Recalled from AHL
"Oct 26, 2024",New York Islanders,Liam Foudy,Assigned to AHL
"Oct 26, 2024",Philadelphia Flyers,Jett Luchanko,Assigned to Junior Team
"Oct 26, 2024",New York Rangers,Jake Leschyshyn,Recalled from AHL
"Oct 26, 2024",Pittsburgh Penguins,Tristan Jarry,Assigned to AHL for conditioning stint
"Oct 26, 2024",New York Islanders,Anthony Duclair,Placed on LTIR
"Oct 25, 2024",Carolina Hurricanes,Jackson Blake,Assigned to AHL
"Oct 25, 2024",New York Rangers,Chad Ruhwedel,Assigned to AHL
"Oct 25, 2024",New York Rangers,Chad Ruhwedel,Cleared Waivers
"Oct 25, 2024",Chicago Blackhawks,Drew Commesso,Recalled from AHL
"Oct 25, 2024",Chicago Blackhawks,Isaak Phillips,Assigned to AHL
"Oct 25, 2024",Calgary Flames,Matt Coronato,Assigned to AHL
"Oct 25, 2024",Utah Hockey Club,Nick Bjugstad,Activated from IR
"Oct 25, 2024",New York Rangers,Alexis Lafrenière,Signed 7 years @ $7.450M AAV starting in 2025-26
"Oct 25, 2024",Minnesota Wild,Pavel Novak,Placed on Waivers
"Oct 25, 2024",Utah Hockey Club,Kailer Yamamoto,Placed on Waivers
"Oct 25, 2024",Boston Bruins,Riley Tufte,Placed on Waivers
"Oct 25, 2024",Vancouver Canucks,Arshdeep Bains,Recalled from AHL
"Oct 25, 2024",New Jersey Devils,Daniil Misyul,Assigned to AHL
"Oct 25, 2024",Vancouver Canucks,Erik Brannstrom,Recalled from AHL
"Oct 25, 2024",Edmonton Oilers,Roby Jarventie,Assigned to AHL
"Oct 25, 2024",Edmonton Oilers,Roby Jarventie,Activated from SOIR.
"Oct 25, 2024",Seattle Kraken,Cale Fleury,Assigned to AHL
"Oct 25, 2024",Florida Panthers,Hunter St. Martin,Signed to an entry level contract.
"Oct 25, 2024",Ottawa Senators,Cole Reinhardt,Recalled from AHL
"Oct 25, 2024",Ottawa Senators,Leevi Meriläinen,Assigned to AHL
"Oct 25, 2024",New York Rangers,Matt Rempe,Assigned to AHL
"Oct 24, 2024",Carolina Hurricanes,Jackson Blake,Recalled from AHL
"Oct 24, 2024",Utah Hockey Club,Owen Allard,Signed to an entry level contract.
"Oct 24, 2024",Tampa Bay Lightning,Conor Sheary,Assigned to AHL
"Oct 24, 2024",Vegas Golden Knights,Shea Theodore,Signed 7 years @ $7.425M AAV starting in 2025-26
"Oct 24, 2024",Los Angeles Kings,Pheonix Copley,Assigned to AHL
"Oct 24, 2024",Los Angeles Kings,Darcy Kuemper,Activated from IR
"Oct 24, 2024",Vancouver Canucks,Arshdeep Bains,Assigned to AHL
"Oct 24, 2024",Vancouver Canucks,Erik Brannstrom,Assigned to AHL
"Oct 24, 2024",Colorado Avalanche,Kaapo Kahkonen,Assigned to AHL for conditioning stint
"Oct 24, 2024",Calgary Flames,Kevin Rooney,Activated from IR
"Oct 24, 2024",Seattle Kraken,Cale Fleury,Recalled from AHL
"Oct 24, 2024",New Jersey Devils,Luke Hughes,Activated from IR
"Oct 24, 2024",New Jersey Devils,Brett Pesce,Activated from IR
"Oct 24, 2024",Toronto Maple Leafs,Joseph Woll,Activated from IR
"Oct 24, 2024",Toronto Maple Leafs,Dennis Hildeby,Assigned to AHL
"Oct 24, 2024",New York Rangers,Chad Ruhwedel,Placed on Waivers
"Oct 24, 2024",Tampa Bay Lightning,Conor Sheary,Cleared Waivers
"Oct 24, 2024",Colorado Avalanche,Chris Wagner,Recalled from AHL
"Oct 24, 2024",Colorado Avalanche,Calum Ritchie,Assigned to Junior Team
"Oct 23, 2024",Carolina Hurricanes,Jackson Blake,Assigned to AHL
"Oct 23, 2024",St. Louis Blues,Oskar Sundqvist,Activated from IR
"Oct 23, 2024",Tampa Bay Lightning,Conor Sheary,Placed on Waivers
"Oct 23, 2024",Utah Hockey Club,Patrik Koch,Assigned to AHL
"Oct 23, 2024",Seattle Kraken,Cale Fleury,Assigned to AHL
"Oct 23, 2024",St. Louis Blues,Robert Thomas,Placed on IR
"Oct 23, 2024",Utah Hockey Club,Maveric Lamoureux,Recalled from AHL
"Oct 22, 2024",San Jose Sharks,Shakir Mukhamadullin,Assigned to AHL
"Oct 22, 2024",Dallas Stars,Mathew Dumba,Activated from IR
"Oct 22, 2024",San Jose Sharks,Thomas Bordeleau,Assigned to AHL
"Oct 22, 2024",San Jose Sharks,Thomas Bordeleau,Activated from IR
"Oct 22, 2024",Ottawa Senators,Leevi Meriläinen,Recalled from AHL
"Oct 22, 2024",Ottawa Senators,Cole Reinhardt,Assigned to AHL
"Oct 22, 2024",St. Louis Blues,Nick Leddy,Placed on IR
"Oct 22, 2024",Colorado Avalanche,Devon Toews,Activated from IR
"Oct 22, 2024",Chicago Blackhawks,Artyom Levshunov,Assigned to AHL
"Oct 22, 2024",Chicago Blackhawks,Artyom Levshunov,Activated from SOIR.
"Oct 22, 2024",Ottawa Senators,Matthew Highmore,Assigned to AHL
"Oct 22, 2024",Ottawa Senators,Matthew Highmore,Cleared Waivers
"Oct 22, 2024",New York Rangers,Ryan Lindgren,Activated from IR
"Oct 22, 2024",St. Louis Blues,Alexandre Texier,Activated from IR
"Oct 22, 2024",New York Islanders,Liam Foudy,Recalled from AHL
"Oct 22, 2024",St. Louis Blues,Jake Neighbours,Signed 2 years @ $3.750M AAV starting in 2025-26
"Oct 21, 2024",Colorado Avalanche,Chris Wagner,Assigned to AHL
"Oct 21, 2024",Seattle Kraken,Vince Dunn,Placed on LTIR
"Oct 21, 2024",New York Islanders,Julien Gauthier,Assigned to AHL
"Oct 21, 2024",New Jersey Devils,Adam Beckman,Assigned to AHL
"Oct 21, 2024",New Jersey Devils,Adam Beckman,Cleared Waivers
"Oct 21, 2024",St. Louis Blues,Simon Robertsson,Assigned to AHL
"Oct 21, 2024",Seattle Kraken,Cale Fleury,Recalled from AHL
"Oct 21, 2024",Ottawa Senators,Matthew Highmore,Placed on Waivers
"Oct 21, 2024",New York Islanders,Julien Gauthier,Cleared Waivers
"Oct 21, 2024",New Jersey Devils,Seamus Casey,Assigned to AHL
"Oct 21, 2024",New Jersey Devils,Daniil Misyul,Recalled from AHL
"Oct 21, 2024",Nashville Predators,Zachary L'Heureux,Recalled from AHL
"Oct 21, 2024",Edmonton Oilers,Sam O'Reilly,Signed to an entry level contract.
"Oct 21, 2024",Columbus Blue Jackets,Jet Greaves,Assigned to AHL
"Oct 21, 2024",Carolina Hurricanes,Jackson Blake,Recalled from AHL
"Oct 20, 2024",Los Angeles Kings,Joel Edmundson,Activated from IR
"Oct 20, 2024",San Jose Sharks,Shakir Mukhamadullin,Activated from SOIR.
"Oct 20, 2024",New Jersey Devils,Adam Beckman,Placed on Waivers
"Oct 20, 2024",New Jersey Devils,Adam Beckman,Activated from SOIR.
"Oct 20, 2024",Philadelphia Flyers,Emil Andrae,Assigned to AHL
"Oct 20, 2024",Ottawa Senators,Cole Reinhardt,Recalled from AHL
"Oct 20, 2024",Ottawa Senators,Mads Sogaard,Assigned to AHL
"Oct 20, 2024",New York Islanders,Julien Gauthier,Placed on Waivers
"Oct 20, 2024",Dallas Stars,Matěj  Blümel,Assigned to AHL
"Oct 20, 2024",Dallas Stars,Alexander Petrovic,Assigned to AHL
"Oct 20, 2024",Colorado Avalanche,Devon Toews,Placed on IR
"Oct 20, 2024",Colorado Avalanche,Jonathan Drouin,Placed on IR
"Oct 20, 2024",Colorado Avalanche,Chris Wagner,Recalled from AHL
"Oct 20, 2024",Carolina Hurricanes,Jackson Blake,Assigned to AHL
"Oct 19, 2024",Winnipeg Jets,Logan Stanley,Activated from IR
"Oct 19, 2024",Pittsburgh Penguins,Alex Nedeljkovic,Recalled from AHL
"Oct 19, 2024",Nashville Predators,Marc Del Gaizo,Recalled from AHL
"Oct 19, 2024",Los Angeles Kings,Pheonix Copley,Recalled from AHL
"Oct 19, 2024",Los Angeles Kings,Pheonix Copley,Assigned to AHL
"Oct 19, 2024",Dallas Stars,Mathew Dumba,Placed on IR
"Oct 19, 2024",Dallas Stars,Matěj  Blümel,Recalled from AHL
"Oct 19, 2024",Calgary Flames,Samuel Honzek,Placed on IR
"Oct 19, 2024",Anaheim Ducks,Frank Vatrano,Activated from Non-Roster
"Oct 19, 2024",Anaheim Ducks,Jansen Harkins,Assigned to AHL
"Oct 18, 2024",Buffalo Sabres,Scott Ratzlaff,Signed to an entry level contract.
"Oct 18, 2024",Utah Hockey Club,Terrell Goldsmith,Signed to an entry level contract.
"Oct 18, 2024",Chicago Blackhawks,Landon Slaggert,Signed 2 years @ $900K AAV starting in 2025-26
"Oct 18, 2024",Pittsburgh Penguins,Harrison Brunicke,Signed to an entry level contract.
"Oct 18, 2024",Utah Hockey Club,Curtis Douglas,Assigned to AHL
"Oct 18, 2024",Seattle Kraken,Vince Dunn,Placed on IR
"Oct 18, 2024",Montreal Canadiens,Logan Mailloux,Recalled from AHL
"Oct 18, 2024",Minnesota Wild,Daemon Hunt,Recalled from AHL
"Oct 18, 2024",Detroit Red Wings,Marco Kasper,Recalled from AHL
"Oct 18, 2024",Carolina Hurricanes,Ty Smith,Recalled from AHL
"Oct 18, 2024",Anaheim Ducks,Frank Vatrano,Placed on Non Roster Status
"Oct 18, 2024",Anaheim Ducks,Jansen Harkins,Recalled from AHL
"Oct 17, 2024",Dallas Stars,Jake Oettinger,Signed 8 years @ $8.250M AAV starting in 2025-26
"Oct 17, 2024",Carolina Hurricanes,Brendan Lemieux,Assigned to AHL
"Oct 17, 2024",Carolina Hurricanes,Brendan Lemieux,Cleared Waivers
"Oct 17, 2024",Vancouver Canucks,Erik Brannstrom,Recalled from AHL
"Oct 17, 2024",Pittsburgh Penguins,Alex Nedeljkovic,Assigned to AHL
"Oct 17, 2024",Columbus Blue Jackets,Justin Danforth,Activated from IR
"Oct 17, 2024",Columbus Blue Jackets,Dylan Gambrell,Assigned to AHL
"Oct 17, 2024",Columbus Blue Jackets,Dylan Gambrell,Cleared Waivers
"Oct 17, 2024",Chicago Blackhawks,Isaak Phillips,Recalled from AHL
"Oct 17, 2024",Chicago Blackhawks,Alec Martinez,Placed on IR
"Oct 16, 2024",Colorado Avalanche,Matt Stienburg,Recalled from AHL
"Oct 16, 2024",Carolina Hurricanes,Brendan Lemieux,Placed on Waivers
"Oct 16, 2024",Vancouver Canucks,Aatu Raty,Assigned to AHL
"Oct 16, 2024",Utah Hockey Club,Patrik Koch,Recalled from AHL
"Oct 16, 2024",Pittsburgh Penguins,Rutger McGroarty,Assigned to AHL
"Oct 16, 2024",Ottawa Senators,Adam Gaudette,Recalled from AHL
"Oct 16, 2024",Minnesota Wild,Daemon Hunt,Assigned to AHL
"Oct 16, 2024",Los Angeles Kings,Pheonix Copley,Recalled from AHL
"Oct 16, 2024",Los Angeles Kings,Darcy Kuemper,Placed on IR
"Oct 16, 2024",Detroit Red Wings,Justin Holl,Recalled from AHL
"Oct 16, 2024",Columbus Blue Jackets,Erik Gudbranson,Placed on IR
"Oct 16, 2024",Columbus Blue Jackets,Jet Greaves,Recalled from AHL
"Oct 16, 2024",Columbus Blue Jackets,Dylan Gambrell,Placed on Waivers
"Oct 16, 2024",Colorado Avalanche,Nikolai Kovalenko,Recalled from AHL
"Oct 16, 2024",Colorado Avalanche,Ivan Ivan,Recalled from AHL
"Oct 16, 2024",Carolina Hurricanes,Joakim Ryan,Assigned to AHL
"Oct 16, 2024",Carolina Hurricanes,Joakim Ryan,Cleared Waivers
"Oct 15, 2024",St. Louis Blues,Brandon Saad,Activated from IR
"Oct 15, 2024",Ottawa Senators,Adam Gaudette,Assigned to AHL
"Oct 15, 2024",Ottawa Senators,Mads Sogaard,Recalled from AHL
"Oct 15, 2024",Los Angeles Kings,Joel Edmundson,Placed on IR
"Oct 15, 2024",Detroit Red Wings,Austin Watson,Assigned to AHL
"Oct 15, 2024",Detroit Red Wings,Justin Holl,Assigned to AHL
"Oct 15, 2024",Dallas Stars,Mavrik Bourque,Activated from IR
"Oct 15, 2024",Columbus Blue Jackets,Max McCue,Assigned to AHL
"Oct 15, 2024",Colorado Avalanche,Nikolai Kovalenko,Assigned to AHL
"Oct 15, 2024",Carolina Hurricanes,Joakim Ryan,Placed on Waivers
"Oct 14, 2024",Colorado Avalanche,Chris Wagner,Assigned to AHL
"Oct 14, 2024",Detroit Red Wings,Ville Husso,Assigned to AHL
"Oct 14, 2024",Detroit Red Wings,Ville Husso,Cleared Waivers
"Oct 14, 2024",Utah Hockey Club,Sean Durzi,Placed on IR
"Oct 14, 2024",Nashville Predators,Fedor Svechkov,Assigned to AHL
"Oct 14, 2024",Montreal Canadiens,Alex Barré-Boulet,Assigned to AHL
"Oct 14, 2024",Montreal Canadiens,Alex Barré-Boulet,Cleared Waivers
"Oct 14, 2024",Minnesota Wild,Daemon Hunt,Recalled from AHL
"Oct 14, 2024",Minnesota Wild,Travis Boyd,Assigned to AHL
"Oct 14, 2024",Detroit Red Wings,Austin Watson,Recalled from AHL
"Oct 14, 2024",Colorado Avalanche,Ivan Ivan,Assigned to AHL
"Oct 13, 2024",Montreal Canadiens,Alex Barré-Boulet,Placed on Waivers
"Oct 13, 2024",Minnesota Wild,Jesper Wallstedt,Assigned to AHL
"Oct 13, 2024",Minnesota Wild,Travis Boyd,Recalled from AHL
"Oct 13, 2024",Detroit Red Wings,Ville Husso,Placed on Waivers
"Oct 12, 2024",Boston Bruins,Matthew Poitras,Activated from IR
"Oct 12, 2024",Boston Bruins,Ian Mitchell,Assigned to AHL
"Oct 12, 2024",Pittsburgh Penguins,Bryan Rust,Activated from IR
"Oct 12, 2024",San Jose Sharks,Jack Thompson,Recalled from AHL
"Oct 12, 2024",Detroit Red Wings,Justin Holl,Recalled from AHL
"Oct 12, 2024",Colorado Avalanche,Chris Wagner,Recalled from AHL
"Oct 12, 2024",Boston Bruins,Ian Mitchell,Cleared Waivers
"Oct 11, 2024",Washington Capitals,Spencer Smallman,Assigned to AHL
"Oct 11, 2024",Boston Bruins,Ian Mitchell,Activated from SOIR.
"Oct 11, 2024",Winnipeg Jets,Kaapo Kahkonen,Lost on Waivers to Colorado Avalanche
"Oct 11, 2024",Washington Capitals,Spencer Smallman,Cleared Waivers
"Oct 11, 2024",Vegas Golden Knights,Raphael Lavoie,Assigned to AHL
"Oct 11, 2024",Vegas Golden Knights,Raphael Lavoie,Claimed on Waivers from Edmonton Oilers
"Oct 11, 2024",Vegas Golden Knights,Brendan Brisson,Recalled from AHL
"Oct 11, 2024",San Jose Sharks,Macklin Celebrini,Placed on IR
"Oct 11, 2024",Philadelphia Flyers,Emil Andrae,Recalled from AHL
"Oct 11, 2024",Nashville Predators,Matt Murray,Assigned to AHL
"Oct 11, 2024",Minnesota Wild,Daemon Hunt,Assigned to AHL
"Oct 11, 2024",Minnesota Wild,Jesper Wallstedt,Recalled from AHL
"Oct 11, 2024",Florida Panthers,Tomas Nosek,Placed on LTIR
"Oct 11, 2024",Florida Panthers,Patrick Giles,Recalled from AHL
"Oct 11, 2024",Edmonton Oilers,Raphael Lavoie,Lost on Waivers to Vegas Golden Knights
"Oct 11, 2024",Colorado Avalanche,Kaapo Kahkonen,Claimed on Waivers from Winnipeg Jets
"Oct 11, 2024",Colorado Avalanche,Ivan Ivan,Recalled from AHL
"Oct 11, 2024",Colorado Avalanche,Nikolai Kovalenko,Recalled from AHL
"Oct 11, 2024",Calgary Flames,Justin Kirkland,Recalled from AHL
"Oct 11, 2024",Calgary Flames,Kevin Rooney,Placed on IR
"Oct 11, 2024",Boston Bruins,Ian Mitchell,Placed on Waivers
"Oct 10, 2024",Winnipeg Jets,Kaapo Kahkonen,Placed on Waivers
"Oct 10, 2024",Washington Capitals,Spencer Smallman,Placed on Waivers
"Oct 10, 2024",Vancouver Canucks,Arshdeep Bains,Recalled from AHL
"Oct 10, 2024",St. Louis Blues,Alexandre Texier,Placed on IR
"Oct 10, 2024",Montreal Canadiens,Gustav Lindstrom,Assigned to AHL
"Oct 10, 2024",Montreal Canadiens,Gustav Lindstrom,Cleared Waivers
"Oct 10, 2024",Minnesota Wild,Jesper Wallstedt,Assigned to AHL
"Oct 10, 2024",Minnesota Wild,Daemon Hunt,Recalled from AHL
"Oct 10, 2024",Edmonton Oilers,Raphael Lavoie,Placed on Waivers
"Oct 10, 2024",Colorado Avalanche,Nikolai Kovalenko,Assigned to AHL
"Oct 10, 2024",Colorado Avalanche,Ivan Ivan,Assigned to AHL
"Oct 10, 2024",Chicago Blackhawks,Wyatt Kaiser,Activated from IR
"Oct 10, 2024",Chicago Blackhawks,Isaak Phillips,Assigned to AHL
"Oct 10, 2024",Carolina Hurricanes,Tyson Jost,Assigned to AHL
"Oct 10, 2024",Carolina Hurricanes,Tyson Jost,Cleared Waivers
"Oct 9, 2024",Montreal Canadiens,Gustav Lindstrom,Signed 1 year @ $775K AAV starting in 2024-25
"Oct 9, 2024",Seattle Kraken,Joey Daccord,Signed 5 years @ $5.000M AAV starting in 2025-26
"Oct 9, 2024",Ottawa Senators,Linus Ullmark,Signed 4 years @ $8.250M AAV starting in 2025-26
"Oct 9, 2024",Los Angeles Kings,Drew Doughty,Placed on LTIR
"Oct 9, 2024",Toronto Maple Leafs,Connor Dewar,Placed on LTIR
"Oct 9, 2024",Vegas Golden Knights,Raphael Lavoie,Lost on Waivers to Edmonton Oilers
"Oct 9, 2024",Vancouver Canucks,Mark Friedman,Assigned to AHL
"Oct 9, 2024",Vancouver Canucks,Mark Friedman,Cleared Waivers
"Oct 9, 2024",Toronto Maple Leafs,Joseph Woll,Placed on IR
"Oct 9, 2024",Toronto Maple Leafs,Dennis Hildeby,Recalled from AHL
"Oct 9, 2024",Nashville Predators,Matt Murray,Recalled from AHL
"Oct 9, 2024",Montreal Canadiens,Gustav Lindstrom,Placed on Waivers
"Oct 9, 2024",Los Angeles Kings,Andre Lee,Recalled from AHL
"Oct 9, 2024",Florida Panthers,MacKenzie Entwistle,Assigned to AHL
"Oct 9, 2024",Florida Panthers,Spencer Knight,Recalled from AHL
"Oct 9, 2024",Florida Panthers,Chris Driedger,Assigned to AHL
"Oct 9, 2024",Florida Panthers,MacKenzie Entwistle,Cleared Waivers
"Oct 9, 2024",Florida Panthers,Chris Driedger,Cleared Waivers
"Oct 9, 2024",Edmonton Oilers,Raphael Lavoie,Claimed on Waivers from Vegas Golden Knights
"Oct 9, 2024",Carolina Hurricanes,Tyson Jost,Placed on Waivers
"Oct 9, 2024",Carolina Hurricanes,Jesper Fast,Placed on LTIR
"Oct 8, 2024",Florida Panthers,Carter Verhaeghe,Signed 8 years @ $7.000M AAV starting in 2025-26
"Oct 8, 2024",Washington Capitals,Jakub Vrana,Signed 1 year @ $775K AAV starting in 2024-25
"Oct 8, 2024",Edmonton Oilers,Travis Dermott,Signed 1 year @ $775K AAV starting in 2024-25
"Oct 8, 2024",Colorado Avalanche,Tucker Poolman,Placed on LTIR
"Oct 8, 2024",Montreal Canadiens,Patrik Laine,Placed on LTIR
"Oct 8, 2024",Edmonton Oilers,Cameron Wright,Assigned to AHL
"Oct 8, 2024",Washington Capitals,Jakub Vrana,Activated from Non-Roster
"Oct 8, 2024",Carolina Hurricanes,Bryce Montgomery,Assigned to AHL
"Oct 8, 2024",Winnipeg Jets,Jaret Anderson-Dolan,Placed on IR
"Oct 8, 2024",Winnipeg Jets,Jaret Anderson-Dolan,Recalled from AHL
"Oct 8, 2024",Washington Capitals,Hendrix Lapierre,Recalled from AHL
"Oct 8, 2024",Vegas Golden Knights,Brendan Brisson,Assigned to AHL
"Oct 8, 2024",Vegas Golden Knights,Raphael Lavoie,Placed on Waivers
"Oct 8, 2024",Vancouver Canucks,Mark Friedman,Placed on Waivers
"Oct 8, 2024",Toronto Maple Leafs,Easton Cowan,Assigned to Junior Team
"Oct 8, 2024",St. Louis Blues,Zack Bolduc,Recalled from AHL
"Oct 8, 2024",New York Rangers,Ben Harpur,Assigned to AHL
"Oct 8, 2024",New York Rangers,Matt Rempe,Recalled from AHL
"Oct 8, 2024",New York Rangers,Adam Sykora,Assigned to AHL
"Oct 8, 2024",New York Rangers,Victor Mancini,Recalled from AHL
"Oct 8, 2024",New York Rangers,Jake Leschyshyn,Assigned to AHL
"Oct 8, 2024",New York Rangers,Anton Blidh,Assigned to AHL
"Oct 8, 2024",New York Rangers,Adam Edstrom,Recalled from AHL
"Oct 8, 2024",New York Rangers,Will Cuylle,Recalled from AHL
"Oct 8, 2024",New York Rangers,Matthew Robertson,Assigned to AHL
"Oct 8, 2024",Florida Panthers,MacKenzie Entwistle,Placed on Waivers
"Oct 8, 2024",Florida Panthers,Chris Driedger,Placed on Waivers
"Oct 8, 2024",Edmonton Oilers,Matt Savoie,Assigned to AHL
"Oct 8, 2024",Edmonton Oilers,Evander Kane,Placed on LTIR
"Oct 8, 2024",Detroit Red Wings,Austin Watson,Assigned to AHL
"Oct 8, 2024",Colorado Avalanche,Chris Wagner,Assigned to AHL
"Oct 8, 2024",Colorado Avalanche,Ivan Ivan,Recalled from AHL
"Oct 8, 2024",Colorado Avalanche,Nikolai Kovalenko,Recalled from AHL
"Oct 8, 2024",Carolina Hurricanes,Jackson Blake,Recalled from AHL
"Oct 8, 2024",St. Louis Blues,Torey Krug,Placed on LTIR
"Oct 8, 2024",Colorado Avalanche,Gabriel Landeskog,Placed on LTIR
"Oct 8, 2024",Washington Capitals,T.J. Oshie,Placed on LTIR
"Oct 8, 2024",Montreal Canadiens,Jayden Struble,Recalled from AHL
"Oct 8, 2024",Montreal Canadiens,Arber Xhekaj,Recalled from AHL
"Oct 7, 2024",Detroit Red Wings,Austin Watson,Signed 1 year @ $775K AAV starting in 2024-25
"Oct 7, 2024",Toronto Maple Leafs,Cade Webber,Signed 2 years @ $825K AAV starting in 2025-26
"Oct 7, 2024",Toronto Maple Leafs,Steven Lorentz,Signed 1 year @ $775K AAV starting in 2024-25
"Oct 7, 2024",Toronto Maple Leafs,Max Pacioretty,Signed 1 year @ $1.500M AAV starting in 2024-25
"Oct 7, 2024",Minnesota Wild,Jesper Wallstedt,Signed 2 years @ $2.200M AAV starting in 2025-26
"Oct 7, 2024",Edmonton Oilers,Cameron Wright,Signed 1 year @ $952K AAV starting in 2024-25
"Oct 7, 2024",Minnesota Wild,Luke Toporowski,Placed on SOIR
"Oct 7, 2024",Minnesota Wild,Liam Ohgren,Placed on SOIR
"Oct 7, 2024",New Jersey Devils,Colton White,Assigned to AHL
"Oct 7, 2024",Detroit Red Wings,Joe Snively,Assigned to AHL
"Oct 7, 2024",Detroit Red Wings,Brogan Rafferty,Assigned to AHL
"Oct 7, 2024",Detroit Red Wings,William Lagesson,Assigned to AHL
"Oct 7, 2024",Detroit Red Wings,Sheldon Dries,Assigned to AHL
"Oct 7, 2024",Carolina Hurricanes,Ryan Suzuki,Assigned to AHL
"Oct 7, 2024",Carolina Hurricanes,Josiah Slavin,Assigned to AHL
"Oct 7, 2024",Buffalo Sabres,Lukas Rousek,Assigned to AHL
"Oct 7, 2024",Boston Bruins,Patrick Brown,Assigned to AHL
"Oct 7, 2024",Boston Bruins,Billy Sweezey,Assigned to AHL
"Oct 7, 2024",Boston Bruins,Jeffrey Viel,Assigned to AHL
"Oct 7, 2024",Boston Bruins,Brandon Bussi,Assigned to AHL
"Oct 7, 2024",Buffalo Sabres,Kale Clague,Assigned to AHL
"Oct 7, 2024",Boston Bruins,Jiri Patera,Lost on Waivers to Vancouver Canucks
"Oct 7, 2024",Montreal Canadiens,Arber Xhekaj,Assigned to AHL
"Oct 7, 2024",Edmonton Oilers,Roby Jarventie,Placed on SOIR
"Oct 7, 2024",Colorado Avalanche,Gabriel Landeskog,Activated from IR
"Oct 7, 2024",St. Louis Blues,Torey Krug,Placed on IR
"Oct 7, 2024",Washington Capitals,T.J. Oshie,Placed on IR
"Oct 7, 2024",Vegas Golden Knights,Lukas Cormier,Placed on SOIR
"Oct 7, 2024",Vegas Golden Knights,Jakub Demek,Placed on SOIR
"Oct 7, 2024",Toronto Maple Leafs,Dakota Mermis,Placed on LTIR
"Oct 7, 2024",Winnipeg Jets,Jaret Anderson-Dolan,Assigned to AHL
"Oct 7, 2024",Winnipeg Jets,Brad Lambert,Assigned to AHL
"Oct 7, 2024",Winnipeg Jets,Nikita Chibrikov,Assigned to AHL
"Oct 7, 2024",Winnipeg Jets,Elias Salomonsson,Assigned to AHL
"Oct 7, 2024",Winnipeg Jets,Jaret Anderson-Dolan,Cleared Waivers
"Oct 7, 2024",Washington Capitals,Ivan Miroshnichenko,Assigned to AHL
"Oct 7, 2024",Washington Capitals,Andrew Cristall,Assigned to Junior Team
"Oct 7, 2024",Washington Capitals,Hunter Shepard,Assigned to AHL
"Oct 7, 2024",Washington Capitals,Hendrix Lapierre,Assigned to AHL
"Oct 7, 2024",Washington Capitals,Hunter Shepard,Cleared Waivers
"Oct 7, 2024",Vegas Golden Knights,Raphael Lavoie,Claimed on Waivers from Edmonton Oilers
"Oct 7, 2024",Vegas Golden Knights,Cole Schwindt,Claimed on Waivers from Calgary Flames
"Oct 7, 2024",Vegas Golden Knights,Tanner Laczynski,Assigned to AHL
"Oct 7, 2024",Vegas Golden Knights,Jonas Rondbjerg,Assigned to AHL
"Oct 7, 2024",Vegas Golden Knights,Jesper Vikman,Assigned to AHL
"Oct 7, 2024",Vegas Golden Knights,Tanner Laczynski,Cleared Waivers
"Oct 7, 2024",Vegas Golden Knights,Zachary Aston-Reese,Lost on Waivers to Columbus Blue Jackets
"Oct 7, 2024",Vegas Golden Knights,Jonas Rondbjerg,Cleared Waivers
"Oct 7, 2024",Vancouver Canucks,Arshdeep Bains,Assigned to AHL
"Oct 7, 2024",Vancouver Canucks,Erik Brannstrom,Assigned to AHL
"Oct 7, 2024",Vancouver Canucks,Jiri Patera,Assigned to AHL
"Oct 7, 2024",Vancouver Canucks,Jiri Patera,Claimed on Waivers from Boston Bruins
"Oct 7, 2024",Utah Hockey Club,Matt Villalta,Assigned to AHL
"Oct 7, 2024",Utah Hockey Club,Matt Villalta,Cleared Waivers
"Oct 7, 2024",Toronto Maple Leafs,Marshall Rifai,Assigned to AHL
"Oct 7, 2024",Toronto Maple Leafs,Marshall Rifai,Cleared Waivers
"Oct 7, 2024",Toronto Maple Leafs,Matt Murray,Assigned to AHL
"Oct 7, 2024",Toronto Maple Leafs,Matt Murray,Cleared Waivers
"Oct 7, 2024",Tampa Bay Lightning,Steven Santini,Assigned to AHL
"Oct 7, 2024",Tampa Bay Lightning,Maxwell Crozier,Assigned to AHL
"Oct 7, 2024",St. Louis Blues,Tyler Tucker,Assigned to AHL
"Oct 7, 2024",St. Louis Blues,Zack Bolduc,Assigned to AHL
"Oct 7, 2024",St. Louis Blues,Corey Schueneman,Assigned to AHL
"Oct 7, 2024",St. Louis Blues,Corey Schueneman,Cleared Waivers
"Oct 7, 2024",St. Louis Blues,Tyler Tucker,Cleared Waivers
"Oct 7, 2024",San Jose Sharks,Collin Graf,Assigned to AHL
"Oct 7, 2024",San Jose Sharks,Jack Thompson,Assigned to AHL
"Oct 7, 2024",San Jose Sharks,Luca Cagnoni,Assigned to AHL
"Oct 7, 2024",San Jose Sharks,Ethan Cardwell,Assigned to AHL
"Oct 7, 2024",Pittsburgh Penguins,Sebastian Aho,Assigned to AHL
"Oct 7, 2024",Pittsburgh Penguins,Bokondji Imama,Assigned to AHL
"Oct 7, 2024",Pittsburgh Penguins,Harrison Brunicke,Assigned to Junior Team
"Oct 7, 2024",Pittsburgh Penguins,Bokondji Imama,Cleared Waivers
"Oct 7, 2024",Pittsburgh Penguins,Sebastian Aho,Cleared Waivers
"Oct 7, 2024",Philadelphia Flyers,Oscar Eklind,Assigned to AHL
"Oct 7, 2024",Ottawa Senators,Jan Jenik,Assigned to AHL
"Oct 7, 2024",Ottawa Senators,Adam Gaudette,Assigned to AHL
"Oct 7, 2024",Ottawa Senators,Carter Yakemchuk,Assigned to Junior Team
"Oct 7, 2024",Ottawa Senators,Jan Jenik,Cleared Waivers
"Oct 7, 2024",Ottawa Senators,Adam Gaudette,Cleared Waivers
"Oct 7, 2024",New York Rangers,Victor Mancini,Assigned to AHL
"Oct 7, 2024",New York Rangers,Adam Sykora,Recalled from AHL
"Oct 7, 2024",New York Rangers,Ben Harpur,Recalled from AHL
"Oct 7, 2024",New York Rangers,Brett Berard,Assigned to AHL
"Oct 7, 2024",New York Rangers,Will Cuylle,Assigned to AHL
"Oct 7, 2024",New York Rangers,Anton Blidh,Recalled from AHL
"Oct 7, 2024",New York Rangers,Matt Rempe,Assigned to AHL
"Oct 7, 2024",New York Rangers,Jake Leschyshyn,Recalled from AHL
"Oct 7, 2024",New York Rangers,Adam Edstrom,Assigned to AHL
"Oct 7, 2024",New York Rangers,Matthew Robertson,Cleared Waivers
"Oct 7, 2024",New York Islanders,Fredrik Karlstrom,Assigned to AHL
"Oct 7, 2024",New York Islanders,Hudson Fasching,Assigned to AHL
"Oct 7, 2024",New York Islanders,Marcus Hogberg,Assigned to AHL
"Oct 7, 2024",New York Islanders,Samuel Bolduc,Assigned to AHL
"Oct 7, 2024",New York Islanders,Liam Foudy,Assigned to AHL
"Oct 7, 2024",New York Islanders,Grant Hutton,Assigned to AHL
"Oct 7, 2024",New York Islanders,Pierre Engvall,Assigned to AHL
"Oct 7, 2024",New York Islanders,Hudson Fasching,Cleared Waivers
"Oct 7, 2024",New York Islanders,Samuel Bolduc,Cleared Waivers
"Oct 7, 2024",New York Islanders,Fredrik Karlstrom,Cleared Waivers
"Oct 7, 2024",New York Islanders,Pierre Engvall,Cleared Waivers
"Oct 7, 2024",New York Islanders,Liam Foudy,Cleared Waivers
"Oct 7, 2024",New York Islanders,Grant Hutton,Cleared Waivers
"Oct 7, 2024",New York Islanders,Marcus Hogberg,Cleared Waivers
"Oct 7, 2024",New Jersey Devils,Josh Filmon,Assigned to AHL
"Oct 7, 2024",New Jersey Devils,Shane Bowers,Assigned to AHL
"Oct 7, 2024",New Jersey Devils,Nolan Foote,Assigned to AHL
"Oct 7, 2024",New Jersey Devils,Nick DeSimone,Assigned to AHL
"Oct 7, 2024",New Jersey Devils,Colton White,Cleared Waivers
"Oct 7, 2024",New Jersey Devils,Nick DeSimone,Cleared Waivers
"Oct 7, 2024",New Jersey Devils,Shane Bowers,Cleared Waivers
"Oct 7, 2024",New Jersey Devils,Nolan Foote,Cleared Waivers
"Oct 7, 2024",Nashville Predators,Tanner Molendyk,Assigned to Junior Team
"Oct 7, 2024",Nashville Predators,Marc Del Gaizo,Assigned to AHL
"Oct 7, 2024",Nashville Predators,Marc Del Gaizo,Cleared Waivers
"Oct 7, 2024",Montreal Canadiens,Logan Mailloux,Assigned to AHL
"Oct 7, 2024",Montreal Canadiens,Jakub Dobes,Assigned to AHL
"Oct 7, 2024",Montreal Canadiens,Brandon Gignac,Assigned to AHL
"Oct 7, 2024",Montreal Canadiens,Adam Engstrom,Assigned to AHL
"Oct 7, 2024",Montreal Canadiens,William Trudeau,Assigned to AHL
"Oct 7, 2024",Montreal Canadiens,Joshua Roy,Assigned to AHL
"Oct 7, 2024",Montreal Canadiens,Lucas Condotta,Assigned to AHL
"Oct 7, 2024",Los Angeles Kings,Jack Studnicka,Assigned to AHL
"Oct 7, 2024",Los Angeles Kings,Jack Studnicka,Cleared Waivers
"Oct 7, 2024",Los Angeles Kings,Samuel Fagemo,Assigned to AHL
"Oct 7, 2024",Los Angeles Kings,Samuel Fagemo,Cleared Waivers
"Oct 7, 2024",Florida Panthers,Spencer Knight,Assigned to AHL
"Oct 7, 2024",Florida Panthers,Patrick Giles,Assigned to AHL
"Oct 7, 2024",Florida Panthers,Sandis Vilmanis,Assigned to AHL
"Oct 7, 2024",Edmonton Oilers,Matt Savoie,Recalled from AHL
"Oct 7, 2024",Edmonton Oilers,Drake Caggiula,Assigned to AHL
"Oct 7, 2024",Edmonton Oilers,Drake Caggiula,Cleared Waivers
"Oct 7, 2024",Edmonton Oilers,Raphael Lavoie,Lost on Waivers to Vegas Golden Knights
"Oct 7, 2024",Edmonton Oilers,Joshua Brown,Assigned to AHL
"Oct 7, 2024",Edmonton Oilers,Joshua Brown,Cleared Waivers
"Oct 7, 2024",Edmonton Oilers,Olivier Rodrigue,Assigned to AHL
"Oct 7, 2024",Edmonton Oilers,Olivier Rodrigue,Cleared Waivers
"Oct 7, 2024",Edmonton Oilers,Noah Philp,Assigned to AHL
"Oct 7, 2024",Edmonton Oilers,Noah Philp,Cleared Waivers
"Oct 7, 2024",Detroit Red Wings,Austin Watson,Cleared Waivers
"Oct 7, 2024",Detroit Red Wings,Joe Snively,Cleared Waivers
"Oct 7, 2024",Detroit Red Wings,Brogan Rafferty,Cleared Waivers
"Oct 7, 2024",Detroit Red Wings,William Lagesson,Cleared Waivers
"Oct 7, 2024",Detroit Red Wings,Sheldon Dries,Cleared Waivers
"Oct 7, 2024",Detroit Red Wings,Justin Holl,Cleared Waivers
"Oct 7, 2024",Columbus Blue Jackets,James Malatesta,Assigned to AHL
"Oct 7, 2024",Columbus Blue Jackets,Zachary Aston-Reese,Claimed on Waivers from Vegas Golden Knights
"Oct 7, 2024",Colorado Avalanche,Ivan Ivan,Assigned to AHL
"Oct 7, 2024",Colorado Avalanche,Ondrej Pavel,Assigned to AHL
"Oct 7, 2024",Chicago Blackhawks,Isaak Phillips,Cleared Waivers
"Oct 7, 2024",Carolina Hurricanes,Jackson Blake,Assigned to AHL
"Oct 7, 2024",Carolina Hurricanes,Ty Smith,Cleared Waivers
"Oct 7, 2024",Carolina Hurricanes,Ryan Suzuki,Cleared Waivers
"Oct 7, 2024",Carolina Hurricanes,Josiah Slavin,Cleared Waivers
"Oct 7, 2024",Calgary Flames,Devin Cooley,Assigned to AHL
"Oct 7, 2024",Calgary Flames,Jakob Pelletier,Assigned to AHL
"Oct 7, 2024",Calgary Flames,Cole Schwindt,Lost on Waivers to Vegas Golden Knights
"Oct 7, 2024",Calgary Flames,Devin Cooley,Cleared Waivers
"Oct 7, 2024",Calgary Flames,Jakob Pelletier,Cleared Waivers
"Oct 7, 2024",Buffalo Sabres,Kale Clague,Cleared Waivers
"Oct 7, 2024",Buffalo Sabres,Lukas Rousek,Cleared Waivers
"Oct 7, 2024",Buffalo Sabres,James Reimer,Lost on Waivers to Anaheim Ducks
"Oct 7, 2024",Boston Bruins,Patrick Brown,Cleared Waivers
"Oct 7, 2024",Boston Bruins,Jeffrey Viel,Cleared Waivers
"Oct 7, 2024",Boston Bruins,Billy Sweezey,Cleared Waivers
"Oct 7, 2024",Boston Bruins,Brandon Bussi,Cleared Waivers
"Oct 7, 2024",Anaheim Ducks,Calle Clang,Assigned to AHL
"Oct 7, 2024",Anaheim Ducks,James Reimer,Claimed on Waivers from Buffalo Sabres
"Oct 7, 2024",Vegas Golden Knights,William Karlsson,Placed on IR
"Oct 7, 2024",Vancouver Canucks,Thatcher Demko,Placed on IR
"Oct 7, 2024",Vancouver Canucks,Dakota Joshua,Placed on IR
"Oct 7, 2024",San Jose Sharks,Logan Couture,Placed on IR
"Oct 7, 2024",San Jose Sharks,Marc-Edouard Vlasic,Placed on IR
"Oct 7, 2024",San Jose Sharks,Shakir Mukhamadullin,Placed on SOIR
"Oct 7, 2024",San Jose Sharks,Thomas Bordeleau,Placed on SOIR
"Oct 7, 2024",Los Angeles Kings,Arthur Kaliyev,Placed on IR
"Oct 7, 2024",Los Angeles Kings,Drew Doughty,Placed on IR
"Oct 7, 2024",Calgary Flames,Yegor Sharangovich,Placed on IR
"Oct 7, 2024",Anaheim Ducks,John Gibson,Placed on IR
"Oct 7, 2024",Winnipeg Jets,Ville Heinola,Placed on IR
"Oct 7, 2024",Winnipeg Jets,Logan Stanley,Placed on IR
"Oct 7, 2024",Utah Hockey Club,Nick Bjugstad,Placed on IR
"Oct 7, 2024",Utah Hockey Club,John Marino,Placed on IR
"Oct 7, 2024",Utah Hockey Club,Shea Weber,Placed on IR
"Oct 7, 2024",St. Louis Blues,Oskar Sundqvist,Placed on IR
"Oct 7, 2024",St. Louis Blues,Brandon Saad,Placed on IR
"Oct 7, 2024",Nashville Predators,Spencer Stastney,Placed on SOIR
"Oct 7, 2024",Minnesota Wild,Troy Grosenick,Placed on SOIR
"Oct 7, 2024",Minnesota Wild,Graeme Clarke,Placed on SOIR
"Oct 7, 2024",Dallas Stars,Mavrik Bourque,Placed on SOIR
"Oct 7, 2024",Colorado Avalanche,Valeri Nichushkin,Placed on Non Roster Status
"Oct 7, 2024",Colorado Avalanche,Tucker Poolman,Placed on IR
"Oct 7, 2024",Colorado Avalanche,Artturi Lehkonen,Placed on IR
"Oct 7, 2024",Washington Capitals,Nicklas Backstrom,Placed on LTIR
"Oct 7, 2024",Pittsburgh Penguins,Bryan Rust,Placed on IR
"Oct 7, 2024",Pittsburgh Penguins,Blake Lizotte,Placed on IR
"Oct 7, 2024",Pittsburgh Penguins,Alex Nedeljkovic,Placed on IR
"Oct 7, 2024",Pittsburgh Penguins,Matt Nieto,Placed on LTIR
"Oct 7, 2024",Philadelphia Flyers,Ryan Ellis,Placed on IR
"Oct 7, 2024",New York Rangers,Jimmy Vesey,Placed on LTIR
"Oct 7, 2024",New York Rangers,Ryan Lindgren,Placed on IR
"Oct 7, 2024",New Jersey Devils,Santeri Hatakka,Placed on SOIR
"Oct 7, 2024",New Jersey Devils,Adam Beckman,Placed on SOIR
"Oct 7, 2024",New Jersey Devils,Luke Hughes,Placed on IR
"Oct 7, 2024",New Jersey Devils,Brett Pesce,Placed on IR
"Oct 7, 2024",Columbus Blue Jackets,Justin Danforth,Placed on IR
"Oct 7, 2024",Columbus Blue Jackets,Boone Jenner,Placed on IR
"Oct 7, 2024",Columbus Blue Jackets,Gavin Brindley,Placed on SOIR
"Oct 7, 2024",Carolina Hurricanes,Jesper Fast,Placed on IR
"Oct 7, 2024",Toronto Maple Leafs,Fraser Minten,Placed on SOIR
"Oct 7, 2024",Toronto Maple Leafs,Jani Hakanpää,Placed on LTIR
"Oct 7, 2024",Toronto Maple Leafs,Calle Jarnkrok,Placed on LTIR
"Oct 7, 2024",Toronto Maple Leafs,Connor Dewar,Placed on IR
"Oct 7, 2024",Ottawa Senators,Matthew Highmore,Placed on SOIR
"Oct 7, 2024",Florida Panthers,Justin Sourdif,Placed on SOIR
"Oct 7, 2024",Boston Bruins,Ian Mitchell,Placed on SOIR
"Oct 7, 2024",Montreal Canadiens,Carey Price,Placed on IR
"Oct 7, 2024",Montreal Canadiens,Patrik Laine,Placed on IR
"Oct 7, 2024",Montreal Canadiens,Rafael Harvey-Pinard,Placed on LTIR
"Oct 7, 2024",Florida Panthers,Tomas Nosek,Placed on IR
"Oct 7, 2024",Buffalo Sabres,Nicolas Aube-Kubel,Placed on IR
"Oct 7, 2024",Boston Bruins,Matthew Poitras,Placed on IR
"Oct 6, 2024",Colorado Avalanche,Nikita Prishchepov,Signed to an entry level contract.
"Oct 6, 2024",Boston Bruins,Jeremy Swayman,Signed 8 years @ $8.250M AAV starting in 2024-25
"Oct 6, 2024",Utah Hockey Club,Kailer Yamamoto,Signed 1 year @ $775K AAV starting in 2024-25
"Oct 6, 2024",Vancouver Canucks,Nils Hoglander,Signed 3 years @ $3.000M AAV starting in 2025-26
"Oct 6, 2024",Carolina Hurricanes,Bryce Montgomery,Signed to an entry level contract.
"Oct 6, 2024",Edmonton Oilers,Brady Stonehouse,Placed on SOIR
"Oct 6, 2024",Pittsburgh Penguins,Vasily Ponomarev,Placed on SOIR
"Oct 6, 2024",Seattle Kraken,John Hayden,Assigned to AHL
"Oct 6, 2024",Dallas Stars,Kole Lind,Assigned to AHL
"Oct 6, 2024",Dallas Stars,Cameron Hughes,Assigned to AHL
"Oct 6, 2024",Dallas Stars,Magnus Hellberg,Assigned to AHL
"Oct 6, 2024",Dallas Stars,Kyle Capobianco,Assigned to AHL
"Oct 6, 2024",Colorado Avalanche,T.J. Tynan,Assigned to AHL
"Oct 6, 2024",Anaheim Ducks,Oscar Dansk,Assigned to AHL
"Oct 6, 2024",San Jose Sharks,Jimmy Schuldt,Assigned to AHL
"Oct 6, 2024",Carolina Hurricanes,Riley Stillman,Placed on LTIR
"Oct 6, 2024",Boston Bruins,Brett Harrison,Assigned to AHL
"Oct 6, 2024",Winnipeg Jets,Jaret Anderson-Dolan,Placed on Waivers
"Oct 6, 2024",Washington Capitals,Hunter Shepard,Placed on Waivers
"Oct 6, 2024",Vegas Golden Knights,Tanner Laczynski,Placed on Waivers
"Oct 6, 2024",Vegas Golden Knights,Zachary Aston-Reese,Placed on Waivers
"Oct 6, 2024",Vegas Golden Knights,Jonas Rondbjerg,Placed on Waivers
"Oct 6, 2024",Vancouver Canucks,Tucker Poolman,Traded to Colorado Avalanche
"Oct 6, 2024",Vancouver Canucks,Erik Brannstrom,Acquired from Colorado Avalanche
"Oct 6, 2024",Utah Hockey Club,Matt Villalta,Placed on Waivers
"Oct 6, 2024",Toronto Maple Leafs,Marshall Rifai,Placed on Waivers
"Oct 6, 2024",Toronto Maple Leafs,Matt Murray,Placed on Waivers
"Oct 6, 2024",Tampa Bay Lightning,Jesse Ylonen,Assigned to AHL
"Oct 6, 2024",Tampa Bay Lightning,Gabriel Szturc,Assigned to AHL
"Oct 6, 2024",Tampa Bay Lightning,Maxim Groshev,Assigned to AHL
"Oct 6, 2024",Tampa Bay Lightning,Declan Carlile,Assigned to AHL
"Oct 6, 2024",Tampa Bay Lightning,Ethan Gauthier,Assigned to Junior Team
"Oct 6, 2024",Tampa Bay Lightning,Gage Goncalves,Assigned to AHL
"Oct 6, 2024",Tampa Bay Lightning,Steven Santini,Assigned to AHL
"Oct 6, 2024",Tampa Bay Lightning,Dylan Duke,Assigned to AHL
"Oct 6, 2024",St. Louis Blues,Corey Schueneman,Placed on Waivers
"Oct 6, 2024",St. Louis Blues,Aleksanteri Kaskimaki,Assigned to AHL
"Oct 6, 2024",St. Louis Blues,Tyler Tucker,Placed on Waivers
"Oct 6, 2024",St. Louis Blues,Mathias Laferriere,Assigned to AHL
"Oct 6, 2024",St. Louis Blues,Vadim Zherenko,Assigned to AHL
"Oct 6, 2024",St. Louis Blues,Hugh McGing,Assigned to AHL
"Oct 6, 2024",St. Louis Blues,Dylan Peterson,Assigned to AHL
"Oct 6, 2024",St. Louis Blues,Samuel Johannesson,Assigned to AHL
"Oct 6, 2024",St. Louis Blues,Mackenzie MacEachern,Assigned to AHL
"Oct 6, 2024",St. Louis Blues,Dalibor Dvorsky,Assigned to AHL
"Oct 6, 2024",St. Louis Blues,Hunter Skinner,Assigned to AHL
"Oct 6, 2024",Seattle Kraken,Joshua Mahura,Assigned to AHL
"Oct 6, 2024",Seattle Kraken,Ryan Winterton,Assigned to AHL
"Oct 6, 2024",Seattle Kraken,John Hayden,Cleared Waivers
"Oct 6, 2024",Seattle Kraken,Joshua Mahura,Cleared Waivers
"Oct 6, 2024",San Jose Sharks,Nolan Burke,Assigned to AHL
"Oct 6, 2024",Pittsburgh Penguins,Bokondji Imama,Placed on Waivers
"Oct 6, 2024",Pittsburgh Penguins,Sebastian Aho,Placed on Waivers
"Oct 6, 2024",Ottawa Senators,Cole Reinhardt,Assigned to AHL
"Oct 6, 2024",Ottawa Senators,Donovan Sebrango,Assigned to AHL
"Oct 6, 2024",Ottawa Senators,Jan Jenik,Placed on Waivers
"Oct 6, 2024",Ottawa Senators,Adam Gaudette,Placed on Waivers
"Oct 6, 2024",New York Rangers,Matthew Robertson,Placed on Waivers
"Oct 6, 2024",New York Rangers,Connor Mackey,Assigned to AHL
"Oct 6, 2024",New York Rangers,Connor Mackey,Cleared Waivers
"Oct 6, 2024",New York Islanders,Hudson Fasching,Placed on Waivers
"Oct 6, 2024",New York Islanders,Samuel Bolduc,Placed on Waivers
"Oct 6, 2024",New York Islanders,Fredrik Karlstrom,Placed on Waivers
"Oct 6, 2024",New York Islanders,Jakub Skarek,Assigned to AHL
"Oct 6, 2024",New York Islanders,Pierre Engvall,Placed on Waivers
"Oct 6, 2024",New York Islanders,Liam Foudy,Placed on Waivers
"Oct 6, 2024",New York Islanders,Grant Hutton,Placed on Waivers
"Oct 6, 2024",New York Islanders,Marcus Hogberg,Placed on Waivers
"Oct 6, 2024",New Jersey Devils,Justin Dowling,Assigned to AHL
"Oct 6, 2024",New Jersey Devils,Colton White,Placed on Waivers
"Oct 6, 2024",New Jersey Devils,Samuel Laberge,Assigned to AHL
"Oct 6, 2024",New Jersey Devils,Nico Daws,Assigned to AHL
"Oct 6, 2024",New Jersey Devils,Max Willman,Assigned to AHL
"Oct 6, 2024",New Jersey Devils,Nick DeSimone,Placed on Waivers
"Oct 6, 2024",New Jersey Devils,Nathan Légaré,Assigned to AHL
"Oct 6, 2024",New Jersey Devils,Shane Bowers,Placed on Waivers
"Oct 6, 2024",New Jersey Devils,Nolan Foote,Placed on Waivers
"Oct 6, 2024",Nashville Predators,Marc Del Gaizo,Placed on Waivers
"Oct 6, 2024",Minnesota Wild,Ben Jones,Assigned to AHL
"Oct 6, 2024",Minnesota Wild,Ben Jones,Cleared Waivers
"Oct 6, 2024",Los Angeles Kings,Jack Studnicka,Placed on Waivers
"Oct 6, 2024",Los Angeles Kings,Andre Lee,Assigned to AHL
"Oct 6, 2024",Los Angeles Kings,Samuel Fagemo,Placed on Waivers
"Oct 6, 2024",Florida Panthers,Matt Kiersted,Assigned to AHL
"Oct 6, 2024",Florida Panthers,Matt Kiersted,Cleared Waivers
"Oct 6, 2024",Edmonton Oilers,Drake Caggiula,Placed on Waivers
"Oct 6, 2024",Edmonton Oilers,Raphael Lavoie,Placed on Waivers
"Oct 6, 2024",Edmonton Oilers,Joshua Brown,Placed on Waivers
"Oct 6, 2024",Edmonton Oilers,Olivier Rodrigue,Placed on Waivers
"Oct 6, 2024",Edmonton Oilers,Noah Philp,Placed on Waivers
"Oct 6, 2024",Detroit Red Wings,Austin Watson,Placed on Waivers
"Oct 6, 2024",Detroit Red Wings,Elmer Soderblom,Assigned to AHL
"Oct 6, 2024",Detroit Red Wings,Carter Mazur,Assigned to AHL
"Oct 6, 2024",Detroit Red Wings,Marco Kasper,Assigned to AHL
"Oct 6, 2024",Detroit Red Wings,Sebastian Cossa,Assigned to AHL
"Oct 6, 2024",Detroit Red Wings,Carter Gylander,Assigned to AHL
"Oct 6, 2024",Detroit Red Wings,Joe Snively,Placed on Waivers
"Oct 6, 2024",Detroit Red Wings,Brogan Rafferty,Placed on Waivers
"Oct 6, 2024",Detroit Red Wings,William Lagesson,Placed on Waivers
"Oct 6, 2024",Detroit Red Wings,William Lagesson,Placed on Waivers
"Oct 6, 2024",Detroit Red Wings,Sheldon Dries,Placed on Waivers
"Oct 6, 2024",Detroit Red Wings,Justin Holl,Placed on Waivers
"Oct 6, 2024",Dallas Stars,Kole Lind,Cleared Waivers
"Oct 6, 2024",Dallas Stars,Alexander Petrovic,Cleared Waivers
"Oct 6, 2024",Dallas Stars,Cameron Hughes,Cleared Waivers
"Oct 6, 2024",Dallas Stars,Magnus Hellberg,Cleared Waivers
"Oct 6, 2024",Columbus Blue Jackets,Kyle Capobianco,Cleared Waivers
"Oct 6, 2024",Columbus Blue Jackets,Denton Mateychuk,Assigned to AHL
"Oct 6, 2024",Colorado Avalanche,Nikolai Kovalenko,Assigned to AHL
"Oct 6, 2024",Colorado Avalanche,Tucker Poolman,Acquired from Vancouver Canucks
"Oct 6, 2024",Colorado Avalanche,Erik Brannstrom,Traded to Vancouver Canucks
"Oct 6, 2024",Colorado Avalanche,Chris Wagner,Cleared Waivers
"Oct 6, 2024",Colorado Avalanche,T.J. Tynan,Cleared Waivers
"Oct 6, 2024",Chicago Blackhawks,Landon Slaggert,Assigned to AHL
"Oct 6, 2024",Chicago Blackhawks,Drew Commesso,Assigned to AHL
"Oct 6, 2024",Chicago Blackhawks,Isaak Phillips,Placed on Waivers
"Oct 6, 2024",Carolina Hurricanes,Ronan Seeley,Assigned to AHL
"Oct 6, 2024",Carolina Hurricanes,Scott Morrow,Assigned to AHL
"Oct 6, 2024",Carolina Hurricanes,Skyler Brind'Amour,Assigned to AHL
"Oct 6, 2024",Carolina Hurricanes,Bradly Nadeau,Assigned to AHL
"Oct 6, 2024",Carolina Hurricanes,Spencer Martin,Assigned to AHL
"Oct 6, 2024",Carolina Hurricanes,Ty Smith,Placed on Waivers
"Oct 6, 2024",Carolina Hurricanes,Ryan Suzuki,Placed on Waivers
"Oct 6, 2024",Carolina Hurricanes,Josiah Slavin,Placed on Waivers
"Oct 6, 2024",Calgary Flames,Cole Schwindt,Placed on Waivers
"Oct 6, 2024",Calgary Flames,Devin Cooley,Placed on Waivers
"Oct 6, 2024",Calgary Flames,Jakob Pelletier,Placed on Waivers
"Oct 6, 2024",Buffalo Sabres,Kale Clague,Placed on Waivers
"Oct 6, 2024",Buffalo Sabres,Lukas Rousek,Placed on Waivers
"Oct 6, 2024",Buffalo Sabres,James Reimer,Placed on Waivers
"Oct 6, 2024",Boston Bruins,Michael Callahan,Assigned to AHL
"Oct 6, 2024",Boston Bruins,Riley Duran,Assigned to AHL
"Oct 6, 2024",Boston Bruins,Jackson Edward,Assigned to AHL
"Oct 6, 2024",Boston Bruins,Ryan Bischel,Assigned to AHL
"Oct 6, 2024",Boston Bruins,Fabian Lysell,Assigned to AHL
"Oct 6, 2024",Boston Bruins,Georgii Merkulov,Assigned to AHL
"Oct 6, 2024",Boston Bruins,Jaxon Nelson,Assigned to AHL
"Oct 6, 2024",Boston Bruins,Patrick Brown,Placed on Waivers
"Oct 6, 2024",Boston Bruins,Jeffrey Viel,Placed on Waivers
"Oct 6, 2024",Boston Bruins,Billy Sweezey,Placed on Waivers
"Oct 6, 2024",Boston Bruins,Jiri Patera,Placed on Waivers
"Oct 6, 2024",Boston Bruins,Brandon Bussi,Placed on Waivers
"Oct 6, 2024",Anaheim Ducks,Oscar Dansk,Cleared Waivers
"Oct 5, 2024",Columbus Blue Jackets,Kevin Labanc,Signed 1 year @ $775K AAV starting in 2024-25
"Oct 5, 2024",Carolina Hurricanes,Skyler Brind'Amour,Signed 1 year @ $775K AAV starting in 2024-25
"Oct 5, 2024",Edmonton Oilers,Carl Berglund,Assigned to AHL
"Oct 5, 2024",Boston Bruins,Michael DiPietro,Assigned to AHL
"Oct 5, 2024",Boston Bruins,Vinni Lettieri,Assigned to AHL
"Oct 5, 2024",Boston Bruins,Jordan Oesterle,Assigned to AHL
"Oct 5, 2024",Ottawa Senators,Stephen Halliday,Assigned to AHL
"Oct 5, 2024",Washington Capitals,Luke Philp,Assigned to AHL
"Oct 5, 2024",Washington Capitals,Michael Sgarbossa,Assigned to AHL
"Oct 5, 2024",Washington Capitals,Ethan Bear,Assigned to AHL
"Oct 5, 2024",Washington Capitals,Luke Philp,Cleared Waivers
"Oct 5, 2024",Washington Capitals,Ethan Bear,Cleared Waivers
"Oct 5, 2024",Washington Capitals,Michael Sgarbossa,Cleared Waivers
"Oct 5, 2024",Vancouver Canucks,Akito Hirose,Assigned to AHL
"Oct 5, 2024",Toronto Maple Leafs,Alex Steeves,Assigned to AHL
"Oct 5, 2024",Toronto Maple Leafs,Alex Steeves,Cleared Waivers
"Oct 5, 2024",Tampa Bay Lightning,Matt Tomkins,Assigned to AHL
"Oct 5, 2024",Tampa Bay Lightning,Conor Geekie,Suspension Ended
"Oct 5, 2024",Tampa Bay Lightning,Matt Tomkins,Cleared Waivers
"Oct 5, 2024",Seattle Kraken,John Hayden,Placed on Waivers
"Oct 5, 2024",Seattle Kraken,Joshua Mahura,Placed on Waivers
"Oct 5, 2024",San Jose Sharks,Jimmy Schuldt,Recalled from AHL
"Oct 5, 2024",San Jose Sharks,Nolan Burke,Recalled from AHL
"Oct 5, 2024",Pittsburgh Penguins,Filip Kral,Assigned to AHL
"Oct 5, 2024",Pittsburgh Penguins,Emil Bemstrom,Assigned to AHL
"Oct 5, 2024",Pittsburgh Penguins,Taylor Gauthier,Assigned to AHL
"Oct 5, 2024",Pittsburgh Penguins,Joona Koppanen,Assigned to AHL
"Oct 5, 2024",Pittsburgh Penguins,Filip Larsson,Assigned to AHL
"Oct 5, 2024",Pittsburgh Penguins,Jonathan Gruden,Assigned to AHL
"Oct 5, 2024",Pittsburgh Penguins,Sam Poulin,Assigned to AHL
"Oct 5, 2024",Pittsburgh Penguins,Nathan Clurman,Assigned to AHL
"Oct 5, 2024",Pittsburgh Penguins,Jonathan Gruden,Cleared Waivers
"Oct 5, 2024",Pittsburgh Penguins,Emil Bemstrom,Cleared Waivers
"Oct 5, 2024",Pittsburgh Penguins,Joona Koppanen,Cleared Waivers
"Oct 5, 2024",Pittsburgh Penguins,Sam Poulin,Cleared Waivers
"Oct 5, 2024",Pittsburgh Penguins,John Ludvig,Lost on Waivers to Colorado Avalanche
"Oct 5, 2024",Pittsburgh Penguins,Filip Kral,Cleared Waivers
"Oct 5, 2024",Philadelphia Flyers,Anthony Richard,Assigned to AHL
"Oct 5, 2024",Philadelphia Flyers,Olle Lycksell,Assigned to AHL
"Oct 5, 2024",Philadelphia Flyers,Anthony Richard,Cleared Waivers
"Oct 5, 2024",Philadelphia Flyers,Olle Lycksell,Cleared Waivers
"Oct 5, 2024",Ottawa Senators,Angus Crookshank,Assigned to AHL
"Oct 5, 2024",Ottawa Senators,Filip Roos,Assigned to AHL
"Oct 5, 2024",Ottawa Senators,Tyler Boucher,Assigned to AHL
"Oct 5, 2024",New York Rangers,Connor Mackey,Placed on Waivers
"Oct 5, 2024",New York Rangers,Ryder Korczak,Assigned to AHL
"Oct 5, 2024",New York Rangers,Brennan Othmann,Assigned to AHL
"Oct 5, 2024",New Jersey Devils,Mike Hardman,Assigned to AHL
"Oct 5, 2024",New Jersey Devils,Samuel Laberge,Cleared Waivers
"Oct 5, 2024",New Jersey Devils,Nathan Légaré,Cleared Waivers
"Oct 5, 2024",New Jersey Devils,Max Willman,Cleared Waivers
"Oct 5, 2024",New Jersey Devils,Mike Hardman,Cleared Waivers
"Oct 5, 2024",New Jersey Devils,Justin Dowling,Cleared Waivers
"Oct 5, 2024",Montreal Canadiens,William Trudeau,Recalled from AHL
"Oct 5, 2024",Montreal Canadiens,Lucas Condotta,Recalled from AHL
"Oct 5, 2024",Montreal Canadiens,Brandon Gignac,Recalled from AHL
"Oct 5, 2024",Minnesota Wild,Ben Jones,Placed on Waivers
"Oct 5, 2024",Minnesota Wild,Daemon Hunt,Assigned to AHL
"Oct 5, 2024",Los Angeles Kings,Taylor Ward,Assigned to AHL
"Oct 5, 2024",Los Angeles Kings,Taylor Ward,Cleared Waivers
"Oct 5, 2024",Florida Panthers,William Lockwood,Assigned to AHL
"Oct 5, 2024",Florida Panthers,Matt Kiersted,Placed on Waivers
"Oct 5, 2024",Florida Panthers,William Lockwood,Cleared Waivers
"Oct 5, 2024",Dallas Stars,Matěj  Blümel,Assigned to AHL
"Oct 5, 2024",Dallas Stars,Lian Bichsel,Assigned to AHL
"Oct 5, 2024",Dallas Stars,Kole Lind,Placed on Waivers
"Oct 5, 2024",Dallas Stars,Alexander Petrovic,Placed on Waivers
"Oct 5, 2024",Dallas Stars,Cameron Hughes,Placed on Waivers
"Oct 5, 2024",Dallas Stars,Magnus Hellberg,Placed on Waivers
"Oct 5, 2024",Dallas Stars,Kyle Capobianco,Placed on Waivers
"Oct 5, 2024",Columbus Blue Jackets,Jet Greaves,Assigned to AHL
"Oct 5, 2024",Columbus Blue Jackets,Stanislav Svozil,Assigned to AHL
"Oct 5, 2024",Columbus Blue Jackets,Cole Clayton,Assigned to AHL
"Oct 5, 2024",Columbus Blue Jackets,Hunter McKown,Assigned to AHL
"Oct 5, 2024",Columbus Blue Jackets,Luca Del Bel Belluz,Assigned to AHL
"Oct 5, 2024",Columbus Blue Jackets,Owen Sillinger,Assigned to AHL
"Oct 5, 2024",Colorado Avalanche,Chris Wagner,Placed on Waivers
"Oct 5, 2024",Carolina Hurricanes,T.J. Tynan,Placed on Waivers
"Oct 5, 2024",Colorado Avalanche,John Ludvig,Claimed on Waivers from Pittsburgh Penguins
"Oct 5, 2024",Boston Bruins,Ryan Bischel,Recalled from AHL
"Oct 5, 2024",Boston Bruins,Jaxon Nelson,Recalled from AHL
"Oct 5, 2024",Boston Bruins,Georgii Merkulov,Recalled from AHL
"Oct 5, 2024",Boston Bruins,Vinni Lettieri,Cleared Waivers
"Oct 5, 2024",Boston Bruins,Jordan Oesterle,Cleared Waivers
"Oct 5, 2024",Boston Bruins,Michael DiPietro,Cleared Waivers
"Oct 5, 2024",Boston Bruins,Jackson Edward,Recalled from AHL
"Oct 5, 2024",Boston Bruins,Michael Callahan,Recalled from AHL
"Oct 5, 2024",Boston Bruins,Brett Harrison,Recalled from AHL
"Oct 5, 2024",Boston Bruins,Riley Duran,Recalled from AHL
"Oct 5, 2024",Anaheim Ducks,Oscar Dansk,Placed on Waivers
"Oct 5, 2024",Anaheim Ducks,Jansen Harkins,Assigned to AHL
"Oct 5, 2024",Anaheim Ducks,Jansen Harkins,Cleared Waivers
"Oct 4, 2024",Vegas Golden Knights,Tanner Pearson,Signed 1 year @ $775K AAV starting in 2024-25
"Oct 4, 2024",Florida Panthers,Rasmus Asplund,Assigned to AHL
"Oct 4, 2024",Calgary Flames,Jarred Tinordi,Assigned to AHL
"Oct 4, 2024",Calgary Flames,Walker Duehr,Assigned to AHL
"Oct 4, 2024",Calgary Flames,Dryden Hunt,Assigned to AHL
"Oct 4, 2024",Winnipeg Jets,Axel Jonsson-Fjallby,Assigned to AHL
"Oct 4, 2024",Winnipeg Jets,Dominic Toninato,Assigned to AHL
"Oct 4, 2024",Winnipeg Jets,Mason Shaw,Assigned to AHL
"Oct 4, 2024",Winnipeg Jets,Simon Lundmark,Assigned to AHL
"Oct 4, 2024",Winnipeg Jets,Dominic Toninato,Cleared Waivers
"Oct 4, 2024",Winnipeg Jets,Mason Shaw,Placed on Waivers
"Oct 4, 2024",Winnipeg Jets,Axel Jonsson-Fjallby,Cleared Waivers
"Oct 4, 2024",Winnipeg Jets,Simon Lundmark,Cleared Waivers
"Oct 4, 2024",Washington Capitals,Luke Philp,Placed on Waivers
"Oct 4, 2024",Washington Capitals,Ethan Bear,Placed on Waivers
"Oct 4, 2024",Washington Capitals,Michael Sgarbossa,Placed on Waivers
"Oct 4, 2024",Utah Hockey Club,Andrew Agozzino,Assigned to AHL
"Oct 4, 2024",Utah Hockey Club,Patrik Koch,Assigned to AHL
"Oct 4, 2024",Utah Hockey Club,Milos Kelemen,Assigned to AHL
"Oct 4, 2024",Utah Hockey Club,Ben McCartney,Assigned to AHL
"Oct 4, 2024",Utah Hockey Club,Ben McCartney,Cleared Waivers
"Oct 4, 2024",Utah Hockey Club,Patrik Koch,Cleared Waivers
"Oct 4, 2024",Utah Hockey Club,Andrew Agozzino,Cleared Waivers
"Oct 4, 2024",Toronto Maple Leafs,Artur Akhtyamov,Assigned to AHL
"Oct 4, 2024",Toronto Maple Leafs,Cade Webber,Assigned to AHL
"Oct 4, 2024",Toronto Maple Leafs,Nikita Grebenkin,Assigned to AHL
"Oct 4, 2024",Toronto Maple Leafs,Mikko Kokkonen,Assigned to AHL
"Oct 4, 2024",Toronto Maple Leafs,Roni Hirvonen,Assigned to AHL
"Oct 4, 2024",Toronto Maple Leafs,Nick Abruzzese,Assigned to AHL
"Oct 4, 2024",Toronto Maple Leafs,Alex Steeves,Placed on Waivers
"Oct 4, 2024",Toronto Maple Leafs,Jacob Quillan,Assigned to AHL
"Oct 4, 2024",Toronto Maple Leafs,Cedric Pare,Assigned to AHL
"Oct 4, 2024",Toronto Maple Leafs,Ryan Tverberg,Assigned to AHL
"Oct 4, 2024",Toronto Maple Leafs,Topi Niemela,Assigned to AHL
"Oct 4, 2024",Toronto Maple Leafs,Nicolas Mattinen,Assigned to AHL
"Oct 4, 2024",Toronto Maple Leafs,Nick Abruzzese,Cleared Waivers
"Oct 4, 2024",Tampa Bay Lightning,Gabriel Szturc,Recalled from AHL
"Oct 4, 2024",Tampa Bay Lightning,Matt Tomkins,Placed on Waivers
"Oct 4, 2024",St. Louis Blues,Mathias Laferriere,Recalled from AHL
"Oct 4, 2024",St. Louis Blues,Samuel Johannesson,Recalled from AHL
"Oct 4, 2024",St. Louis Blues,Hugh McGing,Recalled from AHL
"Oct 4, 2024",St. Louis Blues,Dalibor Dvorsky,Recalled from AHL
"Oct 4, 2024",St. Louis Blues,Aleksanteri Kaskimaki,Recalled from AHL
"Oct 4, 2024",St. Louis Blues,Dylan Peterson,Recalled from AHL
"Oct 4, 2024",St. Louis Blues,Hunter Skinner,Recalled from AHL
"Oct 4, 2024",St. Louis Blues,Mackenzie MacEachern,Recalled from AHL
"Oct 4, 2024",Seattle Kraken,Cale Fleury,Assigned to AHL
"Oct 4, 2024",Seattle Kraken,Cale Fleury,Cleared Waivers
"Oct 4, 2024",San Jose Sharks,Yaroslav Askarov,Assigned to AHL
"Oct 4, 2024",Pittsburgh Penguins,Jonathan Gruden,Placed on Waivers
"Oct 4, 2024",Pittsburgh Penguins,Nathan Clurman,Placed on Waivers
"Oct 4, 2024",Pittsburgh Penguins,Owen Pickering,Assigned to AHL
"Oct 4, 2024",Pittsburgh Penguins,Emil Bemstrom,Placed on Waivers
"Oct 4, 2024",Pittsburgh Penguins,Joona Koppanen,Placed on Waivers
"Oct 4, 2024",Pittsburgh Penguins,Tristan Broz,Assigned to AHL
"Oct 4, 2024",Pittsburgh Penguins,Ville Koivunen,Assigned to AHL
"Oct 4, 2024",Pittsburgh Penguins,Sam Poulin,Placed on Waivers
"Oct 4, 2024",Pittsburgh Penguins,John Ludvig,Placed on Waivers
"Oct 4, 2024",Pittsburgh Penguins,Matthew Andonovski,Assigned to AHL
"Oct 4, 2024",Pittsburgh Penguins,Filip Kral,Placed on Waivers
"Oct 4, 2024",Philadelphia Flyers,Adam Ginning,Assigned to AHL
"Oct 4, 2024",Philadelphia Flyers,Cal Petersen,Assigned to AHL
"Oct 4, 2024",Philadelphia Flyers,Oliver Bonk,Assigned to Junior Team
"Oct 4, 2024",Philadelphia Flyers,Denver Barkey,Assigned to Junior Team
"Oct 4, 2024",Philadelphia Flyers,Helge Grans,Assigned to AHL
"Oct 4, 2024",Philadelphia Flyers,Rodrigo Abols,Assigned to AHL
"Oct 4, 2024",Philadelphia Flyers,Hunter McDonald,Assigned to AHL
"Oct 4, 2024",Philadelphia Flyers,Emil Andrae,Assigned to AHL
"Oct 4, 2024",Philadelphia Flyers,Anthony Richard,Placed on Waivers
"Oct 4, 2024",Philadelphia Flyers,Samu Tuomaala,Assigned to AHL
"Oct 4, 2024",Philadelphia Flyers,Aleksei Kolosov,Assigned to AHL
"Oct 4, 2024",Philadelphia Flyers,Olle Lycksell,Placed on Waivers
"Oct 4, 2024",Ottawa Senators,Hayden Hodgson,Assigned to AHL
"Oct 4, 2024",Ottawa Senators,Mads Sogaard,Assigned to AHL
"Oct 4, 2024",New York Rangers,Hugo Ollas,Assigned to AHL
"Oct 4, 2024",New Jersey Devils,Brian Halonen,Assigned to AHL
"Oct 4, 2024",New Jersey Devils,Samuel Laberge,Placed on Waivers
"Oct 4, 2024",New Jersey Devils,Matyas Melovsky,Assigned to Junior Team
"Oct 4, 2024",New Jersey Devils,Nathan Légaré,Placed on Waivers
"Oct 4, 2024",New Jersey Devils,Max Graham,Assigned to Junior Team
"Oct 4, 2024",New Jersey Devils,Ryan Schmelzer,Assigned to AHL
"Oct 4, 2024",New Jersey Devils,Chase Stillman,Assigned to AHL
"Oct 4, 2024",New Jersey Devils,Max Willman,Placed on Waivers
"Oct 4, 2024",New Jersey Devils,Mikael Diotte,Assigned to AHL
"Oct 4, 2024",New Jersey Devils,Mike Hardman,Placed on Waivers
"Oct 4, 2024",New Jersey Devils,Justin Dowling,Placed on Waivers
"Oct 4, 2024",New Jersey Devils,Cam Squires,Assigned to Junior Team
"Oct 4, 2024",New Jersey Devils,Daniil Misyul,Assigned to AHL
"Oct 4, 2024",New Jersey Devils,Isaac Poulter,Assigned to AHL
"Oct 4, 2024",Nashville Predators,Nick Blankenburg,Assigned to AHL
"Oct 4, 2024",Nashville Predators,Nick Blankenburg,Cleared Waivers
"Oct 4, 2024",Los Angeles Kings,Taylor Ward,Placed on Waivers
"Oct 4, 2024",Los Angeles Kings,Cole Krygier,Assigned to AHL
"Oct 4, 2024",Florida Panthers,Mikulas Hovorka,Assigned to AHL
"Oct 4, 2024",Florida Panthers,Zac Dalpe,Assigned to AHL
"Oct 4, 2024",Florida Panthers,Jaycob Megna,Assigned to AHL
"Oct 4, 2024",Florida Panthers,Cooper Black,Assigned to AHL
"Oct 4, 2024",Florida Panthers,Josh Davies,Assigned to AHL
"Oct 4, 2024",Florida Panthers,Kai Schwindt,Assigned to AHL
"Oct 4, 2024",Florida Panthers,Tobias Bjornfot,Assigned to AHL
"Oct 4, 2024",Florida Panthers,William Lockwood,Placed on Waivers
"Oct 4, 2024",Florida Panthers,Tobias Bjornfot,Cleared Waivers
"Oct 4, 2024",Florida Panthers,Rasmus Asplund,Cleared Waivers
"Oct 4, 2024",Florida Panthers,Zac Dalpe,Cleared Waivers
"Oct 4, 2024",Florida Panthers,Jaycob Megna,Cleared Waivers
"Oct 4, 2024",Columbus Blue Jackets,Stanislav Svozil,Recalled from AHL
"Oct 4, 2024",Columbus Blue Jackets,Hunter McKown,Recalled from AHL
"Oct 4, 2024",Columbus Blue Jackets,James Malatesta,Recalled from AHL
"Oct 4, 2024",Columbus Blue Jackets,Luca Del Bel Belluz,Recalled from AHL
"Oct 4, 2024",Columbus Blue Jackets,Cole Clayton,Recalled from AHL
"Oct 4, 2024",Chicago Blackhawks,Artyom Levshunov,Placed on SOIR
"Oct 4, 2024",Calgary Flames,Jarred Tinordi,Cleared Waivers
"Oct 4, 2024",Calgary Flames,Walker Duehr,Cleared Waivers
"Oct 4, 2024",Calgary Flames,Dryden Hunt,Cleared Waivers
"Oct 4, 2024",Buffalo Sabres,Ryan Johnson,Assigned to AHL
"Oct 4, 2024",Boston Bruins,Michael DiPietro,Placed on Waivers
"Oct 4, 2024",Boston Bruins,Jordan Oesterle,Placed on Waivers
"Oct 4, 2024",Boston Bruins,Vinni Lettieri,Placed on Waivers
"Oct 4, 2024",Anaheim Ducks,Beckett Sennecke,Assigned to Junior Team
"Oct 4, 2024",Anaheim Ducks,Nikita Nesterenko,Assigned to AHL
"Oct 4, 2024",Anaheim Ducks,Nathan Gaucher,Assigned to AHL
"Oct 4, 2024",Anaheim Ducks,Sam Colangelo,Assigned to AHL
"Oct 4, 2024",Anaheim Ducks,Jansen Harkins,Placed on Waivers
"Oct 4, 2024",Chicago Blackhawks,Wyatt Kaiser,Placed on SOIR
"Oct 4, 2024",Chicago Blackhawks,Laurent Brossoit,Placed on IR
"Oct 4, 2024",Columbus Blue Jackets,Dmitri Voronkov,Placed on IR
"Oct 3, 2024",Calgary Flames,Tyson Barrie,Signed 1 year @ $1.250M AAV starting in 2024-25
"Oct 3, 2024",Columbus Blue Jackets,Trey Fix-Wolansky,Assigned to AHL
"Oct 3, 2024",Winnipeg Jets,Dmitry Kuzmin,Assigned to AHL
"Oct 3, 2024",Winnipeg Jets,Dominic Toninato,Placed on Waivers
"Oct 3, 2024",Winnipeg Jets,Mason Shaw,Placed on Waivers
"Oct 3, 2024",Winnipeg Jets,Axel Jonsson-Fjallby,Placed on Waivers
"Oct 3, 2024",Winnipeg Jets,Tyrel Bauer,Assigned to AHL
"Oct 3, 2024",Winnipeg Jets,Simon Lundmark,Placed on Waivers
"Oct 3, 2024",Winnipeg Jets,Thomas Milic,Assigned to AHL
"Oct 3, 2024",Utah Hockey Club,Ben McCartney,Placed on Waivers
"Oct 3, 2024",Utah Hockey Club,Patrik Koch,Placed on Waivers
"Oct 3, 2024",Utah Hockey Club,Aku Raty,Assigned to AHL
"Oct 3, 2024",Utah Hockey Club,Maksymilian Szuber,Assigned to AHL
"Oct 3, 2024",Utah Hockey Club,Andrew Agozzino,Placed on Waivers
"Oct 3, 2024",Utah Hockey Club,Maveric Lamoureux,Assigned to AHL
"Oct 3, 2024",Toronto Maple Leafs,Braeden Kressler,Assigned to AHL
"Oct 3, 2024",Toronto Maple Leafs,Brandon Lisowsky,Assigned to AHL
"Oct 3, 2024",Toronto Maple Leafs,Vyacheslav Peksa,Assigned to AHL
"Oct 3, 2024",Toronto Maple Leafs,Nick Abruzzese,Placed on Waivers
"Oct 3, 2024",Toronto Maple Leafs,William Villeneuve,Assigned to AHL
"Oct 3, 2024",Toronto Maple Leafs,Ty Voit,Assigned to AHL
"Oct 3, 2024",Toronto Maple Leafs,Dennis Hildeby,Assigned to AHL
"Oct 3, 2024",Tampa Bay Lightning,Conor Geekie,Suspension Started
"Oct 3, 2024",Seattle Kraken,Cale Fleury,Placed on Waivers
"Oct 3, 2024",San Jose Sharks,Andrew Poturalski,Assigned to AHL
"Oct 3, 2024",San Jose Sharks,Scott Sabourin,Assigned to AHL
"Oct 3, 2024",San Jose Sharks,Andrew Poturalski,Cleared Waivers
"Oct 3, 2024",San Jose Sharks,Scott Sabourin,Cleared Waivers
"Oct 3, 2024",Pittsburgh Penguins,Jimmy Huntington,Assigned to AHL
"Oct 3, 2024",Pittsburgh Penguins,Marc Johnstone,Assigned to AHL
"Oct 3, 2024",Pittsburgh Penguins,Mac Hollowell,Assigned to AHL
"Oct 3, 2024",Pittsburgh Penguins,Jimmy Huntington,Cleared Waivers
"Oct 3, 2024",Pittsburgh Penguins,Mac Hollowell,Cleared Waivers
"Oct 3, 2024",Pittsburgh Penguins,Marc Johnstone,Cleared Waivers
"Oct 3, 2024",Philadelphia Flyers,Cal Petersen,Cleared Waivers
"Oct 3, 2024",Ottawa Senators,Hayden Hodgson,Recalled from AHL
"Oct 3, 2024",Ottawa Senators,Stephen Halliday,Recalled from AHL
"Oct 3, 2024",Ottawa Senators,Filip Roos,Recalled from AHL
"Oct 3, 2024",Ottawa Senators,Cole Reinhardt,Recalled from AHL
"Oct 3, 2024",Ottawa Senators,Donovan Sebrango,Recalled from AHL
"Oct 3, 2024",Ottawa Senators,Tyler Boucher,Recalled from AHL
"Oct 3, 2024",Ottawa Senators,Angus Crookshank,Recalled from AHL
"Oct 3, 2024",New York Rangers,Bo Groulx,Assigned to AHL
"Oct 3, 2024",New York Rangers,Bo Groulx,Cleared Waivers
"Oct 3, 2024",Nashville Predators,Zachary L'Heureux,Assigned to AHL
"Oct 3, 2024",Nashville Predators,Ozzy Wiesblatt,Assigned to AHL
"Oct 3, 2024",Nashville Predators,Adam Wilsby,Assigned to AHL
"Oct 3, 2024",Nashville Predators,Nick Blankenburg,Placed on Waivers
"Oct 3, 2024",Florida Panthers,Tobias Bjornfot,Placed on Waivers
"Oct 3, 2024",Florida Panthers,Rasmus Asplund,Placed on Waivers
"Oct 3, 2024",Florida Panthers,Zac Dalpe,Placed on Waivers
"Oct 3, 2024",Florida Panthers,Jaycob Megna,Placed on Waivers
"Oct 3, 2024",Columbus Blue Jackets,Ole Julian Bjorgvik-Holm,Assigned to AHL
"Oct 3, 2024",Columbus Blue Jackets,Trey Fix-Wolansky,Cleared Waivers
"Oct 3, 2024",Colorado Avalanche,Calle Rosen,Assigned to AHL
"Oct 3, 2024",Colorado Avalanche,Calle Rosen,Cleared Waivers
"Oct 3, 2024",Colorado Avalanche,Matthew Phillips,Assigned to AHL
"Oct 3, 2024",Colorado Avalanche,Matthew Phillips,Cleared Waivers
"Oct 3, 2024",Colorado Avalanche,Jack Ahcan,Assigned to AHL
"Oct 3, 2024",Colorado Avalanche,Jack Ahcan,Cleared Waivers
"Oct 3, 2024",Carolina Hurricanes,Spencer Martin,Cleared Waivers
"Oct 3, 2024",Calgary Flames,Jarred Tinordi,Placed on Waivers
"Oct 3, 2024",Calgary Flames,Walker Duehr,Placed on Waivers
"Oct 3, 2024",Calgary Flames,Dryden Hunt,Placed on Waivers
"Oct 3, 2024",Calgary Flames,Jonathan Aspirot,Assigned to AHL
"Oct 3, 2024",Calgary Flames,Clark Bishop,Assigned to AHL
"Oct 3, 2024",Boston Bruins,Fabian Lysell,Recalled from AHL
"Oct 2, 2024",Calgary Flames,Ilya Solovyov,Assigned to AHL
"Oct 2, 2024",Buffalo Sabres,Colton Poolman,Assigned to AHL
"Oct 2, 2024",Buffalo Sabres,Mason Jobst,Assigned to AHL
"Oct 2, 2024",Buffalo Sabres,Brett Murray,Assigned to AHL
"Oct 2, 2024",Buffalo Sabres,Felix Sandstrom,Assigned to AHL
"Oct 2, 2024",Buffalo Sabres,Josh Dunne,Assigned to AHL
"Oct 2, 2024",Buffalo Sabres,Jack Rathbone,Assigned to AHL
"Oct 2, 2024",Vegas Golden Knights,Akira Schmid,Assigned to AHL
"Oct 2, 2024",Vancouver Canucks,Cole McWard,Assigned to AHL
"Oct 2, 2024",Vancouver Canucks,Nate Smith,Assigned to AHL
"Oct 2, 2024",Vancouver Canucks,Phillip Di Giuseppe,Assigned to AHL
"Oct 2, 2024",Vancouver Canucks,Christian Wolanin,Assigned to AHL
"Oct 2, 2024",Vancouver Canucks,Jiri Patera,Lost on Waivers to Boston Bruins
"Oct 2, 2024",Vancouver Canucks,Nate Smith,Cleared Waivers
"Oct 2, 2024",Vancouver Canucks,Cole McWard,Cleared Waivers
"Oct 2, 2024",Vancouver Canucks,Christian Wolanin,Cleared Waivers
"Oct 2, 2024",Vancouver Canucks,Phillip Di Giuseppe,Cleared Waivers
"Oct 2, 2024",Utah Hockey Club,Tij Iginla,Assigned to Junior Team
"Oct 2, 2024",Tampa Bay Lightning,Dylan Duke,Recalled from AHL
"Oct 2, 2024",Seattle Kraken,Max McCormick,Assigned to AHL
"Oct 2, 2024",Seattle Kraken,Gustav Olofsson,Assigned to AHL
"Oct 2, 2024",Seattle Kraken,Mitchell Stephens,Assigned to AHL
"Oct 2, 2024",Seattle Kraken,Brandon Biro,Assigned to AHL
"Oct 2, 2024",Seattle Kraken,Ales Stezka,Assigned to AHL
"Oct 2, 2024",Seattle Kraken,Ben Meyers,Assigned to AHL
"Oct 2, 2024",Seattle Kraken,Brandon Biro,Cleared Waivers
"Oct 2, 2024",Seattle Kraken,Mitchell Stephens,Cleared Waivers
"Oct 2, 2024",Seattle Kraken,Ben Meyers,Cleared Waivers
"Oct 2, 2024",Seattle Kraken,Ales Stezka,Cleared Waivers
"Oct 2, 2024",Seattle Kraken,Max McCormick,Cleared Waivers
"Oct 2, 2024",Seattle Kraken,Gustav Olofsson,Cleared Waivers
"Oct 2, 2024",San Jose Sharks,Andrew Poturalski,Placed on Waivers
"Oct 2, 2024",San Jose Sharks,Scott Sabourin,Placed on Waivers
"Oct 2, 2024",Pittsburgh Penguins,Jimmy Huntington,Placed on Waivers
"Oct 2, 2024",Pittsburgh Penguins,Mac Hollowell,Placed on Waivers
"Oct 2, 2024",Pittsburgh Penguins,Marc Johnstone,Placed on Waivers
"Oct 2, 2024",Philadelphia Flyers,Cal Petersen,Placed on Waivers
"Oct 2, 2024",New York Rangers,Brandon Scanlin,Assigned to AHL
"Oct 2, 2024",New York Rangers,Anton Blidh,Assigned to AHL
"Oct 2, 2024",New York Rangers,Bo Groulx,Placed on Waivers
"Oct 2, 2024",New York Rangers,Casey Fitzgerald,Assigned to AHL
"Oct 2, 2024",New York Rangers,Dylan Garand,Assigned to AHL
"Oct 2, 2024",New York Rangers,Louis Domingue,Assigned to AHL
"Oct 2, 2024",New York Rangers,Brandon Scanlin,Cleared Waivers
"Oct 2, 2024",New York Rangers,Casey Fitzgerald,Cleared Waivers
"Oct 2, 2024",New York Rangers,Louis Domingue,Cleared Waivers
"Oct 2, 2024",New York Rangers,Anton Blidh,Cleared Waivers
"Oct 2, 2024",New Jersey Devils,Dylan Wendt,Assigned to AHL
"Oct 2, 2024",New Jersey Devils,Tyler Brennan,Assigned to AHL
"Oct 2, 2024",Montreal Canadiens,Lucas Condotta,Assigned to AHL
"Oct 2, 2024",Montreal Canadiens,Luke Tuch,Assigned to AHL
"Oct 2, 2024",Minnesota Wild,Reese Johnson,Assigned to AHL
"Oct 2, 2024",Minnesota Wild,Reese Johnson,Cleared Waivers
"Oct 2, 2024",Los Angeles Kings,Jacob Moverare,Assigned to AHL
"Oct 2, 2024",Los Angeles Kings,Jacob Moverare,Cleared Waivers
"Oct 2, 2024",Edmonton Oilers,Collin Delia,Assigned to AHL
"Oct 2, 2024",Edmonton Oilers,Collin Delia,Cleared Waivers
"Oct 2, 2024",Edmonton Oilers,Philip Kemp,Assigned to AHL
"Oct 2, 2024",Edmonton Oilers,Philip Kemp,Cleared Waivers
"Oct 2, 2024",Edmonton Oilers,Lane Pederson,Assigned to AHL
"Oct 2, 2024",Edmonton Oilers,Lane Pederson,Cleared Waivers
"Oct 2, 2024",Edmonton Oilers,Ben Gleason,Assigned to AHL
"Oct 2, 2024",Edmonton Oilers,Ben Gleason,Cleared Waivers
"Oct 2, 2024",Columbus Blue Jackets,Zach Sawchenko,Assigned to AHL
"Oct 2, 2024",Columbus Blue Jackets,Stanislav Svozil,Assigned to AHL
"Oct 2, 2024",Columbus Blue Jackets,Cole Clayton,Assigned to AHL
"Oct 2, 2024",Columbus Blue Jackets,Trey Fix-Wolansky,Placed on Waivers
"Oct 2, 2024",Colorado Avalanche,Calle Rosen,Placed on Waivers
"Oct 2, 2024",Colorado Avalanche,Matthew Phillips,Placed on Waivers
"Oct 2, 2024",Colorado Avalanche,Jack Ahcan,Placed on Waivers
"Oct 2, 2024",Chicago Blackhawks,Frank Nazar,Assigned to AHL
"Oct 2, 2024",Carolina Hurricanes,Spencer Martin,Placed on Waivers
"Oct 2, 2024",Calgary Flames,Jonathan Aspirot,Recalled from AHL
"Oct 2, 2024",Calgary Flames,Ilya Solovyov,Cleared Waivers
"Oct 2, 2024",Buffalo Sabres,Colton Poolman,Cleared Waivers
"Oct 2, 2024",Buffalo Sabres,Mason Jobst,Cleared Waivers
"Oct 2, 2024",Buffalo Sabres,Brett Murray,Cleared Waivers
"Oct 2, 2024",Buffalo Sabres,Felix Sandstrom,Cleared Waivers
"Oct 2, 2024",Buffalo Sabres,Jack Rathbone,Cleared Waivers
"Oct 2, 2024",Buffalo Sabres,Josh Dunne,Cleared Waivers
"Oct 2, 2024",Boston Bruins,Jiri Patera,Claimed on Waivers from Vancouver Canucks
"Oct 2, 2024",Anaheim Ducks,Carson Meyer,Assigned to AHL
"Oct 2, 2024",Anaheim Ducks,Carson Meyer,Cleared Waivers
"Oct 1, 2024",Utah Hockey Club,Travis Barron,Assigned to AHL
"Oct 1, 2024",Washington Capitals,Terik Parascak,Assigned to Junior Team
"Oct 1, 2024",Washington Capitals,Brett Hyland,Assigned to AHL
"Oct 1, 2024",Vancouver Canucks,Kirill Kudryavtsev,Assigned to AHL
"Oct 1, 2024",Vancouver Canucks,Max Sasson,Assigned to AHL
"Oct 1, 2024",Vancouver Canucks,Christian Felton,Assigned to AHL
"Oct 1, 2024",Vancouver Canucks,Jiri Patera,Placed on Waivers
"Oct 1, 2024",Vancouver Canucks,Nate Smith,Placed on Waivers
"Oct 1, 2024",Vancouver Canucks,Cole McWard,Placed on Waivers
"Oct 1, 2024",Vancouver Canucks,Ty Mueller,Assigned to AHL
"Oct 1, 2024",Vancouver Canucks,Linus Karlsson,Assigned to AHL
"Oct 1, 2024",Vancouver Canucks,Christian Wolanin,Placed on Waivers
"Oct 1, 2024",Vancouver Canucks,Phillip Di Giuseppe,Placed on Waivers
"Oct 1, 2024",Vancouver Canucks,Jonathan Lekkerimäki,Assigned to AHL
"Oct 1, 2024",Vancouver Canucks,Nikita Tolopilo,Assigned to AHL
"Oct 1, 2024",Vancouver Canucks,Elias Pettersson,Assigned to AHL
"Oct 1, 2024",Utah Hockey Club,Justin Barron,Assigned to AHL
"Oct 1, 2024",Utah Hockey Club,Kevin Connauton,Assigned to AHL
"Oct 1, 2024",Utah Hockey Club,Travis Barron,Cleared Waivers
"Oct 1, 2024",Utah Hockey Club,Kevin Connauton,Cleared Waivers
"Oct 1, 2024",St. Louis Blues,Nikita Alexandrov,Assigned to AHL
"Oct 1, 2024",Seattle Kraken,Brandon Biro,Placed on Waivers
"Oct 1, 2024",Seattle Kraken,Mitchell Stephens,Placed on Waivers
"Oct 1, 2024",Seattle Kraken,Ben Meyers,Placed on Waivers
"Oct 1, 2024",Seattle Kraken,Ville Ottavainen,Assigned to AHL
"Oct 1, 2024",Seattle Kraken,Ales Stezka,Placed on Waivers
"Oct 1, 2024",Seattle Kraken,Max McCormick,Placed on Waivers
"Oct 1, 2024",Seattle Kraken,Jacob Melanson,Assigned to AHL
"Oct 1, 2024",Seattle Kraken,Eduard Sale,Assigned to AHL
"Oct 1, 2024",Seattle Kraken,Gustav Olofsson,Placed on Waivers
"Oct 1, 2024",San Jose Sharks,Jimmy Schuldt,Assigned to AHL
"Oct 1, 2024",San Jose Sharks,Justin Bailey,Assigned to AHL
"Oct 1, 2024",San Jose Sharks,Justin Bailey,Cleared Waivers
"Oct 1, 2024",San Jose Sharks,Jimmy Schuldt,Cleared Waivers
"Oct 1, 2024",New York Rangers,Brandon Scanlin,Placed on Waivers
"Oct 1, 2024",New York Rangers,Adam Sykora,Assigned to AHL
"Oct 1, 2024",New York Rangers,Casey Fitzgerald,Placed on Waivers
"Oct 1, 2024",New York Rangers,Louis Domingue,Placed on Waivers
"Oct 1, 2024",New York Rangers,Dylan Roobroeck,Assigned to AHL
"Oct 1, 2024",New York Rangers,Jaroslav Chmelar,Assigned to AHL
"Oct 1, 2024",New York Rangers,Bryce McConnell-Barker,Assigned to AHL
"Oct 1, 2024",New York Rangers,Anton Blidh,Placed on Waivers
"Oct 1, 2024",Montreal Canadiens,Lucas Condotta,Recalled from AHL
"Oct 1, 2024",Montreal Canadiens,Luke Tuch,Recalled from AHL
"Oct 1, 2024",Minnesota Wild,Brendan Gaunce,Cleared Waivers
"Oct 1, 2024",Minnesota Wild,Devin Shore,Cleared Waivers
"Oct 1, 2024",Minnesota Wild,Travis Boyd,Assigned to AHL
"Oct 1, 2024",Minnesota Wild,Travis Boyd,Cleared Waivers
"Oct 1, 2024",Minnesota Wild,Devin Shore,Assigned to AHL
"Oct 1, 2024",Minnesota Wild,Reese Johnson,Placed on Waivers
"Oct 1, 2024",Minnesota Wild,Brendan Gaunce,Assigned to AHL
"Oct 1, 2024",Los Angeles Kings,Samuel Helenius,Assigned to AHL
"Oct 1, 2024",Los Angeles Kings,Jacob Moverare,Placed on Waivers
"Oct 1, 2024",Los Angeles Kings,Jeff Malott,Assigned to AHL
"Oct 1, 2024",Edmonton Oilers,James Hamblin,Assigned to AHL
"Oct 1, 2024",Edmonton Oilers,Beau Akey,Assigned to Junior Team
"Oct 1, 2024",Florida Panthers,Ryan McAllister,Assigned to AHL
"Oct 1, 2024",Florida Panthers,Wilmer Skoog,Assigned to AHL
"Oct 1, 2024",Florida Panthers,Oliver Okuliar,Assigned to AHL
"Oct 1, 2024",Florida Panthers,Nathan Staios,Assigned to AHL
"Oct 1, 2024",Edmonton Oilers,Collin Delia,Placed on Waivers
"Oct 1, 2024",Edmonton Oilers,Philip Kemp,Placed on Waivers
"Oct 1, 2024",Edmonton Oilers,Lane Pederson,Placed on Waivers
"Oct 1, 2024",Edmonton Oilers,Ben Gleason,Placed on Waivers
"Oct 1, 2024",Columbus Blue Jackets,Zach Sawchenko,Recalled from AHL
"Oct 1, 2024",Columbus Blue Jackets,Stanislav Svozil,Recalled from AHL
"Oct 1, 2024",Columbus Blue Jackets,Cole Clayton,Recalled from AHL
"Oct 1, 2024",Calgary Flames,Clark Bishop,Recalled from AHL
"Oct 1, 2024",Calgary Flames,Ilya Solovyov,Placed on Waivers
"Oct 1, 2024",Buffalo Sabres,Colton Poolman,Placed on Waivers
"Oct 1, 2024",Buffalo Sabres,Mason Jobst,Placed on Waivers
"Oct 1, 2024",Buffalo Sabres,Brett Murray,Placed on Waivers
"Oct 1, 2024",Buffalo Sabres,Felix Sandstrom,Placed on Waivers
"Oct 1, 2024",Buffalo Sabres,Jack Rathbone,Placed on Waivers
"Oct 1, 2024",Buffalo Sabres,Josh Dunne,Placed on Waivers
"Oct 1, 2024",Buffalo Sabres,Scott Ratzlaff,Assigned to Junior Team
"Oct 1, 2024",Anaheim Ducks,Drew Helleson,Assigned to AHL
"Oct 1, 2024",Anaheim Ducks,Carson Meyer,Placed on Waivers
"Oct 1, 2024",Anaheim Ducks,Pavol Regenda,Assigned to AHL
"Sep 30, 2024",St. Louis Blues,Nikita Alexandrov,Signed 1 year @ $775K AAV starting in 2024-25
"Sep 30, 2024",Utah Hockey Club,Travis Barron,Placed on Waivers
"Sep 30, 2024",Utah Hockey Club,Montana Onyebuchi,Assigned to AHL
"Sep 30, 2024",Utah Hockey Club,Kevin Connauton,Placed on Waivers
"Sep 30, 2024",San Jose Sharks,Kasper Halttunen,Assigned to AHL
"Sep 30, 2024",San Jose Sharks,Jake Furlong,Assigned to AHL
"Sep 30, 2024",San Jose Sharks,Filip Bystedt,Assigned to AHL
"Sep 30, 2024",San Jose Sharks,Brandon Coe,Assigned to AHL
"Sep 30, 2024",San Jose Sharks,Georgi Romanov,Assigned to AHL
"Sep 30, 2024",San Jose Sharks,Tristen Robins,Assigned to AHL
"Sep 30, 2024",San Jose Sharks,Quentin Musty,Assigned to Junior Team
"Sep 30, 2024",San Jose Sharks,Justin Bailey,Placed on Waivers
"Sep 30, 2024",San Jose Sharks,Jimmy Schuldt,Placed on Waivers
"Sep 30, 2024",Minnesota Wild,Riley Heidt,Assigned to Junior Team
"Sep 30, 2024",Minnesota Wild,Brendan Gaunce,Placed on Waivers
"Sep 30, 2024",Minnesota Wild,Devin Shore,Placed on Waivers
"Sep 30, 2024",Minnesota Wild,Travis Boyd,Placed on Waivers
"Sep 29, 2024",Calgary Flames,Andrew Basha,Signed to an entry level contract.
"Sep 29, 2024",Vancouver Canucks,Vilmer Alriksson,Signed to an entry level contract.
"Sep 27, 2024",Washington Capitals,Eriks Mateiko,Signed to an entry level contract.
"Sep 27, 2024",Philadelphia Flyers,Spencer Gill,Signed to an entry level contract.
"Sep 24, 2024",Philadelphia Flyers,Eetu Makiniemi,Signed 1 year @ $775K AAV starting in 2024-25
"Sep 23, 2024",Winnipeg Jets,Cole Perfetti,Signed 2 years @ $3.250M AAV starting in 2024-25
"Sep 23, 2024",Colorado Avalanche,Logan O'Connor,Signed 6 years @ $2.500M AAV starting in 2025-26
"Sep 23, 2024",Nashville Predators,Hiroki Gojsic,Signed to an entry level contract.
"Sep 21, 2024",Vancouver Canucks,Kevin Lankinen,Signed 1 year @ $875K AAV starting in 2024-25
"Sep 20, 2024",Utah Hockey Club,Dylan Guenther,Signed 8 years @ $7.143M AAV starting in 2025-26
"Sep 20, 2024",New Jersey Devils,Dawson Mercer,Signed 3 years @ $4.000M AAV starting in 2024-25
"Sep 19, 2024",Detroit Red Wings,Moritz Seider,Signed 7 years @ $8.550M AAV starting in 2024-25
"Sep 18, 2024",Calgary Flames,Cole Schwindt,Signed 1 year @ $800K AAV starting in 2024-25
"Sep 18, 2024",Nashville Predators,Philip Tomasino,Signed 1 year @ $825K AAV starting in 2024-25
"Sep 18, 2024",Calgary Flames,Ilya Solovyov,Signed 2 years @ $775K AAV starting in 2024-25
"Sep 18, 2024",Los Angeles Kings,Arthur Kaliyev,Signed 1 year @ $825K AAV starting in 2024-25
"Sep 17, 2024",Dallas Stars,Esa Lindell,Signed 5 years @ $5.250M AAV starting in 2025-26
"Sep 17, 2024",Buffalo Sabres,Peyton Krebs,Signed 2 years @ $1.450M AAV starting in 2024-25
"Sep 17, 2024",Dallas Stars,Thomas Harley,Signed 2 years @ $4.000M AAV starting in 2024-25
"Sep 16, 2024",Detroit Red Wings,Jonatan Berggren,Signed 1 year @ $825K AAV starting in 2024-25
"Sep 16, 2024",Pittsburgh Penguins,Sidney Crosby,Signed 2 years @ $8.700M AAV starting in 2025-26
"Sep 16, 2024",Detroit Red Wings,Lucas Raymond,Signed 8 years @ $8.075M AAV starting in 2024-25
"Sep 15, 2024",Columbus Blue Jackets,James van Riemsdyk,Signed 1 year @ $900K AAV starting in 2024-25
"Sep 13, 2024",Calgary Flames,Jakob Pelletier,Signed 1 year @ $800K AAV starting in 2024-25
"Sep 12, 2024",Calgary Flames,Adam Klapka,Signed 1 year @ $775K AAV starting in 2024-25
"Sep 11, 2024",Toronto Maple Leafs,Jani Hakanpää,Signed 1 year @ $1.470M AAV starting in 2024-25
"Sep 10, 2024",Calgary Flames,Jarred Tinordi,Signed 1 year @ $800K AAV starting in 2024-25
"Sep 10, 2024",Toronto Maple Leafs,Nicholas Robertson,Signed 1 year @ $875K AAV starting in 2024-25
"Sep 10, 2024",Seattle Kraken,Adam Larsson,Signed 4 years @ $5.250M AAV starting in 2025-26
"Sep 9, 2024",Nashville Predators,Marc Del Gaizo,Signed 1 year @ $775K AAV starting in 2024-25
"Sep 9, 2024",Nashville Predators,Juuso Parssinen,Signed 1 year @ $775K AAV starting in 2024-25
"Sep 5, 2024",Anaheim Ducks,Oscar Dansk,Signed 1 year @ $775K AAV starting in 2024-25
"Sep 1, 2024",Edmonton Oilers,Leon Draisaitl,Signed 8 years @ $14.000M AAV starting in 2025-26
"Aug 31, 2024",Utah Hockey Club,Robert Bortuzzo,Signed 1 year @ $775K AAV starting in 2024-25
"Aug 31, 2024",Carolina Hurricanes,Seth Jarvis,Signed 8 years @ $7.900M AAV starting in 2024-25
"Aug 30, 2024",Toronto Maple Leafs,Marshall Rifai,Signed 2 years @ $775K AAV starting in 2025-26
"Aug 29, 2024",Ottawa Senators,Nick Cousins,Signed 1 year @ $800K AAV starting in 2024-25
"Aug 25, 2024",Los Angeles Kings,Erik Portillo,Signed 3 years @ $783K AAV starting in 2024-25
"Aug 24, 2024",Buffalo Sabres,Ukko-Pekka Luukkonen,Signed 5 years @ $4.750M AAV starting in 2024-25
"Aug 23, 2024",San Jose Sharks,Yaroslav Askarov,Signed 2 years @ $2.000M AAV starting in 2025-26
"Aug 23, 2024",Buffalo Sabres,Beck Malenstyn,Signed 2 years @ $1.350M AAV starting in 2024-25
"Aug 23, 2024",St. Louis Blues,Quinton Burns,Signed to an entry level contract.
"Aug 22, 2024",Pittsburgh Penguins,Rutger McGroarty,Signed to an entry level contract.
"Aug 21, 2024",Columbus Blue Jackets,Cole Sillinger,Signed 2 years @ $2.250M AAV starting in 2024-25
"Aug 21, 2024",Toronto Maple Leafs,Alex Steeves,Signed 1 year @ $775K AAV starting in 2024-25
"Aug 20, 2024",Seattle Kraken,Matty Beniers,Signed 7 years @ $7.143M AAV starting in 2024-25
"Aug 19, 2024",Los Angeles Kings,Liam Greentree,Signed to an entry level contract.
"Aug 19, 2024",Detroit Red Wings,Joe Veleno,Signed 2 years @ $2.275M AAV starting in 2024-25
"Aug 15, 2024",Anaheim Ducks,Jackson LaCombe,Signed 2 years @ $925K AAV starting in 2024-25
"Aug 13, 2024",St. Louis Blues,Dylan Holloway,Signed 2 years @ $2.290M AAV starting in 2024-25
"Aug 13, 2024",St. Louis Blues,Philip Broberg,Signed 1 year @ $4.581M AAV starting in 2024-25
"Aug 13, 2024",Dallas Stars,Magnus Hellberg,Signed 1 year @ $775K AAV starting in 2024-25
"Aug 12, 2024",Calgary Flames,Yan Kuznetsov,Signed 1 year @ $775K AAV starting in 2024-25
"Aug 12, 2024",New Jersey Devils,Nolan Foote,Signed 1 year @ $825K AAV starting in 2024-25
"Aug 9, 2024",Colorado Avalanche,Matthew Phillips,Signed 1 year @ $775K AAV starting in 2024-25
"Aug 6, 2024",Ottawa Senators,Carter Yakemchuk,Signed to an entry level contract.
"Aug 5, 2024",Chicago Blackhawks,Marek Vanacker,Signed to an entry level contract.
"Aug 5, 2024",Colorado Avalanche,Oliver Kylington,Signed 1 year @ $1.050M AAV starting in 2024-25
"Aug 4, 2024",San Jose Sharks,Carl Grundstrom,Signed 2 years @ $1.800M AAV starting in 2024-25
"Aug 2, 2024",Toronto Maple Leafs,Ben Danford,Signed to an entry level contract.
"Aug 1, 2024",Los Angeles Kings,Jordan Spence,Signed 2 years @ $1.500M AAV starting in 2024-25
"Aug 1, 2024",Nashville Predators,Juuse Saros,Signed 8 years @ $7.740M AAV starting in 2025-26
"Aug 1, 2024",San Jose Sharks,Igor Chernyshov,Signed to an entry level contract.
"Jul 31, 2024",Montreal Canadiens,Kaiden Guhle,Signed 6 years @ $5.550M AAV starting in 2025-26
"Jul 30, 2024",Montreal Canadiens,Justin Barron,Signed 2 years @ $1.150M AAV starting in 2024-25
"Jul 30, 2024",Pittsburgh Penguins,Sergei Murashov,Signed to an entry level contract.
"Jul 30, 2024",New Jersey Devils,Nico Daws,Signed 2 years @ $812K AAV starting in 2024-25
"Jul 30, 2024",New York Rangers,Ryan Lindgren,Signed 1 year @ $4.500M AAV starting in 2024-25
"Jul 30, 2024",Montreal Canadiens,Arber Xhekaj,Signed 1 year @ $1.300M AAV starting in 2024-25
"Jul 29, 2024",Chicago Blackhawks,Louis Crevier,Signed 1 year @ $775K AAV starting in 2024-25
"Jul 29, 2024",Chicago Blackhawks,Isaak Phillips,Signed 1 year @ $775K AAV starting in 2024-25
"Jul 29, 2024",Minnesota Wild,Brock Faber,Signed 8 years @ $8.500M AAV starting in 2025-26
"Jul 29, 2024",Carolina Hurricanes,Martin Necas,Signed 2 years @ $6.500M AAV starting in 2024-25
"Jul 28, 2024",Columbus Blue Jackets,Kirill Marchenko,Signed 3 years @ $3.850M AAV starting in 2024-25
"Jul 27, 2024",Columbus Blue Jackets,Kent Johnson,Signed 3 years @ $1.800M AAV starting in 2024-25
"Jul 26, 2024",Winnipeg Jets,Simon Lundmark,Signed 1 year @ $775K AAV starting in 2024-25
"Jul 25, 2024",San Jose Sharks,Thomas Bordeleau,Signed 1 year @ $874K AAV starting in 2024-25
"Jul 25, 2024",Los Angeles Kings,Carter George,Signed to an entry level contract.
"Jul 25, 2024",Philadelphia Flyers,Travis Konecny,Signed 8 years @ $8.750M AAV starting in 2025-26
"Jul 25, 2024",New York Islanders,Oliver Wahlstrom,Signed 1 year @ $1.000M AAV starting in 2024-25
"Jul 25, 2024",Pittsburgh Penguins,Brayden Yager,Signed to an entry level contract.
"Jul 24, 2024",San Jose Sharks,Henry Thrun,Signed 2 years @ $1.000M AAV starting in 2024-25
"Jul 24, 2024",Los Angeles Kings,Samuel Fagemo,Signed 1 year @ $775K AAV starting in 2024-25
"Jul 24, 2024",Nashville Predators,Spencer Stastney,Signed 2 years @ $825K AAV starting in 2024-25
"Jul 24, 2024",New York Islanders,Dennis Cholowski,Signed 1 year @ $775K AAV starting in 2024-25
"Jul 23, 2024",Minnesota Wild,Graeme Clarke,Signed 1 year @ $800K AAV starting in 2024-25
"Jul 23, 2024",Toronto Maple Leafs,Connor Dewar,Signed 1 year @ $1.180M AAV starting in 2024-25
"Jul 22, 2024",Utah Hockey Club,Cole Beaudoin,Signed to an entry level contract.
"Jul 22, 2024",New Jersey Devils,Santeri Hatakka,Signed 1 year @ $775K AAV starting in 2024-25
"Jul 20, 2024",Vancouver Canucks,Daniel Sprong,Signed 1 year @ $975K AAV starting in 2024-25
"Jul 19, 2024",New Jersey Devils,Cam Squires,Signed to an entry level contract.
"Jul 18, 2024",Nashville Predators,Adam Wilsby,Signed 1 year @ $775K AAV starting in 2024-25
"Jul 17, 2024",Carolina Hurricanes,Jack Drury,Signed 2 years @ $1.725M AAV starting in 2024-25
"Jul 17, 2024",Boston Bruins,Marc McLaughlin,Signed 1 year @ $775K AAV starting in 2024-25
"Jul 16, 2024",Chicago Blackhawks,Jason Dickinson,Signed 2 years @ $4.250M AAV starting in 2024-25
"Jul 16, 2024",New York Islanders,Simon Holmstrom,Signed 1 year @ $850K AAV starting in 2024-25
"Jul 16, 2024",Vancouver Canucks,Arturs Silovs,Signed 2 years @ $850K AAV starting in 2024-25
"Jul 15, 2024",New York Rangers,Matthew Robertson,Signed 1 year @ $775K AAV starting in 2024-25
"Jul 15, 2024",Anaheim Ducks,Nikita Nesterenko,Signed 1 year @ $874K AAV starting in 2024-25
"Jul 15, 2024",Colorado Avalanche,Kevin Mandolese,Signed 1 year @ $775K AAV starting in 2024-25
"Jul 15, 2024",Dallas Stars,Emil Hemming,Signed to an entry level contract.
"Jul 15, 2024",San Jose Sharks,Brandon Coe,Signed 1 year @ $813K AAV starting in 2024-25
"Jul 15, 2024",New Jersey Devils,Adam Beckman,Signed 1 year @ $775K AAV starting in 2024-25
"Jul 15, 2024",New York Islanders,Jesse Pulkkinen,Signed to an entry level contract.
"Jul 15, 2024",Ottawa Senators,Mads Sogaard,Signed 2 years @ $775K AAV starting in 2024-25
"Jul 15, 2024",Los Angeles Kings,Quinton Byfield,Signed 5 years @ $6.250M AAV starting in 2024-25
"Jul 15, 2024",Winnipeg Jets,Ville Heinola,Signed 2 years @ $800K AAV starting in 2024-25
"Jul 14, 2024",Carolina Hurricanes,Joakim Ryan,Signed 1 year @ $775K AAV starting in 2024-25
"Jul 14, 2024",Carolina Hurricanes,Dominik Badinka,Signed to an entry level contract.
"Jul 14, 2024",Seattle Kraken,Kim Saarinen,Signed to an entry level contract.
"Jul 13, 2024",New York Rangers,Braden Schneider,Signed 2 years @ $2.200M AAV starting in 2024-25
"Jul 13, 2024",New York Rangers,Kaapo Kakko,Signed 1 year @ $2.400M AAV starting in 2024-25
"Jul 12, 2024",Columbus Blue Jackets,Jet Greaves,Signed 2 years @ $812K AAV starting in 2024-25
"Jul 12, 2024",Boston Bruins,Alec Regula,Signed 1 year @ $775K AAV starting in 2024-25
"Jul 12, 2024",New York Rangers,Chad Ruhwedel,Signed 1 year @ $775K AAV starting in 2024-25
"Jul 12, 2024",Boston Bruins,Michael Callahan,Signed 1 year @ $775K AAV starting in 2024-25
"Jul 11, 2024",Tampa Bay Lightning,J.J. Moser,Signed 2 years @ $3.375M AAV starting in 2024-25
"Jul 11, 2024",Detroit Red Wings,Michael Brandsegg-Nygård,Signed to an entry level contract.
"Jul 11, 2024",Utah Hockey Club,Tij Iginla,Signed to an entry level contract.
"Jul 11, 2024",San Jose Sharks,Ty Emberson,Signed 1 year @ $950K AAV starting in 2024-25
"Jul 11, 2024",Minnesota Wild,Sammy Walker,Signed 1 year @ $775K AAV starting in 2024-25
"Jul 10, 2024",San Jose Sharks,Sam Dickinson,Signed to an entry level contract.
"Jul 10, 2024",Pittsburgh Penguins,Tanner Howe,Signed to an entry level contract.
"Jul 10, 2024",New York Islanders,Liam Foudy,Signed 1 year @ $775K AAV starting in 2024-25
"Jul 10, 2024",St. Louis Blues,Ryan Suter,Signed 1 year @ $3.000M AAV starting in 2024-25
"Jul 10, 2024",New York Islanders,Tyce Thompson,Signed 1 year @ $775K AAV starting in 2024-25
"Jul 10, 2024",New York Islanders,Jesse Nurmi,Signed to an entry level contract.
"Jul 10, 2024",Columbus Blue Jackets,Jake Christiansen,Signed 1 year @ $775K AAV starting in 2024-25
"Jul 10, 2024",Winnipeg Jets,Dylan Coghlan,Signed 1 year @ $775K AAV starting in 2024-25
"Jul 10, 2024",Washington Capitals,Leon Muggli,Signed to an entry level contract.
"Jul 9, 2024",Minnesota Wild,Adam Raska,Signed 1 year @ $775K AAV starting in 2024-25
"Jul 9, 2024",Utah Hockey Club,Egor Sokolov,Signed 1 year @ $775K AAV starting in 2024-25
"Jul 9, 2024",Florida Panthers,Adam Boqvist,Signed 1 year @ $775K AAV starting in 2024-25
"Jul 9, 2024",Minnesota Wild,Declan Chisholm,Signed 1 year @ $1.000M AAV starting in 2024-25
"Jul 9, 2024",Utah Hockey Club,Artem Duda,Signed to an entry level contract.
"Jul 8, 2024",Edmonton Oilers,Raphael Lavoie,Signed 1 year @ $775K AAV starting in 2024-25
"Jul 8, 2024",Utah Hockey Club,Barrett Hayton,Signed 2 years @ $2.650M AAV starting in 2024-25
"Jul 8, 2024",Colorado Avalanche,Calum Ritchie,Signed to an entry level contract.
"Jul 8, 2024",Buffalo Sabres,Konsta Helenius,Signed to an entry level contract.
"Jul 7, 2024",Columbus Blue Jackets,Zach Sawchenko,Signed 1 year @ $775K AAV starting in 2024-25
"Jul 7, 2024",Carolina Hurricanes,Josiah Slavin,Signed 2 years @ $775K AAV starting in 2024-25
"Jul 7, 2024",Utah Hockey Club,Curtis Douglas,Signed 2 years @ $775K AAV starting in 2024-25
"Jul 7, 2024",Philadelphia Flyers,Egor Zamula,Signed 2 years @ $1.700M AAV starting in 2024-25
"Jul 6, 2024",Winnipeg Jets,Logan Stanley,Signed 2 years @ $1.250M AAV starting in 2024-25
"Jul 6, 2024",Philadelphia Flyers,Jett Luchanko,Signed to an entry level contract.
"Jul 6, 2024",Chicago Blackhawks,Artyom Levshunov,Signed to an entry level contract.
"Jul 6, 2024",Winnipeg Jets,David Gustafsson,Signed 2 years @ $835K AAV starting in 2024-25
"Jul 6, 2024",San Jose Sharks,Macklin Celebrini,Signed to an entry level contract.
"Jul 6, 2024",Washington Capitals,Cam Allen,Signed to an entry level contract.
"Jul 6, 2024",Washington Capitals,Ilya Protas,Signed to an entry level contract.
"Jul 5, 2024",Calgary Flames,Zayne Parekh,Signed to an entry level contract.
"Jul 5, 2024",Pittsburgh Penguins,Corey Andonovski,Signed 1 year @ $775K AAV starting in 2024-25
"Jul 5, 2024",Washington Capitals,Terik Parascak,Signed to an entry level contract.
"Jul 5, 2024",Colorado Avalanche,Jason Polin,Signed 1 year @ $775K AAV starting in 2024-25
"Jul 5, 2024",Los Angeles Kings,Caleb Jones,Signed 1 year @ $775K AAV starting in 2024-25
"Jul 5, 2024",Utah Hockey Club,Jaxson Stauber,Signed 1 year @ $775K AAV starting in 2024-25
"Jul 5, 2024",Anaheim Ducks,Beckett Sennecke,Signed to an entry level contract.
"Jul 5, 2024",Ottawa Senators,Jan Jenik,Signed 1 year @ $775K AAV starting in 2024-25
"Jul 5, 2024",Calgary Flames,Etienne Morin,Signed to an entry level contract.
"Jul 5, 2024",Seattle Kraken,Berkly Catton,Signed to an entry level contract.
"Jul 5, 2024",Florida Panthers,Jaycob Megna,Signed 1 year @ $775K AAV starting in 2024-25
"Jul 5, 2024",Seattle Kraken,Eeli Tolvanen,Signed 2 years @ $3.475M AAV starting in 2024-25
"Jul 5, 2024",Calgary Flames,Matvei Gridin,Signed to an entry level contract.
"Jul 5, 2024",Anaheim Ducks,Stian Solberg,Signed to an entry level contract.
"Jul 5, 2024",Buffalo Sabres,Henri Jokiharju,Signed 1 year @ $3.100M AAV starting in 2024-25
"Jul 5, 2024",Anaheim Ducks,Pavol Regenda,Signed 1 year @ $775K AAV starting in 2024-25
"Jul 4, 2024",San Jose Sharks,Ty Dellandrea,Signed 2 years @ $1.300M AAV starting in 2024-25
"Jul 4, 2024",Carolina Hurricanes,Jack Roslovic,Signed 1 year @ $2.800M AAV starting in 2024-25
"Jul 4, 2024",Montreal Canadiens,Connor Hughes,Signed 1 year @ $775K AAV starting in 2024-25
"Jul 4, 2024",Detroit Red Wings,Tory Dello,Signed 1 year @ $775K AAV starting in 2024-25
"Jul 4, 2024",Washington Capitals,Alex Limoges,Signed 1 year @ $775K AAV starting in 2024-25
"Jul 3, 2024",Detroit Red Wings,Vladimir Tarasenko,Signed 2 years @ $4.750M AAV starting in 2024-25
"Jul 3, 2024",San Jose Sharks,Andrew Poturalski,Signed 2 years @ $800K AAV starting in 2024-25
"Jul 3, 2024",Calgary Flames,Justin Kirkland,Signed 1 year @ $775K AAV starting in 2024-25
"Jul 3, 2024",Vegas Golden Knights,Akira Schmid,Signed 2 years @ $875K AAV starting in 2024-25
"Jul 3, 2024",Utah Hockey Club,Milos Kelemen,Signed 1 year @ $775K AAV starting in 2024-25
"Jul 3, 2024",Winnipeg Jets,Haydn Fleury,Signed 1 year @ $775K AAV starting in 2024-25
"Jul 3, 2024",Winnipeg Jets,Mason Shaw,Signed 1 year @ $775K AAV starting in 2024-25
"Jul 3, 2024",Anaheim Ducks,Carson Meyer,Signed 1 year @ $775K AAV starting in 2024-25
"Jul 3, 2024",Washington Capitals,Hardy Haman Aktell,Signed 1 year @ $775K AAV starting in 2024-25
"Jul 3, 2024",Philadelphia Flyers,Bobby Brink,Signed 2 years @ $1.500M AAV starting in 2024-25
"Jul 3, 2024",Nashville Predators,Kieffer Bellows,Signed 1 year @ $775K AAV starting in 2024-25
"Jul 3, 2024",Washington Capitals,Riley Sutter,Signed 1 year @ $775K AAV starting in 2024-25
"Jul 3, 2024",Ottawa Senators,Matthew Andonovski,Signed to an entry level contract.
"Jul 3, 2024",Carolina Hurricanes,Riley Stillman,Signed 1 year @ $775K AAV starting in 2024-25
"Jul 3, 2024",Florida Panthers,Anton Lundell,Signed 6 years @ $5.000M AAV starting in 2024-25
"Jul 3, 2024",Seattle Kraken,Joshua Mahura,Signed 1 year @ $775K AAV starting in 2024-25
"Jul 2, 2024",St. Louis Blues,Pavel Buchnevich,Signed 6 years @ $8.000M AAV starting in 2025-26
"Jul 2, 2024",Buffalo Sabres,Colton Poolman,Signed 1 year @ $775K AAV starting in 2024-25
"Jul 2, 2024",Anaheim Ducks,Jansen Harkins,Signed 2 years @ $787K AAV starting in 2024-25
"Jul 2, 2024",Columbus Blue Jackets,Jack Johnson,Signed 1 year @ $775K AAV starting in 2024-25
"Jul 2, 2024",Vegas Golden Knights,Robert Hagg,Signed 1 year @ $775K AAV starting in 2024-25
"Jul 2, 2024",St. Louis Blues,Adam Jiricek,Signed to an entry level contract.
"Jul 2, 2024",Tampa Bay Lightning,Emil Lilleberg,Signed 2 years @ $800K AAV starting in 2025-26
"Jul 2, 2024",Columbus Blue Jackets,Dylan Gambrell,Signed 1 year @ $775K AAV starting in 2024-25
"Jul 2, 2024",Washington Capitals,Spencer Smallman,Signed 1 year @ $775K AAV starting in 2024-25
"Jul 2, 2024",New York Islanders,Marc Gatcomb,Signed 1 year @ $775K AAV starting in 2024-25
"Jul 2, 2024",Dallas Stars,Colin Blackwell,Signed 1 year @ $775K AAV starting in 2024-25
"Jul 2, 2024",Detroit Red Wings,Tyler Motte,Signed 1 year @ $800K AAV starting in 2024-25
"Jul 2, 2024",Toronto Maple Leafs,Cedric Pare,Signed 1 year @ $775K AAV starting in 2024-25
"Jul 2, 2024",Vegas Golden Knights,Callahan Burke,Signed 1 year @ $775K AAV starting in 2024-25
"Jul 2, 2024",Toronto Maple Leafs,Dakota Mermis,Signed 1 year @ $775K AAV starting in 2024-25
"Jul 2, 2024",Florida Panthers,MacKenzie Entwistle,Signed 1 year @ $775K AAV starting in 2024-25
"Jul 2, 2024",New Jersey Devils,Tomas Tatar,Signed 1 year @ $1.800M AAV starting in 2024-25
"Jul 2, 2024",Pittsburgh Penguins,Sebastian Aho,Signed 2 years @ $775K AAV starting in 2024-25
"Jul 2, 2024",New York Rangers,Bo Groulx,Signed 1 year @ $775K AAV starting in 2024-25
"Jul 2, 2024",Colorado Avalanche,Erik Brannstrom,Signed 1 year @ $900K AAV starting in 2024-25
"Jul 2, 2024",Ottawa Senators,Shane Pinto,Signed 2 years @ $3.750M AAV starting in 2024-25
"Jul 2, 2024",Vegas Golden Knights,Victor Olofsson,Signed 1 year @ $1.075M AAV starting in 2024-25
"Jul 2, 2024",St. Louis Blues,P.O Joseph,Signed 1 year @ $950K AAV starting in 2024-25
"Jul 2, 2024",Calgary Flames,Jonathan Aspirot,Signed 1 year @ $775K AAV starting in 2024-25
"Jul 2, 2024",Colorado Avalanche,Chase Bradley,Signed to an entry level contract.
"Jul 2, 2024",Tampa Bay Lightning,Cam Atkinson,Signed 1 year @ $900K AAV starting in 2024-25
"Jul 2, 2024",New York Rangers,Casey Fitzgerald,Signed 2 years @ $775K AAV starting in 2024-25
"Jul 2, 2024",St. Louis Blues,Corey Schueneman,Signed 1 year @ $775K AAV starting in 2024-25
"Jul 2, 2024",Utah Hockey Club,Andrew Agozzino,Signed 2 years @ $775K AAV starting in 2024-25
"Jul 2, 2024",Washington Capitals,Luke Philp,Signed 1 year @ $775K AAV starting in 2024-25
"Jul 2, 2024",Ottawa Senators,Hayden Hodgson,Signed 1 year @ $775K AAV starting in 2024-25
"Jul 2, 2024",Colorado Avalanche,Wyatt Aamodt,Signed 1 year @ $775K AAV starting in 2024-25
"Jul 2, 2024",Buffalo Sabres,James Reimer,Signed 1 year @ $1.000M AAV starting in 2024-25
"Jul 2, 2024",Winnipeg Jets,Jaret Anderson-Dolan,Signed 2 years @ $775K AAV starting in 2024-25
"Jul 2, 2024",Tampa Bay Lightning,Victor Hedman,Signed 4 years @ $8.000M AAV starting in 2025-26
"Jul 2, 2024",Florida Panthers,Nate Schmidt,Signed 1 year @ $800K AAV starting in 2024-25
"Jul 2, 2024",Ottawa Senators,Filip Roos,Signed 1 year @ $775K AAV starting in 2024-25
"Jul 2, 2024",Philadelphia Flyers,Anthony Richard,Signed 2 years @ $775K AAV starting in 2024-25
"Jul 2, 2024",Ottawa Senators,Adam Gaudette,Signed 1 year @ $775K AAV starting in 2024-25
"Jul 2, 2024",Toronto Maple Leafs,Philippe Myers,Signed 1 year @ $775K AAV starting in 2024-25
"Jul 2, 2024",Utah Hockey Club,Travis Barron,Signed 1 year @ $775K AAV starting in 2024-25
"Jul 2, 2024",New York Islanders,Fredrik Karlstrom,Signed 1 year @ $775K AAV starting in 2024-25
"Jul 1, 2024",San Jose Sharks,Lucas Carlsson,Signed 2 years @ $800K AAV starting in 2024-25
"Jul 1, 2024",Dallas Stars,Nils Lundkvist,Signed 1 year @ $1.250M AAV starting in 2024-25
"Jul 1, 2024",Minnesota Wild,Devin Shore,Signed 1 year @ $775K AAV starting in 2024-25
"Jul 1, 2024",Detroit Red Wings,Jack Campbell,Signed 1 year @ $775K AAV starting in 2024-25
"Jul 1, 2024",Buffalo Sabres,Nicolas Aube-Kubel,Signed 1 year @ $1.500M AAV starting in 2024-25
"Jul 1, 2024",Nashville Predators,Brady Skjei,Signed 7 years @ $7.000M AAV starting in 2024-25
"Jul 1, 2024",Edmonton Oilers,Joshua Brown,Signed 3 years @ $1.000M AAV starting in 2024-25
"Jul 1, 2024",New Jersey Devils,Brenden Dillon,Signed 3 years @ $4.000M AAV starting in 2024-25
"Jul 1, 2024",Carolina Hurricanes,William Carrier,Signed 6 years @ $2.000M AAV starting in 2024-25
"Jul 1, 2024",Dallas Stars,Kyle Capobianco,Signed 2 years @ $775K AAV starting in 2024-25
"Jul 1, 2024",Florida Panthers,Tomas Nosek,Signed 1 year @ $775K AAV starting in 2024-25
"Jul 1, 2024",Nashville Predators,Alexandre Carrier,Signed 3 years @ $3.750M AAV starting in 2024-25
"Jul 1, 2024",Colorado Avalanche,Jonathan Drouin,Signed 1 year @ $2.500M AAV starting in 2024-25
"Jul 1, 2024",Pittsburgh Penguins,Bokondji Imama,Signed 1 year @ $775K AAV starting in 2024-25
"Jul 1, 2024",Vancouver Canucks,Kiefer Sherwood,Signed 2 years @ $1.500M AAV starting in 2024-25
"Jul 1, 2024",Boston Bruins,Jordan Oesterle,Signed 2 years @ $775K AAV starting in 2024-25
"Jul 1, 2024",San Jose Sharks,Tyler Toffoli,Signed 4 years @ $6.000M AAV starting in 2024-25
"Jul 1, 2024",Vancouver Canucks,Danton Heinen,Signed 2 years @ $2.250M AAV starting in 2024-25
"Jul 1, 2024",Vancouver Canucks,Vincent Desharnais,Signed 2 years @ $2.000M AAV starting in 2024-25
"Jul 1, 2024",Toronto Maple Leafs,Joseph Woll,Signed 3 years @ $3.667M AAV starting in 2025-26
"Jul 1, 2024",Utah Hockey Club,Kevin Connauton,Signed 2 years @ $775K AAV starting in 2024-25
"Jul 1, 2024",Vancouver Canucks,Derek Forbort,Signed 1 year @ $1.500M AAV starting in 2024-25
"Jul 1, 2024",Carolina Hurricanes,Jaccob Slavin,Signed 8 years @ $6.461M AAV starting in 2025-26
"Jul 1, 2024",Boston Bruins,Nikita Zadorov,Signed 6 years @ $5.000M AAV starting in 2024-25
"Jul 1, 2024",Los Angeles Kings,Reilly Walsh,Signed 1 year @ $775K AAV starting in 2024-25
"Jul 1, 2024",San Jose Sharks,Jimmy Schuldt,Signed 1 year @ $800K AAV starting in 2024-25
"Jul 1, 2024",Boston Bruins,Riley Tufte,Signed 1 year @ $775K AAV starting in 2024-25
"Jul 1, 2024",Detroit Red Wings,William Lagesson,Signed 1 year @ $775K AAV starting in 2024-25
"Jul 1, 2024",Chicago Blackhawks,Alec Martinez,Signed 1 year @ $4.000M AAV starting in 2024-25
"Jul 1, 2024",Edmonton Oilers,Connor Carrick,Signed 1 year @ $775K AAV starting in 2024-25
"Jul 1, 2024",Seattle Kraken,Brandon Biro,Signed 1 year @ $775K AAV starting in 2024-25
"Jul 1, 2024",Detroit Red Wings,Christian Fischer,Signed 1 year @ $1.125M AAV starting in 2024-25
"Jul 1, 2024",Edmonton Oilers,Noel Hoefenmayer,Signed 1 year @ $775K AAV starting in 2024-25
"Jul 1, 2024",Pittsburgh Penguins,Mac Hollowell,Signed 1 year @ $775K AAV starting in 2024-25
"Jul 1, 2024",Dallas Stars,Mathew Dumba,Signed 2 years @ $3.750M AAV starting in 2024-25
"Jul 1, 2024",Minnesota Wild,Reese Johnson,Signed 1 year @ $775K AAV starting in 2024-25
"Jul 1, 2024",New York Islanders,Anthony Duclair,Signed 4 years @ $3.500M AAV starting in 2024-25
"Jul 1, 2024",New Jersey Devils,Stefan Noesen,Signed 3 years @ $2.750M AAV starting in 2024-25
"Jul 1, 2024",Vancouver Canucks,Jake DeBrusk,Signed 7 years @ $5.500M AAV starting in 2024-25
"Jul 1, 2024",Seattle Kraken,Brandon Montour,Signed 7 years @ $7.143M AAV starting in 2024-25
"Jul 1, 2024",Edmonton Oilers,Jeff Skinner,Signed 1 year @ $3.000M AAV starting in 2024-25
"Jul 1, 2024",San Jose Sharks,Alexander Wennberg,Signed 2 years @ $5.000M AAV starting in 2024-25
"Jul 1, 2024",Tampa Bay Lightning,Steven Santini,Signed 1 year @ $775K AAV starting in 2024-25
"Jul 1, 2024",Washington Capitals,Mitchell Gibson,Signed 1 year @ $775K AAV starting in 2024-25
"Jul 1, 2024",Buffalo Sabres,Josh Dunne,Signed 2 years @ $775K AAV starting in 2024-25
"Jul 1, 2024",Edmonton Oilers,Troy Stecher,Signed 2 years @ $787K AAV starting in 2024-25
"Jul 1, 2024",Colorado Avalanche,Calle Rosen,Signed 1 year @ $775K AAV starting in 2024-25
"Jul 1, 2024",Florida Panthers,A.J. Greer,Signed 2 years @ $850K AAV starting in 2024-25
"Jul 1, 2024",Minnesota Wild,Joseph Cecconi,Signed 1 year @ $775K AAV starting in 2024-25
"Jul 1, 2024",Philadelphia Flyers,Matvei Michkov,Signed to an entry level contract.
"Jul 1, 2024",Detroit Red Wings,Erik Gustafsson,Signed 2 years @ $2.000M AAV starting in 2024-25
"Jul 1, 2024",St. Louis Blues,Kasperi Kapanen,Signed 1 year @ $1.000M AAV starting in 2024-25
"Jul 1, 2024",Chicago Blackhawks,Joey Anderson,Signed 2 years @ $800K AAV starting in 2024-25
"Jul 1, 2024",Vancouver Canucks,Jiri Patera,Signed 2 years @ $775K AAV starting in 2024-25
"Jul 1, 2024",Florida Panthers,Jesper Boqvist,Signed 1 year @ $775K AAV starting in 2024-25
"Jul 1, 2024",Florida Panthers,Rasmus Asplund,Signed 1 year @ $775K AAV starting in 2024-25
"Jul 1, 2024",Edmonton Oilers,James Hamblin,Signed 2 years @ $775K AAV starting in 2024-25
"Jul 1, 2024",Edmonton Oilers,Corey Perry,Signed 1 year @ $1.400M AAV starting in 2024-25
"Jul 1, 2024",Edmonton Oilers,Noah Philp,Signed 1 year @ $775K AAV starting in 2024-25
"Jul 1, 2024",Anaheim Ducks,Brett Leason,Signed 1 year @ $1.050M AAV starting in 2024-25
"Jul 1, 2024",Calgary Flames,Ryan Lomberg,Signed 2 years @ $2.000M AAV starting in 2024-25
"Jul 1, 2024",Edmonton Oilers,Viktor Arvidsson,Signed 2 years @ $4.000M AAV starting in 2024-25
"Jul 1, 2024",Nashville Predators,Jonathan Marchessault,Signed 5 years @ $5.500M AAV starting in 2024-25
"Jul 1, 2024",Vegas Golden Knights,Tanner Laczynski,Signed 2 years @ $775K AAV starting in 2024-25
"Jul 1, 2024",Los Angeles Kings,Warren Foegele,Signed 3 years @ $3.500M AAV starting in 2024-25
"Jul 1, 2024",Carolina Hurricanes,Tyson Jost,Signed 1 year @ $775K AAV starting in 2024-25
"Jul 1, 2024",Ottawa Senators,Noah Gregor,Signed 1 year @ $850K AAV starting in 2024-25
"Jul 1, 2024",Edmonton Oilers,Collin Delia,Signed 1 year @ $775K AAV starting in 2024-25
"Jul 1, 2024",Pittsburgh Penguins,Anthony Beauvillier,Signed 1 year @ $1.250M AAV starting in 2024-25
"Jul 1, 2024",Colorado Avalanche,Joel Kiviranta,Signed 1 year @ $775K AAV starting in 2024-25
"Jul 1, 2024",Buffalo Sabres,Jacob Bryson,Signed 1 year @ $900K AAV starting in 2024-25
"Jul 1, 2024",Chicago Blackhawks,Craig Smith,Signed 1 year @ $1.000M AAV starting in 2024-25
"Jul 1, 2024",Minnesota Wild,Brendan Gaunce,Signed 2 years @ $775K AAV starting in 2024-25
"Jul 1, 2024",Calgary Flames,Martin Frk,Signed 1 year @ $775K AAV starting in 2024-25
"Jul 1, 2024",Buffalo Sabres,Jason Zucker,Signed 1 year @ $5.000M AAV starting in 2024-25
"Jul 1, 2024",Tampa Bay Lightning,Derrick Pouliot,Signed 1 year @ $775K AAV starting in 2024-25
"Jul 1, 2024",Boston Bruins,Jeffrey Viel,Signed 2 years @ $775K AAV starting in 2024-25
"Jul 1, 2024",Pittsburgh Penguins,Matt Grzelcyk,Signed 1 year @ $2.750M AAV starting in 2024-25
"Jul 1, 2024",Washington Capitals,Matt Roy,Signed 6 years @ $5.750M AAV starting in 2024-25
"Jul 1, 2024",Florida Panthers,Dmitry Kulikov,Signed 4 years @ $1.150M AAV starting in 2024-25
"Jul 1, 2024",Detroit Red Wings,Sheldon Dries,Signed 2 years @ $775K AAV starting in 2024-25
"Jul 1, 2024",Dallas Stars,Cameron Hughes,Signed 1 year @ $775K AAV starting in 2024-25
"Jul 1, 2024",Dallas Stars,Matt Duchene,Signed 1 year @ $3.000M AAV starting in 2024-25
"Jul 1, 2024",Chicago Blackhawks,Patrick Maroon,Signed 1 year @ $1.300M AAV starting in 2024-25
"Jul 1, 2024",Pittsburgh Penguins,Ryan Shea,Signed 1 year @ $775K AAV starting in 2024-25
"Jul 1, 2024",Winnipeg Jets,Eric Comrie,Signed 2 years @ $825K AAV starting in 2024-25
"Jul 1, 2024",Colorado Avalanche,Jacob MacDonald,Signed 2 years @ $775K AAV starting in 2024-25
"Jul 1, 2024",Florida Panthers,Chris Driedger,Signed 1 year @ $795K AAV starting in 2024-25
"Jul 1, 2024",Edmonton Oilers,Connor Brown,Signed 1 year @ $1.000M AAV starting in 2024-25
"Jul 1, 2024",Buffalo Sabres,Sam Lafferty,Signed 2 years @ $2.000M AAV starting in 2024-25
"Jul 1, 2024",Utah Hockey Club,Miko Matikka,Signed to an entry level contract.
"Jul 1, 2024",Ottawa Senators,Jeremy Davies,Signed 1 year @ $775K AAV starting in 2024-25
"Jul 1, 2024",Colorado Avalanche,Parker Kelly,Signed 2 years @ $825K AAV starting in 2024-25
"Jul 1, 2024",Nashville Predators,Scott Wedgewood,Signed 2 years @ $1.500M AAV starting in 2024-25
"Jul 1, 2024",Buffalo Sabres,Mason Jobst,Signed 1 year @ $775K AAV starting in 2024-25
"Jul 1, 2024",Los Angeles Kings,Glenn Gawdin,Signed 2 years @ $775K AAV starting in 2024-25
"Jul 1, 2024",Boston Bruins,Cole Koepke,Signed 1 year @ $775K AAV starting in 2024-25
"Jul 1, 2024",Nashville Predators,Vinnie Hinostroza,Signed 2 years @ $775K AAV starting in 2024-25
"Jul 1, 2024",New Jersey Devils,Mike Hardman,Signed 2 years @ $775K AAV starting in 2024-25
"Jul 1, 2024",Nashville Predators,Steven Stamkos,Signed 4 years @ $8.000M AAV starting in 2024-25
"Jul 1, 2024",Chicago Blackhawks,Teuvo Teravainen,Signed 3 years @ $5.400M AAV starting in 2024-25
"Jul 1, 2024",Pittsburgh Penguins,Nathan Clurman,Signed 1 year @ $775K AAV starting in 2024-25
"Jul 1, 2024",Minnesota Wild,Ben Jones,Signed 2 years @ $775K AAV starting in 2024-25
"Jul 1, 2024",Vegas Golden Knights,Kaedan Korczak,Signed 2 years @ $825K AAV starting in 2024-25
"Jul 1, 2024",Buffalo Sabres,Brett Murray,Signed 1 year @ $775K AAV starting in 2024-25
"Jul 1, 2024",Boston Bruins,Elias Lindholm,Signed 7 years @ $7.750M AAV starting in 2024-25
"Jul 1, 2024",Detroit Red Wings,Cam Talbot,Signed 2 years @ $2.500M AAV starting in 2024-25
"Jul 1, 2024",Buffalo Sabres,Felix Sandstrom,Signed 1 year @ $775K AAV starting in 2024-25
"Jul 1, 2024",Nashville Predators,Nick Blankenburg,Signed 2 years @ $775K AAV starting in 2024-25
"Jul 1, 2024",Seattle Kraken,Nikolas Brouillard,Signed 1 year @ $775K AAV starting in 2024-25
"Jul 1, 2024",Carolina Hurricanes,Jordan Martinook,Signed 3 years @ $3.050M AAV starting in 2024-25
"Jul 1, 2024",Minnesota Wild,Troy Grosenick,Signed 1 year @ $775K AAV starting in 2024-25
"Jul 1, 2024",Boston Bruins,Max Jones,Signed 2 years @ $1.000M AAV starting in 2024-25
"Jul 1, 2024",Minnesota Wild,Jake Middleton,Signed 4 years @ $4.350M AAV starting in 2025-26
"Jul 1, 2024",Pittsburgh Penguins,Emil Bemstrom,Signed 1 year @ $775K AAV starting in 2024-25
"Jul 1, 2024",Los Angeles Kings,Jeff Malott,Signed 2 years @ $775K AAV starting in 2024-25
"Jul 1, 2024",Tampa Bay Lightning,Jesse Ylonen,Signed 1 year @ $775K AAV starting in 2024-25
"Jul 1, 2024",Utah Hockey Club,Kevin Stenlund,Signed 2 years @ $2.000M AAV starting in 2024-25
"Jul 1, 2024",Seattle Kraken,Maxime Lajoie,Signed 1 year @ $775K AAV starting in 2024-25
"Jul 1, 2024",Calgary Flames,Jake Bean,Signed 2 years @ $1.750M AAV starting in 2024-25
"Jul 1, 2024",Washington Capitals,Chase Priskie,Signed 1 year @ $775K AAV starting in 2024-25
"Jul 1, 2024",Ottawa Senators,Garrett Pilon,Signed 2 years @ $775K AAV starting in 2024-25
"Jul 1, 2024",Buffalo Sabres,Jack Rathbone,Signed 1 year @ $775K AAV starting in 2024-25
"Jul 1, 2024",Minnesota Wild,Travis Boyd,Signed 1 year @ $775K AAV starting in 2024-25
"Jul 1, 2024",Washington Capitals,Taylor Raddysh,Signed 1 year @ $1.000M AAV starting in 2024-25
"Jul 1, 2024",Montreal Canadiens,Alex Barré-Boulet,Signed 1 year @ $775K AAV starting in 2024-25
"Jul 1, 2024",Vancouver Canucks,Nate Smith,Signed 1 year @ $775K AAV starting in 2024-25
"Jul 1, 2024",Chicago Blackhawks,Laurent Brossoit,Signed 2 years @ $3.300M AAV starting in 2024-25
"Jul 1, 2024",Utah Hockey Club,Ian Cole,Signed 1 year @ $3.100M AAV starting in 2024-25
"Jul 1, 2024",Toronto Maple Leafs,Chris Tanev,Signed 6 years @ $4.500M AAV starting in 2024-25
"Jul 1, 2024",Colorado Avalanche,Calvin de Haan,Signed 1 year @ $800K AAV starting in 2024-25
"Jul 1, 2024",Colorado Avalanche,T.J. Tynan,Signed 1 year @ $775K AAV starting in 2024-25
"Jul 1, 2024",Anaheim Ducks,Urho Vaakanainen,Signed 1 year @ $1.100M AAV starting in 2024-25
"Jul 1, 2024",Chicago Blackhawks,Tyler Bertuzzi,Signed 4 years @ $5.500M AAV starting in 2024-25
"Jul 1, 2024",Vegas Golden Knights,Pavel Dorofeyev,Signed 2 years @ $1.835M AAV starting in 2024-25
"Jul 1, 2024",Seattle Kraken,Chandler Stephenson,Signed 7 years @ $6.250M AAV starting in 2024-25
"Jul 1, 2024",Detroit Red Wings,Joe Snively,Signed 1 year @ $775K AAV starting in 2024-25
"Jul 1, 2024",Dallas Stars,Kole Lind,Signed 1 year @ $775K AAV starting in 2024-25
"Jul 1, 2024",Philadelphia Flyers,Erik Johnson,Signed 1 year @ $1.000M AAV starting in 2024-25
"Jul 1, 2024",Seattle Kraken,Mitchell Stephens,Signed 2 years @ $775K AAV starting in 2024-25
"Jul 1, 2024",Tampa Bay Lightning,Tobie Paquette-Bisson,Signed 1 year @ $775K AAV starting in 2024-25
"Jul 1, 2024",Los Angeles Kings,Tyler Madden,Signed 1 year @ $775K AAV starting in 2024-25
"Jul 1, 2024",Los Angeles Kings,Joel Edmundson,Signed 4 years @ $3.850M AAV starting in 2024-25
"Jul 1, 2024",Washington Capitals,Connor McMichael,Signed 2 years @ $2.100M AAV starting in 2024-25
"Jul 1, 2024",Calgary Flames,Devin Cooley,Signed 2 years @ $775K AAV starting in 2024-25
"Jul 1, 2024",Boston Bruins,Billy Sweezey,Signed 2 years @ $775K AAV starting in 2024-25
"Jul 1, 2024",Toronto Maple Leafs,Matt Murray,Signed 1 year @ $875K AAV starting in 2024-25
"Jul 1, 2024",Philadelphia Flyers,Garnet Hathaway,Signed 2 years @ $2.400M AAV starting in 2025-26
"Jul 1, 2024",Chicago Blackhawks,TJ Brodie,Signed 2 years @ $3.750M AAV starting in 2024-25
"Jul 1, 2024",Winnipeg Jets,Colin Miller,Signed 2 years @ $1.500M AAV starting in 2024-25
"Jul 1, 2024",Los Angeles Kings,Pheonix Copley,Signed 1 year @ $825K AAV starting in 2024-25
"Jul 1, 2024",Carolina Hurricanes,Shayne Gostisbehere,Signed 3 years @ $3.200M AAV starting in 2024-25
"Jul 1, 2024",Minnesota Wild,Cameron Crotty,Signed 1 year @ $775K AAV starting in 2024-25
"Jul 1, 2024",Pittsburgh Penguins,Blake Lizotte,Signed 2 years @ $1.850M AAV starting in 2024-25
"Jul 1, 2024",Vegas Golden Knights,Ilya Samsonov,Signed 1 year @ $1.800M AAV starting in 2024-25
"Jul 1, 2024",Dallas Stars,Brendan Smith,Signed 1 year @ $1.000M AAV starting in 2024-25
"Jul 1, 2024",New York Islanders,Mike Reilly,Signed 1 year @ $1.250M AAV starting in 2024-25
"Jul 1, 2024",Ottawa Senators,Michael Amadio,Signed 3 years @ $2.600M AAV starting in 2024-25
"Jul 1, 2024",Tampa Bay Lightning,Zemgus Girgensons,Signed 3 years @ $850K AAV starting in 2024-25
"Jul 1, 2024",Carolina Hurricanes,Sean Walker,Signed 5 years @ $3.600M AAV starting in 2024-25
"Jul 1, 2024",Seattle Kraken,Ben Meyers,Signed 1 year @ $775K AAV starting in 2024-25
"Jul 1, 2024",Dallas Stars,Casey DeSmith,Signed 3 years @ $1.000M AAV starting in 2024-25
"Jul 1, 2024",Toronto Maple Leafs,Anthony Stolarz,Signed 2 years @ $2.500M AAV starting in 2024-25
"Jul 1, 2024",Columbus Blue Jackets,Sean Monahan,Signed 5 years @ $5.500M AAV starting in 2024-25
"Jul 1, 2024",Carolina Hurricanes,Eric Robinson,Signed 1 year @ $950K AAV starting in 2024-25
"Jul 1, 2024",Columbus Blue Jackets,Owen Sillinger,Signed 1 year @ $775K AAV starting in 2024-25
"Jul 1, 2024",Washington Capitals,Brandon Duhaime,Signed 2 years @ $1.850M AAV starting in 2024-25
"Jul 1, 2024",Nashville Predators,Matt Murray,Signed 1 year @ $775K AAV starting in 2024-25
"Jul 1, 2024",Calgary Flames,Brett Pesce,Signed 6 years @ $5.500M AAV starting in 2024-25
"Jul 1, 2024",Nashville Predators,Jake Lucchini,Signed 2 years @ $775K AAV starting in 2024-25
"Jul 1, 2024",Los Angeles Kings,Jack Studnicka,Signed 1 year @ $775K AAV starting in 2024-25
"Jul 1, 2024",Calgary Flames,Anthony Mantha,Signed 1 year @ $3.500M AAV starting in 2024-25
"Jul 1, 2024",Winnipeg Jets,Kaapo Kahkonen,Signed 1 year @ $1.000M AAV starting in 2024-25
"Jul 1, 2024",Columbus Blue Jackets,Cole Clayton,Signed to an entry level contract.
"Jul 1, 2024",Minnesota Wild,Yakov Trenin,Signed 4 years @ $3.500M AAV starting in 2024-25
"Jul 1, 2024",Buffalo Sabres,Dennis Gilbert,Signed 1 year @ $825K AAV starting in 2024-25
"Jul 1, 2024",Calgary Flames,Yegor Sharangovich,Signed 5 years @ $5.750M AAV starting in 2025-26
"Jul 1, 2024",Ottawa Senators,David Perron,Signed 2 years @ $4.000M AAV starting in 2024-25
"Jul 1, 2024",Vegas Golden Knights,Zachary Aston-Reese,Signed 1 year @ $775K AAV starting in 2024-25
"Jul 1, 2024",New York Rangers,Sam Carrick,Signed 3 years @ $1.000M AAV starting in 2024-25
"Jul 1, 2024",Edmonton Oilers,Adam Henrique,Signed 2 years @ $3.000M AAV starting in 2024-25
"Jul 1, 2024",New Jersey Devils,Colton White,Signed 2 years @ $775K AAV starting in 2024-25
"Jul 1, 2024",Edmonton Oilers,Mattias Janmark,Signed 3 years @ $1.450M AAV starting in 2024-25
"Jul 1, 2024",Toronto Maple Leafs,Oliver Ekman-Larsson,Signed 4 years @ $3.500M AAV starting in 2024-25
"Jul 1, 2024",Los Angeles Kings,Trevor Lewis,Signed 1 year @ $800K AAV starting in 2024-25
"Jul 1, 2024",Pittsburgh Penguins,Jimmy Huntington,Signed 1 year @ $775K AAV starting in 2024-25
"Jul 1, 2024",Dallas Stars,Ilya Lyubushkin,Signed 3 years @ $3.250M AAV starting in 2024-25
"Jul 1, 2024",Montreal Canadiens,Juraj Slafkovský,Signed 8 years @ $7.600M AAV starting in 2025-26
